frame_id,frame_name,nm_per_pixel,cx_nm,cy_nm,diameter_nm,height_nm
0,11dd74426e8374ac110c4036c77c09ab_000000000000,0.398252,289.029639,217.709387,34.599659,15.856325
0,11dd74426e8374ac110c4036c77c09ab_000000000000,0.398252,342.857451,236.476942,36.547428,17.670395
0,11dd74426e8374ac110c4036c77c09ab_000000000000,0.398252,297.230086,159.784778,47.679173,26.351124
0,11dd74426e8374ac110c4036c77c09ab_000000000000,0.398252,360.012457,178.274367,46.017670,23.114248
1,11dd74426e8374ac110c4036c77c09ab_000000000001,0.398252,288.986178,216.407461,33.625515,16.497917
1,11dd74426e8374ac110c4036c77c09ab_000000000001,0.398252,344.701747,234.821004,34.381161,17.883230
1,11dd74426e8374ac110c4036c77c09ab_000000000001,0.398252,300.551004,157.486154,46.070122,27.192360
1,11dd74426e8374ac110c4036c77c09ab_000000000001,0.398252,359.589120,174.241912,43.070866,23.550444
2,11dd74426e8374ac110c4036c77c09ab_000000000002,0.398252,288.030850,217.380630,34.281742,16.540991
2,11dd74426e8374ac110c4036c77c09ab_000000000002,0.398252,345.693900,235.131968,35.464489,19.721296
2,11dd74426e8374ac110c4036c77c09ab_000000000002,0.398252,296.292163,156.325017,48.623562,26.109917
2,11dd74426e8374ac110c4036c77c09ab_000000000002,0.398252,358.298230,175.025508,43.862652,25.034809
3,11dd74426e8374ac110c4036c77c09ab_000000000003,0.398252,288.819283,216.996623,34.016426,16.409214
3,11dd74426e8374ac110c4036c77c09ab_000000000003,0.398252,344.841611,235.346261,35.663811,19.923637
3,11dd74426e8374ac110c4036c77c09ab_000000000003,0.398252,297.315794,156.420350,48.634987,26.286057
3,11dd74426e8374ac110c4036c77c09ab_000000000003,0.398252,363.713785,174.995172,43.977116,25.202541
4,11dd74426e8374ac110c4036c77c09ab_000000000004,0.390658,283.151644,212.113492,32.737286,15.318570
4,11dd74426e8374ac110c4036c77c09ab_000000000004,0.390658,338.258069,231.380021,32.934666,17.337852
4,11dd74426e8374ac110c4036c77c09ab_000000000004,0.390658,292.602968,154.818916,47.350731,25.578672
4,11dd74426e8374ac110c4036c77c09ab_000000000004,0.390658,350.457255,171.014523,42.597553,24.899652
5,11dd74426e8374ac110c4036c77c09ab_000000000005,0.390658,283.473775,212.535027,32.860794,15.442094
5,11dd74426e8374ac110c4036c77c09ab_000000000005,0.390658,336.726053,231.296234,33.011440,17.651436
5,11dd74426e8374ac110c4036c77c09ab_000000000005,0.390658,291.600859,154.762811,47.224861,25.827429
5,11dd74426e8374ac110c4036c77c09ab_000000000005,0.390658,353.353259,172.206466,42.422016,24.269865
6,11dd74426e8374ac110c4036c77c09ab_000000000006,0.392232,284.887725,213.977570,32.027378,15.308466
6,11dd74426e8374ac110c4036c77c09ab_000000000006,0.392232,340.087882,233.712427,33.158684,18.404747
6,11dd74426e8374ac110c4036c77c09ab_000000000006,0.392232,296.381850,154.288827,45.644760,26.047297
6,11dd74426e8374ac110c4036c77c09ab_000000000006,0.392232,355.001877,174.271235,43.962475,24.177179
7,11dd74426e8374ac110c4036c77c09ab_000000000007,0.390658,282.608648,211.318704,30.012646,18.094282
7,11dd74426e8374ac110c4036c77c09ab_000000000007,0.390658,337.727305,232.369160,33.063324,18.694092
7,11dd74426e8374ac110c4036c77c09ab_000000000007,0.390658,293.392915,154.245459,44.489635,26.538412
7,11dd74426e8374ac110c4036c77c09ab_000000000007,0.390658,350.891905,174.290729,41.582760,26.283159
8,11dd74426e8374ac110c4036c77c09ab_000000000008,0.390658,284.707098,212.091746,29.377470,19.064098
8,11dd74426e8374ac110c4036c77c09ab_000000000008,0.390658,337.094250,232.418946,32.565205,18.523691
8,11dd74426e8374ac110c4036c77c09ab_000000000008,0.390658,294.325210,156.600803,43.519310,26.605371
8,11dd74426e8374ac110c4036c77c09ab_000000000008,0.390658,353.323311,176.275397,41.210678,26.417114
9,11dd74426e8374ac110c4036c77c09ab_000000000009,0.398252,291.109667,216.317548,28.718325,17.672821
9,11dd74426e8374ac110c4036c77c09ab_000000000009,0.398252,344.205974,236.815786,33.153687,18.718107
9,11dd74426e8374ac110c4036c77c09ab_000000000009,0.398252,300.356813,157.784333,44.859447,27.153267
9,11dd74426e8374ac110c4036c77c09ab_000000000009,0.398252,357.829074,178.057120,46.219345,27.958281
10,11dd74426e8374ac110c4036c77c09ab_000000000010,0.398252,290.454560,216.682256,29.565168,16.207420
10,11dd74426e8374ac110c4036c77c09ab_000000000010,0.398252,345.046473,237.793987,33.177677,18.694036
10,11dd74426e8374ac110c4036c77c09ab_000000000010,0.398252,298.328900,157.632825,44.707794,27.249098
10,11dd74426e8374ac110c4036c77c09ab_000000000010,0.398252,357.080894,177.306874,45.951405,28.227293
11,11dd74426e8374ac110c4036c77c09ab_000000000011,0.398252,292.676008,216.473990,26.189390,20.557272
11,11dd74426e8374ac110c4036c77c09ab_000000000011,0.398252,347.791040,237.858450,31.860512,19.457106
11,11dd74426e8374ac110c4036c77c09ab_000000000011,0.398252,297.741075,159.037255,43.369236,27.645727
11,11dd74426e8374ac110c4036c77c09ab_000000000011,0.398252,356.222626,180.131120,44.193718,28.545853
12,11dd74426e8374ac110c4036c77c09ab_000000000012,0.398252,290.195833,216.021631,28.607872,17.783278
12,11dd74426e8374ac110c4036c77c09ab_000000000012,0.398252,345.645188,236.713622,32.454315,18.931679
12,11dd74426e8374ac110c4036c77c09ab_000000000012,0.398252,298.650340,158.120090,43.097042,27.779758
12,11dd74426e8374ac110c4036c77c09ab_000000000012,0.398252,355.651257,180.108805,43.994640,28.643459
13,11dd74426e8374ac110c4036c77c09ab_000000000013,0.390658,283.853393,212.954131,28.929182,17.119137
13,11dd74426e8374ac110c4036c77c09ab_000000000013,0.390658,337.529663,233.724803,32.610291,19.285139
13,11dd74426e8374ac110c4036c77c09ab_000000000013,0.390658,294.184365,155.113519,42.731533,26.245317
13,11dd74426e8374ac110c4036c77c09ab_000000000013,0.390658,353.497633,176.249359,46.205822,29.128487
14,11dd74426e8374ac110c4036c77c09ab_000000000014,0.390658,282.317133,213.015839,33.317047,13.824430
14,11dd74426e8374ac110c4036c77c09ab_000000000014,0.390658,332.439261,230.493650,35.609085,16.695482
14,11dd74426e8374ac110c4036c77c09ab_000000000014,0.390658,296.011973,158.661366,45.879162,21.499643
14,11dd74426e8374ac110c4036c77c09ab_000000000014,0.390658,354.180664,178.144433,53.094456,26.029964
15,11dd74426e8374ac110c4036c77c09ab_000000000015,0.390658,282.171924,213.664249,31.178587,14.460716
15,11dd74426e8374ac110c4036c77c09ab_000000000015,0.390658,336.030766,231.504558,34.344051,17.622614
15,11dd74426e8374ac110c4036c77c09ab_000000000015,0.390658,293.094176,154.595892,43.036232,22.511034
15,11dd74426e8374ac110c4036c77c09ab_000000000015,0.390658,353.635904,174.626904,50.981174,27.085634
16,11dd74426e8374ac110c4036c77c09ab_000000000016,0.390658,283.716386,212.806943,31.075821,14.470540
16,11dd74426e8374ac110c4036c77c09ab_000000000016,0.390658,336.265485,231.324155,33.910164,17.322212
16,11dd74426e8374ac110c4036c77c09ab_000000000016,0.390658,293.429683,154.170876,43.110531,22.550127
16,11dd74426e8374ac110c4036c77c09ab_000000000016,0.390658,350.548601,173.288524,50.655945,27.367100
17,11dd74426e8374ac110c4036c77c09ab_000000000017,0.383342,278.957139,208.591894,30.578369,14.090833
17,11dd74426e8374ac110c4036c77c09ab_000000000017,0.383342,331.035020,227.574275,33.210987,17.086227
17,11dd74426e8374ac110c4036c77c09ab_000000000017,0.383342,288.038689,151.630689,41.909035,22.177874
17,11dd74426e8374ac110c4036c77c09ab_000000000017,0.383342,345.037493,170.400237,50.114075,27.334940
18,11dd74426e8374ac110c4036c77c09ab_000000000018,0.383342,279.209923,208.382465,29.014915,14.436259
18,11dd74426e8374ac110c4036c77c09ab_000000000018,0.383342,330.391219,227.694631,33.313774,17.281355
18,11dd74426e8374ac110c4036c77c09ab_000000000018,0.383342,288.133097,151.551396,39.388184,22.790236
18,11dd74426e8374ac110c4036c77c09ab_000000000018,0.383342,346.989554,168.717432,49.835320,26.860546
19,11dd74426e8374ac110c4036c77c09ab_000000000019,0.383342,277.957418,208.949920,28.696875,14.454977
19,11dd74426e8374ac110c4036c77c09ab_000000000019,0.383342,331.190986,227.963442,33.313797,17.281343
19,11dd74426e8374ac110c4036c77c09ab_000000000019,0.383342,285.601929,152.227438,39.323608,22.835575
19,11dd74426e8374ac110c4036c77c09ab_000000000019,0.383342,345.426239,170.381449,49.722027,26.860542
20,11dd74426e8374ac110c4036c77c09ab_000000000020,0.390658,284.484850,213.254921,29.686773,14.873203
20,11dd74426e8374ac110c4036c77c09ab_000000000020,0.390658,336.578913,231.923137,33.805202,17.990757
20,11dd74426e8374ac110c4036c77c09ab_000000000020,0.390658,292.877054,154.618997,40.174709,23.554556
20,11dd74426e8374ac110c4036c77c09ab_000000000020,0.390658,352.617842,174.244234,50.297855,27.234941
21,11dd74426e8374ac110c4036c77c09ab_000000000021,0.390658,284.606668,213.382104,29.885582,14.972608
21,11dd74426e8374ac110c4036c77c09ab_000000000021,0.390658,335.329137,231.352339,33.604794,17.617083
21,11dd74426e8374ac110c4036c77c09ab_000000000021,0.390658,294.240016,154.440478,40.286560,23.532185
21,11dd74426e8374ac110c4036c77c09ab_000000000021,0.390658,350.027469,174.524399,50.436821,27.791912
22,11dd74426e8374ac110c4036c77c09ab_000000000022,0.390658,285.568148,211.742100,29.561522,15.065003
22,11dd74426e8374ac110c4036c77c09ab_000000000022,0.390658,337.434168,231.488916,33.430805,17.772520
22,11dd74426e8374ac110c4036c77c09ab_000000000022,0.390658,296.126065,154.825306,37.840633,22.665167
22,11dd74426e8374ac110c4036c77c09ab_000000000022,0.390658,351.037853,173.066061,50.478546,26.585119
23,11dd74426e8374ac110c4036c77c09ab_000000000023,0.390658,285.668912,212.365951,29.345615,14.600799
23,11dd74426e8374ac110c4036c77c09ab_000000000023,0.390658,337.592038,230.822647,33.107864,16.553946
23,11dd74426e8374ac110c4036c77c09ab_000000000023,0.390658,293.397565,156.146828,37.918007,22.906649
23,11dd74426e8374ac110c4036c77c09ab_000000000023,0.390658,354.460257,172.027887,49.196415,26.467285
24,11dd74426e8374ac110c4036c77c09ab_000000000024,0.390658,285.950794,212.571842,29.372009,14.591261
24,11dd74426e8374ac110c4036c77c09ab_000000000024,0.390658,336.229910,231.171411,33.019333,16.832327
24,11dd74426e8374ac110c4036c77c09ab_000000000024,0.390658,293.516975,155.000737,37.796928,23.072889
24,11dd74426e8374ac110c4036c77c09ab_000000000024,0.390658,353.650997,174.050789,49.197987,26.565084
25,11dd74426e8374ac110c4036c77c09ab_000000000025,0.390658,284.400395,212.897406,28.667233,14.468776
25,11dd74426e8374ac110c4036c77c09ab_000000000025,0.390658,337.639726,231.134358,32.371185,16.329872
25,11dd74426e8374ac110c4036c77c09ab_000000000025,0.390658,293.525416,156.819213,35.717361,22.493473
25,11dd74426e8374ac110c4036c77c09ab_000000000025,0.390658,351.655528,172.075623,50.595642,27.571793
26,11dd74426e8374ac110c4036c77c09ab_000000000026,0.390658,284.547917,213.100794,28.568377,14.462731
26,11dd74426e8374ac110c4036c77c09ab_000000000026,0.390658,336.777461,231.078611,32.106640,16.463171
26,11dd74426e8374ac110c4036c77c09ab_000000000026,0.390658,291.065540,154.984357,35.625397,22.455378
26,11dd74426e8374ac110c4036c77c09ab_000000000026,0.390658,353.770121,172.509653,50.514599,27.352728
27,11dd74426e8374ac110c4036c77c09ab_000000000027,0.390658,286.228432,211.857099,27.595070,16.179529
27,11dd74426e8374ac110c4036c77c09ab_000000000027,0.390658,338.020012,231.912622,32.083199,16.946522
27,11dd74426e8374ac110c4036c77c09ab_000000000027,0.390658,294.788568,154.385315,36.696964,22.494917
27,11dd74426e8374ac110c4036c77c09ab_000000000027,0.390658,354.658376,172.294116,50.862553,27.195551
28,11dd74426e8374ac110c4036c77c09ab_000000000028,0.390658,285.802104,212.464640,26.520594,14.815191
28,11dd74426e8374ac110c4036c77c09ab_000000000028,0.390658,336.496819,230.871003,31.774015,17.120235
28,11dd74426e8374ac110c4036c77c09ab_000000000028,0.390658,291.477872,155.298142,36.396339,22.224306
28,11dd74426e8374ac110c4036c77c09ab_000000000028,0.390658,353.118444,172.668322,51.530777,27.000578
29,11dd74426e8374ac110c4036c77c09ab_000000000029,0.390658,286.076260,212.287695,28.561033,14.195656
29,11dd74426e8374ac110c4036c77c09ab_000000000029,0.390658,337.333213,231.493232,31.586746,16.791937
29,11dd74426e8374ac110c4036c77c09ab_000000000029,0.390658,290.636875,156.277349,36.308498,22.195032
29,11dd74426e8374ac110c4036c77c09ab_000000000029,0.390658,354.927549,173.211544,50.878647,27.792795
30,11dd74426e8374ac110c4036c77c09ab_000000000030,0.390658,284.196601,212.031684,26.904982,15.374258
30,11dd74426e8374ac110c4036c77c09ab_000000000030,0.390658,335.773730,229.810237,31.501909,16.801014
30,11dd74426e8374ac110c4036c77c09ab_000000000030,0.390658,292.260904,155.766805,35.515739,21.771845
30,11dd74426e8374ac110c4036c77c09ab_000000000030,0.390658,354.811740,171.828422,51.296368,27.766758
31,11dd74426e8374ac110c4036c77c09ab_000000000031,0.390658,287.631548,212.646927,24.160147,19.645361
31,11dd74426e8374ac110c4036c77c09ab_000000000031,0.390658,340.069964,229.816508,31.855301,16.751049
31,11dd74426e8374ac110c4036c77c09ab_000000000031,0.390658,291.227440,154.059668,34.953785,21.698137
31,11dd74426e8374ac110c4036c77c09ab_000000000031,0.390658,354.354319,171.263477,51.245914,27.746330
32,11dd74426e8374ac110c4036c77c09ab_000000000032,0.390658,285.659827,211.856741,24.659176,19.207151
32,11dd74426e8374ac110c4036c77c09ab_000000000032,0.390658,335.255245,229.434744,31.919058,17.773117
32,11dd74426e8374ac110c4036c77c09ab_000000000032,0.390658,290.258497,156.428758,35.220505,21.235174
32,11dd74426e8374ac110c4036c77c09ab_000000000032,0.390658,355.870121,172.327199,49.630325,27.802330
33,11dd74426e8374ac110c4036c77c09ab_000000000033,0.390658,284.590764,212.456891,27.098045,14.307007
33,11dd74426e8374ac110c4036c77c09ab_000000000033,0.390658,336.053394,229.440848,31.919035,18.063292
33,11dd74426e8374ac110c4036c77c09ab_000000000033,0.390658,291.080252,157.299166,33.077774,26.144230
33,11dd74426e8374ac110c4036c77c09ab_000000000033,0.390658,356.413141,173.423600,49.692177,28.146816
34,11dd74426e8374ac110c4036c77c09ab_000000000034,0.383342,281.260066,208.749405,26.228693,13.382784
34,11dd74426e8374ac110c4036c77c09ab_000000000034,0.383342,333.007577,227.135950,31.518076,16.971252
34,11dd74426e8374ac110c4036c77c09ab_000000000034,0.383342,285.980287,154.143105,35.029217,20.790934
34,11dd74426e8374ac110c4036c77c09ab_000000000034,0.383342,347.465549,168.825551,49.238312,28.502443
35,11dd74426e8374ac110c4036c77c09ab_000000000035,0.383342,280.205455,208.573340,24.197361,18.602034
35,11dd74426e8374ac110c4036c77c09ab_000000000035,0.383342,329.707760,226.766787,32.129753,17.516434
35,11dd74426e8374ac110c4036c77c09ab_000000000035,0.383342,287.336255,152.029415,35.591125,20.926884
35,11dd74426e8374ac110c4036c77c09ab_000000000035,0.383342,344.946337,167.365769,48.677082,29.056351
36,11dd74426e8374ac110c4036c77c09ab_000000000036,0.383342,279.613457,207.183914,26.224575,13.314019
36,11dd74426e8374ac110c4036c77c09ab_000000000036,0.383342,331.247561,225.829233,31.760473,16.850042
36,11dd74426e8374ac110c4036c77c09ab_000000000036,0.383342,287.143063,151.960358,35.644238,21.304932
36,11dd74426e8374ac110c4036c77c09ab_000000000036,0.383342,347.145614,166.963604,48.279045,28.783785
37,11dd74426e8374ac110c4036c77c09ab_000000000037,0.383342,279.736854,208.865432,26.184214,13.213340
37,11dd74426e8374ac110c4036c77c09ab_000000000037,0.383342,328.622920,226.398911,32.002937,17.092474
37,11dd74426e8374ac110c4036c77c09ab_000000000037,0.383342,284.902607,152.316079,35.887150,20.889555
37,11dd74426e8374ac110c4036c77c09ab_000000000037,0.383342,343.666714,169.778313,47.462173,32.246792
38,11dd74426e8374ac110c4036c77c09ab_000000000038,0.383342,280.188843,209.250341,26.305435,13.092107
38,11dd74426e8374ac110c4036c77c09ab_000000000038,0.383342,330.736540,226.042850,32.124557,17.722370
38,11dd74426e8374ac110c4036c77c09ab_000000000038,0.383342,286.877340,152.381076,35.909893,20.980078
38,11dd74426e8374ac110c4036c77c09ab_000000000038,0.383342,345.304526,168.010505,49.138218,28.100336
39,11dd74426e8374ac110c4036c77c09ab_000000000039,0.383342,280.865868,209.118427,26.162361,12.904566
39,11dd74426e8374ac110c4036c77c09ab_000000000039,0.383342,330.384832,225.798115,29.472754,21.105103
39,11dd74426e8374ac110c4036c77c09ab_000000000039,0.383342,286.693554,153.001491,36.633476,20.205803
39,11dd74426e8374ac110c4036c77c09ab_000000000039,0.383342,345.139037,167.173689,48.368073,28.002575
40,11dd74426e8374ac110c4036c77c09ab_000000000040,0.383342,280.190224,209.022358,25.985500,13.077296
40,11dd74426e8374ac110c4036c77c09ab_000000000040,0.383342,330.337242,226.095120,31.843323,17.861982
40,11dd74426e8374ac110c4036c77c09ab_000000000040,0.383342,286.093694,152.011797,37.087524,20.374264
40,11dd74426e8374ac110c4036c77c09ab_000000000040,0.383342,345.644185,165.193574,48.689785,28.462234
41,11dd74426e8374ac110c4036c77c09ab_000000000041,0.390658,284.363389,212.477993,27.584961,12.863034
41,11dd74426e8374ac110c4036c77c09ab_000000000041,0.390658,333.692351,230.156092,32.862106,17.990746
41,11dd74426e8374ac110c4036c77c09ab_000000000041,0.390658,292.124470,154.908056,38.438972,20.944242
41,11dd74426e8374ac110c4036c77c09ab_000000000041,0.390658,354.963100,169.638387,49.672741,28.287212
42,11dd74426e8374ac110c4036c77c09ab_000000000042,0.390658,282.555238,212.350547,27.670321,12.813546
42,11dd74426e8374ac110c4036c77c09ab_000000000042,0.390658,334.717327,229.668628,31.603460,22.085806
42,11dd74426e8374ac110c4036c77c09ab_000000000042,0.390658,289.974135,153.566148,37.105217,20.776573
42,11dd74426e8374ac110c4036c77c09ab_000000000042,0.390658,350.182860,168.478610,49.916882,28.287218
43,11dd74426e8374ac110c4036c77c09ab_000000000043,0.390658,283.663357,213.620519,28.957603,12.276047
43,11dd74426e8374ac110c4036c77c09ab_000000000043,0.390658,335.150809,232.576363,35.953297,14.696758
43,11dd74426e8374ac110c4036c77c09ab_000000000043,0.390658,355.053755,175.402473,50.546452,23.682775
44,11dd74426e8374ac110c4036c77c09ab_000000000044,0.390658,284.972910,215.281864,28.878704,12.316843
44,11dd74426e8374ac110c4036c77c09ab_000000000044,0.390658,337.341440,233.979074,33.609707,15.477520
44,11dd74426e8374ac110c4036c77c09ab_000000000044,0.390658,354.898984,171.682259,48.630028,24.896725
45,11dd74426e8374ac110c4036c77c09ab_000000000045,0.390658,284.350966,214.844997,28.891413,12.268405
45,11dd74426e8374ac110c4036c77c09ab_000000000045,0.390658,335.724468,234.312768,33.609707,15.566249
45,11dd74426e8374ac110c4036c77c09ab_000000000045,0.390658,351.776011,171.377808,48.830887,24.995625
46,11dd74426e8374ac110c4036c77c09ab_000000000046,0.390658,281.920562,213.516584,28.434040,13.043879
46,11dd74426e8374ac110c4036c77c09ab_000000000046,0.390658,334.393123,233.064662,33.576374,15.252905
46,11dd74426e8374ac110c4036c77c09ab_000000000046,0.390658,350.273514,170.055917,47.341290,24.865124
47,11dd74426e8374ac110c4036c77c09ab_000000000047,0.390658,284.483801,214.238457,28.519281,13.075281
47,11dd74426e8374ac110c4036c77c09ab_000000000047,0.390658,338.431199,233.029325,33.876759,15.753548
47,11dd74426e8374ac110c4036c77c09ab_000000000047,0.390658,354.108155,171.359174,47.656483,25.017817
48,11dd74426e8374ac110c4036c77c09ab_000000000048,0.390658,284.062742,214.167497,28.490431,13.439997
48,11dd74426e8374ac110c4036c77c09ab_000000000048,0.390658,336.993701,233.754703,33.971012,16.173540
48,11dd74426e8374ac110c4036c77c09ab_000000000048,0.390658,353.683591,170.828851,47.124596,24.845657
49,11dd74426e8374ac110c4036c77c09ab_000000000049,0.383342,278.717082,210.065527,28.006514,13.414885
49,11dd74426e8374ac110c4036c77c09ab_000000000049,0.383342,330.339347,228.811548,33.245266,15.906704
49,11dd74426e8374ac110c4036c77c09ab_000000000049,0.383342,346.504645,167.377713,46.126865,24.150013
50,11dd74426e8374ac110c4036c77c09ab_000000000050,0.392232,286.829615,214.918506,28.904913,13.363201
50,11dd74426e8374ac110c4036c77c09ab_000000000050,0.392232,339.761556,234.118472,34.012264,16.464645
50,11dd74426e8374ac110c4036c77c09ab_000000000050,0.392232,356.023587,172.534846,46.918896,25.081778
51,11dd74426e8374ac110c4036c77c09ab_000000000051,0.392232,286.878141,214.720834,29.005198,13.367007
51,11dd74426e8374ac110c4036c77c09ab_000000000051,0.392232,339.529195,234.115073,34.247810,16.516045
51,11dd74426e8374ac110c4036c77c09ab_000000000051,0.392232,355.102186,171.271510,46.834385,25.169497
52,11dd74426e8374ac110c4036c77c09ab_000000000052,0.390658,285.155458,214.804605,28.883593,13.330887
52,11dd74426e8374ac110c4036c77c09ab_000000000052,0.390658,336.542003,233.313758,34.344742,16.164068
52,11dd74426e8374ac110c4036c77c09ab_000000000052,0.390658,356.057605,172.662015,45.774082,25.054049
53,11dd74426e8374ac110c4036c77c09ab_000000000059,0.390658,287.634099,214.981837,31.018881,12.475083
53,11dd74426e8374ac110c4036c77c09ab_000000000059,0.390658,340.841170,234.944702,26.192360,24.231571
53,11dd74426e8374ac110c4036c77c09ab_000000000059,0.390658,294.024682,156.007401,33.404842,16.128529
53,11dd74426e8374ac110c4036c77c09ab_000000000059,0.390658,347.979115,175.718643,43.913593,28.395704
54,11dd74426e8374ac110c4036c77c09ab_000000000060,0.390658,284.800805,213.800755,28.782566,12.702029
54,11dd74426e8374ac110c4036c77c09ab_000000000060,0.390658,335.733839,233.498405,30.199965,11.005586
54,11dd74426e8374ac110c4036c77c09ab_000000000060,0.390658,296.404085,153.793654,32.119370,13.499731
54,11dd74426e8374ac110c4036c77c09ab_000000000060,0.390658,350.282837,172.155035,42.659573,23.387196
55,11dd74426e8374ac110c4036c77c09ab_000000000061,0.390658,284.121207,213.430364,28.660913,12.843632
55,11dd74426e8374ac110c4036c77c09ab_000000000061,0.390658,334.666182,233.549240,29.730955,11.029919
55,11dd74426e8374ac110c4036c77c09ab_000000000061,0.390658,297.265659,153.958451,32.403923,13.738522
55,11dd74426e8374ac110c4036c77c09ab_000000000061,0.390658,348.196857,170.853410,42.496338,23.311289
56,11dd74426e8374ac110c4036c77c09ab_000000000062,0.390658,284.352683,213.388661,25.462713,8.632663
56,11dd74426e8374ac110c4036c77c09ab_000000000062,0.390658,336.218084,234.608337,32.263817,11.808385
56,11dd74426e8374ac110c4036c77c09ab_000000000062,0.390658,298.305704,152.729800,33.730453,15.822993
56,11dd74426e8374ac110c4036c77c09ab_000000000062,0.390658,351.423408,171.875013,42.714149,23.879129
57,11dd74426e8374ac110c4036c77c09ab_000000000063,0.390658,334.986262,234.228146,32.077145,13.309565
57,11dd74426e8374ac110c4036c77c09ab_000000000063,0.390658,295.473030,152.970075,29.281094,22.651421
57,11dd74426e8374ac110c4036c77c09ab_000000000063,0.390658,347.870101,170.165193,42.737972,23.494379
58,11dd74426e8374ac110c4036c77c09ab_000000000064,0.390658,334.092881,234.560697,30.739098,10.533203
58,11dd74426e8374ac110c4036c77c09ab_000000000064,0.390658,295.818694,153.246819,34.809242,16.312836
58,11dd74426e8374ac110c4036c77c09ab_000000000064,0.390658,349.310723,170.631293,43.487453,24.102472
59,11dd74426e8374ac110c4036c77c09ab_000000000065,0.390658,335.080446,234.112313,29.679810,14.136423
59,11dd74426e8374ac110c4036c77c09ab_000000000065,0.390658,295.530613,152.571084,34.873478,16.505501
59,11dd74426e8374ac110c4036c77c09ab_000000000065,0.390658,347.840010,169.784633,43.742203,24.096455
60,11dd74426e8374ac110c4036c77c09ab_000000000066,0.390658,336.613105,235.320171,31.518600,11.302859
60,11dd74426e8374ac110c4036c77c09ab_000000000066,0.390658,296.830842,152.901750,33.535122,17.734406
60,11dd74426e8374ac110c4036c77c09ab_000000000066,0.390658,349.051898,168.693288,44.695335,24.039127
61,11dd74426e8374ac110c4036c77c09ab_000000000067,0.390658,335.797860,235.202144,31.475014,11.431962
61,11dd74426e8374ac110c4036c77c09ab_000000000067,0.390658,298.168316,153.642019,33.369148,21.663731
61,11dd74426e8374ac110c4036c77c09ab_000000000067,0.390658,351.416207,170.477321,45.406933,24.292704
62,11dd74426e8374ac110c4036c77c09ab_000000000068,0.390658,335.999579,235.054646,31.048639,11.201952
62,11dd74426e8374ac110c4036c77c09ab_000000000068,0.390658,296.581745,152.743523,33.732647,20.674860
62,11dd74426e8374ac110c4036c77c09ab_000000000068,0.390658,350.143136,169.641487,45.324814,24.364584
63,11dd74426e8374ac110c4036c77c09ab_000000000069,0.390658,337.191986,236.532107,28.558743,16.411167
63,11dd74426e8374ac110c4036c77c09ab_000000000069,0.390658,294.765773,154.922816,25.525900,26.519533
63,11dd74426e8374ac110c4036c77c09ab_000000000069,0.390658,350.820611,169.782893,45.458435,24.267647
64,11dd74426e8374ac110c4036c77c09ab_000000000070,0.390658,337.802985,236.935998,29.293587,11.487077
64,11dd74426e8374ac110c4036c77c09ab_000000000070,0.390658,296.614149,153.887599,31.447355,21.663727
64,11dd74426e8374ac110c4036c77c09ab_000000000070,0.390658,349.966620,169.491318,46.074036,24.265690
65,11dd74426e8374ac110c4036c77c09ab_000000000071,0.390658,338.059473,236.437137,29.690016,11.529460
65,11dd74426e8374ac110c4036c77c09ab_000000000071,0.390658,296.759144,153.804241,33.653221,18.496439
65,11dd74426e8374ac110c4036c77c09ab_000000000071,0.390658,350.109707,171.160531,45.570431,23.962299
66,11dd74426e8374ac110c4036c77c09ab_000000000072,0.390658,338.337135,236.670091,29.290154,11.451705
66,11dd74426e8374ac110c4036c77c09ab_000000000072,0.390658,296.778028,154.642507,33.079777,20.747402
66,11dd74426e8374ac110c4036c77c09ab_000000000072,0.390658,349.393676,171.086484,45.553288,23.967009
67,11dd74426e8374ac110c4036c77c09ab_000000000073,0.383342,331.686565,232.709260,28.963697,12.211432
67,11dd74426e8374ac110c4036c77c09ab_000000000073,0.383342,290.615505,150.330103,30.179703,17.780075
67,11dd74426e8374ac110c4036c77c09ab_000000000073,0.383342,345.278204,166.034321,44.404472,23.895287
68,11dd74426e8374ac110c4036c77c09ab_000000000074,0.383342,330.058018,232.287032,28.356630,11.822873
68,11dd74426e8374ac110c4036c77c09ab_000000000074,0.383342,291.332025,152.148811,27.601109,21.772320
68,11dd74426e8374ac110c4036c77c09ab_000000000074,0.383342,341.776796,168.452831,44.547012,23.905836
69,11dd74426e8374ac110c4036c77c09ab_000000000075,0.383342,330.256193,232.002357,27.877829,11.697534
69,11dd74426e8374ac110c4036c77c09ab_000000000075,0.383342,288.520018,150.630829,28.367277,17.633713
69,11dd74426e8374ac110c4036c77c09ab_000000000075,0.383342,344.618307,168.923948,44.704967,23.905830
70,11dd74426e8374ac110c4036c77c09ab_000000000076,0.390658,341.457319,236.811223,27.919346,12.106612
70,11dd74426e8374ac110c4036c77c09ab_000000000076,0.390658,297.862089,154.115486,28.127361,18.360916
70,11dd74426e8374ac110c4036c77c09ab_000000000076,0.390658,352.695240,169.522053,46.133648,23.979460
71,11dd74426e8374ac110c4036c77c09ab_000000000077,0.390658,339.706583,236.883852,27.795788,12.106600
71,11dd74426e8374ac110c4036c77c09ab_000000000077,0.390658,298.480766,153.659139,28.127361,18.360916
71,11dd74426e8374ac110c4036c77c09ab_000000000077,0.390658,353.352066,171.536620,45.897331,24.298573
72,11dd74426e8374ac110c4036c77c09ab_000000000078,0.390658,340.759671,236.539427,25.562357,11.361038
72,11dd74426e8374ac110c4036c77c09ab_000000000078,0.390658,297.822580,154.967249,27.087244,22.428246
72,11dd74426e8374ac110c4036c77c09ab_000000000078,0.390658,353.698947,171.028639,42.496696,23.719074
73,11dd74426e8374ac110c4036c77c09ab_000000000079,0.390658,342.007707,236.616514,25.557802,11.220514
73,11dd74426e8374ac110c4036c77c09ab_000000000079,0.390658,300.372299,154.951237,23.061375,25.157869
73,11dd74426e8374ac110c4036c77c09ab_000000000079,0.390658,354.771444,169.466401,42.565605,23.724157
74,11dd74426e8374ac110c4036c77c09ab_000000000080,0.383342,336.113711,232.581300,25.483932,11.357442
74,11dd74426e8374ac110c4036c77c09ab_000000000080,0.383342,293.880811,151.529976,27.128927,20.940277
74,11dd74426e8374ac110c4036c77c09ab_000000000080,0.383342,349.594143,165.066725,41.368580,24.794840
75,11dd74426e8374ac110c4036c77c09ab_000000000081,0.383342,334.854163,232.316208,24.942659,11.142315
75,11dd74426e8374ac110c4036c77c09ab_000000000081,0.383342,290.913634,151.383228,25.208897,23.582533
75,11dd74426e8374ac110c4036c77c09ab_000000000081,0.383342,345.670694,167.559089,40.727257,24.075134
76,11dd74426e8374ac110c4036c77c09ab_000000000082,0.383342,336.999884,233.047070,24.643009,10.794479
76,11dd74426e8374ac110c4036c77c09ab_000000000082,0.383342,293.227909,151.495114,25.208897,23.582539
76,11dd74426e8374ac110c4036c77c09ab_000000000082,0.383342,346.137307,166.605356,40.629646,24.452164
77,11dd74426e8374ac110c4036c77c09ab_000000000083,0.383342,334.468388,232.468080,23.383837,10.733564
77,11dd74426e8374ac110c4036c77c09ab_000000000083,0.383342,292.432026,150.667118,26.572515,21.600882
77,11dd74426e8374ac110c4036c77c09ab_000000000083,0.383342,346.047087,167.510002,40.722507,22.547892
78,11dd74426e8374ac110c4036c77c09ab_000000000084,0.383342,335.986967,232.870865,18.712305,18.393330
78,11dd74426e8374ac110c4036c77c09ab_000000000084,0.383342,294.957625,151.169973,26.911566,20.729183
78,11dd74426e8374ac110c4036c77c09ab_000000000084,0.383342,346.176240,166.847261,40.870663,22.623344
79,11dd74426e8374ac110c4036c77c09ab_000000000085,0.383342,335.805030,233.019485,24.608311,11.273773
79,11dd74426e8374ac110c4036c77c09ab_000000000085,0.383342,293.711765,151.305011,26.669123,19.516949
79,11dd74426e8374ac110c4036c77c09ab_000000000085,0.383342,346.657827,168.655803,41.008213,22.478235
80,11dd74426e8374ac110c4036c77c09ab_000000000086,0.383342,336.400585,234.025990,24.219658,11.376218
80,11dd74426e8374ac110c4036c77c09ab_000000000086,0.383342,293.772364,151.884913,25.683886,18.783737
80,11dd74426e8374ac110c4036c77c09ab_000000000086,0.383342,347.753242,168.868859,40.572510,22.597351
81,11dd74426e8374ac110c4036c77c09ab_000000000087,0.383342,337.360039,234.317778,24.368114,11.397556
81,11dd74426e8374ac110c4036c77c09ab_000000000087,0.383342,295.597963,152.168687,26.305458,19.516949
81,11dd74426e8374ac110c4036c77c09ab_000000000087,0.383342,347.131295,167.937798,40.769867,23.416843
82,11dd74426e8374ac110c4036c77c09ab_000000000088,0.383342,337.332968,234.465860,24.007000,11.503804
82,11dd74426e8374ac110c4036c77c09ab_000000000088,0.383342,294.676343,152.457223,21.456530,23.759762
82,11dd74426e8374ac110c4036c77c09ab_000000000088,0.383342,345.122098,167.299941,41.200844,23.155016
83,11dd74426e8374ac110c4036c77c09ab_000000000089,0.383342,337.708238,233.313495,24.131615,11.460747
83,11dd74426e8374ac110c4036c77c09ab_000000000089,0.383342,294.704209,151.176232,26.426657,20.365509
83,11dd74426e8374ac110c4036c77c09ab_000000000089,0.383342,347.339344,167.300104,40.350704,23.522419
84,11dd74426e8374ac110c4036c77c09ab_000000000090,0.383342,336.769818,233.837244,24.729065,11.887508
84,11dd74426e8374ac110c4036c77c09ab_000000000090,0.383342,292.822199,150.806578,26.305458,19.880611
84,11dd74426e8374ac110c4036c77c09ab_000000000090,0.383342,346.655441,167.778767,40.682922,23.609333
85,11dd74426e8374ac110c4036c77c09ab_000000000091,0.383342,336.859126,233.067215,24.625954,11.784361
85,11dd74426e8374ac110c4036c77c09ab_000000000091,0.383342,294.597822,151.573319,26.055599,18.981819
85,11dd74426e8374ac110c4036c77c09ab_000000000091,0.383342,346.985740,166.973513,40.065536,23.957762
86,11dd74426e8374ac110c4036c77c09ab_000000000092,0.376288,330.589570,228.934873,24.400820,11.947970
86,11dd74426e8374ac110c4036c77c09ab_000000000092,0.376288,287.991956,148.651065,24.978941,17.622969
86,11dd74426e8374ac110c4036c77c09ab_000000000092,0.376288,343.641452,165.892255,39.127190,23.207544
87,11dd74426e8374ac110c4036c77c09ab_000000000093,0.376288,330.734399,229.041439,24.232519,11.779693
87,11dd74426e8374ac110c4036c77c09ab_000000000093,0.376288,288.903348,149.041420,25.300547,17.524595
87,11dd74426e8374ac110c4036c77c09ab_000000000093,0.376288,341.168959,166.050600,38.972118,22.794044
88,11dd74426e8374ac110c4036c77c09ab_000000000094,0.383342,338.285543,234.070048,24.362663,11.979413
88,11dd74426e8374ac110c4036c77c09ab_000000000094,0.383342,293.572949,151.927941,25.699352,17.092480
88,11dd74426e8374ac110c4036c77c09ab_000000000094,0.383342,348.970230,168.808611,38.925453,23.547050
89,11dd74426e8374ac110c4036c77c09ab_000000000095,0.383342,338.419399,233.798311,24.479111,11.801681
89,11dd74426e8374ac110c4036c77c09ab_000000000095,0.383342,292.448895,150.752799,23.767178,19.090441
89,11dd74426e8374ac110c4036c77c09ab_000000000095,0.383342,346.088290,168.940303,33.330925,30.668240
90,11dd74426e8374ac110c4036c77c09ab_000000000096,0.383342,338.432993,233.448170,24.000963,12.000500
90,11dd74426e8374ac110c4036c77c09ab_000000000096,0.383342,295.599531,149.854810,28.272940,16.463818
90,11dd74426e8374ac110c4036c77c09ab_000000000096,0.383342,349.940470,169.247451,38.773605,23.095289
91,11dd74426e8374ac110c4036c77c09ab_000000000097,0.383342,339.598624,234.597049,22.416685,11.647876
91,11dd74426e8374ac110c4036c77c09ab_000000000097,0.383342,294.890194,150.389684,26.962433,14.968811
91,11dd74426e8374ac110c4036c77c09ab_000000000097,0.383342,347.045497,168.715384,38.372787,22.704678
92,11dd74426e8374ac110c4036c77c09ab_000000000098,0.383342,337.990128,232.726597,21.512239,11.838490
92,11dd74426e8374ac110c4036c77c09ab_000000000098,0.383342,296.435587,150.277634,26.484238,17.506542
92,11dd74426e8374ac110c4036c77c09ab_000000000098,0.383342,348.572640,168.981119,37.997845,22.934977
93,11dd74426e8374ac110c4036c77c09ab_000000000099,0.383342,337.970521,233.088484,21.168673,12.642410
93,11dd74426e8374ac110c4036c77c09ab_000000000099,0.383342,299.664323,154.619287,26.265356,15.348807
93,11dd74426e8374ac110c4036c77c09ab_000000000099,0.383342,347.648259,168.784617,37.582355,22.325277
94,11dd74426e8374ac110c4036c77c09ab_000000000100,0.383342,338.823915,232.367753,21.543825,13.493629
94,11dd74426e8374ac110c4036c77c09ab_000000000100,0.383342,302.892988,153.154907,23.951525,17.225658
94,11dd74426e8374ac110c4036c77c09ab_000000000100,0.383342,348.594867,168.563360,37.119347,22.813585
95,11dd74426e8374ac110c4036c77c09ab_000000000101,0.376288,332.613314,228.781087,21.394556,13.045451
95,11dd74426e8374ac110c4036c77c09ab_000000000101,0.376288,295.252594,148.427850,24.016449,17.714157
95,11dd74426e8374ac110c4036c77c09ab_000000000101,0.376288,343.131566,165.950844,38.056778,23.272150
96,11dd74426e8374ac110c4036c77c09ab_000000000102,0.376288,333.422780,228.547308,20.500895,11.725549
96,11dd74426e8374ac110c4036c77c09ab_000000000102,0.376288,294.706994,148.626513,24.316509,17.922363
96,11dd74426e8374ac110c4036c77c09ab_000000000102,0.376288,342.825349,165.197394,37.895481,23.357840
97,11dd74426e8374ac110c4036c77c09ab_000000000103,0.390658,343.612565,236.936690,22.545202,12.409417
97,11dd74426e8374ac110c4036c77c09ab_000000000103,0.390658,304.222248,152.912826,27.963314,16.744637
97,11dd74426e8374ac110c4036c77c09ab_000000000103,0.390658,353.866378,171.201292,39.369167,24.149305
98,11dd74426e8374ac110c4036c77c09ab_000000000104,0.390658,347.090526,239.106505,20.470263,12.621949
98,11dd74426e8374ac110c4036c77c09ab_000000000104,0.390658,304.360089,154.164283,28.224310,16.718840
98,11dd74426e8374ac110c4036c77c09ab_000000000104,0.390658,355.617662,171.941680,39.112274,24.983034
99,11dd74426e8374ac110c4036c77c09ab_000000000105,0.383342,339.172465,233.763192,19.209616,13.845875
99,11dd74426e8374ac110c4036c77c09ab_000000000105,0.383342,299.504776,150.697183,24.274431,20.272579
99,11dd74426e8374ac110c4036c77c09ab_000000000105,0.383342,349.914265,168.407569,39.213501,24.048573
100,11dd74426e8374ac110c4036c77c09ab_000000000106,0.390658,343.380493,238.219918,20.314205,12.501049
100,11dd74426e8374ac110c4036c77c09ab_000000000106,0.390658,304.982175,153.879444,29.874996,14.675421
100,11dd74426e8374ac110c4036c77c09ab_000000000106,0.390658,353.665279,170.906415,39.646519,24.332544
101,11dd74426e8374ac110c4036c77c09ab_000000000107,0.390658,343.499760,237.656321,19.317579,13.806071
101,11dd74426e8374ac110c4036c77c09ab_000000000107,0.390658,305.366515,154.419460,30.659601,13.432412
101,11dd74426e8374ac110c4036c77c09ab_000000000107,0.390658,352.292564,171.551439,39.699574,24.160851
102,11dd74426e8374ac110c4036c77c09ab_000000000108,0.390658,346.012163,239.044558,21.139631,11.705409
102,11dd74426e8374ac110c4036c77c09ab_000000000108,0.390658,308.313544,154.730443,32.107853,12.048788
102,11dd74426e8374ac110c4036c77c09ab_000000000108,0.390658,355.665803,170.727515,41.479946,24.415749
103,11dd74426e8374ac110c4036c77c09ab_000000000109,0.390658,345.785432,238.824837,20.680351,11.622126
103,11dd74426e8374ac110c4036c77c09ab_000000000109,0.390658,308.736057,154.866496,32.595081,12.186212
103,11dd74426e8374ac110c4036c77c09ab_000000000109,0.390658,354.308372,171.361750,41.549809,24.976734
104,11dd74426e8374ac110c4036c77c09ab_000000000110,0.383342,338.859058,235.412866,19.950094,11.451324
104,11dd74426e8374ac110c4036c77c09ab_000000000110,0.383342,302.275182,153.790519,33.333450,14.933382
104,11dd74426e8374ac110c4036c77c09ab_000000000110,0.383342,346.649427,169.129236,41.492958,24.695671
105,11dd74426e8374ac110c4036c77c09ab_000000000111,0.390658,345.908848,239.823656,20.224409,11.835026
105,11dd74426e8374ac110c4036c77c09ab_000000000111,0.390658,308.494066,156.334301,34.295719,14.418951
105,11dd74426e8374ac110c4036c77c09ab_000000000111,0.390658,352.529668,172.082895,41.997787,25.957069
106,11dd74426e8374ac110c4036c77c09ab_000000000112,0.390658,344.721424,239.511207,20.224409,11.625296
106,11dd74426e8374ac110c4036c77c09ab_000000000112,0.390658,308.160919,157.646822,33.355793,14.264533
106,11dd74426e8374ac110c4036c77c09ab_000000000112,0.390658,352.709832,172.833929,41.801910,25.864590
107,11dd74426e8374ac110c4036c77c09ab_000000000113,0.383342,338.970312,234.500722,17.077044,13.011053
107,11dd74426e8374ac110c4036c77c09ab_000000000113,0.383342,345.112458,168.313582,41.443428,25.999510
108,11dd74426e8374ac110c4036c77c09ab_000000000114,0.383342,338.909222,234.294592,18.633480,10.284599
108,11dd74426e8374ac110c4036c77c09ab_000000000114,0.383342,344.207263,170.090035,41.428452,25.918684
109,11dd74426e8374ac110c4036c77c09ab_000000000115,0.376288,333.865786,230.432310,18.443916,9.876421
109,11dd74426e8374ac110c4036c77c09ab_000000000115,0.376288,339.513488,166.634371,40.794697,25.644997
110,11dd74426e8374ac110c4036c77c09ab_000000000116,0.376288,333.907724,230.443931,18.050587,9.593510
110,11dd74426e8374ac110c4036c77c09ab_000000000116,0.376288,339.573592,166.605731,40.762680,25.571486
111,11dd74426e8374ac110c4036c77c09ab_000000000117,0.383342,340.692003,234.391971,18.036919,9.111452
111,11dd74426e8374ac110c4036c77c09ab_000000000117,0.383342,347.165198,169.705056,42.348083,25.710470
112,11dd74426e8374ac110c4036c77c09ab_000000000118,0.383342,339.533719,234.323347,18.046862,9.212961
112,11dd74426e8374ac110c4036c77c09ab_000000000118,0.383342,346.200854,170.149219,42.977448,25.710470
113,11dd74426e8374ac110c4036c77c09ab_000000000119,0.383342,339.589007,233.264244,16.238766,10.600293
113,11dd74426e8374ac110c4036c77c09ab_000000000119,0.383342,346.252375,169.397264,43.098320,25.660236
114,11dd74426e8374ac110c4036c77c09ab_000000000120,0.383342,339.039615,234.455776,17.583736,9.123969
114,11dd74426e8374ac110c4036c77c09ab_000000000120,0.383342,345.306702,169.522966,43.501595,25.177877
115,11dd74426e8374ac110c4036c77c09ab_000000000121,0.383342,364.465265,241.191441,17.933525,9.022355
115,11dd74426e8374ac110c4036c77c09ab_000000000121,0.383342,331.468712,225.621161,31.278137,12.078219
115,11dd74426e8374ac110c4036c77c09ab_000000000121,0.383342,266.972309,202.211049,31.246445,24.205832
115,11dd74426e8374ac110c4036c77c09ab_000000000121,0.383342,345.910002,170.661643,44.284798,20.744625
116,11dd74426e8374ac110c4036c77c09ab_000000000122,0.383342,362.554664,241.606837,14.057737,12.857666
116,11dd74426e8374ac110c4036c77c09ab_000000000122,0.383342,332.443164,228.222053,28.423290,11.551927
116,11dd74426e8374ac110c4036c77c09ab_000000000122,0.383342,268.235671,204.196662,32.750320,12.762702
116,11dd74426e8374ac110c4036c77c09ab_000000000122,0.383342,341.333768,166.939154,40.852245,22.547531
117,11dd74426e8374ac110c4036c77c09ab_000000000123,0.383342,363.544464,241.303163,14.229146,12.686234
117,11dd74426e8374ac110c4036c77c09ab_000000000123,0.383342,331.075988,227.211804,27.654127,11.351230
117,11dd74426e8374ac110c4036c77c09ab_000000000123,0.383342,267.796901,203.576188,32.611362,12.762696
117,11dd74426e8374ac110c4036c77c09ab_000000000123,0.383342,341.058031,166.919933,40.852245,22.547529
118,11dd74426e8374ac110c4036c77c09ab_000000000124,0.376288,357.225360,237.324193,15.624511,9.468455
118,11dd74426e8374ac110c4036c77c09ab_000000000124,0.376288,325.984034,222.924411,25.902460,10.626666
118,11dd74426e8374ac110c4036c77c09ab_000000000124,0.376288,263.687872,198.356323,31.970087,15.527441
118,11dd74426e8374ac110c4036c77c09ab_000000000124,0.376288,334.657108,164.788068,40.256561,21.195782
119,11dd74426e8374ac110c4036c77c09ab_000000000125,0.376288,356.429560,236.745314,16.973122,6.715463
119,11dd74426e8374ac110c4036c77c09ab_000000000125,0.376288,325.399207,222.653127,28.157297,12.231416
119,11dd74426e8374ac110c4036c77c09ab_000000000125,0.376288,264.018066,197.929095,31.963335,15.495811
119,11dd74426e8374ac110c4036c77c09ab_000000000125,0.376288,334.458767,163.326253,40.322910,21.350670
120,11dd74426e8374ac110c4036c77c09ab_000000000126,0.376288,360.045272,237.790924,16.593801,9.601451
120,11dd74426e8374ac110c4036c77c09ab_000000000126,0.376288,323.154407,222.804455,28.291630,12.503078
120,11dd74426e8374ac110c4036c77c09ab_000000000126,0.376288,261.618401,199.678661,26.040260,12.923693
120,11dd74426e8374ac110c4036c77c09ab_000000000126,0.376288,335.557890,164.310921,39.148621,22.132669
121,11dd74426e8374ac110c4036c77c09ab_000000000127,0.383342,365.710119,241.747057,16.837549,7.961708
121,11dd74426e8374ac110c4036c77c09ab_000000000127,0.383342,329.341850,225.838381,29.115780,12.503173
121,11dd74426e8374ac110c4036c77c09ab_000000000127,0.383342,265.801625,202.492869,26.903004,14.293694
121,11dd74426e8374ac110c4036c77c09ab_000000000127,0.383342,343.332484,167.896291,40.290546,21.853727
122,11dd74426e8374ac110c4036c77c09ab_000000000128,0.383342,366.209792,241.790436,16.631090,7.961720
122,11dd74426e8374ac110c4036c77c09ab_000000000128,0.383342,330.075777,226.316201,28.841143,12.577343
122,11dd74426e8374ac110c4036c77c09ab_000000000128,0.383342,265.606936,202.444437,26.178856,14.293694
122,11dd74426e8374ac110c4036c77c09ab_000000000128,0.383342,344.491236,167.690524,40.290546,21.853714
123,11dd74426e8374ac110c4036c77c09ab_000000000129,0.383342,365.353216,241.836528,18.122202,7.694183
123,11dd74426e8374ac110c4036c77c09ab_000000000129,0.383342,327.895124,225.800408,29.478649,12.711854
123,11dd74426e8374ac110c4036c77c09ab_000000000129,0.383342,267.637331,204.079465,28.245026,13.940681
123,11dd74426e8374ac110c4036c77c09ab_000000000129,0.383342,341.391279,167.919770,39.018742,23.658112
124,11dd74426e8374ac110c4036c77c09ab_000000000130,0.383342,365.056234,242.015939,18.062305,7.879501
124,11dd74426e8374ac110c4036c77c09ab_000000000130,0.383342,328.551020,225.930777,29.301765,13.013551
124,11dd74426e8374ac110c4036c77c09ab_000000000130,0.383342,267.407523,204.051107,27.880472,13.887744
124,11dd74426e8374ac110c4036c77c09ab_000000000130,0.383342,341.003234,167.841003,39.934650,22.138460
125,11dd74426e8374ac110c4036c77c09ab_000000000131,0.383342,366.765127,241.834142,18.304701,8.121968
125,11dd74426e8374ac110c4036c77c09ab_000000000131,0.383342,330.409656,226.180263,29.443483,13.005444
125,11dd74426e8374ac110c4036c77c09ab_000000000131,0.383342,269.840680,203.618421,28.163557,14.312060
125,11dd74426e8374ac110c4036c77c09ab_000000000131,0.383342,342.441257,168.137096,41.082874,21.924955
126,11dd74426e8374ac110c4036c77c09ab_000000000132,0.383342,366.077668,241.745560,18.440218,8.434948
126,11dd74426e8374ac110c4036c77c09ab_000000000132,0.383342,329.848238,226.357217,29.578463,13.092107
126,11dd74426e8374ac110c4036c77c09ab_000000000132,0.383342,268.798165,203.021040,28.279350,14.310410
126,11dd74426e8374ac110c4036c77c09ab_000000000132,0.383342,342.814140,167.662026,41.082897,21.924953
127,11dd74426e8374ac110c4036c77c09ab_000000000133,0.383342,368.296365,242.129767,16.867029,10.350220
127,11dd74426e8374ac110c4036c77c09ab_000000000133,0.383342,332.427558,226.930240,28.045237,11.476810
127,11dd74426e8374ac110c4036c77c09ab_000000000133,0.383342,268.797791,204.160887,26.879021,14.093863
127,11dd74426e8374ac110c4036c77c09ab_000000000133,0.383342,342.735431,169.169561,41.292866,22.086304
128,11dd74426e8374ac110c4036c77c09ab_000000000134,0.383342,367.602096,242.000497,17.941059,7.758304
128,11dd74426e8374ac110c4036c77c09ab_000000000134,0.383342,331.717075,226.860212,27.895494,12.237450
128,11dd74426e8374ac110c4036c77c09ab_000000000134,0.383342,267.349755,203.476399,28.034918,14.450297
128,11dd74426e8374ac110c4036c77c09ab_000000000134,0.383342,342.834893,167.751532,40.156620,22.822517
129,11dd74426e8374ac110c4036c77c09ab_000000000135,0.383342,368.587287,242.220572,16.343912,10.057803
129,11dd74426e8374ac110c4036c77c09ab_000000000135,0.383342,332.740356,226.947788,27.727665,11.485888
129,11dd74426e8374ac110c4036c77c09ab_000000000135,0.383342,268.555138,203.735337,28.440815,14.512318
129,11dd74426e8374ac110c4036c77c09ab_000000000135,0.383342,343.473921,169.145193,39.885868,23.150524
130,11dd74426e8374ac110c4036c77c09ab_000000000136,0.383342,366.501557,242.832599,15.179522,11.113613
130,11dd74426e8374ac110c4036c77c09ab_000000000136,0.383342,330.285838,227.113348,27.814680,10.503276
130,11dd74426e8374ac110c4036c77c09ab_000000000136,0.383342,265.947390,203.816947,28.349424,14.800292
130,11dd74426e8374ac110c4036c77c09ab_000000000136,0.383342,343.902232,167.971537,40.882568,22.917933
131,11dd74426e8374ac110c4036c77c09ab_000000000137,0.383342,365.695753,242.251807,15.179522,11.113613
131,11dd74426e8374ac110c4036c77c09ab_000000000137,0.383342,329.666347,226.317699,27.436649,11.603868
131,11dd74426e8374ac110c4036c77c09ab_000000000137,0.383342,266.185996,203.095116,28.323477,14.594577
131,11dd74426e8374ac110c4036c77c09ab_000000000137,0.383342,344.210749,167.984955,40.849041,22.770651
132,11dd74426e8374ac110c4036c77c09ab_000000000138,0.376288,358.953292,237.696668,16.453199,8.201910
132,11dd74426e8374ac110c4036c77c09ab_000000000138,0.376288,322.618637,222.970046,29.224037,12.844171
132,11dd74426e8374ac110c4036c77c09ab_000000000138,0.376288,261.283361,199.676066,27.600719,14.672977
132,11dd74426e8374ac110c4036c77c09ab_000000000138,0.376288,335.814085,166.973969,36.131397,28.738909
133,11dd74426e8374ac110c4036c77c09ab_000000000139,0.376288,359.716502,237.987750,14.368134,10.909124
133,11dd74426e8374ac110c4036c77c09ab_000000000139,0.376288,323.802760,223.036489,29.386803,12.320561
133,11dd74426e8374ac110c4036c77c09ab_000000000139,0.376288,262.157570,199.879207,27.670515,14.464129
133,11dd74426e8374ac110c4036c77c09ab_000000000139,0.376288,337.925103,166.103320,39.976318,21.689577
134,11dd74426e8374ac110c4036c77c09ab_000000000140,0.383342,366.450293,242.772421,16.849949,7.687784
134,11dd74426e8374ac110c4036c77c09ab_000000000140,0.383342,329.634503,227.942221,30.496714,12.967400
134,11dd74426e8374ac110c4036c77c09ab_000000000140,0.383342,266.595145,203.254850,29.014517,14.890003
134,11dd74426e8374ac110c4036c77c09ab_000000000140,0.383342,345.331808,168.450328,40.838909,22.969740
135,11dd74426e8374ac110c4036c77c09ab_000000000141,0.383342,366.924861,242.462617,16.546579,9.129153
135,11dd74426e8374ac110c4036c77c09ab_000000000141,0.383342,330.706147,226.982744,22.740435,24.306580
135,11dd74426e8374ac110c4036c77c09ab_000000000141,0.383342,265.750034,203.046894,28.758644,14.592869
135,11dd74426e8374ac110c4036c77c09ab_000000000141,0.383342,345.968823,169.121152,41.515747,23.309568
136,11dd74426e8374ac110c4036c77c09ab_000000000142,0.383342,366.463442,241.657422,16.403950,9.129152
136,11dd74426e8374ac110c4036c77c09ab_000000000142,0.383342,330.550157,226.636721,30.668240,12.600132
136,11dd74426e8374ac110c4036c77c09ab_000000000142,0.383342,265.240019,202.483955,28.714586,14.391506
136,11dd74426e8374ac110c4036c77c09ab_000000000142,0.383342,344.510960,168.677516,41.515770,23.309568
137,11dd74426e8374ac110c4036c77c09ab_000000000143,0.390658,372.446491,245.356505,17.295191,7.535744
137,11dd74426e8374ac110c4036c77c09ab_000000000143,0.390658,337.241987,231.119837,29.542517,11.683062
137,11dd74426e8374ac110c4036c77c09ab_000000000143,0.390658,270.539697,206.535126,29.483313,15.037195
137,11dd74426e8374ac110c4036c77c09ab_000000000143,0.390658,349.948141,171.238083,41.807751,23.914043
138,11dd74426e8374ac110c4036c77c09ab_000000000144,0.390658,372.703194,245.605768,17.773117,7.907220
138,11dd74426e8374ac110c4036c77c09ab_000000000144,0.390658,334.850257,231.188031,32.497223,12.973193
138,11dd74426e8374ac110c4036c77c09ab_000000000144,0.390658,271.043279,206.767055,29.483360,14.759056
138,11dd74426e8374ac110c4036c77c09ab_000000000144,0.390658,349.986696,171.841548,41.895782,23.914043
139,11dd74426e8374ac110c4036c77c09ab_000000000145,0.390658,372.233828,245.768550,16.946642,8.735382
139,11dd74426e8374ac110c4036c77c09ab_000000000145,0.390658,335.594901,231.516647,32.572212,13.683550
139,11dd74426e8374ac110c4036c77c09ab_000000000145,0.390658,270.066063,206.336435,29.754656,14.644713
139,11dd74426e8374ac110c4036c77c09ab_000000000145,0.390658,349.871077,171.996831,42.279190,24.808458
140,11dd74426e8374ac110c4036c77c09ab_000000000146,0.390658,372.600618,245.737601,16.946594,8.910084
140,11dd74426e8374ac110c4036c77c09ab_000000000146,0.390658,335.688750,232.069633,32.652950,14.139325
140,11dd74426e8374ac110c4036c77c09ab_000000000146,0.390658,270.736027,206.446736,29.613071,14.644701
140,11dd74426e8374ac110c4036c77c09ab_000000000146,0.390658,350.568320,171.488575,41.601929,23.647814
141,11dd74426e8374ac110c4036c77c09ab_000000000147,0.390658,370.080846,246.181860,17.697104,9.079366
141,11dd74426e8374ac110c4036c77c09ab_000000000147,0.390658,336.302014,232.776723,33.097351,14.097037
141,11dd74426e8374ac110c4036c77c09ab_000000000147,0.390658,270.772199,206.779954,29.887848,14.943930
141,11dd74426e8374ac110c4036c77c09ab_000000000147,0.390658,349.967597,172.227759,42.037460,23.173819
142,11dd74426e8374ac110c4036c77c09ab_000000000148,0.390658,368.486503,245.768908,18.030083,7.995466
142,11dd74426e8374ac110c4036c77c09ab_000000000148,0.390658,334.415560,232.350133,33.369122,14.011545
142,11dd74426e8374ac110c4036c77c09ab_000000000148,0.390658,269.743074,206.470604,29.670225,15.089014
142,11dd74426e8374ac110c4036c77c09ab_000000000148,0.390658,348.397289,171.649080,42.037487,23.173807
143,11dd74426e8374ac110c4036c77c09ab_000000000149,0.383342,362.789456,241.456884,14.366324,13.011042
143,11dd74426e8374ac110c4036c77c09ab_000000000149,0.383342,328.157899,226.348209,32.912815,13.295278
143,11dd74426e8374ac110c4036c77c09ab_000000000149,0.383342,265.143131,203.092145,29.112528,13.928643
143,11dd74426e8374ac110c4036c77c09ab_000000000149,0.383342,341.417039,167.545905,42.031239,22.197811
144,11dd74426e8374ac110c4036c77c09ab_000000000150,0.390658,373.886827,246.842335,17.694815,8.367317
144,11dd74426e8374ac110c4036c77c09ab_000000000150,0.390658,337.979811,231.796144,34.229553,13.615690
144,11dd74426e8374ac110c4036c77c09ab_000000000150,0.390658,274.778730,207.963301,26.930851,14.539931
144,11dd74426e8374ac110c4036c77c09ab_000000000150,0.390658,351.897806,172.068565,42.539566,22.508118
145,11dd74426e8374ac110c4036c77c09ab_000000000151,0.390658,372.335903,246.757331,18.216946,9.108473
145,11dd74426e8374ac110c4036c77c09ab_000000000151,0.390658,335.725994,231.760641,34.229527,13.615690
145,11dd74426e8374ac110c4036c77c09ab_000000000151,0.390658,271.733726,207.253279,26.529560,14.117519
145,11dd74426e8374ac110c4036c77c09ab_000000000151,0.390658,349.179319,171.909097,42.491543,22.537956
146,11dd74426e8374ac110c4036c77c09ab_000000000152,0.390658,371.789736,246.622232,18.483377,8.049669
146,11dd74426e8374ac110c4036c77c09ab_000000000152,0.390658,336.621069,231.844953,35.498974,13.285166
146,11dd74426e8374ac110c4036c77c09ab_000000000152,0.390658,283.359610,213.436540,1.171973,2.343947
146,11dd74426e8374ac110c4036c77c09ab_000000000152,0.390658,270.692560,207.352016,23.848890,14.039300
146,11dd74426e8374ac110c4036c77c09ab_000000000152,0.390658,351.448015,171.042003,42.538757,22.494951
147,11dd74426e8374ac110c4036c77c09ab_000000000153,0.390658,371.580792,246.578097,18.571409,6.844738
147,11dd74426e8374ac110c4036c77c09ab_000000000153,0.390658,337.339317,231.373488,34.458050,15.959536
147,11dd74426e8374ac110c4036c77c09ab_000000000153,0.390658,272.940035,207.336327,26.448967,13.831965
147,11dd74426e8374ac110c4036c77c09ab_000000000153,0.390658,353.090308,172.393020,43.137165,22.700888
148,11dd74426e8374ac110c4036c77c09ab_000000000154,0.390658,372.027387,246.441639,15.401893,12.159367
148,11dd74426e8374ac110c4036c77c09ab_000000000154,0.390658,337.177608,230.724315,24.712133,29.073092
148,11dd74426e8374ac110c4036c77c09ab_000000000154,0.390658,269.298434,206.170696,18.698139,17.015741
148,11dd74426e8374ac110c4036c77c09ab_000000000154,0.390658,353.938911,172.872342,43.851551,22.886686
149,11dd74426e8374ac110c4036c77c09ab_000000000155,0.390658,371.439493,246.380932,15.723666,11.705403
149,11dd74426e8374ac110c4036c77c09ab_000000000155,0.390658,336.413198,231.006960,24.679682,29.057079
149,11dd74426e8374ac110c4036c77c09ab_000000000155,0.390658,265.886783,203.924509,19.133385,15.542655
149,11dd74426e8374ac110c4036c77c09ab_000000000155,0.390658,350.360449,172.422611,43.255478,22.795910
150,11dd74426e8374ac110c4036c77c09ab_000000000156,0.390658,371.529885,245.734382,14.640558,12.154419
150,11dd74426e8374ac110c4036c77c09ab_000000000156,0.390658,336.349058,230.562511,23.295021,25.028637
150,11dd74426e8374ac110c4036c77c09ab_000000000156,0.390658,264.324581,202.363213,13.627194,16.247795
150,11dd74426e8374ac110c4036c77c09ab_000000000156,0.390658,352.658997,170.945782,42.636826,24.066101
151,11dd74426e8374ac110c4036c77c09ab_000000000157,0.390658,372.503525,245.956893,16.583261,8.565740
151,11dd74426e8374ac110c4036c77c09ab_000000000157,0.390658,336.520662,229.551937,32.424595,10.547760
151,11dd74426e8374ac110c4036c77c09ab_000000000157,0.390658,266.376512,202.393638,16.076555,16.699869
151,11dd74426e8374ac110c4036c77c09ab_000000000157,0.390658,350.802633,169.895770,43.197060,23.664488
152,11dd74426e8374ac110c4036c77c09ab_000000000158,0.388955,370.414657,244.920289,17.465794,7.625893
152,11dd74426e8374ac110c4036c77c09ab_000000000158,0.388955,333.844989,229.282065,32.616947,10.075521
152,11dd74426e8374ac110c4036c77c09ab_000000000158,0.388955,264.767412,202.577048,14.636849,16.050550
152,11dd74426e8374ac110c4036c77c09ab_000000000158,0.388955,350.401260,170.421807,42.539665,24.323000
153,11dd74426e8374ac110c4036c77c09ab_000000000159,0.390658,373.291493,246.940118,17.912842,10.500645
153,11dd74426e8374ac110c4036c77c09ab_000000000159,0.390658,337.442084,230.475218,26.518711,21.822716
153,11dd74426e8374ac110c4036c77c09ab_000000000159,0.390658,266.706463,202.371559,13.817874,18.233328
153,11dd74426e8374ac110c4036c77c09ab_000000000159,0.390658,351.440266,171.176888,42.249599,23.966154
154,11dd74426e8374ac110c4036c77c09ab_000000000160,0.383342,374.692184,244.041187,0.857184,0.857184
154,11dd74426e8374ac110c4036c77c09ab_000000000160,0.383342,364.995846,240.944412,17.829315,8.743211
154,11dd74426e8374ac110c4036c77c09ab_000000000160,0.383342,328.930852,225.169663,30.916086,11.125387
154,11dd74426e8374ac110c4036c77c09ab_000000000160,0.383342,260.910416,197.391272,13.063375,17.829302
154,11dd74426e8374ac110c4036c77c09ab_000000000160,0.383342,344.347763,168.570052,41.995255,23.555037
155,11dd74426e8374ac110c4036c77c09ab_000000000161,0.383342,367.114028,240.929649,13.824256,11.384683
155,11dd74426e8374ac110c4036c77c09ab_000000000161,0.383342,330.612230,224.945025,25.751036,21.414022
155,11dd74426e8374ac110c4036c77c09ab_000000000161,0.383342,263.450382,196.108012,11.900669,18.501835
155,11dd74426e8374ac110c4036c77c09ab_000000000161,0.383342,347.284056,168.843239,40.703556,22.831865
156,11dd74426e8374ac110c4036c77c09ab_000000000162,0.383342,364.547624,241.234094,17.708889,5.671883
156,11dd74426e8374ac110c4036c77c09ab_000000000162,0.383342,329.253150,225.069733,31.730782,10.568695
156,11dd74426e8374ac110c4036c77c09ab_000000000162,0.383342,262.480727,196.745202,11.993650,18.687784
156,11dd74426e8374ac110c4036c77c09ab_000000000162,0.383342,345.855252,169.510425,40.742352,22.860254
157,11dd74426e8374ac110c4036c77c09ab_000000000163,0.376288,358.671374,237.597406,15.132745,8.557816
157,11dd74426e8374ac110c4036c77c09ab_000000000163,0.376288,322.438256,219.829334,32.799282,8.499365
157,11dd74426e8374ac110c4036c77c09ab_000000000163,0.376288,255.344877,192.645337,19.377983,15.178701
157,11dd74426e8374ac110c4036c77c09ab_000000000163,0.376288,338.076247,163.643528,41.713898,23.458517
158,11dd74426e8374ac110c4036c77c09ab_000000000164,0.383342,364.899800,242.802463,17.429173,5.950136
158,11dd74426e8374ac110c4036c77c09ab_000000000164,0.383342,329.007923,225.029162,25.064325,20.319637
158,11dd74426e8374ac110c4036c77c09ab_000000000164,0.383342,260.118066,196.797495,15.257599,18.332468
158,11dd74426e8374ac110c4036c77c09ab_000000000164,0.383342,345.714401,167.599824,42.505245,23.696360
159,11dd74426e8374ac110c4036c77c09ab_000000000165,0.383342,363.404267,241.713810,15.050181,8.849737
159,11dd74426e8374ac110c4036c77c09ab_000000000165,0.383342,326.197321,224.651927,30.880266,9.894291
159,11dd74426e8374ac110c4036c77c09ab_000000000165,0.383342,260.183953,196.241306,14.950321,17.250372
159,11dd74426e8374ac110c4036c77c09ab_000000000165,0.383342,343.214936,169.313069,42.334679,23.850510
160,11dd74426e8374ac110c4036c77c09ab_000000000166,0.383342,365.592360,242.017156,15.705540,7.746944
160,11dd74426e8374ac110c4036c77c09ab_000000000166,0.383342,329.061363,224.828062,31.751581,15.164922
160,11dd74426e8374ac110c4036c77c09ab_000000000166,0.383342,262.252650,196.931305,11.342807,18.873713
160,11dd74426e8374ac110c4036c77c09ab_000000000166,0.383342,344.734966,167.663675,41.379387,23.297522
161,11dd74426e8374ac110c4036c77c09ab_000000000167,0.383342,363.479723,241.770899,17.216118,5.939174
161,11dd74426e8374ac110c4036c77c09ab_000000000167,0.383342,328.890539,224.736766,32.805981,17.079407
161,11dd74426e8374ac110c4036c77c09ab_000000000167,0.383342,260.836879,195.310736,13.824232,17.890182
161,11dd74426e8374ac110c4036c77c09ab_000000000167,0.383342,342.599423,167.453696,41.921364,23.417025
162,11dd74426e8374ac110c4036c77c09ab_000000000168,0.390658,372.075576,247.177818,18.002209,6.442897
162,11dd74426e8374ac110c4036c77c09ab_000000000168,0.390658,338.847585,230.183703,35.189960,10.432523
162,11dd74426e8374ac110c4036c77c09ab_000000000168,0.390658,266.399354,200.009097,13.218439,20.630655
162,11dd74426e8374ac110c4036c77c09ab_000000000168,0.390658,351.521931,171.523304,41.878807,25.297834
163,11dd74426e8374ac110c4036c77c09ab_000000000169,0.398252,379.665941,252.506055,18.500126,6.903030
163,11dd74426e8374ac110c4036c77c09ab_000000000169,0.398252,342.797801,234.097763,35.809483,12.502580
163,11dd74426e8374ac110c4036c77c09ab_000000000169,0.398252,270.829491,203.116643,13.438607,21.072893
163,11dd74426e8374ac110c4036c77c09ab_000000000169,0.398252,357.059309,174.234717,43.241600,24.559235
164,11dd74426e8374ac110c4036c77c09ab_000000000170,0.390658,373.854447,246.581101,20.196083,8.096290
164,11dd74426e8374ac110c4036c77c09ab_000000000170,0.390658,337.706489,230.022328,34.592075,15.898388
164,11dd74426e8374ac110c4036c77c09ab_000000000170,0.390658,265.632941,204.671442,7.687141,14.326016
164,11dd74426e8374ac110c4036c77c09ab_000000000170,0.390658,352.205487,170.262858,42.996773,25.453695
165,11dd74426e8374ac110c4036c77c09ab_000000000171,0.390658,374.750976,247.450067,20.017397,8.024221
165,11dd74426e8374ac110c4036c77c09ab_000000000171,0.390658,342.802208,231.311756,36.286396,11.367607
165,11dd74426e8374ac110c4036c77c09ab_000000000171,0.390658,276.012960,207.370257,20.346752,13.259684
165,11dd74426e8374ac110c4036c77c09ab_000000000171,0.390658,353.559508,171.351473,42.134483,24.292511
166,11dd74426e8374ac110c4036c77c09ab_000000000172,0.390658,373.434604,246.287250,19.765892,7.906373
166,11dd74426e8374ac110c4036c77c09ab_000000000172,0.390658,340.923455,230.173713,34.417370,16.073101
166,11dd74426e8374ac110c4036c77c09ab_000000000172,0.390658,273.244998,205.557384,19.634321,13.525864
166,11dd74426e8374ac110c4036c77c09ab_000000000172,0.390658,352.127803,170.158624,42.408974,24.292511
167,11dd74426e8374ac110c4036c77c09ab_000000000173,0.390658,375.438609,246.201889,20.844635,7.958866
167,11dd74426e8374ac110c4036c77c09ab_000000000173,0.390658,340.417250,229.889470,33.893257,16.247805
167,11dd74426e8374ac110c4036c77c09ab_000000000173,0.390658,274.270498,207.758697,28.095625,13.636661
167,11dd74426e8374ac110c4036c77c09ab_000000000173,0.390658,352.064379,170.945972,41.909611,23.831835
168,11dd74426e8374ac110c4036c77c09ab_000000000174,0.390658,375.655397,246.319272,17.126711,14.640565
168,11dd74426e8374ac110c4036c77c09ab_000000000174,0.390658,340.174948,230.265130,33.542538,17.074825
168,11dd74426e8374ac110c4036c77c09ab_000000000174,0.390658,274.627393,208.460970,30.572548,14.051359
168,11dd74426e8374ac110c4036c77c09ab_000000000174,0.390658,350.441947,172.613457,41.141888,24.823030
169,11dd74426e8374ac110c4036c77c09ab_000000000175,0.390658,275.782390,208.938420,32.760033,13.570101
169,11dd74426e8374ac110c4036c77c09ab_000000000175,0.390658,375.965606,246.712004,17.639091,22.899355
169,11dd74426e8374ac110c4036c77c09ab_000000000175,0.390658,345.165253,234.776984,35.353645,14.210796
169,11dd74426e8374ac110c4036c77c09ab_000000000175,0.390658,287.367453,158.132032,36.184464,14.351857
169,11dd74426e8374ac110c4036c77c09ab_000000000175,0.390658,351.896804,175.106821,45.152782,22.487967
169,11dd74426e8374ac110c4036c77c09ab_000000000175,0.390658,308.902845,224.402116,23.669273,18.200136
170,11dd74426e8374ac110c4036c77c09ab_000000000176,0.390658,274.106047,209.678819,29.904324,16.794094
170,11dd74426e8374ac110c4036c77c09ab_000000000176,0.390658,373.273444,249.004925,24.684069,10.517550
170,11dd74426e8374ac110c4036c77c09ab_000000000176,0.390658,344.352512,236.880943,30.386042,21.546478
170,11dd74426e8374ac110c4036c77c09ab_000000000176,0.390658,285.009987,155.990520,32.545769,14.581343
170,11dd74426e8374ac110c4036c77c09ab_000000000176,0.390658,351.461916,171.142017,43.617809,23.440134
170,11dd74426e8374ac110c4036c77c09ab_000000000176,0.390658,309.034630,226.248656,25.918251,7.458884
171,11dd74426e8374ac110c4036c77c09ab_000000000177,0.390658,273.124038,208.702866,29.780384,13.920533
171,11dd74426e8374ac110c4036c77c09ab_000000000177,0.390658,373.015238,247.588147,24.463751,10.004776
171,11dd74426e8374ac110c4036c77c09ab_000000000177,0.390658,341.777566,236.560410,33.517719,14.409285
171,11dd74426e8374ac110c4036c77c09ab_000000000177,0.390658,287.063396,157.520807,32.495270,14.447733
171,11dd74426e8374ac110c4036c77c09ab_000000000177,0.390658,347.990894,172.408900,43.733692,23.664488
171,11dd74426e8374ac110c4036c77c09ab_000000000177,0.390658,309.804024,225.650032,25.330952,7.561818
172,11dd74426e8374ac110c4036c77c09ab_000000000178,0.390658,274.426508,210.085452,30.076239,13.920533
172,11dd74426e8374ac110c4036c77c09ab_000000000178,0.390658,373.830770,248.861027,24.466946,9.967055
172,11dd74426e8374ac110c4036c77c09ab_000000000178,0.390658,344.549033,238.014408,33.732647,13.783240
172,11dd74426e8374ac110c4036c77c09ab_000000000178,0.390658,285.793925,157.228970,32.725933,14.782948
172,11dd74426e8374ac110c4036c77c09ab_000000000178,0.390658,349.888937,173.682651,43.733788,23.814459
172,11dd74426e8374ac110c4036c77c09ab_000000000178,0.390658,309.876724,226.450065,25.697195,7.503579
173,11dd74426e8374ac110c4036c77c09ab_000000000179,0.390658,274.546276,210.585506,29.709330,13.663855
173,11dd74426e8374ac110c4036c77c09ab_000000000179,0.390658,374.713350,247.830520,24.830898,10.377098
173,11dd74426e8374ac110c4036c77c09ab_000000000179,0.390658,347.041813,237.517002,33.019737,14.850134
173,11dd74426e8374ac110c4036c77c09ab_000000000179,0.390658,288.144548,156.354353,32.583660,14.452288
173,11dd74426e8374ac110c4036c77c09ab_000000000179,0.390658,353.856555,172.740545,43.980595,23.553751
173,11dd74426e8374ac110c4036c77c09ab_000000000179,0.390658,310.178444,225.475090,25.448574,8.276978
174,11dd74426e8374ac110c4036c77c09ab_000000000180,0.383342,269.456262,205.303565,28.901016,13.453918
174,11dd74426e8374ac110c4036c77c09ab_000000000180,0.383342,368.637731,243.167531,24.407234,10.174369
174,11dd74426e8374ac110c4036c77c09ab_000000000180,0.383342,338.206577,231.956358,32.744190,14.400584
174,11dd74426e8374ac110c4036c77c09ab_000000000180,0.383342,282.443643,153.394625,31.983051,14.039078
174,11dd74426e8374ac110c4036c77c09ab_000000000180,0.383342,343.592685,167.416354,42.834141,23.708099
174,11dd74426e8374ac110c4036c77c09ab_000000000180,0.383342,305.030239,221.507445,25.335640,8.000734
175,11dd74426e8374ac110c4036c77c09ab_000000000181,0.383342,269.159935,205.105413,28.829819,13.453929
175,11dd74426e8374ac110c4036c77c09ab_000000000181,0.383342,368.353688,243.210466,23.903303,9.754995
175,11dd74426e8374ac110c4036c77c09ab_000000000181,0.383342,337.828640,232.318244,32.744190,14.400593
175,11dd74426e8374ac110c4036c77c09ab_000000000181,0.383342,282.657985,153.825264,31.983028,14.039072
175,11dd74426e8374ac110c4036c77c09ab_000000000181,0.383342,346.235506,168.116635,42.734608,23.818617
175,11dd74426e8374ac110c4036c77c09ab_000000000181,0.383342,304.631128,221.798765,25.400217,7.876776
176,11dd74426e8374ac110c4036c77c09ab_000000000182,0.381732,266.190518,204.741602,28.787582,13.264747
176,11dd74426e8374ac110c4036c77c09ab_000000000182,0.381732,363.436499,242.617948,24.793070,9.878755
176,11dd74426e8374ac110c4036c77c09ab_000000000182,0.381732,334.606001,231.866328,33.298355,14.374540
176,11dd74426e8374ac110c4036c77c09ab_000000000182,0.381732,279.042667,152.712915,32.037781,14.314743
176,11dd74426e8374ac110c4036c77c09ab_000000000182,0.381732,339.951300,165.902842,42.787605,24.038733
176,11dd74426e8374ac110c4036c77c09ab_000000000182,0.381732,301.965589,221.077966,25.349989,7.967146
177,11dd74426e8374ac110c4036c77c09ab_000000000183,0.381732,267.699600,205.338711,28.708761,13.043009
177,11dd74426e8374ac110c4036c77c09ab_000000000183,0.381732,364.279041,243.013706,24.430862,11.070234
177,11dd74426e8374ac110c4036c77c09ab_000000000183,0.381732,335.810121,232.417305,33.487915,14.374535
177,11dd74426e8374ac110c4036c77c09ab_000000000183,0.381732,280.616683,153.400319,31.753485,14.368779
177,11dd74426e8374ac110c4036c77c09ab_000000000183,0.381732,342.431861,166.895860,42.890892,24.192104
177,11dd74426e8374ac110c4036c77c09ab_000000000183,0.381732,303.087603,221.419694,25.229275,7.967157
178,11dd74426e8374ac110c4036c77c09ab_000000000184,0.376288,263.575357,201.128832,27.250681,12.784956
178,11dd74426e8374ac110c4036c77c09ab_000000000184,0.376288,359.898422,238.902334,23.679571,10.352374
178,11dd74426e8374ac110c4036c77c09ab_000000000184,0.376288,328.259908,227.232021,32.758194,13.538090
178,11dd74426e8374ac110c4036c77c09ab_000000000184,0.376288,278.292403,150.706205,31.024956,13.925776
178,11dd74426e8374ac110c4036c77c09ab_000000000184,0.376288,338.314918,164.381831,42.221233,24.379726
178,11dd74426e8374ac110c4036c77c09ab_000000000184,0.376288,298.521668,217.360676,23.812641,10.583403
179,11dd74426e8374ac110c4036c77c09ab_000000000185,0.376288,262.584087,200.488126,27.174982,12.747543
179,11dd74426e8374ac110c4036c77c09ab_000000000185,0.376288,359.884987,239.257907,23.847918,9.929394
179,11dd74426e8374ac110c4036c77c09ab_000000000185,0.376288,329.034510,227.466673,32.534748,13.423290
179,11dd74426e8374ac110c4036c77c09ab_000000000185,0.376288,277.191350,150.976777,30.775032,13.598280
179,11dd74426e8374ac110c4036c77c09ab_000000000185,0.376288,338.498377,163.306949,42.431335,23.665113
179,11dd74426e8374ac110c4036c77c09ab_000000000185,0.376288,297.977538,217.352156,24.012268,10.123902
180,11dd74426e8374ac110c4036c77c09ab_000000000186,0.376288,262.936627,201.684629,26.563997,12.955003
180,11dd74426e8374ac110c4036c77c09ab_000000000186,0.376288,357.577970,237.676067,22.229492,13.776011
180,11dd74426e8374ac110c4036c77c09ab_000000000186,0.376288,330.815104,226.951298,31.621611,12.948124
180,11dd74426e8374ac110c4036c77c09ab_000000000186,0.376288,275.077393,150.911379,30.153252,13.666963
180,11dd74426e8374ac110c4036c77c09ab_000000000186,0.376288,338.170342,163.503660,42.201229,24.355518
180,11dd74426e8374ac110c4036c77c09ab_000000000186,0.376288,298.201763,217.047570,25.376038,7.644666
181,11dd74426e8374ac110c4036c77c09ab_000000000187,0.383342,269.081600,206.412855,26.839058,12.945909
181,11dd74426e8374ac110c4036c77c09ab_000000000187,0.383342,366.638501,242.511752,22.300493,11.391239
181,11dd74426e8374ac110c4036c77c09ab_000000000187,0.383342,337.463946,231.570489,32.229893,14.400590
181,11dd74426e8374ac110c4036c77c09ab_000000000187,0.383342,281.128035,153.613857,31.139858,14.391600
181,11dd74426e8374ac110c4036c77c09ab_000000000187,0.383342,344.241844,168.310634,43.155479,24.244650
181,11dd74426e8374ac110c4036c77c09ab_000000000187,0.383342,304.022049,221.344155,25.683886,8.816856
182,11dd74426e8374ac110c4036c77c09ab_000000000188,0.383342,269.288901,206.045634,26.934332,12.649798
182,11dd74426e8374ac110c4036c77c09ab_000000000188,0.383342,367.031576,242.939712,22.183695,11.522685
182,11dd74426e8374ac110c4036c77c09ab_000000000188,0.383342,338.955572,230.993699,31.294422,16.262503
182,11dd74426e8374ac110c4036c77c09ab_000000000188,0.383342,282.887419,153.116267,31.332232,14.317998
182,11dd74426e8374ac110c4036c77c09ab_000000000188,0.383342,344.685527,167.782674,42.992283,24.331804
182,11dd74426e8374ac110c4036c77c09ab_000000000188,0.383342,304.197435,221.116920,26.219450,7.787960
183,11dd74426e8374ac110c4036c77c09ab_000000000189,0.383342,267.244209,204.801576,26.979700,12.583806
183,11dd74426e8374ac110c4036c77c09ab_000000000189,0.383342,366.341308,241.604731,21.698950,12.122323
183,11dd74426e8374ac110c4036c77c09ab_000000000189,0.383342,337.485285,231.243652,32.485882,13.302952
183,11dd74426e8374ac110c4036c77c09ab_000000000189,0.383342,282.570526,152.782048,31.084312,13.895576
183,11dd74426e8374ac110c4036c77c09ab_000000000189,0.383342,344.518540,167.048782,43.640388,24.365868
183,11dd74426e8374ac110c4036c77c09ab_000000000189,0.383342,303.082577,220.216592,26.305435,8.243189
184,11dd74426e8374ac110c4036c77c09ab_000000000190,0.383342,267.449825,205.496710,26.824038,12.780514
184,11dd74426e8374ac110c4036c77c09ab_000000000190,0.383342,366.621632,241.871578,21.635777,11.592246
184,11dd74426e8374ac110c4036c77c09ab_000000000190,0.383342,339.452203,232.265366,32.485882,13.157000
184,11dd74426e8374ac110c4036c77c09ab_000000000190,0.383342,283.140227,153.315167,31.056610,13.884983
184,11dd74426e8374ac110c4036c77c09ab_000000000190,0.383342,345.824602,167.466050,43.640411,24.365877
184,11dd74426e8374ac110c4036c77c09ab_000000000190,0.383342,302.824715,220.579367,26.275347,7.687784
185,11dd74426e8374ac110c4036c77c09ab_000000000191,0.390658,274.426461,209.764323,27.254366,12.404243
185,11dd74426e8374ac110c4036c77c09ab_000000000191,0.390658,372.081871,246.616390,21.792143,11.464557
185,11dd74426e8374ac110c4036c77c09ab_000000000191,0.390658,342.406400,235.064088,32.994274,13.376656
185,11dd74426e8374ac110c4036c77c09ab_000000000191,0.390658,287.643636,156.433026,32.848637,14.514835
185,11dd74426e8374ac110c4036c77c09ab_000000000191,0.390658,349.626034,170.068232,44.920803,25.418728
185,11dd74426e8374ac110c4036c77c09ab_000000000191,0.390658,310.080446,225.247381,26.066273,8.276966
186,11dd74426e8374ac110c4036c77c09ab_000000000192,0.390658,274.511941,209.365034,27.254389,12.404237
186,11dd74426e8374ac110c4036c77c09ab_000000000192,0.390658,373.211163,246.219414,21.417030,11.605748
186,11dd74426e8374ac110c4036c77c09ab_000000000192,0.390658,344.227880,235.386052,32.670284,14.151309
186,11dd74426e8374ac110c4036c77c09ab_000000000192,0.390658,287.998028,156.324882,32.966019,14.364381
186,11dd74426e8374ac110c4036c77c09ab_000000000192,0.390658,350.010063,169.567738,44.920780,25.160236
186,11dd74426e8374ac110c4036c77c09ab_000000000192,0.390658,310.815671,225.320820,26.313368,8.153431
187,11dd74426e8374ac110c4036c77c09ab_000000000193,0.376288,264.724020,202.330341,26.400564,11.767531
187,11dd74426e8374ac110c4036c77c09ab_000000000193,0.376288,360.089598,236.769130,19.871811,11.899292
187,11dd74426e8374ac110c4036c77c09ab_000000000193,0.376288,331.393225,227.043969,31.780657,12.690718
187,11dd74426e8374ac110c4036c77c09ab_000000000193,0.376288,277.560703,150.155598,32.288017,14.485264
187,11dd74426e8374ac110c4036c77c09ab_000000000193,0.376288,338.457496,164.988408,42.004498,24.036558
187,11dd74426e8374ac110c4036c77c09ab_000000000193,0.376288,299.507174,216.863996,24.750513,7.853527
188,11dd74426e8374ac110c4036c77c09ab_000000000194,0.383342,269.339556,206.202163,26.572515,11.486192
188,11dd74426e8374ac110c4036c77c09ab_000000000194,0.383342,365.755650,242.118419,21.198059,11.342831
188,11dd74426e8374ac110c4036c77c09ab_000000000194,0.383342,340.896660,231.863681,32.510685,12.619744
188,11dd74426e8374ac110c4036c77c09ab_000000000194,0.383342,282.755856,153.937899,32.726830,13.853122
188,11dd74426e8374ac110c4036c77c09ab_000000000194,0.383342,344.490744,168.358751,42.229507,23.527601
188,11dd74426e8374ac110c4036c77c09ab_000000000194,0.383342,307.430944,221.324384,24.244671,8.121956
189,11dd74426e8374ac110c4036c77c09ab_000000000195,0.383342,269.133940,205.748301,21.879951,17.840124
189,11dd74426e8374ac110c4036c77c09ab_000000000195,0.383342,367.272685,242.180071,21.105125,11.435800
189,11dd74426e8374ac110c4036c77c09ab_000000000195,0.383342,340.324244,231.679450,32.539181,12.533029
189,11dd74426e8374ac110c4036c77c09ab_000000000195,0.383342,283.214397,154.267064,33.060966,14.208153
189,11dd74426e8374ac110c4036c77c09ab_000000000195,0.383342,345.852351,168.481166,42.365139,23.527596
189,11dd74426e8374ac110c4036c77c09ab_000000000195,0.383342,306.688196,221.861868,24.123449,8.121968
190,11dd74426e8374ac110c4036c77c09ab_000000000196,0.383342,268.696060,207.149052,25.029579,11.314748
190,11dd74426e8374ac110c4036c77c09ab_000000000196,0.383342,367.927716,242.077848,17.706291,14.532885
190,11dd74426e8374ac110c4036c77c09ab_000000000196,0.383342,341.410979,232.567963,31.394468,11.768643
190,11dd74426e8374ac110c4036c77c09ab_000000000196,0.383342,285.515850,154.986788,25.242590,13.828549
190,11dd74426e8374ac110c4036c77c09ab_000000000196,0.383342,343.430565,168.279797,41.559456,22.903540
190,11dd74426e8374ac110c4036c77c09ab_000000000196,0.383342,306.180779,221.545208,24.850779,8.000734
191,11dd74426e8374ac110c4036c77c09ab_000000000197,0.383342,268.411712,206.933703,24.395395,11.502488
191,11dd74426e8374ac110c4036c77c09ab_000000000197,0.383342,366.411594,241.973871,20.601896,10.937062
191,11dd74426e8374ac110c4036c77c09ab_000000000197,0.383342,339.252367,232.122993,31.378815,12.208823
191,11dd74426e8374ac110c4036c77c09ab_000000000197,0.383342,285.706608,155.262678,23.984423,14.261025
191,11dd74426e8374ac110c4036c77c09ab_000000000197,0.383342,345.731059,168.944971,41.194832,22.765566
191,11dd74426e8374ac110c4036c77c09ab_000000000197,0.383342,305.795706,221.433159,24.850779,8.000734
192,11dd74426e8374ac110c4036c77c09ab_000000000198,0.383342,266.840957,206.699589,26.058220,11.143315
192,11dd74426e8374ac110c4036c77c09ab_000000000198,0.383342,366.119595,242.352626,18.789587,10.425200
192,11dd74426e8374ac110c4036c77c09ab_000000000198,0.383342,340.687581,233.207833,33.070255,11.929454
192,11dd74426e8374ac110c4036c77c09ab_000000000198,0.383342,284.368797,155.797295,24.093430,15.254691
192,11dd74426e8374ac110c4036c77c09ab_000000000198,0.383342,346.531341,169.133553,39.133202,21.787159
192,11dd74426e8374ac110c4036c77c09ab_000000000198,0.383342,304.835761,222.028316,24.417131,7.820821
193,11dd74426e8374ac110c4036c77c09ab_000000000199,0.383342,268.053640,206.204806,26.058197,11.143315
193,11dd74426e8374ac110c4036c77c09ab_000000000199,0.383342,367.331693,241.611329,17.020329,13.186941
193,11dd74426e8374ac110c4036c77c09ab_000000000199,0.383342,339.745395,233.012980,33.173786,11.706670
193,11dd74426e8374ac110c4036c77c09ab_000000000199,0.383342,286.221069,155.260923,23.943056,14.910089
193,11dd74426e8374ac110c4036c77c09ab_000000000199,0.383342,346.207452,168.719105,39.339237,21.864170
193,11dd74426e8374ac110c4036c77c09ab_000000000199,0.383342,306.229024,222.086037,24.537699,7.740428
194,11dd74426e8374ac110c4036c77c09ab_000000000200,0.383342,265.381409,205.890463,26.646616,10.813700
194,11dd74426e8374ac110c4036c77c09ab_000000000200,0.383342,367.071726,240.797547,16.915369,12.179073
194,11dd74426e8374ac110c4036c77c09ab_000000000200,0.383342,335.555076,231.552965,33.670395,11.531927
194,11dd74426e8374ac110c4036c77c09ab_000000000200,0.383342,286.401368,154.561016,23.032433,14.910464
194,11dd74426e8374ac110c4036c77c09ab_000000000200,0.383342,344.351367,168.309453,37.378353,21.700031
194,11dd74426e8374ac110c4036c77c09ab_000000000200,0.383342,306.208130,221.396659,24.173239,7.437912
195,11dd74426e8374ac110c4036c77c09ab_000000000201,0.383342,267.310868,206.075045,27.041492,10.709495
195,11dd74426e8374ac110c4036c77c09ab_000000000201,0.383342,368.956309,241.727801,17.829268,10.971884
195,11dd74426e8374ac110c4036c77c09ab_000000000201,0.383342,339.926630,232.795502,33.483192,11.456494
195,11dd74426e8374ac110c4036c77c09ab_000000000201,0.383342,287.590443,155.214023,23.642540,15.217589
195,11dd74426e8374ac110c4036c77c09ab_000000000201,0.383342,346.358248,168.570883,36.245762,22.426308
195,11dd74426e8374ac110c4036c77c09ab_000000000201,0.383342,304.964820,221.345231,23.939804,7.784111
196,11dd74426e8374ac110c4036c77c09ab_000000000202,0.383342,265.147810,206.476402,26.915380,10.800446
196,11dd74426e8374ac110c4036c77c09ab_000000000202,0.383342,367.265923,240.952344,17.456173,10.546432
196,11dd74426e8374ac110c4036c77c09ab_000000000202,0.383342,336.497356,232.002450,33.564289,11.442953
196,11dd74426e8374ac110c4036c77c09ab_000000000202,0.383342,285.924016,155.342615,23.400425,15.163197
196,11dd74426e8374ac110c4036c77c09ab_000000000202,0.383342,344.381713,168.306867,35.943726,22.239378
196,11dd74426e8374ac110c4036c77c09ab_000000000202,0.383342,303.972236,221.429041,24.160112,7.894254
197,11dd74426e8374ac110c4036c77c09ab_000000000203,0.383342,268.730500,207.066062,27.197481,11.344199
197,11dd74426e8374ac110c4036c77c09ab_000000000203,0.383342,368.882023,242.045934,17.314995,11.143312
197,11dd74426e8374ac110c4036c77c09ab_000000000203,0.383342,336.922720,232.174982,34.251583,11.437730
197,11dd74426e8374ac110c4036c77c09ab_000000000203,0.383342,289.407596,155.307671,21.266098,14.776807
197,11dd74426e8374ac110c4036c77c09ab_000000000203,0.383342,344.981269,168.333657,39.554024,22.718334
197,11dd74426e8374ac110c4036c77c09ab_000000000203,0.383342,305.318307,221.233673,24.485054,7.951050
198,11dd74426e8374ac110c4036c77c09ab_000000000204,0.383342,268.336373,206.154315,27.167860,11.170743
198,11dd74426e8374ac110c4036c77c09ab_000000000204,0.383342,369.601467,241.347197,16.963661,10.812975
198,11dd74426e8374ac110c4036c77c09ab_000000000204,0.383342,334.966962,230.570441,34.072315,11.167151
198,11dd74426e8374ac110c4036c77c09ab_000000000204,0.383342,286.554340,155.090942,20.773726,14.768589
198,11dd74426e8374ac110c4036c77c09ab_000000000204,0.383342,345.154573,167.213675,39.606926,22.499704
198,11dd74426e8374ac110c4036c77c09ab_000000000204,0.383342,304.292124,220.694388,24.695700,8.056374
199,11dd74426e8374ac110c4036c77c09ab_000000000205,0.392232,273.885136,211.372568,27.715025,11.752580
199,11dd74426e8374ac110c4036c77c09ab_000000000205,0.392232,376.224003,246.992831,16.641001,12.203394
199,11dd74426e8374ac110c4036c77c09ab_000000000205,0.392232,346.675823,237.172732,34.731518,13.682111
199,11dd74426e8374ac110c4036c77c09ab_000000000205,0.392232,294.610173,158.902033,21.023760,14.840332
199,11dd74426e8374ac110c4036c77c09ab_000000000205,0.392232,353.915626,173.047747,40.250683,23.388924
199,11dd74426e8374ac110c4036c77c09ab_000000000205,0.392232,312.581804,226.421465,24.768999,8.079257
200,11dd74426e8374ac110c4036c77c09ab_000000000206,0.390658,272.134374,210.679665,27.429070,11.530705
200,11dd74426e8374ac110c4036c77c09ab_000000000206,0.390658,374.781234,246.050766,17.470730,10.657159
200,11dd74426e8374ac110c4036c77c09ab_000000000206,0.390658,345.239384,236.840623,35.239433,11.089517
200,11dd74426e8374ac110c4036c77c09ab_000000000206,0.390658,293.731784,157.500468,20.939390,14.780761
200,11dd74426e8374ac110c4036c77c09ab_000000000206,0.390658,352.377759,172.117552,40.259117,23.558037
200,11dd74426e8374ac110c4036c77c09ab_000000000206,0.390658,311.168512,225.573016,17.681938,19.047905
201,11dd74426e8374ac110c4036c77c09ab_000000000207,0.383342,266.968706,206.336697,26.743971,11.486192
201,11dd74426e8374ac110c4036c77c09ab_000000000207,0.383342,367.193322,241.450800,17.183969,11.037214
201,11dd74426e8374ac110c4036c77c09ab_000000000207,0.383342,338.009829,232.445689,34.752754,11.148376
201,11dd74426e8374ac110c4036c77c09ab_000000000207,0.383342,287.619900,156.614563,22.062614,15.031686
201,11dd74426e8374ac110c4036c77c09ab_000000000207,0.383342,345.794607,169.420416,39.852341,21.687599
201,11dd74426e8374ac110c4036c77c09ab_000000000207,0.383342,305.063229,221.462756,23.486691,10.457569
202,11dd74426e8374ac110c4036c77c09ab_000000000208,0.383342,266.032977,206.425396,26.572493,11.486192
202,11dd74426e8374ac110c4036c77c09ab_000000000208,0.383342,367.105956,241.368886,16.799599,11.033641
202,11dd74426e8374ac110c4036c77c09ab_000000000208,0.383342,338.182080,232.060101,33.386818,13.092353
202,11dd74426e8374ac110c4036c77c09ab_000000000208,0.383342,286.166529,156.506736,22.062637,14.910464
202,11dd74426e8374ac110c4036c77c09ab_000000000208,0.383342,345.391986,168.715537,40.065979,21.491169
202,11dd74426e8374ac110c4036c77c09ab_000000000208,0.383342,303.255436,221.118371,22.080465,12.880284
203,11dd74426e8374ac110c4036c77c09ab_000000000209,0.390658,271.449960,210.093440,27.033451,11.786461
203,11dd74426e8374ac110c4036c77c09ab_000000000209,0.390658,375.410616,246.520991,16.757463,11.316760
203,11dd74426e8374ac110c4036c77c09ab_000000000209,0.390658,343.063513,236.409883,35.271503,11.750188
203,11dd74426e8374ac110c4036c77c09ab_000000000209,0.390658,294.643931,159.149795,22.236664,14.947953
203,11dd74426e8374ac110c4036c77c09ab_000000000209,0.390658,355.656265,172.197203,40.807335,22.310652
203,11dd74426e8374ac110c4036c77c09ab_000000000209,0.390658,308.800722,224.685143,22.580015,13.516769
204,11dd74426e8374ac110c4036c77c09ab_000000000210,0.383342,267.237120,206.949730,26.300686,11.787280
204,11dd74426e8374ac110c4036c77c09ab_000000000210,0.383342,366.994515,241.352812,16.457811,11.486189
204,11dd74426e8374ac110c4036c77c09ab_000000000210,0.383342,338.267691,231.811786,32.915596,13.543424
204,11dd74426e8374ac110c4036c77c09ab_000000000210,0.383342,289.102752,155.874681,20.799135,15.954774
204,11dd74426e8374ac110c4036c77c09ab_000000000210,0.383342,347.601487,167.778603,40.572788,21.883606
204,11dd74426e8374ac110c4036c77c09ab_000000000210,0.383342,304.577150,220.867575,25.109926,7.066866
205,11dd74426e8374ac110c4036c77c09ab_000000000211,0.383342,267.098912,206.306585,26.538355,11.953535
205,11dd74426e8374ac110c4036c77c09ab_000000000211,0.383342,367.027294,240.682011,15.992765,11.926804
205,11dd74426e8374ac110c4036c77c09ab_000000000211,0.383342,337.306225,231.790681,32.915596,13.543418
205,11dd74426e8374ac110c4036c77c09ab_000000000211,0.383342,288.700342,156.722974,20.940596,15.867496
205,11dd74426e8374ac110c4036c77c09ab_000000000211,0.383342,345.709604,167.969782,40.559547,21.948809
205,11dd74426e8374ac110c4036c77c09ab_000000000211,0.383342,305.361569,220.780069,25.271414,6.800932
206,11dd74426e8374ac110c4036c77c09ab_000000000212,0.376288,263.971811,202.572710,26.420132,11.947976
206,11dd74426e8374ac110c4036c77c09ab_000000000212,0.376288,363.052547,237.765638,15.588177,10.162863
206,11dd74426e8374ac110c4036c77c09ab_000000000212,0.376288,333.659613,228.184134,31.203409,11.265656
206,11dd74426e8374ac110c4036c77c09ab_000000000212,0.376288,284.504353,154.634713,19.990778,16.540003
206,11dd74426e8374ac110c4036c77c09ab_000000000212,0.376288,340.801352,165.913373,39.328060,22.017336
206,11dd74426e8374ac110c4036c77c09ab_000000000212,0.376288,300.991474,217.174691,23.586164,12.941096
207,11dd74426e8374ac110c4036c77c09ab_000000000213,0.376288,263.388591,202.836690,26.420177,12.116254
207,11dd74426e8374ac110c4036c77c09ab_000000000213,0.376288,362.426541,237.971581,15.588177,10.162874
207,11dd74426e8374ac110c4036c77c09ab_000000000213,0.376288,333.629848,227.732974,32.469040,12.780540
207,11dd74426e8374ac110c4036c77c09ab_000000000213,0.376288,284.719047,153.968515,19.990801,16.540009
207,11dd74426e8374ac110c4036c77c09ab_000000000213,0.376288,340.005965,166.233979,39.345100,22.125082
207,11dd74426e8374ac110c4036c77c09ab_000000000213,0.376288,300.002224,217.112129,25.016928,7.558679
208,11dd74426e8374ac110c4036c77c09ab_000000000214,0.383342,267.704458,206.146828,27.330706,12.331116
208,11dd74426e8374ac110c4036c77c09ab_000000000214,0.383342,369.238668,242.188354,15.440167,10.587519
208,11dd74426e8374ac110c4036c77c09ab_000000000214,0.383342,339.698226,232.200906,33.649292,13.385620
208,11dd74426e8374ac110c4036c77c09ab_000000000214,0.383342,288.991872,157.725982,21.691275,15.101743
208,11dd74426e8374ac110c4036c77c09ab_000000000214,0.383342,348.209537,167.628439,40.285400,21.205164
208,11dd74426e8374ac110c4036c77c09ab_000000000214,0.383342,304.123500,221.409410,23.815634,13.183663
209,11dd74426e8374ac110c4036c77c09ab_000000000215,0.383342,269.290702,205.695540,26.993620,12.485605
209,11dd74426e8374ac110c4036c77c09ab_000000000215,0.383342,370.012441,241.302859,12.556870,12.663983
209,11dd74426e8374ac110c4036c77c09ab_000000000215,0.383342,342.532413,231.691945,33.601372,14.057720
209,11dd74426e8374ac110c4036c77c09ab_000000000215,0.383342,290.790166,157.977047,17.065742,19.546654
209,11dd74426e8374ac110c4036c77c09ab_000000000215,0.383342,347.783472,167.163487,40.367336,21.456524
209,11dd74426e8374ac110c4036c77c09ab_000000000215,0.383342,306.318308,220.961328,23.921974,13.183663
210,11dd74426e8374ac110c4036c77c09ab_000000000216,0.383342,266.821794,206.371231,27.258268,11.657629
210,11dd74426e8374ac110c4036c77c09ab_000000000216,0.383342,369.956661,242.341653,15.943491,10.800440
210,11dd74426e8374ac110c4036c77c09ab_000000000216,0.383342,339.332362,232.196508,33.841919,10.996872
210,11dd74426e8374ac110c4036c77c09ab_000000000216,0.383342,290.357784,158.653335,22.021551,14.775578
210,11dd74426e8374ac110c4036c77c09ab_000000000216,0.383342,347.351043,167.914225,40.102783,21.154234
210,11dd74426e8374ac110c4036c77c09ab_000000000216,0.383342,305.257006,221.201899,25.943760,7.362772
211,11dd74426e8374ac110c4036c77c09ab_000000000217,0.383342,267.121467,205.884146,24.032784,16.881174
211,11dd74426e8374ac110c4036c77c09ab_000000000217,0.383342,367.934525,241.429205,14.637453,11.384676
211,11dd74426e8374ac110c4036c77c09ab_000000000217,0.383342,336.874615,232.915765,33.942528,11.031319
211,11dd74426e8374ac110c4036c77c09ab_000000000217,0.383342,288.989579,157.806059,21.484161,14.731171
211,11dd74426e8374ac110c4036c77c09ab_000000000217,0.383342,343.041445,167.637611,40.043053,21.265455
211,11dd74426e8374ac110c4036c77c09ab_000000000217,0.383342,303.371487,220.608005,24.693197,8.173453
212,11dd74426e8374ac110c4036c77c09ab_000000000218,0.383342,267.245613,205.797553,27.041492,11.191415
212,11dd74426e8374ac110c4036c77c09ab_000000000218,0.383342,368.032396,241.709224,16.001469,10.303978
212,11dd74426e8374ac110c4036c77c09ab_000000000218,0.383342,335.878100,231.919343,33.942505,11.031319
212,11dd74426e8374ac110c4036c77c09ab_000000000218,0.383342,288.504132,157.654363,21.497616,14.519331
212,11dd74426e8374ac110c4036c77c09ab_000000000218,0.383342,342.439572,166.170845,40.094830,21.105576
212,11dd74426e8374ac110c4036c77c09ab_000000000218,0.383342,302.002323,220.470102,24.520361,8.173453
213,11dd74426e8374ac110c4036c77c09ab_000000000219,0.383342,269.637848,206.527947,26.669123,11.516216
213,11dd74426e8374ac110c4036c77c09ab_000000000219,0.383342,368.754999,241.645279,15.482096,11.072234
213,11dd74426e8374ac110c4036c77c09ab_000000000219,0.383342,340.133767,233.408091,33.972126,11.157138
213,11dd74426e8374ac110c4036c77c09ab_000000000219,0.383342,291.742179,159.678628,21.142982,14.637435
213,11dd74426e8374ac110c4036c77c09ab_000000000219,0.383342,347.322428,168.478112,40.772205,20.347778
213,11dd74426e8374ac110c4036c77c09ab_000000000219,0.383342,306.325047,221.364675,23.977098,8.049974
214,11dd74426e8374ac110c4036c77c09ab_000000000220,0.383342,268.445264,206.374952,26.426680,11.516216
214,11dd74426e8374ac110c4036c77c09ab_000000000220,0.383342,370.046741,242.345163,15.600627,10.971874
214,11dd74426e8374ac110c4036c77c09ab_000000000220,0.383342,339.303279,233.742555,33.348049,11.335056
214,11dd74426e8374ac110c4036c77c09ab_000000000220,0.383342,291.643209,160.147429,20.057978,15.943516
214,11dd74426e8374ac110c4036c77c09ab_000000000220,0.383342,347.130734,167.201087,40.678593,20.261120
214,11dd74426e8374ac110c4036c77c09ab_000000000220,0.383342,307.254060,221.425625,24.583673,7.442767
215,11dd74426e8374ac110c4036c77c09ab_000000000221,0.383342,267.763864,206.629140,26.058220,11.314754
215,11dd74426e8374ac110c4036c77c09ab_000000000221,0.383342,369.017704,241.693337,15.516583,11.152540
215,11dd74426e8374ac110c4036c77c09ab_000000000221,0.383342,339.496728,232.379779,32.524113,14.189435
215,11dd74426e8374ac110c4036c77c09ab_000000000221,0.383342,292.936612,159.484922,15.712606,19.245625
215,11dd74426e8374ac110c4036c77c09ab_000000000221,0.383342,346.123620,168.834102,40.420589,20.136055
215,11dd74426e8374ac110c4036c77c09ab_000000000221,0.383342,305.398794,220.899489,21.390034,13.725270
216,11dd74426e8374ac110c4036c77c09ab_000000000222,0.376288,262.429773,202.676818,25.410465,11.106564
216,11dd74426e8374ac110c4036c77c09ab_000000000222,0.376288,363.564500,236.600692,14.102040,11.707353
216,11dd74426e8374ac110c4036c77c09ab_000000000222,0.376288,332.633088,228.271201,32.737087,11.664939
216,11dd74426e8374ac110c4036c77c09ab_000000000222,0.376288,286.526696,156.914342,15.332234,18.891518
216,11dd74426e8374ac110c4036c77c09ab_000000000222,0.376288,339.491968,165.238206,39.784340,19.765560
216,11dd74426e8374ac110c4036c77c09ab_000000000222,0.376288,298.693368,216.283510,20.846361,13.997927
217,11dd74426e8374ac110c4036c77c09ab_000000000223,0.390658,273.102578,211.295767,26.031414,11.355989
217,11dd74426e8374ac110c4036c77c09ab_000000000223,0.390658,376.431014,246.089012,15.567179,10.799373
217,11dd74426e8374ac110c4036c77c09ab_000000000223,0.390658,345.017112,237.855537,31.628902,11.824557
217,11dd74426e8374ac110c4036c77c09ab_000000000223,0.390658,296.307827,162.372710,20.254381,15.550318
217,11dd74426e8374ac110c4036c77c09ab_000000000223,0.390658,356.620559,173.761253,40.025921,21.124800
217,11dd74426e8374ac110c4036c77c09ab_000000000223,0.390658,312.281711,226.132894,20.877731,12.353694
218,11dd74426e8374ac110c4036c77c09ab_000000000224,0.383342,266.271513,206.648700,25.848135,11.141912
218,11dd74426e8374ac110c4036c77c09ab_000000000224,0.383342,368.339790,241.135241,15.943538,11.486192
218,11dd74426e8374ac110c4036c77c09ab_000000000224,0.383342,338.861795,232.722503,31.687075,13.671278
218,11dd74426e8374ac110c4036c77c09ab_000000000224,0.383342,290.671776,159.601663,20.200748,15.203738
218,11dd74426e8374ac110c4036c77c09ab_000000000224,0.383342,346.312389,168.537331,39.397518,20.971621
218,11dd74426e8374ac110c4036c77c09ab_000000000224,0.383342,305.422589,221.925040,23.278875,8.261428
219,11dd74426e8374ac110c4036c77c09ab_000000000225,0.383342,267.410728,207.126216,25.765543,11.281737
219,11dd74426e8374ac110c4036c77c09ab_000000000225,0.383342,369.282047,241.445559,16.313917,11.126569
219,11dd74426e8374ac110c4036c77c09ab_000000000225,0.383342,339.423846,233.169555,31.682863,12.065959
219,11dd74426e8374ac110c4036c77c09ab_000000000225,0.383342,291.035978,159.188899,20.200773,15.203728
219,11dd74426e8374ac110c4036c77c09ab_000000000225,0.383342,346.657874,168.186593,39.276321,20.971622
219,11dd74426e8374ac110c4036c77c09ab_000000000225,0.383342,306.459675,221.701175,23.057537,7.716844
220,11dd74426e8374ac110c4036c77c09ab_000000000226,0.383342,265.919126,206.894700,25.201036,10.971878
220,11dd74426e8374ac110c4036c77c09ab_000000000226,0.383342,367.371399,242.023333,14.413634,13.493617
220,11dd74426e8374ac110c4036c77c09ab_000000000226,0.383342,340.110697,233.611109,31.678160,11.091502
220,11dd74426e8374ac110c4036c77c09ab_000000000226,0.383342,290.319693,160.533742,19.678240,15.679734
220,11dd74426e8374ac110c4036c77c09ab_000000000226,0.383342,347.553897,170.476875,38.865513,20.630564
220,11dd74426e8374ac110c4036c77c09ab_000000000226,0.383342,305.232064,221.658311,24.173216,7.809824
221,11dd74426e8374ac110c4036c77c09ab_000000000227,0.383342,267.354621,207.395051,25.201036,10.971884
221,11dd74426e8374ac110c4036c77c09ab_000000000227,0.383342,368.940142,241.726982,16.728798,11.879892
221,11dd74426e8374ac110c4036c77c09ab_000000000227,0.383342,338.353489,233.240379,30.593040,11.521048
221,11dd74426e8374ac110c4036c77c09ab_000000000227,0.383342,291.094401,160.054319,19.591671,15.665573
221,11dd74426e8374ac110c4036c77c09ab_000000000227,0.383342,349.099454,170.470265,38.736897,20.708664
221,11dd74426e8374ac110c4036c77c09ab_000000000227,0.383342,306.789132,221.888728,24.658873,7.367580
222,11dd74426e8374ac110c4036c77c09ab_000000000228,0.383342,266.927901,207.090325,24.268980,11.474394
222,11dd74426e8374ac110c4036c77c09ab_000000000228,0.383342,368.871213,241.586084,14.368290,12.452518
222,11dd74426e8374ac110c4036c77c09ab_000000000228,0.383342,340.338166,233.347258,32.317867,10.962448
222,11dd74426e8374ac110c4036c77c09ab_000000000228,0.383342,290.878631,160.528267,19.911348,15.347341
222,11dd74426e8374ac110c4036c77c09ab_000000000228,0.383342,348.324114,170.448353,38.029034,21.105318
222,11dd74426e8374ac110c4036c77c09ab_000000000228,0.383342,304.779443,221.913856,24.123379,8.151284
223,11dd74426e8374ac110c4036c77c09ab_000000000229,0.383342,268.858203,207.211125,24.515284,11.314742
223,11dd74426e8374ac110c4036c77c09ab_000000000229,0.383342,369.046108,241.592073,16.486355,11.516205
223,11dd74426e8374ac110c4036c77c09ab_000000000229,0.383342,340.152532,233.139139,32.667564,11.325422
223,11dd74426e8374ac110c4036c77c09ab_000000000229,0.383342,291.820443,160.128091,19.736687,15.506163
223,11dd74426e8374ac110c4036c77c09ab_000000000229,0.383342,350.202333,170.654448,37.768856,21.212999
223,11dd74426e8374ac110c4036c77c09ab_000000000229,0.383342,307.172076,221.927380,24.266220,7.623862
224,11dd74426e8374ac110c4036c77c09ab_000000000230,0.383342,268.357641,206.609767,24.559879,12.971027
224,11dd74426e8374ac110c4036c77c09ab_000000000230,0.383342,371.421497,240.150729,13.821589,12.226792
224,11dd74426e8374ac110c4036c77c09ab_000000000230,0.383342,340.802088,232.349690,32.466228,11.375762
224,11dd74426e8374ac110c4036c77c09ab_000000000230,0.383342,293.867451,161.659492,21.350306,16.772150
224,11dd74426e8374ac110c4036c77c09ab_000000000230,0.383342,346.253568,168.796842,38.905567,21.340595
224,11dd74426e8374ac110c4036c77c09ab_000000000230,0.383342,309.289486,221.363154,23.094599,9.758294
225,11dd74426e8374ac110c4036c77c09ab_000000000231,0.383342,270.072407,206.526683,25.079042,13.201034
225,11dd74426e8374ac110c4036c77c09ab_000000000231,0.383342,369.068663,242.079837,16.113543,11.757635
225,11dd74426e8374ac110c4036c77c09ab_000000000231,0.383342,341.358733,232.962068,33.271564,11.526756
225,11dd74426e8374ac110c4036c77c09ab_000000000231,0.383342,291.371309,159.791474,19.524544,20.826178
225,11dd74426e8374ac110c4036c77c09ab_000000000231,0.383342,345.464400,169.570814,38.491199,21.012127
225,11dd74426e8374ac110c4036c77c09ab_000000000231,0.383342,307.206844,221.587043,24.221788,8.214340
226,11dd74426e8374ac110c4036c77c09ab_000000000232,0.383342,267.966321,206.572355,24.919449,13.416022
226,11dd74426e8374ac110c4036c77c09ab_000000000232,0.383342,370.316442,241.488213,13.805912,12.951290
226,11dd74426e8374ac110c4036c77c09ab_000000000232,0.383342,340.474479,233.407389,33.924606,11.468076
226,11dd74426e8374ac110c4036c77c09ab_000000000232,0.383342,292.036986,160.261701,21.120497,17.805492
226,11dd74426e8374ac110c4036c77c09ab_000000000232,0.383342,347.500598,170.918686,37.992207,21.008974
226,11dd74426e8374ac110c4036c77c09ab_000000000232,0.383342,307.881787,221.237744,24.306953,8.408304
227,11dd74426e8374ac110c4036c77c09ab_000000000233,0.376288,265.652178,202.771143,19.514837,14.517119
227,11dd74426e8374ac110c4036c77c09ab_000000000233,0.376288,365.490406,237.082765,15.145330,11.779693
227,11dd74426e8374ac110c4036c77c09ab_000000000233,0.376288,336.606302,228.675440,33.005272,12.302859
227,11dd74426e8374ac110c4036c77c09ab_000000000233,0.376288,289.598140,158.644731,22.088499,15.823007
227,11dd74426e8374ac110c4036c77c09ab_000000000233,0.376288,342.290865,167.565664,36.580608,20.278673
227,11dd74426e8374ac110c4036c77c09ab_000000000233,0.376288,301.631237,217.462603,19.593153,14.499558
228,11dd74426e8374ac110c4036c77c09ab_000000000234,0.376288,265.095646,202.584561,21.400917,13.061918
228,11dd74426e8374ac110c4036c77c09ab_000000000234,0.376288,363.357707,236.927877,15.206100,11.691138
228,11dd74426e8374ac110c4036c77c09ab_000000000234,0.376288,336.712684,228.461550,34.155426,12.301734
228,11dd74426e8374ac110c4036c77c09ab_000000000234,0.376288,288.924317,157.980944,22.104025,15.886086
228,11dd74426e8374ac110c4036c77c09ab_000000000234,0.376288,340.232349,166.967596,36.107101,20.278856
228,11dd74426e8374ac110c4036c77c09ab_000000000234,0.376288,301.746416,217.552978,22.577301,7.902055
229,11dd74426e8374ac110c4036c77c09ab_000000000235,0.376288,263.771655,203.065761,21.269089,13.998701
229,11dd74426e8374ac110c4036c77c09ab_000000000235,0.376288,363.849404,237.202629,14.808729,11.443137
229,11dd74426e8374ac110c4036c77c09ab_000000000235,0.376288,335.412625,228.576568,35.706123,11.948631
229,11dd74426e8374ac110c4036c77c09ab_000000000235,0.376288,288.119215,158.036145,21.982553,15.741463
229,11dd74426e8374ac110c4036c77c09ab_000000000235,0.376288,342.521429,166.204133,35.807545,20.445791
229,11dd74426e8374ac110c4036c77c09ab_000000000235,0.376288,299.473872,217.259393,23.728445,7.392330
230,11dd74426e8374ac110c4036c77c09ab_000000000236,0.376288,264.260963,201.898197,21.598938,14.148452
230,11dd74426e8374ac110c4036c77c09ab_000000000236,0.376288,363.991017,236.567757,14.640474,11.443137
230,11dd74426e8374ac110c4036c77c09ab_000000000236,0.376288,338.198660,228.613912,37.555042,13.444833
230,11dd74426e8374ac110c4036c77c09ab_000000000236,0.376288,289.564861,156.931039,23.282337,14.436172
230,11dd74426e8374ac110c4036c77c09ab_000000000236,0.376288,341.750892,166.473947,36.175289,20.526306
230,11dd74426e8374ac110c4036c77c09ab_000000000236,0.376288,300.071515,216.998742,21.603256,12.628008
231,11dd74426e8374ac110c4036c77c09ab_000000000237,0.376288,264.438359,203.184362,22.542553,13.149821
231,11dd74426e8374ac110c4036c77c09ab_000000000237,0.376288,364.065453,237.296104,13.922669,11.664939
231,11dd74426e8374ac110c4036c77c09ab_000000000237,0.376288,336.365495,228.761290,31.830885,26.090879
231,11dd74426e8374ac110c4036c77c09ab_000000000237,0.376288,288.374468,157.123892,21.657917,16.725233
231,11dd74426e8374ac110c4036c77c09ab_000000000237,0.376288,342.972589,167.953722,36.597603,20.557129
231,11dd74426e8374ac110c4036c77c09ab_000000000237,0.376288,301.269142,217.619053,22.044838,10.769997
232,11dd74426e8374ac110c4036c77c09ab_000000000238,0.376288,265.187215,203.291433,23.355968,12.554033
232,11dd74426e8374ac110c4036c77c09ab_000000000238,0.376288,364.682778,236.821862,11.947982,11.274848
232,11dd74426e8374ac110c4036c77c09ab_000000000238,0.376288,338.351183,229.361505,41.745567,12.568150
232,11dd74426e8374ac110c4036c77c09ab_000000000238,0.376288,287.920943,159.012786,21.185833,18.367998
232,11dd74426e8374ac110c4036c77c09ab_000000000238,0.376288,341.341348,167.579616,37.497879,20.168743
232,11dd74426e8374ac110c4036c77c09ab_000000000238,0.376288,299.377595,217.075406,21.876583,10.265152
233,11dd74426e8374ac110c4036c77c09ab_000000000239,0.376288,265.873601,203.581252,23.425467,12.454854
233,11dd74426e8374ac110c4036c77c09ab_000000000239,0.376288,364.096917,237.778913,12.947774,11.241876
233,11dd74426e8374ac110c4036c77c09ab_000000000239,0.376288,338.650624,229.742272,43.986923,12.501735
233,11dd74426e8374ac110c4036c77c09ab_000000000239,0.376288,289.920066,159.199908,22.407095,17.486723
233,11dd74426e8374ac110c4036c77c09ab_000000000239,0.376288,343.113100,167.051953,37.509224,20.351719
233,11dd74426e8374ac110c4036c77c09ab_000000000239,0.376288,299.877606,217.554080,21.876583,10.265163
234,11dd74426e8374ac110c4036c77c09ab_000000000240,0.376288,263.824318,202.173960,21.720661,14.328355
234,11dd74426e8374ac110c4036c77c09ab_000000000240,0.376288,363.156013,236.128150,11.510545,12.501758
234,11dd74426e8374ac110c4036c77c09ab_000000000240,0.376288,336.754392,228.852721,43.644878,13.432580
234,11dd74426e8374ac110c4036c77c09ab_000000000240,0.376288,288.740651,159.147521,21.166679,17.895975
234,11dd74426e8374ac110c4036c77c09ab_000000000240,0.376288,341.890990,166.143328,37.746655,20.804113
234,11dd74426e8374ac110c4036c77c09ab_000000000240,0.376288,297.900875,216.576888,20.559643,12.314906
235,11dd74426e8374ac110c4036c77c09ab_000000000241,0.376288,263.672484,202.173087,23.231855,12.906586
235,11dd74426e8374ac110c4036c77c09ab_000000000241,0.376288,364.338000,236.605951,12.116260,11.443126
235,11dd74426e8374ac110c4036c77c09ab_000000000241,0.376288,340.673519,229.191091,44.495640,13.160779
235,11dd74426e8374ac110c4036c77c09ab_000000000241,0.376288,289.120086,159.518917,21.185604,17.983309
235,11dd74426e8374ac110c4036c77c09ab_000000000241,0.376288,341.252581,165.242754,37.544178,20.827265
235,11dd74426e8374ac110c4036c77c09ab_000000000241,0.376288,298.799429,217.016335,23.420734,6.830148
236,11dd74426e8374ac110c4036c77c09ab_000000000242,0.383342,266.616155,205.640370,29.352398,11.187472
236,11dd74426e8374ac110c4036c77c09ab_000000000242,0.383342,360.455574,235.099506,26.528599,42.420593
236,11dd74426e8374ac110c4036c77c09ab_000000000242,0.383342,345.630100,172.589804,42.606297,22.007509
236,11dd74426e8374ac110c4036c77c09ab_000000000242,0.383342,305.590301,219.981145,23.538914,8.624957
237,11dd74426e8374ac110c4036c77c09ab_000000000243,0.383342,270.087849,205.942242,27.410889,12.595055
237,11dd74426e8374ac110c4036c77c09ab_000000000243,0.383342,354.086544,234.647751,45.435570,17.302629
237,11dd74426e8374ac110c4036c77c09ab_000000000243,0.383342,345.188452,166.707322,41.124710,19.820004
237,11dd74426e8374ac110c4036c77c09ab_000000000243,0.383342,307.328651,218.971597,21.850470,9.966881
238,11dd74426e8374ac110c4036c77c09ab_000000000244,0.369484,256.842197,198.291899,25.942459,12.227649
238,11dd74426e8374ac110c4036c77c09ab_000000000244,0.369484,339.522330,226.427789,44.141575,16.544697
238,11dd74426e8374ac110c4036c77c09ab_000000000244,0.369484,329.160528,161.267578,39.697277,18.503782
238,11dd74426e8374ac110c4036c77c09ab_000000000244,0.369484,295.401568,212.268172,21.430098,8.498142
239,11dd74426e8374ac110c4036c77c09ab_000000000245,0.376288,262.717776,202.748222,27.187454,11.526242
239,11dd74426e8374ac110c4036c77c09ab_000000000245,0.376288,345.209718,230.831863,44.735641,16.835688
239,11dd74426e8374ac110c4036c77c09ab_000000000245,0.376288,336.043937,165.982756,40.425507,18.712152
239,11dd74426e8374ac110c4036c77c09ab_000000000245,0.376288,299.635030,215.807706,22.846611,8.924469
240,11dd74426e8374ac110c4036c77c09ab_000000000246,0.383342,267.117747,205.743692,26.887022,12.343487
240,11dd74426e8374ac110c4036c77c09ab_000000000246,0.383342,352.881934,235.004443,45.208008,16.580618
240,11dd74426e8374ac110c4036c77c09ab_000000000246,0.383342,345.003192,168.281587,41.452530,19.261307
240,11dd74426e8374ac110c4036c77c09ab_000000000246,0.383342,306.419384,219.677705,23.277332,8.804713
241,11dd74426e8374ac110c4036c77c09ab_000000000247,0.383342,267.237448,205.364726,26.354359,12.528758
241,11dd74426e8374ac110c4036c77c09ab_000000000247,0.383342,353.305331,234.738907,44.367695,16.607588
241,11dd74426e8374ac110c4036c77c09ab_000000000247,0.383342,344.396687,167.329901,42.230000,19.839096
241,11dd74426e8374ac110c4036c77c09ab_000000000247,0.383342,305.318073,219.295908,23.760088,8.941483
242,11dd74426e8374ac110c4036c77c09ab_000000000248,0.383342,267.642642,205.000313,26.229675,12.686234
242,11dd74426e8374ac110c4036c77c09ab_000000000248,0.383342,352.548943,234.931443,44.351925,16.731277
242,11dd74426e8374ac110c4036c77c09ab_000000000248,0.383342,343.629887,167.668472,42.394810,19.684650
242,11dd74426e8374ac110c4036c77c09ab_000000000248,0.383342,306.243226,219.420896,16.972107,18.857918
243,11dd74426e8374ac110c4036c77c09ab_000000000249,0.383342,269.082092,204.887117,26.572515,13.200541
243,11dd74426e8374ac110c4036c77c09ab_000000000249,0.383342,352.838742,235.044546,43.742214,16.959267
243,11dd74426e8374ac110c4036c77c09ab_000000000249,0.383342,342.911215,167.043541,41.362705,19.989084
243,11dd74426e8374ac110c4036c77c09ab_000000000249,0.383342,306.837518,219.538374,23.645769,8.941483
244,11dd74426e8374ac110c4036c77c09ab_000000000250,0.383342,267.894257,205.741797,26.819965,13.552776
244,11dd74426e8374ac110c4036c77c09ab_000000000250,0.383342,353.574588,235.380718,43.229649,16.989912
244,11dd74426e8374ac110c4036c77c09ab_000000000250,0.383342,344.337937,168.709816,41.579575,19.880619
244,11dd74426e8374ac110c4036c77c09ab_000000000250,0.383342,307.128697,219.942890,23.279625,8.984778
245,11dd74426e8374ac110c4036c77c09ab_000000000251,0.376288,263.088300,201.375404,26.924990,12.957666
245,11dd74426e8374ac110c4036c77c09ab_000000000251,0.376288,346.608236,231.176848,43.075417,16.777996
245,11dd74426e8374ac110c4036c77c09ab_000000000251,0.376288,337.763967,164.141058,40.155876,19.712879
245,11dd74426e8374ac110c4036c77c09ab_000000000251,0.376288,300.909872,216.257006,22.132664,9.043448
246,11dd74426e8374ac110c4036c77c09ab_000000000252,0.383342,267.335576,206.046126,26.473101,13.101267
246,11dd74426e8374ac110c4036c77c09ab_000000000252,0.383342,353.877630,235.607134,43.198109,17.196920
246,11dd74426e8374ac110c4036c77c09ab_000000000252,0.383342,343.821417,168.071935,40.552597,20.111879
246,11dd74426e8374ac110c4036c77c09ab_000000000252,0.383342,305.911078,219.999488,22.305056,9.212961
247,11dd74426e8374ac110c4036c77c09ab_000000000253,0.376288,265.364289,201.357765,26.165522,14.518689
247,11dd74426e8374ac110c4036c77c09ab_000000000253,0.376288,346.941163,230.259553,42.258900,16.541794
247,11dd74426e8374ac110c4036c77c09ab_000000000253,0.376288,339.776067,164.274564,40.131252,20.135176
247,11dd74426e8374ac110c4036c77c09ab_000000000253,0.376288,301.702251,215.310773,22.201014,8.278344
248,11dd74426e8374ac110c4036c77c09ab_000000000254,0.376288,264.985336,202.280641,24.328888,13.680981
248,11dd74426e8374ac110c4036c77c09ab_000000000254,0.376288,346.453463,229.880647,43.084305,16.665596
248,11dd74426e8374ac110c4036c77c09ab_000000000254,0.376288,340.360022,163.919325,40.160950,20.002939
248,11dd74426e8374ac110c4036c77c09ab_000000000254,0.376288,301.348079,216.371633,23.096788,8.932772
249,11dd74426e8374ac110c4036c77c09ab_000000000255,0.376288,263.176975,201.436679,24.456585,13.441767
249,11dd74426e8374ac110c4036c77c09ab_000000000255,0.376288,349.606830,231.535176,43.201229,16.665607
249,11dd74426e8374ac110c4036c77c09ab_000000000255,0.376288,340.542746,165.070801,40.109253,20.054632
249,11dd74426e8374ac110c4036c77c09ab_000000000255,0.376288,301.685577,216.228642,15.986720,18.510946
250,11dd74426e8374ac110c4036c77c09ab_000000000256,0.383342,269.917867,204.899236,25.567858,11.342831
250,11dd74426e8374ac110c4036c77c09ab_000000000256,0.383342,354.588580,234.121498,44.125252,17.092474
250,11dd74426e8374ac110c4036c77c09ab_000000000256,0.383342,344.425138,166.735094,40.755756,20.061945
250,11dd74426e8374ac110c4036c77c09ab_000000000256,0.383342,309.177343,220.438305,24.541653,10.967649
251,11dd74426e8374ac110c4036c77c09ab_000000000257,0.383342,268.447276,205.328226,25.047899,13.345737
251,11dd74426e8374ac110c4036c77c09ab_000000000257,0.383342,355.318343,235.112889,43.882832,17.092485
251,11dd74426e8374ac110c4036c77c09ab_000000000257,0.383342,344.243786,167.190336,40.852200,20.001839
251,11dd74426e8374ac110c4036c77c09ab_000000000257,0.383342,306.660564,220.629952,25.084377,11.082500
252,11dd74426e8374ac110c4036c77c09ab_000000000258,0.383342,269.459935,205.064187,24.460581,13.234837
252,11dd74426e8374ac110c4036c77c09ab_000000000258,0.383342,354.026530,234.424821,44.610184,17.334940
252,11dd74426e8374ac110c4036c77c09ab_000000000258,0.383342,344.749098,168.377363,41.215912,20.123060
252,11dd74426e8374ac110c4036c77c09ab_000000000258,0.383342,309.902800,219.647850,17.497540,18.163218
253,11dd74426e8374ac110c4036c77c09ab_000000000259,0.376288,266.813105,202.597698,24.574129,10.626655
253,11dd74426e8374ac110c4036c77c09ab_000000000259,0.376288,349.103949,230.926395,43.888969,17.013676
253,11dd74426e8374ac110c4036c77c09ab_000000000259,0.376288,337.712062,164.247636,40.876873,19.774620
253,11dd74426e8374ac110c4036c77c09ab_000000000259,0.376288,302.607511,216.238150,16.155022,18.006100
254,11dd74426e8374ac110c4036c77c09ab_000000000260,0.383342,269.865013,205.357426,23.603022,13.077339
254,11dd74426e8374ac110c4036c77c09ab_000000000260,0.383342,353.924916,235.371430,46.924927,17.477524
254,11dd74426e8374ac110c4036c77c09ab_000000000260,0.383342,344.365405,167.001496,41.735939,20.442841
254,11dd74426e8374ac110c4036c77c09ab_000000000260,0.383342,307.959583,218.870778,22.233812,8.433515
255,11dd74426e8374ac110c4036c77c09ab_000000000261,0.384829,270.582013,206.617593,23.267633,12.487674
255,11dd74426e8374ac110c4036c77c09ab_000000000261,0.384829,357.520866,235.761314,46.372944,17.616411
255,11dd74426e8374ac110c4036c77c09ab_000000000261,0.384829,346.638268,169.140497,41.836147,19.993841
255,11dd74426e8374ac110c4036c77c09ab_000000000261,0.384829,308.720946,220.669063,21.935249,8.466236
256,11dd74426e8374ac110c4036c77c09ab_000000000262,0.384829,273.127348,207.922991,31.889267,9.919092
256,11dd74426e8374ac110c4036c77c09ab_000000000262,0.384829,356.964080,234.828579,41.642040,15.020349
256,11dd74426e8374ac110c4036c77c09ab_000000000262,0.384829,347.885439,172.988868,47.356907,22.422132
256,11dd74426e8374ac110c4036c77c09ab_000000000262,0.384829,307.469359,221.865147,23.829258,10.101830
257,11dd74426e8374ac110c4036c77c09ab_000000000263,0.383342,266.867162,206.526122,26.088495,10.784991
257,11dd74426e8374ac110c4036c77c09ab_000000000263,0.383342,354.149740,235.880462,40.852222,14.546788
257,11dd74426e8374ac110c4036c77c09ab_000000000263,0.383342,341.841303,167.936383,43.651852,19.693356
257,11dd74426e8374ac110c4036c77c09ab_000000000263,0.383342,305.597881,221.582199,21.795464,10.628072
258,11dd74426e8374ac110c4036c77c09ab_000000000264,0.390658,273.327116,209.747084,24.839149,13.488566
258,11dd74426e8374ac110c4036c77c09ab_000000000264,0.390658,364.188695,239.858230,40.520111,14.700884
258,11dd74426e8374ac110c4036c77c09ab_000000000264,0.390658,352.270318,170.423851,44.538612,20.283852
258,11dd74426e8374ac110c4036c77c09ab_000000000264,0.390658,314.347256,225.238177,22.771029,10.998630
259,11dd74426e8374ac110c4036c77c09ab_000000000265,0.390658,273.014451,209.727008,25.869753,10.367107
259,11dd74426e8374ac110c4036c77c09ab_000000000265,0.390658,363.218250,240.279527,40.400604,15.382096
259,11dd74426e8374ac110c4036c77c09ab_000000000265,0.390658,349.662515,170.317186,45.951836,20.142445
259,11dd74426e8374ac110c4036c77c09ab_000000000265,0.390658,314.563639,225.674210,22.212128,10.872436
260,11dd74426e8374ac110c4036c77c09ab_000000000266,0.390658,272.799904,209.660149,25.507278,11.880107
260,11dd74426e8374ac110c4036c77c09ab_000000000266,0.390658,363.590357,240.597175,39.827591,15.089610
260,11dd74426e8374ac110c4036c77c09ab_000000000266,0.390658,349.942848,168.866084,46.233006,19.818151
260,11dd74426e8374ac110c4036c77c09ab_000000000266,0.390658,312.942495,225.582959,22.262415,10.720849
261,11dd74426e8374ac110c4036c77c09ab_000000000267,0.383342,267.746456,205.926378,25.691420,10.031656
261,11dd74426e8374ac110c4036c77c09ab_000000000267,0.383342,357.042537,236.633808,39.490009,14.038646
261,11dd74426e8374ac110c4036c77c09ab_000000000267,0.383342,339.323214,165.652220,48.917442,19.430065
261,11dd74426e8374ac110c4036c77c09ab_000000000267,0.383342,305.343880,220.171646,21.429436,11.314748
262,11dd74426e8374ac110c4036c77c09ab_000000000268,0.383342,266.423174,206.095096,26.657660,11.560168
262,11dd74426e8374ac110c4036c77c09ab_000000000268,0.383342,355.318109,236.162001,39.869980,14.018325
262,11dd74426e8374ac110c4036c77c09ab_000000000268,0.383342,340.575344,165.623289,48.803543,20.309896
262,11dd74426e8374ac110c4036c77c09ab_000000000268,0.383342,305.975818,221.132714,21.977003,10.634027
263,11dd74426e8374ac110c4036c77c09ab_000000000269,0.383342,265.665897,206.228251,25.610933,11.015052
263,11dd74426e8374ac110c4036c77c09ab_000000000269,0.383342,355.957300,236.553251,40.246162,14.183124
263,11dd74426e8374ac110c4036c77c09ab_000000000269,0.383342,340.795396,167.258855,48.826027,20.148502
263,11dd74426e8374ac110c4036c77c09ab_000000000269,0.383342,306.127316,221.160159,22.062637,10.061535
264,11dd74426e8374ac110c4036c77c09ab_000000000270,0.383342,268.927599,206.261171,22.227213,16.263809
264,11dd74426e8374ac110c4036c77c09ab_000000000270,0.383342,357.057137,237.330580,39.532570,15.526662
264,11dd74426e8374ac110c4036c77c09ab_000000000270,0.383342,341.021204,166.632287,48.183960,19.489922
264,11dd74426e8374ac110c4036c77c09ab_000000000270,0.383342,306.715056,221.426163,22.425388,12.237605
265,11dd74426e8374ac110c4036c77c09ab_000000000271,0.383342,266.348560,205.947904,23.383837,13.953635
265,11dd74426e8374ac110c4036c77c09ab_000000000271,0.383342,357.177938,237.054118,39.547871,15.520321
265,11dd74426e8374ac110c4036c77c09ab_000000000271,0.383342,338.685684,166.106490,48.383537,19.525745
265,11dd74426e8374ac110c4036c77c09ab_000000000271,0.383342,305.418915,221.111539,23.143827,11.657623
266,11dd74426e8374ac110c4036c77c09ab_000000000272,0.383342,266.017746,207.056866,25.886787,11.657623
266,11dd74426e8374ac110c4036c77c09ab_000000000272,0.383342,357.587344,238.268859,38.948711,15.620502
266,11dd74426e8374ac110c4036c77c09ab_000000000272,0.383342,341.058265,167.962155,44.143265,19.385311
266,11dd74426e8374ac110c4036c77c09ab_000000000272,0.383342,307.937098,221.818699,24.150520,9.583540
267,11dd74426e8374ac110c4036c77c09ab_000000000273,0.383342,265.210960,206.901368,24.677216,12.980525
267,11dd74426e8374ac110c4036c77c09ab_000000000273,0.383342,356.620731,238.790994,38.766773,15.568982
267,11dd74426e8374ac110c4036c77c09ab_000000000273,0.383342,338.738000,167.262411,44.757587,19.430071
267,11dd74426e8374ac110c4036c77c09ab_000000000273,0.383342,305.759159,220.674641,23.808567,10.922737
268,11dd74426e8374ac110c4036c77c09ab_000000000274,0.383342,266.135247,206.878321,24.765985,11.798306
268,11dd74426e8374ac110c4036c77c09ab_000000000274,0.383342,358.205407,238.404564,39.254234,14.812119
268,11dd74426e8374ac110c4036c77c09ab_000000000274,0.383342,341.298462,168.231797,45.968910,19.861658
268,11dd74426e8374ac110c4036c77c09ab_000000000274,0.383342,307.033751,221.616219,24.326094,8.822940
269,11dd74426e8374ac110c4036c77c09ab_000000000275,0.383342,267.261828,206.572402,24.619799,11.798303
269,11dd74426e8374ac110c4036c77c09ab_000000000275,0.383342,360.199584,236.868320,38.424587,15.376223
269,11dd74426e8374ac110c4036c77c09ab_000000000275,0.383342,342.169637,167.052713,45.857048,19.861652
269,11dd74426e8374ac110c4036c77c09ab_000000000275,0.383342,309.400998,220.983205,23.824221,10.184751
270,11dd74426e8374ac110c4036c77c09ab_000000000276,0.392232,272.373567,211.884284,26.255957,9.988684
270,11dd74426e8374ac110c4036c77c09ab_000000000276,0.392232,363.437409,242.608898,39.619049,15.994532
270,11dd74426e8374ac110c4036c77c09ab_000000000276,0.392232,347.644577,170.932832,46.659576,20.863153
270,11dd74426e8374ac110c4036c77c09ab_000000000276,0.392232,316.157021,226.667974,24.880487,10.448223
271,11dd74426e8374ac110c4036c77c09ab_000000000277,0.392232,273.956645,211.852851,24.998510,11.922378
271,11dd74426e8374ac110c4036c77c09ab_000000000277,0.392232,366.196872,242.791344,39.567051,14.263989
271,11dd74426e8374ac110c4036c77c09ab_000000000277,0.392232,347.427514,170.227417,46.428364,21.397421
271,11dd74426e8374ac110c4036c77c09ab_000000000277,0.392232,314.018034,226.045009,21.633320,17.473063
272,11dd74426e8374ac110c4036c77c09ab_000000000278,0.392232,271.899652,211.370964,24.656672,11.665989
272,11dd74426e8374ac110c4036c77c09ab_000000000278,0.392232,362.890931,243.321662,39.338760,15.614975
272,11dd74426e8374ac110c4036c77c09ab_000000000278,0.392232,347.265752,170.584804,46.337654,21.349689
272,11dd74426e8374ac110c4036c77c09ab_000000000278,0.392232,312.146695,226.436714,25.664066,9.285496
273,11dd74426e8374ac110c4036c77c09ab_000000000279,0.383342,268.906565,206.458293,22.870430,11.458989
273,11dd74426e8374ac110c4036c77c09ab_000000000279,0.383342,359.480818,237.815115,39.100842,14.596473
273,11dd74426e8374ac110c4036c77c09ab_000000000279,0.383342,339.988470,165.936743,45.667625,21.273741
273,11dd74426e8374ac110c4036c77c09ab_000000000279,0.383342,309.672547,221.288844,24.000988,11.829056
274,11dd74426e8374ac110c4036c77c09ab_000000000280,0.383342,269.432467,206.515991,22.537579,11.458986
274,11dd74426e8374ac110c4036c77c09ab_000000000280,0.383342,358.769423,237.397637,39.242489,14.646033
274,11dd74426e8374ac110c4036c77c09ab_000000000280,0.383342,339.492002,166.231982,45.643925,20.991034
274,11dd74426e8374ac110c4036c77c09ab_000000000280,0.383342,308.944048,221.394085,24.917015,9.576322
275,11dd74426e8374ac110c4036c77c09ab_000000000281,0.383342,269.277951,207.616483,23.824900,9.272168
275,11dd74426e8374ac110c4036c77c09ab_000000000281,0.383342,357.133015,237.495648,40.219372,15.019987
275,11dd74426e8374ac110c4036c77c09ab_000000000281,0.383342,340.990155,165.938416,46.307285,21.335285
275,11dd74426e8374ac110c4036c77c09ab_000000000281,0.383342,310.447419,221.751853,24.985851,11.033641
276,11dd74426e8374ac110c4036c77c09ab_000000000282,0.383342,269.957479,207.113839,23.756697,9.247074
276,11dd74426e8374ac110c4036c77c09ab_000000000282,0.383342,357.104049,237.119349,40.432945,15.019981
276,11dd74426e8374ac110c4036c77c09ab_000000000282,0.383342,341.960231,165.756595,46.307259,21.335297
276,11dd74426e8374ac110c4036c77c09ab_000000000282,0.383342,310.905585,221.599373,25.381897,9.762272
277,11dd74426e8374ac110c4036c77c09ab_000000000283,0.392232,276.026398,211.906022,24.615376,9.384619
277,11dd74426e8374ac110c4036c77c09ab_000000000283,0.392232,367.357936,243.500111,40.443256,15.583399
277,11dd74426e8374ac110c4036c77c09ab_000000000283,0.392232,348.593605,169.436046,48.229153,22.244049
277,11dd74426e8374ac110c4036c77c09ab_000000000283,0.392232,317.108826,226.426468,26.097954,10.381491
278,11dd74426e8374ac110c4036c77c09ab_000000000284,0.392232,276.363784,212.107788,22.047169,11.743073
278,11dd74426e8374ac110c4036c77c09ab_000000000284,0.392232,364.237602,242.855647,40.568268,14.136880
278,11dd74426e8374ac110c4036c77c09ab_000000000284,0.392232,347.853501,169.449141,48.450428,22.099239
278,11dd74426e8374ac110c4036c77c09ab_000000000284,0.392232,315.202344,226.526274,25.838373,10.410327
279,11dd74426e8374ac110c4036c77c09ab_000000000285,0.392232,278.587207,212.263349,23.858562,9.414460
279,11dd74426e8374ac110c4036c77c09ab_000000000285,0.392232,365.806962,243.027321,40.568317,14.136892
279,11dd74426e8374ac110c4036c77c09ab_000000000285,0.392232,345.965956,170.124020,48.362926,22.069229
279,11dd74426e8374ac110c4036c77c09ab_000000000285,0.392232,318.697242,227.236405,25.834972,10.527740
280,11dd74426e8374ac110c4036c77c09ab_000000000286,0.390658,275.155868,211.332963,25.303293,9.502541
280,11dd74426e8374ac110c4036c77c09ab_000000000286,0.390658,367.915752,243.131277,39.754963,15.049385
280,11dd74426e8374ac110c4036c77c09ab_000000000286,0.390658,349.214108,168.819052,48.202126,22.209787
280,11dd74426e8374ac110c4036c77c09ab_000000000286,0.390658,317.238825,226.876393,25.695644,10.500632
281,11dd74426e8374ac110c4036c77c09ab_000000000287,0.390658,274.301066,211.287445,25.157894,11.006581
281,11dd74426e8374ac110c4036c77c09ab_000000000287,0.390658,365.611935,242.564532,39.429539,14.923471
281,11dd74426e8374ac110c4036c77c09ab_000000000287,0.390658,346.367580,168.513636,48.030403,22.233086
281,11dd74426e8374ac110c4036c77c09ab_000000000287,0.390658,316.821009,226.238165,25.838779,10.508108
282,11dd74426e8374ac110c4036c77c09ab_000000000288,0.392232,275.594282,213.011473,25.029705,11.657676
282,11dd74426e8374ac110c4036c77c09ab_000000000288,0.392232,365.753959,244.337531,39.966038,15.193278
282,11dd74426e8374ac110c4036c77c09ab_000000000288,0.392232,348.976836,170.631284,48.381050,22.880816
282,11dd74426e8374ac110c4036c77c09ab_000000000288,0.392232,317.607352,227.001266,25.128290,11.362370
283,11dd74426e8374ac110c4036c77c09ab_000000000289,0.392232,275.098389,212.487212,25.029705,11.657676
283,11dd74426e8374ac110c4036c77c09ab_000000000289,0.392232,365.859414,243.344238,39.760010,15.141772
283,11dd74426e8374ac110c4036c77c09ab_000000000289,0.392232,349.658550,170.243193,48.373581,22.946426
283,11dd74426e8374ac110c4036c77c09ab_000000000289,0.392232,317.530121,226.788703,25.303076,10.791019
284,11dd74426e8374ac110c4036c77c09ab_000000000290,0.383342,269.798541,207.191775,23.272863,11.767916
284,11dd74426e8374ac110c4036c77c09ab_000000000290,0.383342,361.137769,236.976368,39.507534,14.664056
284,11dd74426e8374ac110c4036c77c09ab_000000000290,0.383342,341.135149,165.004828,48.391609,22.744364
284,11dd74426e8374ac110c4036c77c09ab_000000000290,0.383342,310.757831,221.288750,24.467365,11.091491
285,11dd74426e8374ac110c4036c77c09ab_000000000291,0.383342,267.201486,206.606117,22.800940,10.629013
285,11dd74426e8374ac110c4036c77c09ab_000000000291,0.383342,359.004379,236.916846,39.680698,13.642797
285,11dd74426e8374ac110c4036c77c09ab_000000000291,0.383342,339.287954,164.338133,47.695679,22.220785
285,11dd74426e8374ac110c4036c77c09ab_000000000291,0.383342,309.862931,222.592495,27.805859,12.193335
286,11dd74426e8374ac110c4036c77c09ab_000000000292,0.390658,273.724021,210.251334,23.934919,10.831860
286,11dd74426e8374ac110c4036c77c09ab_000000000292,0.390658,363.695342,241.156552,40.220058,14.032826
286,11dd74426e8374ac110c4036c77c09ab_000000000292,0.390658,346.375282,167.634299,48.694572,22.496878
286,11dd74426e8374ac110c4036c77c09ab_000000000292,0.390658,314.689654,225.738302,27.956089,13.328872
287,11dd74426e8374ac110c4036c77c09ab_000000000293,0.383342,271.035627,205.910421,25.201012,15.257762
287,11dd74426e8374ac110c4036c77c09ab_000000000293,0.383342,339.081753,232.555703,1.150025,1.150025
287,11dd74426e8374ac110c4036c77c09ab_000000000293,0.383342,356.664905,236.609030,36.840614,14.404275
287,11dd74426e8374ac110c4036c77c09ab_000000000293,0.383342,339.404285,165.575523,47.630684,21.504267
287,11dd74426e8374ac110c4036c77c09ab_000000000293,0.383342,307.433026,221.065400,27.050196,11.816679
288,11dd74426e8374ac110c4036c77c09ab_000000000294,0.383342,271.523648,205.161403,25.454218,16.367796
288,11dd74426e8374ac110c4036c77c09ab_000000000294,0.383342,274.690709,199.794621,0.766683,0.766683
288,11dd74426e8374ac110c4036c77c09ab_000000000294,0.383342,339.730982,232.250883,1.150025,1.150025
288,11dd74426e8374ac110c4036c77c09ab_000000000294,0.383342,358.045159,236.640172,36.724751,12.458520
288,11dd74426e8374ac110c4036c77c09ab_000000000294,0.383342,339.611726,164.757191,47.622562,21.553154
288,11dd74426e8374ac110c4036c77c09ab_000000000294,0.383342,307.954740,220.244013,27.517696,10.788876
289,11dd74426e8374ac110c4036c77c09ab_000000000295,0.398252,283.645805,212.954408,26.537422,16.029320
289,11dd74426e8374ac110c4036c77c09ab_000000000295,0.398252,374.866821,246.440741,43.174606,14.219675
289,11dd74426e8374ac110c4036c77c09ab_000000000295,0.398252,353.933166,172.065043,49.493690,21.535444
289,11dd74426e8374ac110c4036c77c09ab_000000000295,0.398252,320.864020,229.967897,29.279022,12.123355
290,11dd74426e8374ac110c4036c77c09ab_000000000296,0.398252,282.119353,213.064180,26.537422,15.316902
290,11dd74426e8374ac110c4036c77c09ab_000000000296,0.398252,374.505614,246.748010,43.528427,14.659832
290,11dd74426e8374ac110c4036c77c09ab_000000000296,0.398252,354.559785,171.653496,49.491455,21.390543
290,11dd74426e8374ac110c4036c77c09ab_000000000296,0.398252,319.908134,229.243027,29.847353,11.208493
291,11dd74426e8374ac110c4036c77c09ab_000000000297,0.398252,372.444059,244.141339,43.331024,17.115908
291,11dd74426e8374ac110c4036c77c09ab_000000000297,0.398252,307.683144,160.463111,32.671185,24.758209
291,11dd74426e8374ac110c4036c77c09ab_000000000297,0.398252,352.968748,176.121562,57.475784,19.491922
291,11dd74426e8374ac110c4036c77c09ab_000000000297,0.398252,284.674152,208.799311,24.165220,27.377872
292,11dd74426e8374ac110c4036c77c09ab_000000000298,0.390658,360.725661,239.235929,36.541763,27.173296
292,11dd74426e8374ac110c4036c77c09ab_000000000298,0.390658,299.607245,156.155638,33.688751,14.539926
292,11dd74426e8374ac110c4036c77c09ab_000000000298,0.390658,342.319656,168.271907,51.267776,19.765905
292,11dd74426e8374ac110c4036c77c09ab_000000000298,0.390658,276.744966,206.779597,25.487345,20.749916
293,11dd74426e8374ac110c4036c77c09ab_000000000299,0.390658,359.756312,239.948741,42.020699,17.795113
293,11dd74426e8374ac110c4036c77c09ab_000000000299,0.390658,297.863711,155.792461,33.810760,14.525596
293,11dd74426e8374ac110c4036c77c09ab_000000000299,0.390658,344.158518,168.406911,51.144218,19.765888
293,11dd74426e8374ac110c4036c77c09ab_000000000299,0.390658,276.130677,206.338247,25.676807,20.749916
294,11dd74426e8374ac110c4036c77c09ab_000000000300,0.383342,351.306639,234.912585,39.619583,17.065731
294,11dd74426e8374ac110c4036c77c09ab_000000000300,0.383342,293.247914,152.078666,31.802284,14.664945
294,11dd74426e8374ac110c4036c77c09ab_000000000300,0.383342,336.166074,165.643165,48.972916,19.095985
294,11dd74426e8374ac110c4036c77c09ab_000000000300,0.383342,271.138084,203.110582,25.906137,21.460510
295,11dd74426e8374ac110c4036c77c09ab_000000000301,0.383342,351.140893,234.755729,38.836685,16.399984
295,11dd74426e8374ac110c4036c77c09ab_000000000301,0.383342,292.885115,152.837780,31.788595,15.090320
295,11dd74426e8374ac110c4036c77c09ab_000000000301,0.383342,337.887672,164.984133,48.852489,19.039715
295,11dd74426e8374ac110c4036c77c09ab_000000000301,0.383342,271.448426,201.639265,25.906160,20.782055
296,11dd74426e8374ac110c4036c77c09ab_000000000302,0.383342,350.735792,235.497190,38.439728,16.799604
296,11dd74426e8374ac110c4036c77c09ab_000000000302,0.383342,292.098123,152.146378,33.154156,15.111078
296,11dd74426e8374ac110c4036c77c09ab_000000000302,0.383342,335.607440,164.807273,48.610538,18.668381
296,11dd74426e8374ac110c4036c77c09ab_000000000302,0.383342,269.553571,202.885874,27.245213,20.317839
297,11dd74426e8374ac110c4036c77c09ab_000000000303,0.383342,350.051420,234.412233,38.053391,16.862309
297,11dd74426e8374ac110c4036c77c09ab_000000000303,0.383342,292.896463,152.665693,32.477505,15.261436
297,11dd74426e8374ac110c4036c77c09ab_000000000303,0.383342,335.328754,165.528682,48.615147,18.654032
297,11dd74426e8374ac110c4036c77c09ab_000000000303,0.383342,269.298938,202.406112,26.067228,18.017054
298,11dd74426e8374ac110c4036c77c09ab_000000000304,0.376288,347.842519,230.345403,37.925728,15.487559
298,11dd74426e8374ac110c4036c77c09ab_000000000304,0.376288,286.735441,148.634678,31.068180,13.799894
298,11dd74426e8374ac110c4036c77c09ab_000000000304,0.376288,330.876104,161.152271,46.987423,18.253166
298,11dd74426e8374ac110c4036c77c09ab_000000000304,0.376288,264.952195,198.090942,26.775705,19.920712
299,11dd74426e8374ac110c4036c77c09ab_000000000305,0.376288,345.388469,231.116308,37.903084,15.592024
299,11dd74426e8374ac110c4036c77c09ab_000000000305,0.376288,285.834912,149.342435,30.926359,13.961850
299,11dd74426e8374ac110c4036c77c09ab_000000000305,0.376288,329.878586,161.797570,46.880054,18.179443
299,11dd74426e8374ac110c4036c77c09ab_000000000305,0.376288,262.282142,198.468631,26.649042,19.553152
300,11dd74426e8374ac110c4036c77c09ab_000000000306,0.376288,346.294280,229.581711,37.710182,15.549863
300,11dd74426e8374ac110c4036c77c09ab_000000000306,0.376288,287.382830,147.989781,29.075716,12.914346
300,11dd74426e8374ac110c4036c77c09ab_000000000306,0.376288,332.574110,161.296756,45.455261,18.324905
300,11dd74426e8374ac110c4036c77c09ab_000000000306,0.376288,264.814027,198.205248,27.249372,18.800873
301,11dd74426e8374ac110c4036c77c09ab_000000000307,0.383342,353.114924,235.090779,38.849602,15.994544
301,11dd74426e8374ac110c4036c77c09ab_000000000307,0.383342,289.380338,152.354953,32.853432,13.231585
301,11dd74426e8374ac110c4036c77c09ab_000000000307,0.383342,339.521155,166.268154,46.597481,19.921490
301,11dd74426e8374ac110c4036c77c09ab_000000000307,0.383342,268.445662,202.950989,27.429676,20.572269
302,11dd74426e8374ac110c4036c77c09ab_000000000308,0.383342,353.747096,236.265464,38.893612,15.603037
302,11dd74426e8374ac110c4036c77c09ab_000000000308,0.383342,287.774884,152.679825,33.083004,13.172501
302,11dd74426e8374ac110c4036c77c09ab_000000000308,0.383342,340.450216,167.368822,46.535805,20.180000
302,11dd74426e8374ac110c4036c77c09ab_000000000308,0.383342,269.418545,203.810934,27.601131,20.743708
303,11dd74426e8374ac110c4036c77c09ab_000000000309,0.384829,352.857962,234.978245,39.462814,15.433246
303,11dd74426e8374ac110c4036c77c09ab_000000000309,0.384829,287.174331,152.618079,30.806044,17.898474
303,11dd74426e8374ac110c4036c77c09ab_000000000309,0.384829,337.630866,166.629561,47.470963,20.029524
303,11dd74426e8374ac110c4036c77c09ab_000000000309,0.384829,268.847324,202.704219,27.589655,19.252127
304,11dd74426e8374ac110c4036c77c09ab_000000000310,0.383342,353.030319,236.352456,39.639961,14.425578
304,11dd74426e8374ac110c4036c77c09ab_000000000310,0.383342,287.317163,153.369812,31.224604,17.012911
304,11dd74426e8374ac110c4036c77c09ab_000000000310,0.383342,340.281708,167.167289,47.031151,19.865963
304,11dd74426e8374ac110c4036c77c09ab_000000000310,0.383342,269.955701,203.890625,28.002560,19.032053
305,11dd74426e8374ac110c4036c77c09ab_000000000311,0.383342,354.015276,236.166190,39.882477,14.789243
305,11dd74426e8374ac110c4036c77c09ab_000000000311,0.383342,285.231713,152.259165,30.111828,20.147305
305,11dd74426e8374ac110c4036c77c09ab_000000000311,0.383342,339.148600,166.279268,46.672962,20.733208
305,11dd74426e8374ac110c4036c77c09ab_000000000311,0.383342,270.227297,203.317508,27.836485,19.727345
306,11dd74426e8374ac110c4036c77c09ab_000000000312,0.376288,348.134083,232.619279,39.148666,14.398140
306,11dd74426e8374ac110c4036c77c09ab_000000000312,0.376288,281.731707,148.795205,32.384132,14.402303
306,11dd74426e8374ac110c4036c77c09ab_000000000312,0.376288,333.388421,164.094505,45.722916,20.351719
306,11dd74426e8374ac110c4036c77c09ab_000000000312,0.376288,265.261306,199.583900,27.321121,19.215631
307,11dd74426e8374ac110c4036c77c09ab_000000000313,0.390658,361.134797,241.211894,41.014252,14.947966
307,11dd74426e8374ac110c4036c77c09ab_000000000313,0.390658,290.292880,154.404319,33.825184,14.970254
307,11dd74426e8374ac110c4036c77c09ab_000000000313,0.390658,343.533761,168.713698,48.605946,21.318396
307,11dd74426e8374ac110c4036c77c09ab_000000000313,0.390658,274.264370,206.138411,29.031162,18.654058
308,11dd74426e8374ac110c4036c77c09ab_000000000314,0.390658,360.525110,241.162584,42.720493,14.163037
308,11dd74426e8374ac110c4036c77c09ab_000000000314,0.390658,290.905667,155.709329,33.351429,15.065003
308,11dd74426e8374ac110c4036c77c09ab_000000000314,0.390658,343.568597,167.101520,48.939091,21.081804
308,11dd74426e8374ac110c4036c77c09ab_000000000314,0.390658,273.996628,206.329186,28.788479,20.043756
309,11dd74426e8374ac110c4036c77c09ab_000000000315,0.390658,360.409968,240.338088,44.228760,14.025065
309,11dd74426e8374ac110c4036c77c09ab_000000000315,0.390658,292.677790,154.321819,33.491299,15.014650
309,11dd74426e8374ac110c4036c77c09ab_000000000315,0.390658,344.887425,167.562934,48.668106,21.087831
309,11dd74426e8374ac110c4036c77c09ab_000000000315,0.390658,273.903207,206.017499,28.938719,19.683147
310,11dd74426e8374ac110c4036c77c09ab_000000000316,0.390658,359.902308,241.192103,45.668762,14.307018
310,11dd74426e8374ac110c4036c77c09ab_000000000316,0.390658,291.614283,154.178196,33.446209,15.443989
310,11dd74426e8374ac110c4036c77c09ab_000000000316,0.390658,343.014776,169.307565,49.251396,20.880259
310,11dd74426e8374ac110c4036c77c09ab_000000000316,0.390658,273.591854,206.982770,27.953205,20.266069
311,11dd74426e8374ac110c4036c77c09ab_000000000317,0.398252,368.720174,246.073408,46.653061,14.585124
311,11dd74426e8374ac110c4036c77c09ab_000000000317,0.398252,297.332882,157.393240,33.984123,15.760578
311,11dd74426e8374ac110c4036c77c09ab_000000000317,0.398252,352.452435,173.003550,49.853050,21.148733
311,11dd74426e8374ac110c4036c77c09ab_000000000317,0.398252,281.203987,210.868984,28.880480,17.965776
312,11dd74426e8374ac110c4036c77c09ab_000000000318,0.390658,361.153705,241.701193,45.574413,13.553708
312,11dd74426e8374ac110c4036c77c09ab_000000000318,0.390658,291.354361,154.191393,33.696644,15.170309
312,11dd74426e8374ac110c4036c77c09ab_000000000318,0.390658,345.661921,169.493154,48.929436,20.860088
312,11dd74426e8374ac110c4036c77c09ab_000000000318,0.390658,274.833738,206.790803,26.730278,19.043125
313,11dd74426e8374ac110c4036c77c09ab_000000000319,0.390658,360.347306,241.770770,45.670883,13.522770
313,11dd74426e8374ac110c4036c77c09ab_000000000319,0.390658,291.416879,154.162745,33.635674,15.443995
313,11dd74426e8374ac110c4036c77c09ab_000000000319,0.390658,345.615735,169.052615,48.928719,20.559715
313,11dd74426e8374ac110c4036c77c09ab_000000000319,0.390658,275.784106,207.791339,26.879015,18.466515
314,11dd74426e8374ac110c4036c77c09ab_000000000320,0.390658,360.904776,241.678613,41.199589,13.660922
314,11dd74426e8374ac110c4036c77c09ab_000000000320,0.390658,289.658705,154.319268,35.198399,14.875623
314,11dd74426e8374ac110c4036c77c09ab_000000000320,0.390658,342.168653,169.077031,48.771206,20.401640
314,11dd74426e8374ac110c4036c77c09ab_000000000320,0.390658,274.211222,207.717400,27.603821,17.994871
315,11dd74426e8374ac110c4036c77c09ab_000000000321,0.390658,359.371091,241.691489,41.162296,13.748655
315,11dd74426e8374ac110c4036c77c09ab_000000000321,0.390658,290.249007,153.332955,35.879856,15.635926
315,11dd74426e8374ac110c4036c77c09ab_000000000321,0.390658,343.381614,168.694611,48.567436,20.483889
315,11dd74426e8374ac110c4036c77c09ab_000000000321,0.390658,275.332027,207.481393,25.994957,18.826231
316,11dd74426e8374ac110c4036c77c09ab_000000000322,0.390658,360.122721,241.351404,40.750084,13.770222
316,11dd74426e8374ac110c4036c77c09ab_000000000322,0.390658,291.625656,153.745287,35.879883,15.635932
316,11dd74426e8374ac110c4036c77c09ab_000000000322,0.390658,342.412385,168.322385,48.580624,20.411261
316,11dd74426e8374ac110c4036c77c09ab_000000000322,0.390658,276.292195,206.273082,25.926191,17.438456
317,11dd74426e8374ac110c4036c77c09ab_000000000323,0.390658,361.538498,242.020868,41.340149,13.696354
317,11dd74426e8374ac110c4036c77c09ab_000000000323,0.390658,291.406865,154.578784,35.961285,15.115737
317,11dd74426e8374ac110c4036c77c09ab_000000000323,0.390658,344.571565,168.599701,48.548672,19.931971
317,11dd74426e8374ac110c4036c77c09ab_000000000323,0.390658,274.423218,205.472858,25.461117,17.997690
318,11dd74426e8374ac110c4036c77c09ab_000000000324,0.390658,359.712535,241.185236,42.006393,12.951388
318,11dd74426e8374ac110c4036c77c09ab_000000000324,0.390658,290.491118,153.390430,35.950077,15.253065
318,11dd74426e8374ac110c4036c77c09ab_000000000324,0.390658,341.723679,167.882883,48.445045,19.953955
318,11dd74426e8374ac110c4036c77c09ab_000000000324,0.390658,275.244019,205.888289,26.724030,17.994984
319,11dd74426e8374ac110c4036c77c09ab_000000000325,0.390658,361.168489,241.927257,41.406029,12.916302
319,11dd74426e8374ac110c4036c77c09ab_000000000325,0.390658,292.212859,154.407860,34.772667,15.538751
319,11dd74426e8374ac110c4036c77c09ab_000000000325,0.390658,343.306219,167.984017,48.908119,19.944208
319,11dd74426e8374ac110c4036c77c09ab_000000000325,0.390658,274.975060,207.366394,26.222927,17.398315
320,11dd74426e8374ac110c4036c77c09ab_000000000326,0.390658,361.175523,241.547782,40.841908,14.581211
320,11dd74426e8374ac110c4036c77c09ab_000000000326,0.390658,293.750478,154.122926,34.772667,15.538745
320,11dd74426e8374ac110c4036c77c09ab_000000000326,0.390658,346.061377,168.661611,48.724186,20.015549
320,11dd74426e8374ac110c4036c77c09ab_000000000326,0.390658,277.748411,206.247235,25.344496,17.608976
321,11dd74426e8374ac110c4036c77c09ab_000000000327,0.383342,356.915911,237.691554,40.301498,14.037493
321,11dd74426e8374ac110c4036c77c09ab_000000000327,0.383342,290.590938,151.922138,34.015808,15.533529
321,11dd74426e8374ac110c4036c77c09ab_000000000327,0.383342,338.771131,165.737269,47.230778,19.617512
321,11dd74426e8374ac110c4036c77c09ab_000000000327,0.383342,272.654019,204.314982,26.022095,18.703384
322,11dd74426e8374ac110c4036c77c09ab_000000000328,0.383342,350.982727,235.767546,40.386665,15.894508
322,11dd74426e8374ac110c4036c77c09ab_000000000328,0.383342,285.485129,151.212603,34.701092,15.191168
322,11dd74426e8374ac110c4036c77c09ab_000000000328,0.383342,337.608378,164.840871,48.586578,19.645308
322,11dd74426e8374ac110c4036c77c09ab_000000000328,0.383342,271.255632,204.292895,26.261003,16.692217
323,11dd74426e8374ac110c4036c77c09ab_000000000329,0.383342,352.929641,236.749882,40.783855,14.491957
323,11dd74426e8374ac110c4036c77c09ab_000000000329,0.383342,285.031175,151.001840,34.679310,15.247743
323,11dd74426e8374ac110c4036c77c09ab_000000000329,0.383342,337.798598,165.076400,48.674038,19.713436
323,11dd74426e8374ac110c4036c77c09ab_000000000329,0.383342,270.099103,204.870458,26.669123,15.152919
324,11dd74426e8374ac110c4036c77c09ab_000000000330,0.390658,363.100223,241.826231,41.734814,14.388415
324,11dd74426e8374ac110c4036c77c09ab_000000000330,0.390658,291.780856,154.056306,34.798943,15.453735
324,11dd74426e8374ac110c4036c77c09ab_000000000330,0.390658,348.313764,170.614948,48.797054,23.719072
324,11dd74426e8374ac110c4036c77c09ab_000000000330,0.390658,278.211292,209.249797,26.957319,15.279449
325,11dd74426e8374ac110c4036c77c09ab_000000000331,0.390658,361.008186,241.508821,41.534904,14.909970
325,11dd74426e8374ac110c4036c77c09ab_000000000331,0.390658,294.519299,153.805063,34.304493,15.637446
325,11dd74426e8374ac110c4036c77c09ab_000000000331,0.390658,344.606067,170.527048,48.897652,23.617182
325,11dd74426e8374ac110c4036c77c09ab_000000000331,0.390658,278.571978,208.704750,26.904957,15.374258
326,11dd74426e8374ac110c4036c77c09ab_000000000332,0.383342,354.871524,237.399439,39.915817,14.949561
326,11dd74426e8374ac110c4036c77c09ab_000000000332,0.383342,288.902073,153.005621,34.669857,15.031683
326,11dd74426e8374ac110c4036c77c09ab_000000000332,0.383342,339.875624,168.314787,51.400082,23.914999
326,11dd74426e8374ac110c4036c77c09ab_000000000332,0.383342,272.992298,206.025466,26.617743,14.466863
327,11dd74426e8374ac110c4036c77c09ab_000000000333,0.390658,362.277991,242.729746,39.921413,14.304861
327,11dd74426e8374ac110c4036c77c09ab_000000000333,0.390658,293.826969,156.055995,34.590332,15.318570
327,11dd74426e8374ac110c4036c77c09ab_000000000333,0.390658,343.027079,171.717870,53.188782,24.040863
327,11dd74426e8374ac110c4036c77c09ab_000000000333,0.390658,277.665101,210.667696,27.054577,14.206732
328,11dd74426e8374ac110c4036c77c09ab_000000000334,0.390658,365.574238,242.673379,40.514030,13.307925
328,11dd74426e8374ac110c4036c77c09ab_000000000334,0.390658,294.619634,154.993596,34.583179,13.454273
328,11dd74426e8374ac110c4036c77c09ab_000000000334,0.390658,344.659215,170.359080,57.548058,24.593653
328,11dd74426e8374ac110c4036c77c09ab_000000000334,0.390658,277.468603,208.407035,27.672253,13.836114
329,11dd74426e8374ac110c4036c77c09ab_000000000335,0.390658,365.487041,242.856810,39.965885,14.666167
329,11dd74426e8374ac110c4036c77c09ab_000000000335,0.390658,295.574962,156.300454,33.591778,12.878634
329,11dd74426e8374ac110c4036c77c09ab_000000000335,0.390658,342.952281,170.913998,57.911057,24.614046
329,11dd74426e8374ac110c4036c77c09ab_000000000335,0.390658,278.613490,209.956028,27.425182,13.959673
330,11dd74426e8374ac110c4036c77c09ab_000000000336,0.392232,366.331007,242.909895,41.057266,13.131581
330,11dd74426e8374ac110c4036c77c09ab_000000000336,0.392232,296.732068,156.347807,33.599110,12.192890
330,11dd74426e8374ac110c4036c77c09ab_000000000336,0.392232,345.779511,169.819504,57.721680,24.803137
330,11dd74426e8374ac110c4036c77c09ab_000000000336,0.392232,276.620037,210.278631,27.539618,14.909979
331,11dd74426e8374ac110c4036c77c09ab_000000000337,0.390658,365.578887,241.470909,40.812675,14.075489
331,11dd74426e8374ac110c4036c77c09ab_000000000337,0.390658,295.615592,154.831672,34.429127,13.371660
331,11dd74426e8374ac110c4036c77c09ab_000000000337,0.390658,344.081908,170.474758,57.070084,23.982641
331,11dd74426e8374ac110c4036c77c09ab_000000000337,0.390658,279.499695,210.447164,27.382311,13.833265
332,11dd74426e8374ac110c4036c77c09ab_000000000338,0.390658,360.759185,240.922238,40.660027,14.083476
332,11dd74426e8374ac110c4036c77c09ab_000000000338,0.390658,293.352047,154.917010,34.668327,13.487679
332,11dd74426e8374ac110c4036c77c09ab_000000000338,0.390658,341.412492,169.800120,57.299870,23.982649
332,11dd74426e8374ac110c4036c77c09ab_000000000338,0.390658,277.539253,210.154910,27.648098,13.913524
334,11dd74426e8374ac110c4036c77c09ab_000000000374,0.383342,270.613586,202.623450,40.563126,16.816942
334,11dd74426e8374ac110c4036c77c09ab_000000000374,0.383342,394.074261,239.779600,91.243439,39.403965
335,11dd74426e8374ac110c4036c77c09ab_000000000375,0.383342,270.472711,203.840110,40.909710,16.747025
335,11dd74426e8374ac110c4036c77c09ab_000000000375,0.383342,393.430601,242.474971,91.157104,39.714504
336,11dd74426e8374ac110c4036c77c09ab_000000000376,0.383342,267.860471,200.500471,40.146278,17.173611
336,11dd74426e8374ac110c4036c77c09ab_000000000376,0.383342,390.951071,238.406342,89.737823,38.886410
337,11dd74426e8374ac110c4036c77c09ab_000000000377,0.383342,269.334993,200.248880,40.133694,17.206770
337,11dd74426e8374ac110c4036c77c09ab_000000000377,0.383342,393.060596,237.475339,89.535530,39.112267
338,11dd74426e8374ac110c4036c77c09ab_000000000378,0.376288,257.298296,196.827974,39.033165,16.848497
338,11dd74426e8374ac110c4036c77c09ab_000000000378,0.376288,375.992650,235.134697,92.336349,38.029434
339,11dd74426e8374ac110c4036c77c09ab_000000000379,0.376288,257.561129,196.452581,39.033142,16.768471
339,11dd74426e8374ac110c4036c77c09ab_000000000379,0.376288,376.255941,233.399829,92.699043,37.842609
340,11dd74426e8374ac110c4036c77c09ab_000000000380,0.383342,263.795679,200.122768,37.998337,18.286606
340,11dd74426e8374ac110c4036c77c09ab_000000000380,0.383342,386.672170,237.642771,90.464027,38.325119
341,11dd74426e8374ac110c4036c77c09ab_000000000381,0.383342,265.071301,201.312124,39.087318,17.315001
341,11dd74426e8374ac110c4036c77c09ab_000000000381,0.383342,384.162060,239.162988,92.094070,38.556870
342,11dd74426e8374ac110c4036c77c09ab_000000000382,0.383342,279.830560,205.336555,55.450531,13.323652
342,11dd74426e8374ac110c4036c77c09ab_000000000382,0.383342,400.537254,237.108470,93.925148,39.830166
343,11dd74426e8374ac110c4036c77c09ab_000000000383,0.383342,274.010689,204.752699,47.879559,14.833850
343,11dd74426e8374ac110c4036c77c09ab_000000000383,0.383342,392.430155,240.206250,93.949944,40.035004
344,11dd74426e8374ac110c4036c77c09ab_000000000384,0.383342,277.253510,206.366458,46.772259,14.996063
344,11dd74426e8374ac110c4036c77c09ab_000000000384,0.383342,395.081469,241.563458,93.248451,40.174461
345,11dd74426e8374ac110c4036c77c09ab_000000000385,0.383342,274.468926,206.380427,46.515144,14.579369
345,11dd74426e8374ac110c4036c77c09ab_000000000385,0.383342,393.747073,242.673450,92.768616,40.215771
346,11dd74426e8374ac110c4036c77c09ab_000000000386,0.383342,273.342415,206.094745,45.601925,14.642495
346,11dd74426e8374ac110c4036c77c09ab_000000000386,0.383342,392.066725,242.033604,90.441002,39.228519
347,11dd74426e8374ac110c4036c77c09ab_000000000387,0.390658,275.434365,207.996659,43.374004,15.034184
347,11dd74426e8374ac110c4036c77c09ab_000000000387,0.390658,399.657294,246.868325,90.379959,40.054016
348,11dd74426e8374ac110c4036c77c09ab_000000000388,0.390658,275.586989,206.964506,43.391125,18.014870
348,11dd74426e8374ac110c4036c77c09ab_000000000388,0.390658,396.136486,245.349733,93.792442,40.644039
349,11dd74426e8374ac110c4036c77c09ab_000000000389,0.390658,276.495011,207.174952,43.018208,18.832249
349,11dd74426e8374ac110c4036c77c09ab_000000000389,0.390658,397.337882,244.050386,94.045708,40.515495
350,11dd74426e8374ac110c4036c77c09ab_000000000390,0.383342,272.485254,202.474877,41.337158,17.092480
350,11dd74426e8374ac110c4036c77c09ab_000000000390,0.383342,394.129994,238.725458,88.539459,39.090019
351,11dd74426e8374ac110c4036c77c09ab_000000000391,0.390658,274.595514,205.402399,41.884502,17.508617
351,11dd74426e8374ac110c4036c77c09ab_000000000391,0.390658,404.228185,244.933729,89.732025,39.726433
352,11dd74426e8374ac110c4036c77c09ab_000000000392,0.390658,274.497754,207.484660,41.987175,18.824154
352,11dd74426e8374ac110c4036c77c09ab_000000000392,0.390658,402.859929,245.450569,86.991554,39.104370
353,11dd74426e8374ac110c4036c77c09ab_000000000393,0.390658,276.782306,208.938897,41.654865,19.293020
353,11dd74426e8374ac110c4036c77c09ab_000000000393,0.390658,403.622122,245.844875,86.239426,38.646069
354,11dd74426e8374ac110c4036c77c09ab_000000000394,0.343351,243.214250,182.840086,35.949127,16.443846
354,11dd74426e8374ac110c4036c77c09ab_000000000394,0.343351,348.272848,214.265151,78.837440,34.601959
355,11dd74426e8374ac110c4036c77c09ab_000000000395,0.337676,236.923103,179.606702,35.925461,17.162481
355,11dd74426e8374ac110c4036c77c09ab_000000000395,0.337676,347.124628,213.563937,74.915398,32.830132
356,11dd74426e8374ac110c4036c77c09ab_000000000396,0.337676,238.576446,178.679742,36.131313,17.169523
356,11dd74426e8374ac110c4036c77c09ab_000000000396,0.337676,348.584401,211.012838,77.463135,33.678947
357,11dd74426e8374ac110c4036c77c09ab_000000000397,0.343351,245.366103,183.611829,36.606510,17.801420
357,11dd74426e8374ac110c4036c77c09ab_000000000397,0.343351,356.552456,216.598863,76.676910,33.219955
358,11dd74426e8374ac110c4036c77c09ab_000000000398,0.343351,243.235102,183.331809,36.563255,17.988588
358,11dd74426e8374ac110c4036c77c09ab_000000000398,0.343351,352.408314,217.418408,76.332306,32.886871
359,11dd74426e8374ac110c4036c77c09ab_000000000399,0.343351,244.351579,183.102985,36.639977,17.988798
359,11dd74426e8374ac110c4036c77c09ab_000000000399,0.343351,353.806362,215.364904,76.108994,32.839447
360,11dd74426e8374ac110c4036c77c09ab_000000000400,0.343351,244.678332,183.470624,36.473080,17.763170
360,11dd74426e8374ac110c4036c77c09ab_000000000400,0.343351,351.145288,215.833847,75.694389,32.994789
361,11dd74426e8374ac110c4036c77c09ab_000000000401,0.343351,240.117722,183.842099,36.581322,17.866716
361,11dd74426e8374ac110c4036c77c09ab_000000000401,0.343351,349.989623,217.087631,75.530640,33.195309
362,11dd74426e8374ac110c4036c77c09ab_000000000402,0.343351,244.469690,184.672687,36.584023,18.025398
362,11dd74426e8374ac110c4036c77c09ab_000000000402,0.343351,355.492058,217.730995,75.032921,32.698505
363,11dd74426e8374ac110c4036c77c09ab_000000000403,0.337676,237.433347,180.052396,36.007118,17.766104
363,11dd74426e8374ac110c4036c77c09ab_000000000403,0.337676,346.033735,211.830730,73.406776,32.397987
364,11dd74426e8374ac110c4036c77c09ab_000000000404,0.337676,237.920715,178.926651,36.222450,16.822311
364,11dd74426e8374ac110c4036c77c09ab_000000000404,0.337676,344.956074,210.821082,73.477554,32.425842
365,11dd74426e8374ac110c4036c77c09ab_000000000405,0.337676,239.855138,179.767152,36.064453,16.822321
365,11dd74426e8374ac110c4036c77c09ab_000000000405,0.337676,345.172047,213.288359,73.146019,33.956856
366,11dd74426e8374ac110c4036c77c09ab_000000000406,0.338788,237.170364,180.351152,36.569427,16.758490
366,11dd74426e8374ac110c4036c77c09ab_000000000406,0.338788,347.168426,213.531226,73.098740,32.363995
367,11dd74426e8374ac110c4036c77c09ab_000000000407,0.338788,240.926214,181.396074,36.449699,16.698637
367,11dd74426e8374ac110c4036c77c09ab_000000000407,0.338788,348.431066,212.283060,72.804779,32.421169
368,11dd74426e8374ac110c4036c77c09ab_000000000408,0.338788,239.284050,179.327157,36.514111,16.363163
368,11dd74426e8374ac110c4036c77c09ab_000000000408,0.338788,348.383755,214.264075,75.594780,34.346333
369,11dd74426e8374ac110c4036c77c09ab_000000000409,0.338788,241.224536,178.933716,42.716915,14.534291
369,11dd74426e8374ac110c4036c77c09ab_000000000409,0.338788,348.670435,211.113988,89.470840,27.948450
370,11dd74426e8374ac110c4036c77c09ab_000000000410,0.333241,233.922945,178.192859,36.446259,13.824448
370,11dd74426e8374ac110c4036c77c09ab_000000000410,0.333241,335.596326,208.872143,83.995712,26.616362
371,11dd74426e8374ac110c4036c77c09ab_000000000411,0.333241,234.356500,179.363615,34.879898,13.640692
371,11dd74426e8374ac110c4036c77c09ab_000000000411,0.333241,336.226705,209.886551,84.305649,27.023886
372,11dd74426e8374ac110c4036c77c09ab_000000000412,0.339814,240.870888,183.252781,35.109631,14.010880
372,11dd74426e8374ac110c4036c77c09ab_000000000412,0.339814,344.130966,213.891030,86.012100,28.792191
373,11dd74426e8374ac110c4036c77c09ab_000000000413,0.350446,246.986214,187.687301,36.038166,14.619250
373,11dd74426e8374ac110c4036c77c09ab_000000000413,0.350446,351.070303,222.832775,88.480690,31.913630
374,11dd74426e8374ac110c4036c77c09ab_000000000414,0.338788,239.856644,180.442384,34.809044,13.914323
374,11dd74426e8374ac110c4036c77c09ab_000000000414,0.338788,337.984599,212.490564,84.612953,28.680828
375,11dd74426e8374ac110c4036c77c09ab_000000000415,0.344520,242.254085,183.571127,34.356098,13.959997
375,11dd74426e8374ac110c4036c77c09ab_000000000415,0.344520,346.550133,216.073724,86.980820,28.996895
376,11dd74426e8374ac110c4036c77c09ab_000000000416,0.344520,244.131242,184.983358,33.933060,13.959997
376,11dd74426e8374ac110c4036c77c09ab_000000000416,0.344520,347.503557,217.271450,86.847321,28.998808
377,11dd74426e8374ac110c4036c77c09ab_000000000417,0.344520,242.011486,185.694184,33.757645,13.536475
377,11dd74426e8374ac110c4036c77c09ab_000000000417,0.344520,348.483602,217.952921,86.034821,27.770050
378,11dd74426e8374ac110c4036c77c09ab_000000000418,0.344520,242.126572,185.322433,33.563999,13.314947
378,11dd74426e8374ac110c4036c77c09ab_000000000418,0.344520,348.885760,218.880671,84.807632,27.125237
379,11dd74426e8374ac110c4036c77c09ab_000000000419,0.338788,239.028511,181.366794,32.769821,13.093417
379,11dd74426e8374ac110c4036c77c09ab_000000000419,0.338788,346.129728,214.479085,83.547539,26.666599
380,11dd74426e8374ac110c4036c77c09ab_000000000420,0.338788,239.421868,181.307820,31.390371,12.641850
380,11dd74426e8374ac110c4036c77c09ab_000000000420,0.338788,345.056850,215.977145,83.993561,26.598476
381,11dd74426e8374ac110c4036c77c09ab_000000000421,0.338788,238.706203,180.086019,31.004333,13.326712
381,11dd74426e8374ac110c4036c77c09ab_000000000421,0.338788,341.831287,214.593207,82.921867,26.692364
382,11dd74426e8374ac110c4036c77c09ab_000000000422,0.344520,242.495590,185.139469,32.216091,12.734777
382,11dd74426e8374ac110c4036c77c09ab_000000000422,0.344520,349.451157,219.334935,83.998146,26.909906
383,11dd74426e8374ac110c4036c77c09ab_000000000423,0.350446,246.025460,187.979675,32.339169,12.868378
383,11dd74426e8374ac110c4036c77c09ab_000000000423,0.350446,354.971732,222.785611,85.118126,27.485714
384,11dd74426e8374ac110c4036c77c09ab_000000000424,0.338788,239.711216,181.022050,31.119593,12.395917
384,11dd74426e8374ac110c4036c77c09ab_000000000424,0.338788,345.780538,215.100604,82.603958,26.777811
385,11dd74426e8374ac110c4036c77c09ab_000000000425,0.333241,238.426760,178.297607,30.789524,12.476261
385,11dd74426e8374ac110c4036c77c09ab_000000000425,0.333241,336.565011,211.379890,80.693405,26.602697
386,11dd74426e8374ac110c4036c77c09ab_000000000426,0.350446,249.554476,187.905089,32.631329,13.207691
386,11dd74426e8374ac110c4036c77c09ab_000000000426,0.350446,354.323650,224.208293,85.193977,27.976202
387,11dd74426e8374ac110c4036c77c09ab_000000000427,0.350446,252.298559,188.312496,32.374588,13.217391
387,11dd74426e8374ac110c4036c77c09ab_000000000427,0.350446,356.581871,223.789550,84.748131,27.871286
388,11dd74426e8374ac110c4036c77c09ab_000000000428,0.350446,246.745346,187.747769,30.405256,15.897483
388,11dd74426e8374ac110c4036c77c09ab_000000000428,0.350446,356.289134,224.004964,84.451241,27.611763
389,11dd74426e8374ac110c4036c77c09ab_000000000429,0.338788,240.133337,181.306228,31.634785,12.818244
389,11dd74426e8374ac110c4036c77c09ab_000000000429,0.338788,342.210439,215.055113,81.542313,26.456589
390,11dd74426e8374ac110c4036c77c09ab_000000000430,0.338788,238.723055,181.801694,30.302170,14.090505
390,11dd74426e8374ac110c4036c77c09ab_000000000430,0.338788,343.547128,216.682472,81.400352,26.193451
391,11dd74426e8374ac110c4036c77c09ab_000000000431,0.338788,240.280192,181.006749,29.689978,14.932152
391,11dd74426e8374ac110c4036c77c09ab_000000000431,0.338788,341.420022,216.289197,81.426987,26.068628
392,11dd74426e8374ac110c4036c77c09ab_000000000432,0.338788,241.725543,181.507880,30.961819,13.070381
392,11dd74426e8374ac110c4036c77c09ab_000000000432,0.338788,345.143656,216.070671,80.939835,25.784367
393,11dd74426e8374ac110c4036c77c09ab_000000000433,0.344520,244.286533,184.229257,32.030415,13.073642
393,11dd74426e8374ac110c4036c77c09ab_000000000433,0.344520,347.007131,219.051396,82.629021,27.618938
394,11dd74426e8374ac110c4036c77c09ab_000000000434,0.344520,244.633829,184.036663,30.981819,13.011788
394,11dd74426e8374ac110c4036c77c09ab_000000000434,0.344520,348.424367,220.186669,82.891701,27.489098
395,11dd74426e8374ac110c4036c77c09ab_000000000435,0.344520,245.037543,185.149647,30.723051,13.182587
395,11dd74426e8374ac110c4036c77c09ab_000000000435,0.344520,349.206961,220.227736,83.018417,27.503744
396,11dd74426e8374ac110c4036c77c09ab_000000000436,0.338788,240.901835,182.291887,31.221226,12.733206
396,11dd74426e8374ac110c4036c77c09ab_000000000436,0.338788,342.397058,215.241256,81.837219,27.096836
397,11dd74426e8374ac110c4036c77c09ab_000000000437,0.338788,241.665949,182.258988,31.319157,12.775606
397,11dd74426e8374ac110c4036c77c09ab_000000000437,0.338788,338.947801,213.848303,81.929855,27.273127
398,11dd74426e8374ac110c4036c77c09ab_000000000438,0.344520,244.436167,184.631731,31.821609,12.948715
398,11dd74426e8374ac110c4036c77c09ab_000000000438,0.344520,348.185091,218.804045,83.970978,27.710968
399,11dd74426e8374ac110c4036c77c09ab_000000000439,0.344520,244.008376,185.285108,31.578485,12.948715
399,11dd74426e8374ac110c4036c77c09ab_000000000439,0.344520,345.539071,217.832600,84.410675,27.596197
400,11dd74426e8374ac110c4036c77c09ab_000000000440,0.338788,239.769631,182.171603,30.518070,12.697784
400,11dd74426e8374ac110c4036c77c09ab_000000000440,0.338788,339.629100,214.014078,83.563423,27.096113
401,11dd74426e8374ac110c4036c77c09ab_000000000441,0.338788,240.822121,181.360570,29.504372,15.222007
401,11dd74426e8374ac110c4036c77c09ab_000000000441,0.338788,342.611882,214.186305,82.477577,27.211098
402,11dd74426e8374ac110c4036c77c09ab_000000000442,0.338788,239.008577,181.492351,30.898172,12.237523
402,11dd74426e8374ac110c4036c77c09ab_000000000442,0.338788,339.726907,213.786227,82.798828,27.146851
403,11dd74426e8374ac110c4036c77c09ab_000000000443,0.338788,240.752560,183.122750,30.484798,12.041599
403,11dd74426e8374ac110c4036c77c09ab_000000000443,0.338788,339.413015,216.595293,82.274025,27.418411
404,11dd74426e8374ac110c4036c77c09ab_000000000444,0.338788,240.184080,182.717233,30.575119,12.101007
404,11dd74426e8374ac110c4036c77c09ab_000000000444,0.338788,339.624117,216.010850,82.269638,27.575150
405,11dd74426e8374ac110c4036c77c09ab_000000000445,0.344520,243.885552,184.874792,31.756149,12.142444
405,11dd74426e8374ac110c4036c77c09ab_000000000445,0.344520,344.602616,217.528726,83.974510,27.805531
406,11dd74426e8374ac110c4036c77c09ab_000000000446,0.344520,245.283800,185.237648,31.663248,12.089370
406,11dd74426e8374ac110c4036c77c09ab_000000000446,0.344520,341.433780,217.372826,83.974510,27.805531
407,11dd74426e8374ac110c4036c77c09ab_000000000447,0.344520,244.613053,184.799638,31.848904,12.153126
407,11dd74426e8374ac110c4036c77c09ab_000000000447,0.344520,346.464907,217.663284,84.069351,27.656422
408,11dd74426e8374ac110c4036c77c09ab_000000000448,0.344520,242.455427,183.997909,31.609186,12.208450
408,11dd74426e8374ac110c4036c77c09ab_000000000448,0.344520,344.596875,217.355246,83.672340,27.795637
409,11dd74426e8374ac110c4036c77c09ab_000000000449,0.344520,249.697107,184.467419,33.350376,11.248171
409,11dd74426e8374ac110c4036c77c09ab_000000000449,0.344520,356.040595,216.821328,84.097229,27.173033
409,11dd74426e8374ac110c4036c77c09ab_000000000449,0.344520,327.140302,122.698118,63.831291,36.476212
410,11dd74426e8374ac110c4036c77c09ab_000000000450,0.344520,245.531655,183.272258,30.831997,11.221539
410,11dd74426e8374ac110c4036c77c09ab_000000000450,0.344520,350.448992,218.999709,80.984268,28.950209
410,11dd74426e8374ac110c4036c77c09ab_000000000450,0.344520,359.234433,124.731575,1.089496,1.743160
410,11dd74426e8374ac110c4036c77c09ab_000000000450,0.344520,326.780452,117.743607,63.918201,21.001436
411,11dd74426e8374ac110c4036c77c09ab_000000000451,0.338788,241.789128,180.551502,30.211952,10.822310
411,11dd74426e8374ac110c4036c77c09ab_000000000451,0.338788,345.462304,215.470058,79.394241,28.435965
411,11dd74426e8374ac110c4036c77c09ab_000000000451,0.338788,323.578294,116.226266,64.931747,20.594162
412,11dd74426e8374ac110c4036c77c09ab_000000000452,0.338788,241.200301,181.652171,30.336599,10.761579
412,11dd74426e8374ac110c4036c77c09ab_000000000452,0.338788,341.204888,215.712963,78.790230,28.406111
412,11dd74426e8374ac110c4036c77c09ab_000000000452,0.338788,351.606546,123.133723,1.355154,1.355154
412,11dd74426e8374ac110c4036c77c09ab_000000000452,0.338788,322.198782,117.316008,62.690109,20.777744
413,11dd74426e8374ac110c4036c77c09ab_000000000453,0.338788,242.253225,181.649235,30.244272,10.712427
413,11dd74426e8374ac110c4036c77c09ab_000000000453,0.338788,342.434093,216.186158,76.908867,28.406111
413,11dd74426e8374ac110c4036c77c09ab_000000000453,0.338788,319.853875,116.428321,62.491871,20.777744
414,11dd74426e8374ac110c4036c77c09ab_000000000454,0.338788,242.459344,182.645232,30.373241,10.838315
414,11dd74426e8374ac110c4036c77c09ab_000000000454,0.338788,346.285309,217.306658,76.886200,26.939564
414,11dd74426e8374ac110c4036c77c09ab_000000000454,0.338788,320.031416,116.732609,64.419807,21.128086
415,11dd74426e8374ac110c4036c77c09ab_000000000455,0.338788,239.268024,181.074841,28.552935,14.886910
415,11dd74426e8374ac110c4036c77c09ab_000000000455,0.338788,341.878764,217.092744,76.782188,26.805799
415,11dd74426e8374ac110c4036c77c09ab_000000000455,0.338788,318.019198,116.483676,64.199211,20.811211
416,11dd74426e8374ac110c4036c77c09ab_000000000456,0.338788,241.302264,181.093844,30.246443,10.586240
416,11dd74426e8374ac110c4036c77c09ab_000000000456,0.338788,347.068923,218.008490,76.354942,26.576584
416,11dd74426e8374ac110c4036c77c09ab_000000000456,0.338788,318.672292,116.911153,63.128174,20.947933
417,11dd74426e8374ac110c4036c77c09ab_000000000457,0.344520,245.495340,185.204424,30.760670,10.720414
417,11dd74426e8374ac110c4036c77c09ab_000000000457,0.344520,351.497252,221.701054,77.066734,26.853642
417,11dd74426e8374ac110c4036c77c09ab_000000000457,0.344520,327.176133,121.049702,64.290520,21.195532
418,11dd74426e8374ac110c4036c77c09ab_000000000458,0.338788,242.471585,181.843215,30.251717,10.545618
418,11dd74426e8374ac110c4036c77c09ab_000000000458,0.338788,343.942388,219.033685,76.040390,26.615499
418,11dd74426e8374ac110c4036c77c09ab_000000000458,0.338788,319.392962,117.255421,63.542126,20.824535
419,11dd74426e8374ac110c4036c77c09ab_000000000459,0.338788,241.173709,181.601944,30.104736,10.499165
419,11dd74426e8374ac110c4036c77c09ab_000000000459,0.338788,344.722466,218.296514,76.249489,26.423183
419,11dd74426e8374ac110c4036c77c09ab_000000000459,0.338788,320.002777,117.514961,60.892921,20.602190
420,11dd74426e8374ac110c4036c77c09ab_000000000460,0.344520,247.459679,184.163062,29.477129,13.993359
420,11dd74426e8374ac110c4036c77c09ab_000000000460,0.344520,345.789975,219.267836,80.254974,27.744234
420,11dd74426e8374ac110c4036c77c09ab_000000000460,0.344520,325.432104,118.609871,61.949657,21.002892
421,11dd74426e8374ac110c4036c77c09ab_000000000461,0.344520,243.243383,183.517527,30.229107,10.625810
421,11dd74426e8374ac110c4036c77c09ab_000000000461,0.344520,350.245106,220.700884,77.547806,26.861242
421,11dd74426e8374ac110c4036c77c09ab_000000000461,0.344520,323.187316,116.928777,62.284527,21.128164
422,11dd74426e8374ac110c4036c77c09ab_000000000462,0.344520,244.811577,184.760947,30.229107,10.714110
422,11dd74426e8374ac110c4036c77c09ab_000000000462,0.344520,346.674239,220.569355,77.321968,26.899082
422,11dd74426e8374ac110c4036c77c09ab_000000000462,0.344520,326.077617,119.046830,61.806267,20.924871
423,11dd74426e8374ac110c4036c77c09ab_000000000463,0.344520,244.836643,184.760631,30.435137,10.714110
423,11dd74426e8374ac110c4036c77c09ab_000000000463,0.344520,349.218526,220.217958,77.528000,26.993214
423,11dd74426e8374ac110c4036c77c09ab_000000000463,0.344520,325.899111,119.021470,61.845715,19.897682
424,11dd74426e8374ac110c4036c77c09ab_000000000464,0.344520,247.545157,184.642980,30.229107,10.537514
424,11dd74426e8374ac110c4036c77c09ab_000000000464,0.344520,348.202018,218.251370,77.345055,26.607426
424,11dd74426e8374ac110c4036c77c09ab_000000000464,0.344520,329.426346,119.172324,61.616386,19.727993
425,11dd74426e8374ac110c4036c77c09ab_000000000465,0.344520,246.952088,185.757079,30.135891,10.458607
425,11dd74426e8374ac110c4036c77c09ab_000000000465,0.344520,350.884080,219.898777,77.256149,26.386049
425,11dd74426e8374ac110c4036c77c09ab_000000000465,0.344520,323.849652,120.200828,61.572731,19.620178
426,11dd74426e8374ac110c4036c77c09ab_000000000466,0.344520,254.193326,185.945488,27.297171,13.943999
426,11dd74426e8374ac110c4036c77c09ab_000000000466,0.344520,348.337248,219.543952,77.439644,26.778444
426,11dd74426e8374ac110c4036c77c09ab_000000000466,0.344520,325.977966,119.564357,54.847980,17.320410
427,11dd74426e8374ac110c4036c77c09ab_000000000467,0.344520,254.015683,186.125907,28.875795,10.258505
427,11dd74426e8374ac110c4036c77c09ab_000000000467,0.344520,348.414147,218.845218,77.134315,26.721266
427,11dd74426e8374ac110c4036c77c09ab_000000000467,0.344520,324.610713,118.999475,55.780796,16.834204
428,11dd74426e8374ac110c4036c77c09ab_000000000468,0.344520,251.299703,186.157323,27.887465,13.250391
428,11dd74426e8374ac110c4036c77c09ab_000000000468,0.344520,344.395786,217.904137,77.141930,26.804451
428,11dd74426e8374ac110c4036c77c09ab_000000000468,0.344520,322.688683,117.965745,55.906376,14.563200
429,11dd74426e8374ac110c4036c77c09ab_000000000469,0.344520,252.332970,187.532776,28.195566,13.250391
429,11dd74426e8374ac110c4036c77c09ab_000000000469,0.344520,347.981962,220.100938,79.490822,28.072447
429,11dd74426e8374ac110c4036c77c09ab_000000000469,0.344520,325.790040,119.153441,54.224545,14.870238
430,11dd74426e8374ac110c4036c77c09ab_000000000470,0.338788,251.087035,183.799561,29.818449,11.935314
430,11dd74426e8374ac110c4036c77c09ab_000000000470,0.338788,340.169706,215.636413,74.990440,26.926109
430,11dd74426e8374ac110c4036c77c09ab_000000000470,0.338788,315.769266,115.521384,53.575596,14.099445
431,11dd74426e8374ac110c4036c77c09ab_000000000471,0.327869,241.880743,178.019059,28.309065,10.258059
431,11dd74426e8374ac110c4036c77c09ab_000000000471,0.327869,328.109251,209.061519,74.598366,27.944136
431,11dd74426e8374ac110c4036c77c09ab_000000000471,0.327869,306.222584,111.974037,52.430500,14.229989
432,11dd74426e8374ac110c4036c77c09ab_000000000472,0.344520,254.617269,186.431821,29.234236,11.895308
432,11dd74426e8374ac110c4036c77c09ab_000000000472,0.344520,345.383444,218.467431,78.994484,27.987226
432,11dd74426e8374ac110c4036c77c09ab_000000000472,0.344520,317.839889,116.036534,54.324512,14.856243
433,11dd74426e8374ac110c4036c77c09ab_000000000473,0.338788,252.735589,184.514979,25.712233,10.713430
433,11dd74426e8374ac110c4036c77c09ab_000000000473,0.338788,342.406467,215.904276,76.994225,26.632145
433,11dd74426e8374ac110c4036c77c09ab_000000000473,0.338788,318.142749,115.746888,54.218723,14.610478
434,11dd74426e8374ac110c4036c77c09ab_000000000474,0.333241,247.307127,180.795062,24.659817,8.997501
434,11dd74426e8374ac110c4036c77c09ab_000000000474,0.333241,335.822439,211.757959,76.086739,26.309090
434,11dd74426e8374ac110c4036c77c09ab_000000000474,0.333241,310.320753,113.547117,53.663197,14.276201
435,11dd74426e8374ac110c4036c77c09ab_000000000475,0.344520,259.558122,186.570731,19.976257,17.296520
435,11dd74426e8374ac110c4036c77c09ab_000000000475,0.344520,346.470900,219.057872,78.502518,27.301481
435,11dd74426e8374ac110c4036c77c09ab_000000000475,0.344520,321.216438,116.506885,57.119495,15.569445
436,11dd74426e8374ac110c4036c77c09ab_000000000476,0.344520,260.516761,187.020853,21.226343,14.938539
436,11dd74426e8374ac110c4036c77c09ab_000000000476,0.344520,345.819057,219.504063,79.078255,27.378323
436,11dd74426e8374ac110c4036c77c09ab_000000000476,0.344520,321.586339,117.185980,56.988197,15.380172
437,11dd74426e8374ac110c4036c77c09ab_000000000477,0.344520,257.303893,187.976780,22.660969,10.241010
437,11dd74426e8374ac110c4036c77c09ab_000000000477,0.344520,347.066934,219.485137,79.252914,27.826836
437,11dd74426e8374ac110c4036c77c09ab_000000000477,0.344520,323.061338,116.965849,59.297474,15.776215
438,11dd74426e8374ac110c4036c77c09ab_000000000478,0.344520,257.937631,187.248480,21.462561,12.419959
438,11dd74426e8374ac110c4036c77c09ab_000000000478,0.344520,347.312855,219.641879,79.292572,27.756866
438,11dd74426e8374ac110c4036c77c09ab_000000000478,0.344520,324.065482,116.483081,59.861946,16.173420
439,11dd74426e8374ac110c4036c77c09ab_000000000479,0.344520,258.204664,187.251003,22.648920,11.709638
439,11dd74426e8374ac110c4036c77c09ab_000000000479,0.344520,347.546370,219.496913,79.441406,27.104345
439,11dd74426e8374ac110c4036c77c09ab_000000000479,0.344520,324.022985,115.903858,60.221336,16.226234
440,11dd74426e8374ac110c4036c77c09ab_000000000480,0.337676,253.424153,183.438760,22.449869,10.926903
440,11dd74426e8374ac110c4036c77c09ab_000000000480,0.337676,339.808164,214.241164,77.845039,26.162214
440,11dd74426e8374ac110c4036c77c09ab_000000000480,0.337676,318.399126,114.653298,58.115643,15.873526
441,11dd74426e8374ac110c4036c77c09ab_000000000481,0.337676,253.429965,183.753353,23.041319,10.078095
441,11dd74426e8374ac110c4036c77c09ab_000000000481,0.337676,341.569339,215.176616,77.639473,26.256227
441,11dd74426e8374ac110c4036c77c09ab_000000000481,0.337676,318.007266,113.810231,58.113209,15.778766
442,11dd74426e8374ac110c4036c77c09ab_000000000482,0.337676,251.668522,184.304632,22.922728,9.999066
442,11dd74426e8374ac110c4036c77c09ab_000000000482,0.337676,344.481176,216.057038,76.962883,26.379326
442,11dd74426e8374ac110c4036c77c09ab_000000000482,0.337676,319.241110,115.258535,57.654533,15.909495
443,11dd74426e8374ac110c4036c77c09ab_000000000483,0.337676,253.794867,183.257824,22.922749,9.999066
443,11dd74426e8374ac110c4036c77c09ab_000000000483,0.337676,342.749865,215.421464,76.881721,26.024168
443,11dd74426e8374ac110c4036c77c09ab_000000000483,0.337676,316.379479,114.092683,58.378525,16.405867
444,11dd74426e8374ac110c4036c77c09ab_000000000484,0.338788,253.440750,184.256649,22.773930,10.191657
444,11dd74426e8374ac110c4036c77c09ab_000000000484,0.338788,343.562802,216.357496,77.235001,26.394869
444,11dd74426e8374ac110c4036c77c09ab_000000000484,0.338788,320.464310,116.331011,56.503811,14.632392
445,11dd74426e8374ac110c4036c77c09ab_000000000485,0.343351,258.442353,187.392711,22.378681,13.141524
445,11dd74426e8374ac110c4036c77c09ab_000000000485,0.343351,349.627767,221.302501,78.605789,26.756718
445,11dd74426e8374ac110c4036c77c09ab_000000000485,0.343351,321.648994,117.813941,58.342037,14.694765
446,11dd74426e8374ac110c4036c77c09ab_000000000486,0.343351,258.998014,187.132390,22.473907,13.141517
446,11dd74426e8374ac110c4036c77c09ab_000000000486,0.343351,348.631413,219.970319,78.370407,26.728458
446,11dd74426e8374ac110c4036c77c09ab_000000000486,0.343351,322.372307,117.843427,59.524734,15.079508
447,11dd74426e8374ac110c4036c77c09ab_000000000487,0.343351,257.597116,187.202888,22.180452,14.008721
447,11dd74426e8374ac110c4036c77c09ab_000000000487,0.343351,348.831023,220.694931,78.057991,26.892878
447,11dd74426e8374ac110c4036c77c09ab_000000000487,0.343351,323.133991,117.353486,58.425968,13.079453
448,11dd74426e8374ac110c4036c77c09ab_000000000488,0.343351,255.678425,187.111329,24.924788,10.204591
448,11dd74426e8374ac110c4036c77c09ab_000000000488,0.343351,348.320566,220.689734,77.409088,26.680735
448,11dd74426e8374ac110c4036c77c09ab_000000000488,0.343351,323.042159,117.307968,57.821728,12.465095
449,11dd74426e8374ac110c4036c77c09ab_000000000489,0.344520,257.263247,188.240175,26.200546,9.517063
449,11dd74426e8374ac110c4036c77c09ab_000000000489,0.344520,352.490672,222.041326,77.674225,26.511522
449,11dd74426e8374ac110c4036c77c09ab_000000000489,0.344520,325.315504,118.406668,60.682224,13.491849
450,11dd74426e8374ac110c4036c77c09ab_000000000490,0.344520,255.253530,188.543754,25.602535,9.260491
450,11dd74426e8374ac110c4036c77c09ab_000000000490,0.344520,348.943355,221.203114,77.234535,26.345886
450,11dd74426e8374ac110c4036c77c09ab_000000000490,0.344520,325.311151,118.903966,63.440365,18.259104
451,11dd74426e8374ac110c4036c77c09ab_000000000491,0.344520,255.614746,187.138441,26.583086,9.369448
451,11dd74426e8374ac110c4036c77c09ab_000000000491,0.344520,348.814896,222.153510,77.670357,26.463690
451,11dd74426e8374ac110c4036c77c09ab_000000000491,0.344520,323.140109,116.845528,60.278763,13.627584
452,11dd74426e8374ac110c4036c77c09ab_000000000492,0.344520,255.596831,188.084358,27.236736,9.260491
452,11dd74426e8374ac110c4036c77c09ab_000000000492,0.344520,350.067715,221.336515,77.343758,26.762201
452,11dd74426e8374ac110c4036c77c09ab_000000000492,0.344520,324.929559,117.803736,60.901356,13.836259
453,11dd74426e8374ac110c4036c77c09ab_000000000493,0.337676,252.666340,183.921655,25.414242,9.396859
453,11dd74426e8374ac110c4036c77c09ab_000000000493,0.337676,344.435215,217.887339,75.686211,26.101177
453,11dd74426e8374ac110c4036c77c09ab_000000000493,0.337676,323.066429,116.620306,54.572227,11.262659
454,11dd74426e8374ac110c4036c77c09ab_000000000494,0.338788,252.986496,184.699820,25.101673,10.191662
454,11dd74426e8374ac110c4036c77c09ab_000000000494,0.338788,344.618559,219.332089,75.727859,26.375473
454,11dd74426e8374ac110c4036c77c09ab_000000000494,0.338788,324.318174,116.328746,53.151657,12.358725
455,11dd74426e8374ac110c4036c77c09ab_000000000495,0.338788,252.551948,185.046507,25.456715,9.952707
455,11dd74426e8374ac110c4036c77c09ab_000000000495,0.338788,346.716549,220.391879,74.782295,25.711756
455,11dd74426e8374ac110c4036c77c09ab_000000000495,0.338788,322.054118,116.285633,53.532154,11.097100
456,11dd74426e8374ac110c4036c77c09ab_000000000496,0.344520,257.238034,188.539632,25.437845,10.292875
456,11dd74426e8374ac110c4036c77c09ab_000000000496,0.344520,351.165328,222.806572,75.060211,25.901899
456,11dd74426e8374ac110c4036c77c09ab_000000000496,0.344520,326.109180,117.873917,53.552200,12.432323
457,11dd74426e8374ac110c4036c77c09ab_000000000497,0.344520,257.790962,188.572899,25.437824,10.168001
457,11dd74426e8374ac110c4036c77c09ab_000000000497,0.344520,351.127078,222.261888,74.958313,26.001629
457,11dd74426e8374ac110c4036c77c09ab_000000000497,0.344520,329.471156,118.593227,52.316311,16.921120
458,11dd74426e8374ac110c4036c77c09ab_000000000498,0.344520,257.459563,189.091404,24.773533,10.569045
458,11dd74426e8374ac110c4036c77c09ab_000000000498,0.344520,347.964509,222.465900,75.173340,26.474098
458,11dd74426e8374ac110c4036c77c09ab_000000000498,0.344520,325.444132,118.181333,50.258018,12.454897
459,11dd74426e8374ac110c4036c77c09ab_000000000499,0.344520,257.801497,189.247220,24.642382,10.494085
459,11dd74426e8374ac110c4036c77c09ab_000000000499,0.344520,351.749334,223.656876,75.056343,25.810900
459,11dd74426e8374ac110c4036c77c09ab_000000000499,0.344520,324.579992,118.031457,49.919239,12.587752
460,11dd74426e8374ac110c4036c77c09ab_000000000500,0.344520,264.560566,191.081901,28.492647,11.261087
460,11dd74426e8374ac110c4036c77c09ab_000000000500,0.344520,363.649611,219.063003,61.299496,24.119410
461,11dd74426e8374ac110c4036c77c09ab_000000000501,0.344520,260.374108,190.512782,24.757027,11.263206
461,11dd74426e8374ac110c4036c77c09ab_000000000501,0.344520,356.572726,221.569440,60.699825,24.299839
462,11dd74426e8374ac110c4036c77c09ab_000000000502,0.344520,259.913051,190.777186,24.611809,11.448430
462,11dd74426e8374ac110c4036c77c09ab_000000000502,0.344520,355.337886,222.026186,60.915150,23.976126
463,11dd74426e8374ac110c4036c77c09ab_000000000503,0.344520,262.465918,189.887518,23.727440,11.401506
463,11dd74426e8374ac110c4036c77c09ab_000000000503,0.344520,361.097165,222.318410,61.200497,24.484974
464,11dd74426e8374ac110c4036c77c09ab_000000000504,0.344520,260.439757,190.071764,23.111134,11.401490
464,11dd74426e8374ac110c4036c77c09ab_000000000504,0.344520,357.546821,222.670144,61.241753,23.918242
465,11dd74426e8374ac110c4036c77c09ab_000000000505,0.338788,256.098970,188.239357,22.605341,10.820562
465,11dd74426e8374ac110c4036c77c09ab_000000000505,0.338788,353.074933,219.998087,59.982552,23.434954
466,11dd74426e8374ac110c4036c77c09ab_000000000506,0.344520,260.712026,190.524158,22.340778,11.093353
466,11dd74426e8374ac110c4036c77c09ab_000000000506,0.344520,358.011410,221.993824,61.119244,23.968325
467,11dd74426e8374ac110c4036c77c09ab_000000000507,0.333241,250.074709,184.200163,22.547083,10.731114
467,11dd74426e8374ac110c4036c77c09ab_000000000507,0.333241,346.245305,214.771058,58.802067,22.972847
468,11dd74426e8374ac110c4036c77c09ab_000000000508,0.338788,254.969620,187.425388,22.320501,10.909803
468,11dd74426e8374ac110c4036c77c09ab_000000000508,0.338788,353.315211,219.483101,60.102360,23.141041
469,11dd74426e8374ac110c4036c77c09ab_000000000509,0.338788,255.274207,186.526474,22.205822,10.748386
469,11dd74426e8374ac110c4036c77c09ab_000000000509,0.338788,352.561580,218.938711,60.102322,23.248154
470,11dd74426e8374ac110c4036c77c09ab_000000000510,0.338788,255.712250,187.165817,21.817551,10.605760
470,11dd74426e8374ac110c4036c77c09ab_000000000510,0.338788,353.180680,219.201301,59.888054,23.033882
471,11dd74426e8374ac110c4036c77c09ab_000000000511,0.338788,256.775885,186.410325,21.211519,10.605760
471,11dd74426e8374ac110c4036c77c09ab_000000000511,0.338788,352.927705,217.967651,59.766674,23.109077
472,11dd74426e8374ac110c4036c77c09ab_000000000512,0.333241,252.027292,181.481598,20.368937,10.150643
472,11dd74426e8374ac110c4036c77c09ab_000000000512,0.333241,347.037281,214.253075,58.077091,21.956863
473,11dd74426e8374ac110c4036c77c09ab_000000000513,0.333241,251.714798,182.555336,19.441317,10.744584
473,11dd74426e8374ac110c4036c77c09ab_000000000513,0.333241,344.736651,215.317477,60.018486,21.511827
474,11dd74426e8374ac110c4036c77c09ab_000000000514,0.338788,255.590188,185.422950,18.633366,9.147288
474,11dd74426e8374ac110c4036c77c09ab_000000000514,0.338788,361.356226,219.332979,69.720650,20.204439
475,11dd74426e8374ac110c4036c77c09ab_000000000515,0.338788,251.359778,185.627373,19.605604,8.892153
475,11dd74426e8374ac110c4036c77c09ab_000000000515,0.338788,367.159260,223.346621,82.147430,28.552553
476,11dd74426e8374ac110c4036c77c09ab_000000000516,0.344520,252.134761,186.731384,20.482019,9.151546
476,11dd74426e8374ac110c4036c77c09ab_000000000516,0.344520,370.215308,220.828986,79.657745,22.570349
477,11dd74426e8374ac110c4036c77c09ab_000000000517,0.338788,252.429410,184.611091,22.605341,10.284888
477,11dd74426e8374ac110c4036c77c09ab_000000000517,0.338788,370.803883,222.404820,83.323181,31.630396
478,11dd74426e8374ac110c4036c77c09ab_000000000518,0.338788,250.826802,184.720477,21.047729,12.685009
478,11dd74426e8374ac110c4036c77c09ab_000000000518,0.338788,389.198500,240.178043,3.944082,1.068195
478,11dd74426e8374ac110c4036c77c09ab_000000000518,0.338788,394.799138,218.961436,15.562763,6.107580
478,11dd74426e8374ac110c4036c77c09ab_000000000518,0.338788,361.024509,222.373266,63.765594,23.087563
479,11dd74426e8374ac110c4036c77c09ab_000000000519,0.345599,255.493141,188.815766,23.183502,11.746305
479,11dd74426e8374ac110c4036c77c09ab_000000000519,0.345599,364.996541,227.134536,68.316040,22.282326
480,11dd74426e8374ac110c4036c77c09ab_000000000520,0.345599,256.748890,187.214629,22.759583,12.742997
480,11dd74426e8374ac110c4036c77c09ab_000000000520,0.345599,361.901169,225.283333,68.674171,22.721855
481,11dd74426e8374ac110c4036c77c09ab_000000000521,0.344520,256.210361,187.642962,22.263794,13.186288
481,11dd74426e8374ac110c4036c77c09ab_000000000521,0.344520,361.456868,225.814755,69.014832,23.079798
482,11dd74426e8374ac110c4036c77c09ab_000000000522,0.344520,255.483448,187.525942,23.810730,10.080599
482,11dd74426e8374ac110c4036c77c09ab_000000000522,0.344520,362.429953,226.162346,69.893669,23.327478
483,11dd74426e8374ac110c4036c77c09ab_000000000523,0.351581,260.582519,191.439997,24.173229,10.441432
483,11dd74426e8374ac110c4036c77c09ab_000000000523,0.351581,365.703454,229.243889,71.266235,23.570124
484,11dd74426e8374ac110c4036c77c09ab_000000000524,0.350446,259.386385,189.988857,23.038467,11.754321
484,11dd74426e8374ac110c4036c77c09ab_000000000524,0.350446,366.661536,230.259561,71.682426,24.481234
485,11dd74426e8374ac110c4036c77c09ab_000000000525,0.350446,258.822750,190.490078,23.038446,11.754321
485,11dd74426e8374ac110c4036c77c09ab_000000000525,0.350446,366.060405,230.460687,71.897003,23.948256
486,11dd74426e8374ac110c4036c77c09ab_000000000526,0.344520,253.358057,187.175870,23.911180,10.309172
486,11dd74426e8374ac110c4036c77c09ab_000000000526,0.344520,362.312786,225.843479,70.385674,22.772186
487,11dd74426e8374ac110c4036c77c09ab_000000000527,0.344520,253.880537,187.568271,23.809889,10.309161
487,11dd74426e8374ac110c4036c77c09ab_000000000527,0.344520,362.820020,226.996752,70.182083,22.817017
488,11dd74426e8374ac110c4036c77c09ab_000000000528,0.344520,255.431678,186.912539,23.667614,10.222137
488,11dd74426e8374ac110c4036c77c09ab_000000000528,0.344520,358.719419,223.087210,70.036995,22.386446
489,11dd74426e8374ac110c4036c77c09ab_000000000529,0.344520,255.096094,187.666219,23.667614,10.102762
489,11dd74426e8374ac110c4036c77c09ab_000000000529,0.344520,358.312319,223.864211,70.532364,22.072309
490,11dd74426e8374ac110c4036c77c09ab_000000000530,0.345599,254.472734,187.369436,24.067032,10.024680
490,11dd74426e8374ac110c4036c77c09ab_000000000530,0.345599,363.281920,224.542501,70.128197,22.049368
491,11dd74426e8374ac110c4036c77c09ab_000000000531,0.344520,254.237800,187.911047,24.077280,10.241010
491,11dd74426e8374ac110c4036c77c09ab_000000000531,0.344520,362.755759,226.212413,67.663284,21.430855
492,11dd74426e8374ac110c4036c77c09ab_000000000532,0.344520,254.629906,186.746671,23.633907,12.053296
492,11dd74426e8374ac110c4036c77c09ab_000000000532,0.344520,364.148308,224.783296,66.941650,21.484650
493,11dd74426e8374ac110c4036c77c09ab_000000000533,0.345599,255.278702,188.344027,24.110823,11.591741
493,11dd74426e8374ac110c4036c77c09ab_000000000533,0.345599,366.632947,227.205579,66.927017,21.930796
494,11dd74426e8374ac110c4036c77c09ab_000000000534,0.345599,255.588484,188.728185,24.810753,9.806951
494,11dd74426e8374ac110c4036c77c09ab_000000000534,0.345599,370.026035,228.896660,65.932709,21.672455
495,11dd74426e8374ac110c4036c77c09ab_000000000535,0.327869,241.682229,179.407979,23.313749,10.703811
495,11dd74426e8374ac110c4036c77c09ab_000000000535,0.327869,344.174244,215.258949,64.050011,21.538656
496,11dd74426e8374ac110c4036c77c09ab_000000000536,0.345599,254.914014,187.596087,24.110823,11.282628
496,11dd74426e8374ac110c4036c77c09ab_000000000536,0.345599,369.391664,228.947770,67.298607,21.477165
497,11dd74426e8374ac110c4036c77c09ab_000000000537,0.345599,256.057397,188.753350,24.856548,10.873074
497,11dd74426e8374ac110c4036c77c09ab_000000000537,0.345599,368.962703,228.289099,66.573364,21.362526
498,11dd74426e8374ac110c4036c77c09ab_000000000538,0.338788,250.290725,184.852237,23.484177,10.454242
498,11dd74426e8374ac110c4036c77c09ab_000000000538,0.338788,359.206086,224.958637,64.864960,21.245384
499,11dd74426e8374ac110c4036c77c09ab_000000000539,0.338788,251.784545,184.849425,23.321959,11.345820
499,11dd74426e8374ac110c4036c77c09ab_000000000539,0.338788,358.932970,223.286345,64.721786,21.148529
500,11dd74426e8374ac110c4036c77c09ab_000000000540,0.344520,256.365925,188.154276,23.892424,11.845827
500,11dd74426e8374ac110c4036c77c09ab_000000000540,0.344520,369.013272,226.375610,63.664837,21.423595
501,11dd74426e8374ac110c4036c77c09ab_000000000541,0.338788,253.365565,185.928445,22.869709,11.813268
501,11dd74426e8374ac110c4036c77c09ab_000000000541,0.338788,360.949200,224.921334,65.072403,21.844231
502,11dd74426e8374ac110c4036c77c09ab_000000000542,0.338788,251.249998,184.184069,24.384497,10.397847
502,11dd74426e8374ac110c4036c77c09ab_000000000542,0.338788,359.139047,220.647955,58.113510,25.893248
503,11dd74426e8374ac110c4036c77c09ab_000000000543,0.338788,254.378932,185.222353,24.135223,10.482270
503,11dd74426e8374ac110c4036c77c09ab_000000000543,0.338788,361.326698,222.438567,60.736557,20.415070
504,11dd74426e8374ac110c4036c77c09ab_000000000553,0.345599,373.732449,228.173252,67.554855,20.968739
504,11dd74426e8374ac110c4036c77c09ab_000000000553,0.345599,257.062659,189.882959,28.732365,10.329030
504,11dd74426e8374ac110c4036c77c09ab_000000000553,0.345599,299.041836,118.126869,56.737061,28.611847
504,11dd74426e8374ac110c4036c77c09ab_000000000553,0.345599,362.356709,125.232435,45.816204,19.336327
504,11dd74426e8374ac110c4036c77c09ab_000000000553,0.345599,297.751494,203.348472,31.354900,12.606537
505,11dd74426e8374ac110c4036c77c09ab_000000000554,0.338788,354.706758,222.309722,65.356972,21.542553
505,11dd74426e8374ac110c4036c77c09ab_000000000554,0.338788,250.242897,186.084481,26.065950,9.858271
505,11dd74426e8374ac110c4036c77c09ab_000000000554,0.338788,289.949259,112.730401,53.369789,24.538038
505,11dd74426e8374ac110c4036c77c09ab_000000000554,0.338788,350.501141,121.553934,39.638126,14.351731
505,11dd74426e8374ac110c4036c77c09ab_000000000554,0.338788,293.373289,200.280201,28.059082,12.733030
506,11dd74426e8374ac110c4036c77c09ab_000000000555,0.333241,349.420286,218.805766,63.534801,20.992725
506,11dd74426e8374ac110c4036c77c09ab_000000000555,0.333241,247.537166,183.051475,25.313688,10.846414
506,11dd74426e8374ac110c4036c77c09ab_000000000555,0.333241,285.291369,110.545113,52.457191,23.939878
506,11dd74426e8374ac110c4036c77c09ab_000000000555,0.333241,346.167487,120.153589,39.743927,14.977115
506,11dd74426e8374ac110c4036c77c09ab_000000000555,0.333241,288.109576,196.115168,26.063663,15.619719
507,11dd74426e8374ac110c4036c77c09ab_000000000556,0.345599,367.617727,227.547592,66.190468,21.046215
507,11dd74426e8374ac110c4036c77c09ab_000000000556,0.345599,256.896272,189.274681,26.274633,12.209965
507,11dd74426e8374ac110c4036c77c09ab_000000000556,0.345599,298.963178,114.438057,52.408722,24.875158
507,11dd74426e8374ac110c4036c77c09ab_000000000556,0.345599,359.752651,122.810774,36.545528,16.177277
507,11dd74426e8374ac110c4036c77c09ab_000000000556,0.345599,300.195978,204.160390,27.735035,12.988021
508,11dd74426e8374ac110c4036c77c09ab_000000000557,0.345599,368.997085,227.342224,65.873726,20.920708
508,11dd74426e8374ac110c4036c77c09ab_000000000557,0.345599,258.843367,190.959918,26.378647,11.438015
508,11dd74426e8374ac110c4036c77c09ab_000000000557,0.345599,304.007206,117.796278,51.696640,24.780209
508,11dd74426e8374ac110c4036c77c09ab_000000000557,0.345599,360.374408,124.835378,36.035061,16.563465
508,11dd74426e8374ac110c4036c77c09ab_000000000557,0.345599,301.786441,204.855363,27.087332,13.036083
509,11dd74426e8374ac110c4036c77c09ab_000000000558,0.345599,369.073023,228.624467,65.534836,20.460506
509,11dd74426e8374ac110c4036c77c09ab_000000000558,0.345599,257.363813,190.343920,24.271704,11.085755
509,11dd74426e8374ac110c4036c77c09ab_000000000558,0.345599,299.361406,116.149209,51.174465,25.872059
509,11dd74426e8374ac110c4036c77c09ab_000000000558,0.345599,360.164906,124.422553,36.743092,16.899910
509,11dd74426e8374ac110c4036c77c09ab_000000000558,0.345599,301.948673,205.095430,26.440578,13.027746
510,11dd74426e8374ac110c4036c77c09ab_000000000559,0.345599,367.370509,227.309466,65.468895,20.495480
510,11dd74426e8374ac110c4036c77c09ab_000000000559,0.345599,257.610862,189.958622,24.152630,10.600927
510,11dd74426e8374ac110c4036c77c09ab_000000000559,0.345599,300.154655,116.137196,50.614616,25.586800
510,11dd74426e8374ac110c4036c77c09ab_000000000559,0.345599,357.223307,124.767498,36.830040,16.174629
510,11dd74426e8374ac110c4036c77c09ab_000000000559,0.345599,302.293555,205.051851,26.007566,13.151349
511,11dd74426e8374ac110c4036c77c09ab_000000000560,0.345599,366.355059,227.960797,65.394646,20.294151
511,11dd74426e8374ac110c4036c77c09ab_000000000560,0.345599,258.004787,191.444166,24.403202,11.151610
511,11dd74426e8374ac110c4036c77c09ab_000000000560,0.345599,298.504454,116.519561,55.252171,29.136625
511,11dd74426e8374ac110c4036c77c09ab_000000000560,0.345599,356.968284,126.015696,34.823738,16.782913
511,11dd74426e8374ac110c4036c77c09ab_000000000560,0.345599,301.441686,205.404052,25.979786,13.296321
512,11dd74426e8374ac110c4036c77c09ab_000000000561,0.351581,373.240048,231.486014,66.723404,20.489437
512,11dd74426e8374ac110c4036c77c09ab_000000000561,0.351581,262.102061,192.986448,25.015425,10.450906
512,11dd74426e8374ac110c4036c77c09ab_000000000561,0.351581,306.057274,117.163270,52.585842,26.455210
512,11dd74426e8374ac110c4036c77c09ab_000000000561,0.351581,366.568073,125.790712,37.214481,16.122343
512,11dd74426e8374ac110c4036c77c09ab_000000000561,0.351581,305.941461,206.827901,25.786032,13.836407
513,11dd74426e8374ac110c4036c77c09ab_000000000562,0.344520,364.887773,226.577961,65.383400,20.077950
513,11dd74426e8374ac110c4036c77c09ab_000000000562,0.344520,255.927599,189.353137,24.404137,10.241010
513,11dd74426e8374ac110c4036c77c09ab_000000000562,0.344520,297.193494,114.994088,55.998730,27.345688
513,11dd74426e8374ac110c4036c77c09ab_000000000562,0.344520,357.605152,124.219610,36.336693,15.798548
513,11dd74426e8374ac110c4036c77c09ab_000000000562,0.344520,298.416264,203.955494,24.933786,13.944010
514,11dd74426e8374ac110c4036c77c09ab_000000000563,0.345599,369.592602,229.566659,65.896469,20.110310
514,11dd74426e8374ac110c4036c77c09ab_000000000563,0.345599,259.491997,191.172944,23.975864,9.938649
514,11dd74426e8374ac110c4036c77c09ab_000000000563,0.345599,301.719258,115.783782,56.871323,28.074097
514,11dd74426e8374ac110c4036c77c09ab_000000000563,0.345599,361.165253,127.257260,36.942638,16.109970
514,11dd74426e8374ac110c4036c77c09ab_000000000563,0.345599,304.033257,206.511661,24.250568,14.186085
515,11dd74426e8374ac110c4036c77c09ab_000000000564,0.345599,367.372745,228.799967,65.664101,20.092031
515,11dd74426e8374ac110c4036c77c09ab_000000000564,0.345599,256.943015,190.099971,23.878242,9.874103
515,11dd74426e8374ac110c4036c77c09ab_000000000564,0.345599,299.996115,114.259352,57.241348,28.084246
515,11dd74426e8374ac110c4036c77c09ab_000000000564,0.345599,360.712287,126.163036,36.838017,16.330256
515,11dd74426e8374ac110c4036c77c09ab_000000000564,0.345599,302.378098,204.839585,24.250526,14.090239
516,11dd74426e8374ac110c4036c77c09ab_000000000565,0.345599,369.550752,228.459536,64.417252,20.093149
516,11dd74426e8374ac110c4036c77c09ab_000000000565,0.345599,257.292959,189.960204,23.846329,11.404766
516,11dd74426e8374ac110c4036c77c09ab_000000000565,0.345599,301.854089,115.221804,60.067204,27.101038
516,11dd74426e8374ac110c4036c77c09ab_000000000565,0.345599,363.169026,126.865350,35.716335,18.272053
516,11dd74426e8374ac110c4036c77c09ab_000000000565,0.345599,302.809717,205.246292,25.071112,13.809850
517,11dd74426e8374ac110c4036c77c09ab_000000000566,0.345599,369.349898,228.559836,63.641087,20.001656
517,11dd74426e8374ac110c4036c77c09ab_000000000566,0.345599,255.419629,189.315961,24.371202,10.382365
517,11dd74426e8374ac110c4036c77c09ab_000000000566,0.345599,300.622956,114.396418,60.437820,27.262596
517,11dd74426e8374ac110c4036c77c09ab_000000000566,0.345599,358.630846,126.576040,35.938622,16.108200
517,11dd74426e8374ac110c4036c77c09ab_000000000566,0.345599,301.463898,204.612617,24.540121,12.899781
518,11dd74426e8374ac110c4036c77c09ab_000000000567,0.345599,367.018962,227.403628,62.957905,20.470221
518,11dd74426e8374ac110c4036c77c09ab_000000000567,0.345599,255.390288,189.675672,24.043365,10.054496
518,11dd74426e8374ac110c4036c77c09ab_000000000567,0.345599,298.002572,114.605109,60.649242,27.299416
518,11dd74426e8374ac110c4036c77c09ab_000000000567,0.345599,354.910637,124.348029,36.772877,14.375453
518,11dd74426e8374ac110c4036c77c09ab_000000000567,0.345599,298.666664,203.572002,24.746332,13.708020
519,11dd74426e8374ac110c4036c77c09ab_000000000568,0.351581,374.509380,229.607445,62.692024,20.510166
519,11dd74426e8374ac110c4036c77c09ab_000000000568,0.351581,260.019676,193.446825,23.555946,10.899019
519,11dd74426e8374ac110c4036c77c09ab_000000000568,0.351581,304.334346,116.088129,66.027344,28.316345
519,11dd74426e8374ac110c4036c77c09ab_000000000568,0.351581,359.540138,126.354908,34.586552,15.443053
519,11dd74426e8374ac110c4036c77c09ab_000000000568,0.351581,305.662818,207.323513,24.957592,14.273313
520,11dd74426e8374ac110c4036c77c09ab_000000000569,0.351581,372.991555,230.014518,62.303917,20.703178
520,11dd74426e8374ac110c4036c77c09ab_000000000569,0.351581,257.685171,192.995868,24.014843,10.339717
520,11dd74426e8374ac110c4036c77c09ab_000000000569,0.351581,304.706527,117.597596,65.839493,28.180710
520,11dd74426e8374ac110c4036c77c09ab_000000000569,0.351581,357.816652,126.364950,35.738716,13.451691
520,11dd74426e8374ac110c4036c77c09ab_000000000569,0.351581,303.771781,207.328728,24.865362,14.334136
521,11dd74426e8374ac110c4036c77c09ab_000000000570,0.351581,374.469682,230.665557,62.370571,21.091776
521,11dd74426e8374ac110c4036c77c09ab_000000000570,0.351581,256.426268,192.278607,23.836025,9.990775
521,11dd74426e8374ac110c4036c77c09ab_000000000570,0.351581,306.312140,118.115762,67.482964,27.984779
521,11dd74426e8374ac110c4036c77c09ab_000000000570,0.351581,358.334346,126.221756,35.945152,12.904979
521,11dd74426e8374ac110c4036c77c09ab_000000000570,0.351581,304.962552,207.749192,25.682535,13.341570
522,11dd74426e8374ac110c4036c77c09ab_000000000571,0.351581,371.720464,229.305111,62.400440,21.148138
522,11dd74426e8374ac110c4036c77c09ab_000000000571,0.351581,256.952417,191.767651,23.856926,10.045023
522,11dd74426e8374ac110c4036c77c09ab_000000000571,0.351581,302.630494,116.738009,68.264381,27.572588
522,11dd74426e8374ac110c4036c77c09ab_000000000571,0.351581,357.909826,125.531050,35.939659,12.380916
522,11dd74426e8374ac110c4036c77c09ab_000000000571,0.351581,303.856629,207.199310,24.767832,14.334135
523,11dd74426e8374ac110c4036c77c09ab_000000000572,0.345599,370.325524,226.865992,60.941475,20.556578
523,11dd74426e8374ac110c4036c77c09ab_000000000572,0.345599,255.371008,189.631586,22.198341,10.085366
523,11dd74426e8374ac110c4036c77c09ab_000000000572,0.345599,301.878304,113.833808,67.550339,27.424620
523,11dd74426e8374ac110c4036c77c09ab_000000000572,0.345599,353.414947,124.048151,36.464741,11.597341
523,11dd74426e8374ac110c4036c77c09ab_000000000572,0.345599,299.648259,203.999149,25.533592,12.152363
524,11dd74426e8374ac110c4036c77c09ab_000000000573,0.345599,369.592644,227.189506,60.791710,20.556463
524,11dd74426e8374ac110c4036c77c09ab_000000000573,0.345599,253.770736,189.351019,21.857595,10.054496
524,11dd74426e8374ac110c4036c77c09ab_000000000573,0.345599,303.143736,115.086804,67.925995,27.362499
524,11dd74426e8374ac110c4036c77c09ab_000000000573,0.345599,351.963132,123.648816,36.428841,12.623390
524,11dd74426e8374ac110c4036c77c09ab_000000000573,0.345599,300.808580,203.779838,22.482517,15.640040
525,11dd74426e8374ac110c4036c77c09ab_000000000574,0.344520,367.345426,225.606642,60.909851,20.190878
525,11dd74426e8374ac110c4036c77c09ab_000000000574,0.344520,252.582213,188.760236,22.225166,10.023119
525,11dd74426e8374ac110c4036c77c09ab_000000000574,0.344520,297.438805,115.241901,67.171165,26.983288
525,11dd74426e8374ac110c4036c77c09ab_000000000574,0.344520,349.870369,122.666440,33.568687,21.305756
525,11dd74426e8374ac110c4036c77c09ab_000000000574,0.344520,297.959855,203.251208,25.400478,11.809752
526,11dd74426e8374ac110c4036c77c09ab_000000000575,0.338788,360.316495,221.037218,57.554272,23.697306
526,11dd74426e8374ac110c4036c77c09ab_000000000575,0.338788,249.358974,184.141452,15.908645,18.029795
526,11dd74426e8374ac110c4036c77c09ab_000000000575,0.338788,294.922899,113.625811,69.103500,29.609467
526,11dd74426e8374ac110c4036c77c09ab_000000000575,0.338788,342.872342,119.116369,36.860489,13.161262
526,11dd74426e8374ac110c4036c77c09ab_000000000575,0.338788,292.545383,198.638802,23.228287,17.560053
527,11dd74426e8374ac110c4036c77c09ab_000000000576,0.338788,359.926549,221.212981,55.869038,23.596954
527,11dd74426e8374ac110c4036c77c09ab_000000000576,0.338788,249.285815,185.474790,21.927639,9.873402
527,11dd74426e8374ac110c4036c77c09ab_000000000576,0.338788,292.321854,111.533941,69.937920,29.793526
527,11dd74426e8374ac110c4036c77c09ab_000000000576,0.338788,342.792070,120.655547,34.550156,19.470823
527,11dd74426e8374ac110c4036c77c09ab_000000000576,0.338788,294.117222,200.202493,22.698351,14.232750
528,11dd74426e8374ac110c4036c77c09ab_000000000577,0.338788,362.729163,221.795564,57.894859,19.580479
528,11dd74426e8374ac110c4036c77c09ab_000000000577,0.338788,249.358933,185.154550,22.879303,9.873402
528,11dd74426e8374ac110c4036c77c09ab_000000000577,0.338788,295.396508,114.745545,69.970337,30.383615
528,11dd74426e8374ac110c4036c77c09ab_000000000577,0.338788,344.297243,120.811583,36.131775,17.526203
528,11dd74426e8374ac110c4036c77c09ab_000000000577,0.338788,294.491804,199.917488,23.119209,13.497072
529,11dd74426e8374ac110c4036c77c09ab_000000000578,0.338788,361.372479,222.143864,57.505535,19.687065
529,11dd74426e8374ac110c4036c77c09ab_000000000578,0.338788,249.104283,185.420014,22.998264,9.794086
529,11dd74426e8374ac110c4036c77c09ab_000000000578,0.338788,293.083880,114.559391,70.224182,30.845974
529,11dd74426e8374ac110c4036c77c09ab_000000000578,0.338788,345.964076,121.634185,37.058151,16.224424
529,11dd74426e8374ac110c4036c77c09ab_000000000578,0.338788,293.615015,199.991743,23.941532,11.523589
530,11dd74426e8374ac110c4036c77c09ab_000000000579,0.338788,362.767004,221.421519,56.784161,19.444542
530,11dd74426e8374ac110c4036c77c09ab_000000000579,0.338788,250.139031,185.788620,21.723900,11.344699
530,11dd74426e8374ac110c4036c77c09ab_000000000579,0.338788,293.259994,114.607902,72.315681,30.426151
530,11dd74426e8374ac110c4036c77c09ab_000000000579,0.338788,339.970639,120.028631,31.351662,11.296447
530,11dd74426e8374ac110c4036c77c09ab_000000000579,0.338788,294.194723,199.725473,25.801044,11.597921
531,11dd74426e8374ac110c4036c77c09ab_000000000580,0.338788,361.300519,221.207812,54.641384,23.450554
531,11dd74426e8374ac110c4036c77c09ab_000000000580,0.338788,250.755318,185.413294,22.886065,9.883963
531,11dd74426e8374ac110c4036c77c09ab_000000000580,0.338788,296.091723,114.808365,73.376297,31.394609
531,11dd74426e8374ac110c4036c77c09ab_000000000580,0.338788,340.213502,119.223119,31.694380,12.272529
531,11dd74426e8374ac110c4036c77c09ab_000000000580,0.338788,295.535071,200.034505,25.863823,11.645005
532,11dd74426e8374ac110c4036c77c09ab_000000000581,0.338788,362.785779,221.400283,54.475792,22.237190
532,11dd74426e8374ac110c4036c77c09ab_000000000581,0.338788,249.607027,185.091358,23.058767,9.875381
532,11dd74426e8374ac110c4036c77c09ab_000000000581,0.338788,297.869639,113.559238,73.279900,31.711760
532,11dd74426e8374ac110c4036c77c09ab_000000000581,0.338788,359.833953,124.219794,2.300718,0.739520
532,11dd74426e8374ac110c4036c77c09ab_000000000581,0.338788,339.804119,119.679669,32.316910,11.591511
532,11dd74426e8374ac110c4036c77c09ab_000000000581,0.338788,294.235996,199.744165,27.039408,11.977239
533,11dd74426e8374ac110c4036c77c09ab_000000000582,0.338788,363.114932,222.388154,55.049568,22.721035
533,11dd74426e8374ac110c4036c77c09ab_000000000582,0.338788,251.478325,186.441156,23.196526,9.794096
533,11dd74426e8374ac110c4036c77c09ab_000000000582,0.338788,297.099404,115.875991,73.815559,32.783112
533,11dd74426e8374ac110c4036c77c09ab_000000000582,0.338788,345.532402,120.637971,38.896900,11.673593
533,11dd74426e8374ac110c4036c77c09ab_000000000582,0.338788,296.044681,200.710986,26.209248,12.282580
534,11dd74426e8374ac110c4036c77c09ab_000000000583,0.338788,364.441715,222.202817,54.707718,22.506479
534,11dd74426e8374ac110c4036c77c09ab_000000000583,0.338788,252.186526,186.112128,23.340134,10.002918
534,11dd74426e8374ac110c4036c77c09ab_000000000583,0.338788,294.819964,114.640139,73.279877,33.104507
534,11dd74426e8374ac110c4036c77c09ab_000000000583,0.338788,345.400932,119.700874,37.329983,18.956408
534,11dd74426e8374ac110c4036c77c09ab_000000000583,0.338788,296.800255,200.848536,26.246386,12.378630
535,11dd74426e8374ac110c4036c77c09ab_000000000584,0.338788,363.050416,223.016248,58.372562,19.942562
535,11dd74426e8374ac110c4036c77c09ab_000000000584,0.338788,252.561087,185.926170,22.819607,9.749225
535,11dd74426e8374ac110c4036c77c09ab_000000000584,0.338788,295.279036,111.895775,71.395073,31.859365
535,11dd74426e8374ac110c4036c77c09ab_000000000584,0.338788,356.456118,121.520384,4.359978,0.622863
535,11dd74426e8374ac110c4036c77c09ab_000000000584,0.338788,340.025001,117.158493,27.501106,12.228578
535,11dd74426e8374ac110c4036c77c09ab_000000000584,0.338788,297.591727,200.204065,27.115503,11.996572
536,11dd74426e8374ac110c4036c77c09ab_000000000585,0.339814,361.205429,224.072005,59.415237,19.960609
536,11dd74426e8374ac110c4036c77c09ab_000000000585,0.339814,251.448029,186.572748,22.872080,10.037580
536,11dd74426e8374ac110c4036c77c09ab_000000000585,0.339814,295.219946,115.045856,73.026909,36.651615
536,11dd74426e8374ac110c4036c77c09ab_000000000585,0.339814,340.472969,118.849100,27.623688,12.290578
536,11dd74426e8374ac110c4036c77c09ab_000000000585,0.339814,296.105237,201.213054,20.397146,21.620996
538,11dd74426e8374ac110c4036c77c09ab_000000000593,0.339814,366.730805,225.554066,59.532005,16.763540
538,11dd74426e8374ac110c4036c77c09ab_000000000593,0.339814,305.136852,203.931337,36.213257,15.331408
538,11dd74426e8374ac110c4036c77c09ab_000000000593,0.339814,254.482606,186.340661,22.035549,10.333921
538,11dd74426e8374ac110c4036c77c09ab_000000000593,0.339814,300.291663,118.292806,77.701035,32.373730
538,11dd74426e8374ac110c4036c77c09ab_000000000593,0.339814,223.054057,179.539635,26.322733,11.091625
539,11dd74426e8374ac110c4036c77c09ab_000000000594,0.339814,367.403962,224.613563,56.638901,16.327988
539,11dd74426e8374ac110c4036c77c09ab_000000000594,0.339814,308.291537,203.811290,34.883247,15.298462
539,11dd74426e8374ac110c4036c77c09ab_000000000594,0.339814,254.138499,186.174882,20.667852,10.333921
539,11dd74426e8374ac110c4036c77c09ab_000000000594,0.339814,302.458412,117.594636,77.362320,32.333580
539,11dd74426e8374ac110c4036c77c09ab_000000000594,0.339814,221.563535,178.542324,28.226845,12.595001
540,11dd74426e8374ac110c4036c77c09ab_000000000595,0.344520,373.695377,228.583283,56.053677,15.821447
540,11dd74426e8374ac110c4036c77c09ab_000000000595,0.344520,314.057797,205.993325,35.087215,16.173424
540,11dd74426e8374ac110c4036c77c09ab_000000000595,0.344520,258.090167,189.087934,21.108189,10.631124
540,11dd74426e8374ac110c4036c77c09ab_000000000595,0.344520,308.377099,120.682850,78.637177,32.424568
540,11dd74426e8374ac110c4036c77c09ab_000000000595,0.344520,226.397227,181.499168,29.079786,5.129410
541,11dd74426e8374ac110c4036c77c09ab_000000000596,0.344520,368.778769,227.784813,58.274006,20.033096
541,11dd74426e8374ac110c4036c77c09ab_000000000596,0.344520,313.815009,206.431336,35.087215,16.030140
541,11dd74426e8374ac110c4036c77c09ab_000000000596,0.344520,257.451740,188.915569,21.680439,8.824699
541,11dd74426e8374ac110c4036c77c09ab_000000000596,0.344520,306.117277,120.764123,78.544952,32.420700
541,11dd74426e8374ac110c4036c77c09ab_000000000596,0.344520,227.544991,182.473830,29.183455,5.595976
542,11dd74426e8374ac110c4036c77c09ab_000000000597,0.338788,363.440569,225.264858,58.532238,20.144886
542,11dd74426e8374ac110c4036c77c09ab_000000000597,0.338788,307.901946,203.205085,32.714943,14.617313
542,11dd74426e8374ac110c4036c77c09ab_000000000597,0.338788,252.201807,185.627642,19.206270,11.163980
542,11dd74426e8374ac110c4036c77c09ab_000000000597,0.338788,300.207184,116.851662,78.455292,30.374865
542,11dd74426e8374ac110c4036c77c09ab_000000000597,0.338788,222.641356,179.590016,29.232290,4.741426
543,11dd74426e8374ac110c4036c77c09ab_000000000598,0.333241,354.355846,220.436803,56.888332,20.609108
543,11dd74426e8374ac110c4036c77c09ab_000000000598,0.333241,301.754794,199.886155,31.445328,15.201042
543,11dd74426e8374ac110c4036c77c09ab_000000000598,0.333241,246.852623,182.862013,19.937862,10.643384
543,11dd74426e8374ac110c4036c77c09ab_000000000598,0.333241,298.319184,116.456364,75.044525,32.396080
543,11dd74426e8374ac110c4036c77c09ab_000000000598,0.333241,217.898791,175.897639,27.846575,5.693080
544,11dd74426e8374ac110c4036c77c09ab_000000000599,0.333241,358.094187,218.787013,55.135445,15.588433
544,11dd74426e8374ac110c4036c77c09ab_000000000599,0.333241,298.297929,199.653207,31.150976,29.869461
544,11dd74426e8374ac110c4036c77c09ab_000000000599,0.333241,245.152960,182.985412,29.657066,8.990402
544,11dd74426e8374ac110c4036c77c09ab_000000000599,0.333241,292.653785,118.047993,69.021965,66.407906
545,11dd74426e8374ac110c4036c77c09ab_000000000600,0.339814,360.630127,224.710816,55.874363,16.506004
545,11dd74426e8374ac110c4036c77c09ab_000000000600,0.339814,299.193179,202.545803,38.544231,14.588236
545,11dd74426e8374ac110c4036c77c09ab_000000000600,0.339814,248.398768,186.821158,25.485996,8.667130
545,11dd74426e8374ac110c4036c77c09ab_000000000600,0.339814,293.609688,114.366384,90.237206,34.246098
546,11dd74426e8374ac110c4036c77c09ab_000000000601,0.339814,359.390213,224.251163,54.911335,16.656084
546,11dd74426e8374ac110c4036c77c09ab_000000000601,0.339814,299.164412,203.057452,37.901730,14.563233
546,11dd74426e8374ac110c4036c77c09ab_000000000601,0.339814,248.048232,186.718430,25.992792,8.667119
546,11dd74426e8374ac110c4036c77c09ab_000000000601,0.339814,294.957640,113.999649,89.891876,34.198013
547,11dd74426e8374ac110c4036c77c09ab_000000000602,0.345599,365.620872,227.237832,53.656940,17.086931
547,11dd74426e8374ac110c4036c77c09ab_000000000602,0.345599,305.880768,206.267311,38.250786,14.972446
547,11dd74426e8374ac110c4036c77c09ab_000000000602,0.345599,251.622386,189.573937,25.447445,9.391205
547,11dd74426e8374ac110c4036c77c09ab_000000000602,0.345599,295.352045,116.099723,90.286720,35.670620
548,11dd74426e8374ac110c4036c77c09ab_000000000603,0.345599,366.070210,227.097537,53.664364,17.086931
548,11dd74426e8374ac110c4036c77c09ab_000000000603,0.345599,306.355693,205.526396,37.974415,15.068117
548,11dd74426e8374ac110c4036c77c09ab_000000000603,0.345599,252.708458,189.020902,25.417366,9.491431
548,11dd74426e8374ac110c4036c77c09ab_000000000603,0.345599,297.238115,115.925268,89.631126,35.880493
549,11dd74426e8374ac110c4036c77c09ab_000000000604,0.343351,365.430790,226.073011,53.747852,16.261765
549,11dd74426e8374ac110c4036c77c09ab_000000000604,0.343351,305.084896,204.020287,36.979282,17.606371
549,11dd74426e8374ac110c4036c77c09ab_000000000604,0.343351,251.064460,187.207330,25.054737,9.244946
549,11dd74426e8374ac110c4036c77c09ab_000000000604,0.343351,296.457892,113.629511,88.706978,35.315159
550,11dd74426e8374ac110c4036c77c09ab_000000000605,0.322665,340.929255,212.949791,50.984470,15.516131
550,11dd74426e8374ac110c4036c77c09ab_000000000605,0.322665,284.683641,192.457083,35.368996,14.619184
550,11dd74426e8374ac110c4036c77c09ab_000000000605,0.322665,234.417582,176.145112,17.423887,14.713517
550,11dd74426e8374ac110c4036c77c09ab_000000000605,0.322665,279.007726,105.540903,83.457794,33.337433
551,11dd74426e8374ac110c4036c77c09ab_000000000606,0.322665,339.638124,213.117366,51.009720,15.587630
551,11dd74426e8374ac110c4036c77c09ab_000000000606,0.322665,284.328599,192.633836,34.989414,14.972058
551,11dd74426e8374ac110c4036c77c09ab_000000000606,0.322665,234.394481,176.490168,21.341612,8.777022
551,11dd74426e8374ac110c4036c77c09ab_000000000606,0.322665,279.190071,106.034186,83.762146,33.546432
552,11dd74426e8374ac110c4036c77c09ab_000000000607,0.307984,324.767353,202.542809,50.338959,15.217322
552,11dd74426e8374ac110c4036c77c09ab_000000000607,0.307984,273.094686,183.628935,33.194038,14.186674
552,11dd74426e8374ac110c4036c77c09ab_000000000607,0.307984,224.509153,168.065365,18.688601,9.843110
552,11dd74426e8374ac110c4036c77c09ab_000000000607,0.307984,268.477689,101.568354,82.016144,32.593327
553,11dd74426e8374ac110c4036c77c09ab_000000000608,0.307984,322.618120,201.648952,50.627056,15.349359
553,11dd74426e8374ac110c4036c77c09ab_000000000608,0.307984,272.963759,182.709664,32.120419,14.863053
553,11dd74426e8374ac110c4036c77c09ab_000000000608,0.307984,224.078344,167.610514,19.247799,8.914267
553,11dd74426e8374ac110c4036c77c09ab_000000000608,0.307984,267.396888,103.093123,81.098694,32.016087
554,11dd74426e8374ac110c4036c77c09ab_000000000609,0.333241,355.831022,220.389432,53.782955,16.214684
554,11dd74426e8374ac110c4036c77c09ab_000000000609,0.333241,296.644478,198.924528,35.773327,15.166978
554,11dd74426e8374ac110c4036c77c09ab_000000000609,0.333241,243.190045,182.919391,21.907368,10.134027
554,11dd74426e8374ac110c4036c77c09ab_000000000609,0.333241,288.208243,111.585738,87.562225,34.867832
555,11dd74426e8374ac110c4036c77c09ab_000000000610,0.322665,340.453609,212.536771,53.930401,16.194576
555,11dd74426e8374ac110c4036c77c09ab_000000000610,0.322665,287.850476,192.805114,34.002731,14.771681
555,11dd74426e8374ac110c4036c77c09ab_000000000610,0.322665,235.193698,177.154030,21.393347,9.402589
555,11dd74426e8374ac110c4036c77c09ab_000000000610,0.322665,281.541383,109.453822,84.393730,33.785980
556,11dd74426e8374ac110c4036c77c09ab_000000000611,0.344520,362.543293,226.978836,58.590897,18.039392
556,11dd74426e8374ac110c4036c77c09ab_000000000611,0.344520,306.540021,205.917351,39.077652,17.261484
556,11dd74426e8374ac110c4036c77c09ab_000000000611,0.344520,250.272828,188.812406,23.297188,9.899560
556,11dd74426e8374ac110c4036c77c09ab_000000000611,0.344520,301.279670,116.865136,89.487488,36.873901
557,11dd74426e8374ac110c4036c77c09ab_000000000612,0.339814,358.500939,224.071985,56.155521,17.329468
557,11dd74426e8374ac110c4036c77c09ab_000000000612,0.339814,298.715192,203.014955,40.518940,16.660740
557,11dd74426e8374ac110c4036c77c09ab_000000000612,0.339814,245.644978,185.540510,22.035549,10.333921
557,11dd74426e8374ac110c4036c77c09ab_000000000612,0.339814,296.006388,114.504942,87.565819,35.664486
558,11dd74426e8374ac110c4036c77c09ab_000000000613,0.338788,357.800312,223.872504,55.524582,17.097910
558,11dd74426e8374ac110c4036c77c09ab_000000000613,0.338788,299.946373,202.533298,40.481579,17.490931
558,11dd74426e8374ac110c4036c77c09ab_000000000613,0.338788,245.866748,185.420510,21.830267,9.814185
558,11dd74426e8374ac110c4036c77c09ab_000000000613,0.338788,295.978408,112.542293,87.320946,35.670792
559,11dd74426e8374ac110c4036c77c09ab_000000000614,0.338788,356.496067,223.796864,56.105553,18.404057
559,11dd74426e8374ac110c4036c77c09ab_000000000614,0.338788,299.525203,202.350711,42.340492,16.677525
559,11dd74426e8374ac110c4036c77c09ab_000000000614,0.338788,246.522758,184.999341,20.395069,12.467413
559,11dd74426e8374ac110c4036c77c09ab_000000000614,0.338788,295.071636,111.800470,87.209923,35.077827
560,11dd74426e8374ac110c4036c77c09ab_000000000615,0.338788,357.721487,224.213588,54.860901,19.440861
560,11dd74426e8374ac110c4036c77c09ab_000000000615,0.338788,297.847865,201.719101,38.709042,22.231459
560,11dd74426e8374ac110c4036c77c09ab_000000000615,0.338788,245.687594,184.715535,22.037170,9.752585
560,11dd74426e8374ac110c4036c77c09ab_000000000615,0.338788,293.314274,111.078735,87.040863,35.040085
561,11dd74426e8374ac110c4036c77c09ab_000000000616,0.339814,357.620750,224.754143,56.154610,16.626165
561,11dd74426e8374ac110c4036c77c09ab_000000000616,0.339814,302.447772,203.559914,44.346016,17.340679
561,11dd74426e8374ac110c4036c77c09ab_000000000616,0.339814,246.992618,185.599226,21.232723,9.782454
561,11dd74426e8374ac110c4036c77c09ab_000000000616,0.339814,295.162660,112.701942,86.826500,34.709129
562,11dd74426e8374ac110c4036c77c09ab_000000000617,0.339814,358.664790,223.861136,59.363716,17.069220
562,11dd74426e8374ac110c4036c77c09ab_000000000617,0.339814,301.271635,202.792056,40.002522,24.253403
562,11dd74426e8374ac110c4036c77c09ab_000000000617,0.339814,247.100075,185.331922,21.599188,9.886189
562,11dd74426e8374ac110c4036c77c09ab_000000000617,0.339814,294.292157,110.852493,86.933975,34.494202
563,11dd74426e8374ac110c4036c77c09ab_000000000618,0.338788,354.233066,222.721876,60.316502,16.653952
563,11dd74426e8374ac110c4036c77c09ab_000000000618,0.338788,299.396276,202.353523,41.913345,23.913052
563,11dd74426e8374ac110c4036c77c09ab_000000000618,0.338788,244.375678,184.109980,20.891195,9.534960
563,11dd74426e8374ac110c4036c77c09ab_000000000618,0.338788,296.102269,111.114001,83.759651,35.218964
564,11dd74426e8374ac110c4036c77c09ab_000000000619,0.338788,355.138019,222.904566,60.315346,16.718706
564,11dd74426e8374ac110c4036c77c09ab_000000000619,0.338788,301.162033,202.638176,41.867420,25.381678
564,11dd74426e8374ac110c4036c77c09ab_000000000619,0.338788,244.973582,184.565123,20.784063,9.427827
564,11dd74426e8374ac110c4036c77c09ab_000000000619,0.338788,298.027950,111.648466,83.980431,35.112774
565,11dd74426e8374ac110c4036c77c09ab_000000000620,0.337676,352.966852,222.734672,60.116428,16.470053
565,11dd74426e8374ac110c4036c77c09ab_000000000620,0.337676,300.276410,201.030580,42.887535,25.805054
565,11dd74426e8374ac110c4036c77c09ab_000000000620,0.337676,245.866571,184.201685,22.851458,9.290078
565,11dd74426e8374ac110c4036c77c09ab_000000000620,0.337676,297.349528,113.320577,81.975922,34.318668
566,11dd74426e8374ac110c4036c77c09ab_000000000621,0.338788,352.904670,222.741479,62.793728,16.545382
566,11dd74426e8374ac110c4036c77c09ab_000000000621,0.338788,301.784006,201.551837,48.816326,18.608732
566,11dd74426e8374ac110c4036c77c09ab_000000000621,0.338788,247.505294,184.565537,22.739727,9.582379
566,11dd74426e8374ac110c4036c77c09ab_000000000621,0.338788,297.172087,111.727321,84.498787,35.686970
567,11dd74426e8374ac110c4036c77c09ab_000000000622,0.338788,355.939581,222.619313,63.796444,16.578230
567,11dd74426e8374ac110c4036c77c09ab_000000000622,0.338788,301.351505,200.749344,48.295200,18.712814
567,11dd74426e8374ac110c4036c77c09ab_000000000622,0.338788,245.724008,184.105431,22.839622,9.516530
567,11dd74426e8374ac110c4036c77c09ab_000000000622,0.338788,297.313856,111.413884,84.352783,35.572697
568,11dd74426e8374ac110c4036c77c09ab_000000000623,0.338788,354.341047,221.773211,63.482182,16.406126
568,11dd74426e8374ac110c4036c77c09ab_000000000623,0.338788,302.363507,201.456490,42.641624,30.184523
568,11dd74426e8374ac110c4036c77c09ab_000000000623,0.338788,244.041376,183.925615,22.926739,9.534960
568,11dd74426e8374ac110c4036c77c09ab_000000000623,0.338788,294.299664,112.240880,84.547981,34.604523
569,11dd74426e8374ac110c4036c77c09ab_000000000624,0.338788,355.096869,223.424577,64.152313,16.568138
569,11dd74426e8374ac110c4036c77c09ab_000000000624,0.338788,298.540041,201.663457,44.711784,31.912128
569,11dd74426e8374ac110c4036c77c09ab_000000000624,0.338788,244.714797,184.662972,22.908171,9.452671
569,11dd74426e8374ac110c4036c77c09ab_000000000624,0.338788,294.554830,112.487652,84.007256,34.475910
570,11dd74426e8374ac110c4036c77c09ab_000000000625,0.338788,354.485379,222.770077,64.813347,16.390224
570,11dd74426e8374ac110c4036c77c09ab_000000000625,0.338788,301.955592,201.081970,40.006462,26.112011
570,11dd74426e8374ac110c4036c77c09ab_000000000625,0.338788,247.712488,185.116916,21.904688,13.121653
570,11dd74426e8374ac110c4036c77c09ab_000000000625,0.338788,296.110830,113.483773,82.455513,30.475172
571,11dd74426e8374ac110c4036c77c09ab_000000000626,0.338788,352.733787,222.092789,65.400932,16.451277
571,11dd74426e8374ac110c4036c77c09ab_000000000626,0.338788,302.396654,200.918159,43.074932,24.030773
571,11dd74426e8374ac110c4036c77c09ab_000000000626,0.338788,246.212898,185.071796,23.450720,8.958519
571,11dd74426e8374ac110c4036c77c09ab_000000000626,0.338788,293.032123,110.909620,82.793785,30.742870
572,11dd74426e8374ac110c4036c77c09ab_000000000627,0.338788,354.260899,221.969838,65.768593,16.403717
572,11dd74426e8374ac110c4036c77c09ab_000000000627,0.338788,300.530071,199.334720,43.785183,26.749491
572,11dd74426e8374ac110c4036c77c09ab_000000000627,0.338788,248.612188,185.184760,22.935404,8.040942
572,11dd74426e8374ac110c4036c77c09ab_000000000627,0.338788,295.278395,111.324907,84.923248,31.150936
573,11dd74426e8374ac110c4036c77c09ab_000000000628,0.344520,362.872926,227.358032,69.146675,16.945166
573,11dd74426e8374ac110c4036c77c09ab_000000000628,0.344520,291.611081,202.700215,4.345050,1.086257
573,11dd74426e8374ac110c4036c77c09ab_000000000628,0.344520,313.340431,203.150148,35.301785,18.047262
573,11dd74426e8374ac110c4036c77c09ab_000000000628,0.344520,251.717590,188.519151,23.724096,8.948054
573,11dd74426e8374ac110c4036c77c09ab_000000000628,0.344520,302.723149,114.586505,87.984970,32.339115
574,11dd74426e8374ac110c4036c77c09ab_000000000629,0.344520,361.290453,227.537063,67.387817,16.695669
574,11dd74426e8374ac110c4036c77c09ab_000000000629,0.344520,297.019194,201.663352,1.420495,1.253376
574,11dd74426e8374ac110c4036c77c09ab_000000000629,0.344520,313.651181,203.621025,32.201225,17.953325
574,11dd74426e8374ac110c4036c77c09ab_000000000629,0.344520,251.042679,188.507397,23.641478,9.260502
574,11dd74426e8374ac110c4036c77c09ab_000000000629,0.344520,300.898414,113.923528,88.789742,32.559456
575,11dd74426e8374ac110c4036c77c09ab_000000000630,0.344520,360.086650,226.656858,69.350815,16.672508
575,11dd74426e8374ac110c4036c77c09ab_000000000630,0.344520,303.094417,201.621717,1.242200,0.764426
575,11dd74426e8374ac110c4036c77c09ab_000000000630,0.344520,320.097693,202.911860,26.621483,18.009386
575,11dd74426e8374ac110c4036c77c09ab_000000000630,0.344520,251.544657,188.229303,23.799019,9.532397
575,11dd74426e8374ac110c4036c77c09ab_000000000630,0.344520,299.796491,112.955826,87.702980,32.666424
576,11dd74426e8374ac110c4036c77c09ab_000000000631,0.344520,360.832803,226.768095,69.461288,16.849079
576,11dd74426e8374ac110c4036c77c09ab_000000000631,0.344520,319.414098,204.208964,25.967621,18.454977
576,11dd74426e8374ac110c4036c77c09ab_000000000631,0.344520,250.247721,188.446921,23.727440,10.477048
576,11dd74426e8374ac110c4036c77c09ab_000000000631,0.344520,300.824711,113.778835,86.963264,33.550541
577,11dd74426e8374ac110c4036c77c09ab_000000000632,0.344520,357.569867,226.276632,69.686455,17.317484
577,11dd74426e8374ac110c4036c77c09ab_000000000632,0.344520,321.170765,202.185474,26.528076,17.570545
577,11dd74426e8374ac110c4036c77c09ab_000000000632,0.344520,251.006974,188.912604,23.673819,11.238656
577,11dd74426e8374ac110c4036c77c09ab_000000000632,0.344520,298.008955,112.208275,88.218651,32.473904
578,11dd74426e8374ac110c4036c77c09ab_000000000633,0.344520,359.656042,226.530564,69.686455,17.541767
578,11dd74426e8374ac110c4036c77c09ab_000000000633,0.344520,319.952516,202.311115,26.183556,17.570545
578,11dd74426e8374ac110c4036c77c09ab_000000000633,0.344520,250.898996,189.096871,23.757551,11.407607
578,11dd74426e8374ac110c4036c77c09ab_000000000633,0.344520,303.638828,113.937238,88.569374,32.556843
579,11dd74426e8374ac110c4036c77c09ab_000000000634,0.344520,363.608985,226.266917,68.813553,17.787426
579,11dd74426e8374ac110c4036c77c09ab_000000000634,0.344520,303.416900,203.209993,36.040894,16.914927
579,11dd74426e8374ac110c4036c77c09ab_000000000634,0.344520,250.905304,187.878895,24.805979,10.168905
579,11dd74426e8374ac110c4036c77c09ab_000000000634,0.344520,302.184079,112.448844,87.327339,31.896847
580,11dd74426e8374ac110c4036c77c09ab_000000000635,0.344520,361.525082,224.706166,67.924240,17.750029
580,11dd74426e8374ac110c4036c77c09ab_000000000635,0.344520,300.145217,202.456796,38.441284,13.863590
580,11dd74426e8374ac110c4036c77c09ab_000000000635,0.344520,250.543247,187.127506,25.214361,9.293148
580,11dd74426e8374ac110c4036c77c09ab_000000000635,0.344520,300.509146,112.517468,84.460526,31.536871
581,11dd74426e8374ac110c4036c77c09ab_000000000636,0.344520,359.347563,223.963000,66.963562,19.372990
581,11dd74426e8374ac110c4036c77c09ab_000000000636,0.344520,299.623369,202.189848,38.142437,13.731830
581,11dd74426e8374ac110c4036c77c09ab_000000000636,0.344520,248.287630,185.795581,25.538820,9.293163
581,11dd74426e8374ac110c4036c77c09ab_000000000636,0.344520,297.987527,110.993748,84.187462,31.756907
582,11dd74426e8374ac110c4036c77c09ab_000000000637,0.344520,357.393023,223.820389,66.749748,18.235508
582,11dd74426e8374ac110c4036c77c09ab_000000000637,0.344520,296.813289,201.961401,37.814194,14.656935
582,11dd74426e8374ac110c4036c77c09ab_000000000637,0.344520,248.218911,186.437288,24.925985,9.545167
582,11dd74426e8374ac110c4036c77c09ab_000000000637,0.344520,299.874525,111.377212,84.215973,31.267775
583,11dd74426e8374ac110c4036c77c09ab_000000000638,0.344520,358.800208,223.898339,64.681404,19.748568
583,11dd74426e8374ac110c4036c77c09ab_000000000638,0.344520,298.233490,202.485037,38.341003,14.450909
583,11dd74426e8374ac110c4036c77c09ab_000000000638,0.344520,248.356770,186.302583,24.562265,10.619338
583,11dd74426e8374ac110c4036c77c09ab_000000000638,0.344520,302.374612,113.398136,85.116722,31.451866
584,11dd74426e8374ac110c4036c77c09ab_000000000639,0.338788,355.302781,220.651677,63.537083,19.509844
584,11dd74426e8374ac110c4036c77c09ab_000000000639,0.338788,294.917874,200.107023,35.847454,14.393536
584,11dd74426e8374ac110c4036c77c09ab_000000000639,0.338788,246.397242,185.203970,24.544752,10.151221
584,11dd74426e8374ac110c4036c77c09ab_000000000639,0.338788,296.104213,110.779628,83.313774,31.750055
585,11dd74426e8374ac110c4036c77c09ab_000000000640,0.338788,352.951940,220.078152,63.864433,19.248949
585,11dd74426e8374ac110c4036c77c09ab_000000000640,0.338788,296.861814,200.731271,34.845913,14.513541
585,11dd74426e8374ac110c4036c77c09ab_000000000640,0.338788,245.530255,184.448768,24.847767,10.151226
585,11dd74426e8374ac110c4036c77c09ab_000000000640,0.338788,295.296551,111.348066,83.244087,31.941441
586,11dd74426e8374ac110c4036c77c09ab_000000000641,0.344520,362.459224,223.934086,66.657333,20.400684
586,11dd74426e8374ac110c4036c77c09ab_000000000641,0.344520,299.407202,203.139928,35.366528,15.186248
586,11dd74426e8374ac110c4036c77c09ab_000000000641,0.344520,249.107107,187.047958,25.692345,11.035132
586,11dd74426e8374ac110c4036c77c09ab_000000000641,0.344520,302.675163,113.515640,85.424110,30.646584
587,11dd74426e8374ac110c4036c77c09ab_000000000642,0.344520,364.063523,225.054156,66.928322,19.523254
587,11dd74426e8374ac110c4036c77c09ab_000000000642,0.344520,301.065207,203.538491,30.695210,19.732630
587,11dd74426e8374ac110c4036c77c09ab_000000000642,0.344520,250.305653,187.288559,24.343744,10.477053
587,11dd74426e8374ac110c4036c77c09ab_000000000642,0.344520,301.718690,113.745327,86.521217,29.526308
588,11dd74426e8374ac110c4036c77c09ab_000000000643,0.344520,364.217405,225.491809,67.048553,19.752195
588,11dd74426e8374ac110c4036c77c09ab_000000000643,0.344520,301.769010,205.097370,33.742275,13.712605
588,11dd74426e8374ac110c4036c77c09ab_000000000643,0.344520,251.542091,188.312384,24.502758,9.532403
588,11dd74426e8374ac110c4036c77c09ab_000000000643,0.344520,304.530830,113.392616,86.784988,29.318653
589,11dd74426e8374ac110c4036c77c09ab_000000000644,0.344520,361.422718,225.083448,68.219177,19.762594
589,11dd74426e8374ac110c4036c77c09ab_000000000644,0.344520,301.714842,204.613225,32.462139,14.167201
589,11dd74426e8374ac110c4036c77c09ab_000000000644,0.344520,250.478691,188.299368,23.573347,10.322982
589,11dd74426e8374ac110c4036c77c09ab_000000000644,0.344520,301.759757,112.897883,85.816849,28.829651
590,11dd74426e8374ac110c4036c77c09ab_000000000645,0.338788,356.646851,222.144319,67.724030,20.067488
590,11dd74426e8374ac110c4036c77c09ab_000000000645,0.338788,298.994936,202.073915,29.630859,17.491491
590,11dd74426e8374ac110c4036c77c09ab_000000000645,0.338788,247.886183,185.966782,23.029633,10.151226
590,11dd74426e8374ac110c4036c77c09ab_000000000645,0.338788,298.193622,111.814169,84.512993,28.303419
591,11dd74426e8374ac110c4036c77c09ab_000000000646,0.344520,362.813249,224.926854,68.535942,19.836203
591,11dd74426e8374ac110c4036c77c09ab_000000000646,0.344520,302.167782,204.668360,33.101513,11.968438
591,11dd74426e8374ac110c4036c77c09ab_000000000646,0.344520,250.389575,187.678584,20.491882,9.552606
591,11dd74426e8374ac110c4036c77c09ab_000000000646,0.344520,302.062769,112.706130,84.483238,27.107473
592,11dd74426e8374ac110c4036c77c09ab_000000000647,0.338788,370.659716,227.837181,35.657360,38.715183
592,11dd74426e8374ac110c4036c77c09ab_000000000647,0.338788,304.614432,205.323526,38.393826,11.468952
592,11dd74426e8374ac110c4036c77c09ab_000000000647,0.338788,254.313755,186.287022,26.243904,12.182623
592,11dd74426e8374ac110c4036c77c09ab_000000000647,0.338788,304.586579,116.240152,98.385414,25.891708
593,11dd74426e8374ac110c4036c77c09ab_000000000648,0.344520,371.287982,230.833979,50.277786,14.331102
593,11dd74426e8374ac110c4036c77c09ab_000000000648,0.344520,303.894695,208.370798,34.454655,12.097424
593,11dd74426e8374ac110c4036c77c09ab_000000000648,0.344520,255.769070,189.608226,23.539114,9.050875
593,11dd74426e8374ac110c4036c77c09ab_000000000648,0.344520,302.174090,112.554152,91.533020,26.905327
594,11dd74426e8374ac110c4036c77c09ab_000000000649,0.344520,371.336556,229.930454,50.362526,14.656404
594,11dd74426e8374ac110c4036c77c09ab_000000000649,0.344520,303.636641,207.057713,34.498329,12.211011
594,11dd74426e8374ac110c4036c77c09ab_000000000649,0.344520,255.057298,189.128118,21.995207,8.670452
594,11dd74426e8374ac110c4036c77c09ab_000000000649,0.344520,303.504376,111.428667,91.393768,27.011755
595,11dd74426e8374ac110c4036c77c09ab_000000000650,0.350446,377.317157,233.594552,51.677483,14.670911
595,11dd74426e8374ac110c4036c77c09ab_000000000650,0.350446,310.623992,210.832716,32.152931,17.734066
595,11dd74426e8374ac110c4036c77c09ab_000000000650,0.350446,259.660022,191.950341,19.824476,11.835502
595,11dd74426e8374ac110c4036c77c09ab_000000000650,0.350446,311.105342,113.346140,94.239174,27.583445
596,11dd74426e8374ac110c4036c77c09ab_000000000651,0.345599,372.216151,230.870903,50.046501,14.133129
596,11dd74426e8374ac110c4036c77c09ab_000000000651,0.345599,307.324694,208.758476,34.812916,19.646343
596,11dd74426e8374ac110c4036c77c09ab_000000000651,0.345599,350.267179,122.197075,0.927321,1.854684
596,11dd74426e8374ac110c4036c77c09ab_000000000651,0.345599,305.967716,114.337209,90.961250,26.619658
597,11dd74426e8374ac110c4036c77c09ab_000000000652,0.345599,371.519300,232.010869,50.046543,14.133123
597,11dd74426e8374ac110c4036c77c09ab_000000000652,0.345599,307.933226,210.684118,37.696487,13.245665
597,11dd74426e8374ac110c4036c77c09ab_000000000652,0.345599,350.458287,123.095349,1.081895,1.700130
597,11dd74426e8374ac110c4036c77c09ab_000000000652,0.345599,304.694776,113.915947,90.587364,26.721487
598,11dd74426e8374ac110c4036c77c09ab_000000000653,0.344520,372.631788,230.352210,48.024818,13.740493
598,11dd74426e8374ac110c4036c77c09ab_000000000653,0.344520,304.887967,207.537065,37.009205,13.203509
598,11dd74426e8374ac110c4036c77c09ab_000000000653,0.344520,305.048956,112.549893,92.529526,25.754148
599,11dd74426e8374ac110c4036c77c09ab_000000000654,0.344520,371.951747,230.102715,48.235054,13.759591
599,11dd74426e8374ac110c4036c77c09ab_000000000654,0.344520,304.403759,208.578028,34.262207,12.540732
599,11dd74426e8374ac110c4036c77c09ab_000000000654,0.344520,305.176364,113.226749,91.614609,28.544300
600,11dd74426e8374ac110c4036c77c09ab_000000000655,0.344520,370.632375,230.147756,48.484276,13.685147
600,11dd74426e8374ac110c4036c77c09ab_000000000655,0.344520,305.185007,208.707118,34.508171,12.692260
600,11dd74426e8374ac110c4036c77c09ab_000000000655,0.344520,305.159668,113.507250,92.981834,25.314783
601,11dd74426e8374ac110c4036c77c09ab_000000000656,0.344520,372.885468,230.172906,48.158932,13.566014
601,11dd74426e8374ac110c4036c77c09ab_000000000656,0.344520,305.307263,208.720765,34.148659,12.782153
601,11dd74426e8374ac110c4036c77c09ab_000000000656,0.344520,349.333275,121.706255,0.924427,1.694819
601,11dd74426e8374ac110c4036c77c09ab_000000000656,0.344520,301.308289,112.182842,91.265015,25.304649
602,11dd74426e8374ac110c4036c77c09ab_000000000657,0.343351,370.126338,230.531730,44.733765,14.115021
602,11dd74426e8374ac110c4036c77c09ab_000000000657,0.343351,305.682616,207.961340,33.167072,14.280262
602,11dd74426e8374ac110c4036c77c09ab_000000000657,0.343351,300.216666,112.016648,90.090919,25.282785
603,11dd74426e8374ac110c4036c77c09ab_000000000658,0.338788,367.751520,227.114050,44.541294,13.966350
603,11dd74426e8374ac110c4036c77c09ab_000000000658,0.338788,300.852235,204.893279,32.890251,12.748994
603,11dd74426e8374ac110c4036c77c09ab_000000000658,0.338788,294.931336,110.396578,88.837555,24.943390
604,11dd74426e8374ac110c4036c77c09ab_000000000659,0.343351,372.441609,230.896918,44.840473,14.125116
604,11dd74426e8374ac110c4036c77c09ab_000000000659,0.343351,307.101830,208.093470,33.441746,12.920670
604,11dd74426e8374ac110c4036c77c09ab_000000000659,0.343351,297.894857,112.739301,89.781601,25.361557
605,11dd74426e8374ac110c4036c77c09ab_000000000660,0.350446,377.773994,235.012549,45.427593,14.557953
605,11dd74426e8374ac110c4036c77c09ab_000000000660,0.350446,312.993117,211.904417,35.833214,13.861472
605,11dd74426e8374ac110c4036c77c09ab_000000000660,0.350446,308.812341,115.690389,91.560013,25.568356
606,11dd74426e8374ac110c4036c77c09ab_000000000661,0.350446,378.200886,233.979135,45.047329,15.300431
606,11dd74426e8374ac110c4036c77c09ab_000000000661,0.350446,309.921923,212.556476,33.664379,13.323088
606,11dd74426e8374ac110c4036c77c09ab_000000000661,0.350446,308.989062,115.955063,91.899292,25.643858
607,11dd74426e8374ac110c4036c77c09ab_000000000662,0.337676,364.389551,224.898362,41.920795,15.884927
607,11dd74426e8374ac110c4036c77c09ab_000000000662,0.337676,302.667719,204.766594,31.707951,13.318607
607,11dd74426e8374ac110c4036c77c09ab_000000000662,0.337676,294.336639,109.675998,88.753578,24.370596
608,11dd74426e8374ac110c4036c77c09ab_000000000663,0.338788,362.324039,226.805886,41.059448,16.514675
608,11dd74426e8374ac110c4036c77c09ab_000000000663,0.338788,300.863918,205.427640,31.406479,13.745895
608,11dd74426e8374ac110c4036c77c09ab_000000000663,0.338788,294.912415,110.955091,88.813568,24.839098
609,11dd74426e8374ac110c4036c77c09ab_000000000664,0.343351,368.054414,229.372041,41.908958,17.591715
609,11dd74426e8374ac110c4036c77c09ab_000000000664,0.343351,304.248083,208.611996,31.947990,13.462373
609,11dd74426e8374ac110c4036c77c09ab_000000000664,0.343351,305.155267,114.066390,88.301659,24.960999
610,11dd74426e8374ac110c4036c77c09ab_000000000665,0.344520,370.341013,229.542322,40.987633,18.279293
610,11dd74426e8374ac110c4036c77c09ab_000000000665,0.344520,304.078394,208.647609,31.873991,13.795796
610,11dd74426e8374ac110c4036c77c09ab_000000000665,0.344520,305.111767,113.156242,90.216698,24.517746
611,11dd74426e8374ac110c4036c77c09ab_000000000666,0.344520,368.238900,230.234769,40.593487,18.485716
611,11dd74426e8374ac110c4036c77c09ab_000000000666,0.344520,306.761087,209.218810,30.520931,13.795796
611,11dd74426e8374ac110c4036c77c09ab_000000000666,0.344520,305.719956,113.527247,89.590675,24.380796
612,11dd74426e8374ac110c4036c77c09ab_000000000667,0.344520,372.351403,230.057021,39.861549,18.786036
612,11dd74426e8374ac110c4036c77c09ab_000000000667,0.344520,308.479168,210.185208,30.355295,13.368600
612,11dd74426e8374ac110c4036c77c09ab_000000000667,0.344520,306.237409,113.691380,90.205658,24.654583
613,11dd74426e8374ac110c4036c77c09ab_000000000668,0.344520,371.428658,229.752096,39.129696,18.917332
613,11dd74426e8374ac110c4036c77c09ab_000000000668,0.344520,308.225846,209.331120,30.242290,13.427598
613,11dd74426e8374ac110c4036c77c09ab_000000000668,0.344520,301.718963,112.620347,90.446129,24.458559
614,11dd74426e8374ac110c4036c77c09ab_000000000669,0.343351,370.964471,229.049731,39.309097,17.811930
614,11dd74426e8374ac110c4036c77c09ab_000000000669,0.343351,307.491788,209.286606,29.475191,13.676600
614,11dd74426e8374ac110c4036c77c09ab_000000000669,0.343351,302.763317,111.328438,90.616257,24.430128
615,11dd74426e8374ac110c4036c77c09ab_000000000670,0.343351,369.915391,228.530786,40.394474,18.110350
615,11dd74426e8374ac110c4036c77c09ab_000000000670,0.343351,307.283250,209.005873,29.612099,13.676606
615,11dd74426e8374ac110c4036c77c09ab_000000000670,0.343351,302.369398,112.129048,90.512566,24.404778
616,11dd74426e8374ac110c4036c77c09ab_000000000671,0.343351,370.996786,229.289913,39.309097,17.965488
616,11dd74426e8374ac110c4036c77c09ab_000000000671,0.343351,304.810680,208.710387,29.700724,14.230381
616,11dd74426e8374ac110c4036c77c09ab_000000000671,0.343351,304.693932,113.326449,92.488846,24.630440
617,11dd74426e8374ac110c4036c77c09ab_000000000672,0.344520,370.082707,229.079856,39.905247,18.488907
617,11dd74426e8374ac110c4036c77c09ab_000000000672,0.344520,307.436292,208.333011,28.263086,17.328871
617,11dd74426e8374ac110c4036c77c09ab_000000000672,0.344520,304.834725,113.719074,91.506416,24.551311
618,11dd74426e8374ac110c4036c77c09ab_000000000673,0.344520,370.193103,229.789946,40.093697,18.107704
618,11dd74426e8374ac110c4036c77c09ab_000000000673,0.344520,307.973196,208.505818,28.284576,17.297640
618,11dd74426e8374ac110c4036c77c09ab_000000000673,0.344520,302.821496,113.060471,91.503601,24.564301
619,11dd74426e8374ac110c4036c77c09ab_000000000674,0.344520,371.323687,230.116404,39.720367,19.575701
619,11dd74426e8374ac110c4036c77c09ab_000000000674,0.344520,308.475615,209.530842,29.787102,14.278859
619,11dd74426e8374ac110c4036c77c09ab_000000000674,0.344520,304.305411,113.215331,91.173439,24.564301
620,11dd74426e8374ac110c4036c77c09ab_000000000675,0.344520,370.760939,229.930538,39.519554,19.575747
620,11dd74426e8374ac110c4036c77c09ab_000000000675,0.344520,308.189573,208.563287,26.775597,18.614977
620,11dd74426e8374ac110c4036c77c09ab_000000000675,0.344520,302.605603,112.895066,91.603989,24.341444
621,11dd74426e8374ac110c4036c77c09ab_000000000676,0.333241,357.288584,222.365690,39.931252,14.443203
621,11dd74426e8374ac110c4036c77c09ab_000000000676,0.333241,297.304797,201.404918,25.425922,18.281330
621,11dd74426e8374ac110c4036c77c09ab_000000000676,0.333241,293.695407,109.232784,89.244621,23.970932
622,11dd74426e8374ac110c4036c77c09ab_000000000677,0.333241,357.507355,222.328001,36.823147,19.762184
622,11dd74426e8374ac110c4036c77c09ab_000000000677,0.333241,298.765044,201.945580,25.875158,18.460651
622,11dd74426e8374ac110c4036c77c09ab_000000000677,0.333241,291.020552,109.579663,89.159462,23.557178
623,11dd74426e8374ac110c4036c77c09ab_000000000678,0.333241,360.087734,222.200290,38.402988,14.546588
623,11dd74426e8374ac110c4036c77c09ab_000000000678,0.333241,298.096833,201.604387,25.407597,17.637323
623,11dd74426e8374ac110c4036c77c09ab_000000000678,0.333241,295.614979,111.399510,89.586571,23.583822
624,11dd74426e8374ac110c4036c77c09ab_000000000679,0.333241,358.735652,222.516852,35.213688,20.610640
624,11dd74426e8374ac110c4036c77c09ab_000000000679,0.333241,297.686099,201.753881,27.734770,14.094706
624,11dd74426e8374ac110c4036c77c09ab_000000000679,0.333241,295.545072,110.536164,89.896599,23.629896
625,11dd74426e8374ac110c4036c77c09ab_000000000680,0.343351,368.096034,227.837587,39.388985,15.655667
625,11dd74426e8374ac110c4036c77c09ab_000000000680,0.343351,306.002894,206.679537,26.090490,19.100973
625,11dd74426e8374ac110c4036c77c09ab_000000000680,0.343351,302.990778,112.700406,91.328568,24.815947
626,11dd74426e8374ac110c4036c77c09ab_000000000681,0.344520,369.800723,229.769255,39.385017,15.343673
626,11dd74426e8374ac110c4036c77c09ab_000000000681,0.344520,305.713416,208.904317,32.201519,16.023722
626,11dd74426e8374ac110c4036c77c09ab_000000000681,0.344520,305.000298,113.381913,92.281189,24.823252
627,11dd74426e8374ac110c4036c77c09ab_000000000682,0.343351,371.865600,228.894674,27.839077,31.142738
627,11dd74426e8374ac110c4036c77c09ab_000000000682,0.343351,305.474602,208.560988,32.245739,15.969325
627,11dd74426e8374ac110c4036c77c09ab_000000000682,0.343351,304.209104,112.874554,92.508629,24.740786
628,11dd74426e8374ac110c4036c77c09ab_000000000683,0.338788,367.877821,227.375937,29.880236,29.222488
628,11dd74426e8374ac110c4036c77c09ab_000000000683,0.338788,304.702417,205.986090,26.562222,18.237339
628,11dd74426e8374ac110c4036c77c09ab_000000000683,0.338788,301.046608,113.199120,91.164658,24.101320
629,11dd74426e8374ac110c4036c77c09ab_000000000684,0.338788,365.311639,225.678004,34.444347,22.804134
629,11dd74426e8374ac110c4036c77c09ab_000000000684,0.338788,304.225810,205.905963,29.245483,14.550459
629,11dd74426e8374ac110c4036c77c09ab_000000000684,0.338788,300.064258,111.455933,91.272240,24.133997
630,11dd74426e8374ac110c4036c77c09ab_000000000685,0.333241,359.662559,222.911274,34.234226,21.206850
630,11dd74426e8374ac110c4036c77c09ab_000000000685,0.333241,298.524022,203.038192,25.911423,17.062716
630,11dd74426e8374ac110c4036c77c09ab_000000000685,0.333241,294.402710,109.421992,89.687225,23.859333
631,11dd74426e8374ac110c4036c77c09ab_000000000686,0.338788,365.199440,225.980792,34.895210,21.953501
631,11dd74426e8374ac110c4036c77c09ab_000000000686,0.338788,302.325956,206.088364,28.884941,14.019768
631,11dd74426e8374ac110c4036c77c09ab_000000000686,0.338788,297.261333,110.114716,91.278465,24.426634
632,11dd74426e8374ac110c4036c77c09ab_000000000687,0.333241,359.836217,222.340815,39.682133,14.798238
632,11dd74426e8374ac110c4036c77c09ab_000000000687,0.333241,297.117633,203.140805,29.991711,13.662880
632,11dd74426e8374ac110c4036c77c09ab_000000000687,0.333241,297.695456,111.153343,90.229355,23.524326
633,11dd74426e8374ac110c4036c77c09ab_000000000688,0.333241,357.639480,222.375778,36.238632,20.103086
633,11dd74426e8374ac110c4036c77c09ab_000000000688,0.333241,298.626105,202.794933,26.624258,16.247578
633,11dd74426e8374ac110c4036c77c09ab_000000000688,0.333241,294.674078,110.042343,89.616692,23.437902
634,11dd74426e8374ac110c4036c77c09ab_000000000689,0.333241,357.064729,222.054599,37.028088,18.255093
634,11dd74426e8374ac110c4036c77c09ab_000000000689,0.333241,297.877107,202.364612,28.464710,13.263660
634,11dd74426e8374ac110c4036c77c09ab_000000000689,0.333241,296.339956,110.882076,89.887527,23.365551
635,11dd74426e8374ac110c4036c77c09ab_000000000690,0.344520,354.797428,223.006043,0.770335,0.616298
635,11dd74426e8374ac110c4036c77c09ab_000000000690,0.344520,372.839501,230.556307,39.666073,15.414274
635,11dd74426e8374ac110c4036c77c09ab_000000000690,0.344520,308.080859,209.162077,31.585194,13.558534
635,11dd74426e8374ac110c4036c77c09ab_000000000690,0.344520,304.256753,114.192327,94.356827,24.449583
636,11dd74426e8374ac110c4036c77c09ab_000000000691,0.344520,354.557037,223.138119,0.770377,0.616300
636,11dd74426e8374ac110c4036c77c09ab_000000000691,0.344520,373.038173,229.988554,36.861000,19.255232
636,11dd74426e8374ac110c4036c77c09ab_000000000691,0.344520,308.793135,209.558347,29.087587,15.961072
636,11dd74426e8374ac110c4036c77c09ab_000000000691,0.344520,306.360464,114.060913,94.165352,25.316383
637,11dd74426e8374ac110c4036c77c09ab_000000000692,0.333241,360.520556,222.623899,35.023476,17.305471
637,11dd74426e8374ac110c4036c77c09ab_000000000692,0.333241,297.361930,203.784059,32.785755,13.688515
637,11dd74426e8374ac110c4036c77c09ab_000000000692,0.333241,298.807126,111.889548,91.766747,24.673094
638,11dd74426e8374ac110c4036c77c09ab_000000000693,0.327869,353.464796,218.114554,34.733208,13.996963
638,11dd74426e8374ac110c4036c77c09ab_000000000693,0.327869,291.783968,198.357094,32.437225,13.518126
638,11dd74426e8374ac110c4036c77c09ab_000000000693,0.327869,290.689877,107.694592,90.390022,24.392937
639,11dd74426e8374ac110c4036c77c09ab_000000000694,0.344520,373.544103,229.882279,36.146347,15.290225
639,11dd74426e8374ac110c4036c77c09ab_000000000694,0.344520,308.568516,209.330321,32.358894,19.340948
639,11dd74426e8374ac110c4036c77c09ab_000000000694,0.344520,307.514515,114.848470,94.923363,25.645584
640,11dd74426e8374ac110c4036c77c09ab_000000000695,0.333241,360.588937,221.630990,33.515553,16.893089
640,11dd74426e8374ac110c4036c77c09ab_000000000695,0.333241,298.120407,202.477211,31.064430,12.623777
640,11dd74426e8374ac110c4036c77c09ab_000000000695,0.333241,296.241371,110.638685,84.717560,40.662392
641,11dd74426e8374ac110c4036c77c09ab_000000000696,0.333241,359.761774,221.653668,33.624897,16.591103
641,11dd74426e8374ac110c4036c77c09ab_000000000696,0.333241,297.096013,201.675575,29.259817,15.642794
641,11dd74426e8374ac110c4036c77c09ab_000000000696,0.333241,294.843342,110.421104,84.534607,40.530674
642,11dd74426e8374ac110c4036c77c09ab_000000000697,0.333241,359.705272,221.890236,32.077679,18.926249
642,11dd74426e8374ac110c4036c77c09ab_000000000697,0.333241,298.339015,201.957621,31.067238,12.864453
642,11dd74426e8374ac110c4036c77c09ab_000000000697,0.333241,295.714215,108.393560,89.106964,24.651237
643,11dd74426e8374ac110c4036c77c09ab_000000000698,0.333241,360.283765,222.181049,33.030052,16.368002
643,11dd74426e8374ac110c4036c77c09ab_000000000698,0.333241,298.136882,201.574711,30.766113,12.823170
643,11dd74426e8374ac110c4036c77c09ab_000000000698,0.333241,296.802983,109.896378,89.949364,24.659813
644,11dd74426e8374ac110c4036c77c09ab_000000000699,0.344520,362.775987,227.242021,30.916550,9.318066
644,11dd74426e8374ac110c4036c77c09ab_000000000699,0.344520,374.907886,134.663812,29.546795,8.783827
644,11dd74426e8374ac110c4036c77c09ab_000000000699,0.344520,304.062077,114.195975,104.884155,22.554064
644,11dd74426e8374ac110c4036c77c09ab_000000000699,0.344520,280.442868,194.816912,86.916939,14.780273
645,11dd74426e8374ac110c4036c77c09ab_000000000700,0.344520,358.897272,227.462078,28.060966,9.143156
645,11dd74426e8374ac110c4036c77c09ab_000000000700,0.344520,372.802787,133.932495,24.591454,8.850138
645,11dd74426e8374ac110c4036c77c09ab_000000000700,0.344520,308.064688,114.067758,100.133690,22.744917
645,11dd74426e8374ac110c4036c77c09ab_000000000700,0.344520,278.919063,195.283835,85.596725,16.444923
646,11dd74426e8374ac110c4036c77c09ab_000000000701,0.333241,346.690820,218.642074,27.682213,9.135942
646,11dd74426e8374ac110c4036c77c09ab_000000000701,0.333241,358.538197,127.819795,23.887856,9.237083
646,11dd74426e8374ac110c4036c77c09ab_000000000701,0.333241,297.183818,108.038302,95.667015,22.290424
646,11dd74426e8374ac110c4036c77c09ab_000000000701,0.333241,272.492800,189.241853,83.533112,16.414564
647,11dd74426e8374ac110c4036c77c09ab_000000000702,0.333241,349.555299,220.226229,27.604881,9.483999
647,11dd74426e8374ac110c4036c77c09ab_000000000702,0.333241,361.050886,129.022830,23.514872,8.849021
647,11dd74426e8374ac110c4036c77c09ab_000000000702,0.333241,293.072045,107.892936,96.531189,22.378731
647,11dd74426e8374ac110c4036c77c09ab_000000000702,0.333241,272.272158,189.555019,84.023636,18.851149
648,11dd74426e8374ac110c4036c77c09ab_000000000703,0.343351,359.784362,226.373568,28.447191,9.771939
648,11dd74426e8374ac110c4036c77c09ab_000000000703,0.343351,371.062799,132.616795,23.778383,9.446209
648,11dd74426e8374ac110c4036c77c09ab_000000000703,0.343351,303.639863,111.113823,99.349426,22.997072
648,11dd74426e8374ac110c4036c77c09ab_000000000703,0.343351,281.642024,194.957829,86.572792,19.570953
649,11dd74426e8374ac110c4036c77c09ab_000000000704,0.344520,362.422972,228.874372,27.663498,9.700720
649,11dd74426e8374ac110c4036c77c09ab_000000000704,0.344520,373.909525,134.379768,23.350010,9.044311
649,11dd74426e8374ac110c4036c77c09ab_000000000704,0.344520,305.556842,112.646411,99.250916,23.483377
649,11dd74426e8374ac110c4036c77c09ab_000000000704,0.344520,281.909603,196.962132,87.584572,16.758327
650,11dd74426e8374ac110c4036c77c09ab_000000000705,0.344520,360.585852,227.602270,27.435892,9.700899
650,11dd74426e8374ac110c4036c77c09ab_000000000705,0.344520,373.600247,132.891058,22.897322,9.143048
650,11dd74426e8374ac110c4036c77c09ab_000000000705,0.344520,303.827427,111.206613,98.923851,23.411509
650,11dd74426e8374ac110c4036c77c09ab_000000000705,0.344520,281.069351,195.401865,87.586258,16.786064
651,11dd74426e8374ac110c4036c77c09ab_000000000706,0.338788,355.123958,224.427832,26.986038,9.641886
651,11dd74426e8374ac110c4036c77c09ab_000000000706,0.338788,367.503342,131.516442,24.158693,8.415802
651,11dd74426e8374ac110c4036c77c09ab_000000000706,0.338788,299.493690,110.813581,95.346970,23.579390
651,11dd74426e8374ac110c4036c77c09ab_000000000706,0.338788,277.020439,193.339525,85.978630,17.045376
652,11dd74426e8374ac110c4036c77c09ab_000000000707,0.343351,357.395954,226.202647,27.141729,9.666916
652,11dd74426e8374ac110c4036c77c09ab_000000000707,0.343351,370.820207,132.286217,24.106270,8.469488
652,11dd74426e8374ac110c4036c77c09ab_000000000707,0.343351,305.325224,112.626104,96.942802,23.831278
652,11dd74426e8374ac110c4036c77c09ab_000000000707,0.343351,279.127667,195.779428,86.524193,16.710899
653,11dd74426e8374ac110c4036c77c09ab_000000000708,0.332182,346.546395,218.477938,26.363535,9.035140
653,11dd74426e8374ac110c4036c77c09ab_000000000708,0.332182,358.947907,128.050007,23.426165,8.330758
653,11dd74426e8374ac110c4036c77c09ab_000000000708,0.332182,293.468189,108.015123,92.934303,24.223734
653,11dd74426e8374ac110c4036c77c09ab_000000000708,0.332182,268.255877,188.548436,83.942764,16.973652
654,11dd74426e8374ac110c4036c77c09ab_000000000709,0.332182,348.315572,220.361262,26.471395,9.138927
654,11dd74426e8374ac110c4036c77c09ab_000000000709,0.332182,358.031042,128.591962,18.799685,15.837317
654,11dd74426e8374ac110c4036c77c09ab_000000000709,0.332182,296.644090,110.678600,92.860115,23.049000
654,11dd74426e8374ac110c4036c77c09ab_000000000709,0.332182,268.330204,189.393246,83.510887,17.122362
655,11dd74426e8374ac110c4036c77c09ab_000000000710,0.344520,359.361483,227.006236,27.235916,9.487529
655,11dd74426e8374ac110c4036c77c09ab_000000000710,0.344520,371.338659,133.935092,23.377851,8.991471
655,11dd74426e8374ac110c4036c77c09ab_000000000710,0.344520,303.323011,111.100085,82.700668,48.114323
655,11dd74426e8374ac110c4036c77c09ab_000000000710,0.344520,281.676993,197.691694,86.518402,17.383348
656,11dd74426e8374ac110c4036c77c09ab_000000000711,0.344520,357.765721,227.175132,26.909859,9.711749
656,11dd74426e8374ac110c4036c77c09ab_000000000711,0.344520,369.863134,133.460093,23.602135,9.012192
656,11dd74426e8374ac110c4036c77c09ab_000000000711,0.344520,307.297529,112.909775,93.176491,25.039793
656,11dd74426e8374ac110c4036c77c09ab_000000000711,0.344520,277.216248,194.176025,86.311356,17.411741
657,11dd74426e8374ac110c4036c77c09ab_000000000712,0.338788,352.864927,223.627180,26.236958,9.449156
657,11dd74426e8374ac110c4036c77c09ab_000000000712,0.338788,364.882571,131.252012,22.905399,8.940551
657,11dd74426e8374ac110c4036c77c09ab_000000000712,0.338788,302.378788,111.400319,92.112038,24.306787
657,11dd74426e8374ac110c4036c77c09ab_000000000712,0.338788,272.807254,191.977237,84.685593,17.541576
658,11dd74426e8374ac110c4036c77c09ab_000000000713,0.338788,353.424598,223.771120,25.907887,9.373583
658,11dd74426e8374ac110c4036c77c09ab_000000000713,0.338788,363.643751,130.714601,20.825481,13.245689
658,11dd74426e8374ac110c4036c77c09ab_000000000713,0.338788,303.380762,111.598270,92.811600,25.005354
658,11dd74426e8374ac110c4036c77c09ab_000000000713,0.338788,271.675960,191.091536,87.329239,17.236038
659,11dd74426e8374ac110c4036c77c09ab_000000000714,0.343351,357.400271,226.914308,25.960875,9.623526
659,11dd74426e8374ac110c4036c77c09ab_000000000714,0.343351,368.746816,132.961121,23.032711,8.905968
659,11dd74426e8374ac110c4036c77c09ab_000000000714,0.343351,305.782138,112.648444,94.325089,25.491913
659,11dd74426e8374ac110c4036c77c09ab_000000000714,0.343351,278.026929,195.333746,88.022476,17.960575
660,11dd74426e8374ac110c4036c77c09ab_000000000715,0.337676,353.917637,222.734631,25.088232,9.633216
660,11dd74426e8374ac110c4036c77c09ab_000000000715,0.337676,362.734683,129.007053,19.990898,13.949210
660,11dd74426e8374ac110c4036c77c09ab_000000000715,0.337676,298.661402,109.654636,93.837700,23.747683
660,11dd74426e8374ac110c4036c77c09ab_000000000715,0.337676,273.037000,190.866272,87.323364,17.172729
661,11dd74426e8374ac110c4036c77c09ab_000000000716,0.337676,353.803004,222.931354,25.412634,9.485277
661,11dd74426e8374ac110c4036c77c09ab_000000000716,0.337676,363.540620,129.200088,22.406775,8.948394
661,11dd74426e8374ac110c4036c77c09ab_000000000716,0.337676,300.015528,110.670601,93.013687,23.794306
661,11dd74426e8374ac110c4036c77c09ab_000000000716,0.337676,272.590275,190.883956,86.472633,21.093971
662,11dd74426e8374ac110c4036c77c09ab_000000000717,0.343351,358.106504,224.890353,19.501001,19.654570
662,11dd74426e8374ac110c4036c77c09ab_000000000717,0.343351,369.970171,130.210406,22.741709,8.943357
662,11dd74426e8374ac110c4036c77c09ab_000000000717,0.343351,302.365479,110.002061,95.116112,27.800886
662,11dd74426e8374ac110c4036c77c09ab_000000000717,0.343351,273.785297,191.885317,89.350380,21.661257
663,11dd74426e8374ac110c4036c77c09ab_000000000718,0.344520,360.216939,227.524404,26.168543,9.392095
663,11dd74426e8374ac110c4036c77c09ab_000000000718,0.344520,371.090866,131.672420,19.894670,8.323710
663,11dd74426e8374ac110c4036c77c09ab_000000000718,0.344520,309.030918,112.543722,95.968071,24.362993
663,11dd74426e8374ac110c4036c77c09ab_000000000718,0.344520,275.924464,195.011398,91.919868,17.768118
664,11dd74426e8374ac110c4036c77c09ab_000000000719,0.344520,362.681951,226.676351,26.049063,9.231931
664,11dd74426e8374ac110c4036c77c09ab_000000000719,0.344520,372.629223,131.564558,20.159832,7.950352
664,11dd74426e8374ac110c4036c77c09ab_000000000719,0.344520,308.728538,112.830510,95.203323,24.478754
664,11dd74426e8374ac110c4036c77c09ab_000000000719,0.344520,280.282636,194.890698,91.543365,18.088339
665,11dd74426e8374ac110c4036c77c09ab_000000000720,0.344520,363.274600,227.362973,26.061510,9.108302
665,11dd74426e8374ac110c4036c77c09ab_000000000720,0.344520,372.796310,132.048819,21.653482,8.346880
665,11dd74426e8374ac110c4036c77c09ab_000000000720,0.344520,310.934382,113.370758,95.534576,24.393223
665,11dd74426e8374ac110c4036c77c09ab_000000000720,0.344520,279.034927,195.507992,96.238739,21.343216
666,11dd74426e8374ac110c4036c77c09ab_000000000721,0.344520,362.483111,226.508611,23.874067,15.347610
666,11dd74426e8374ac110c4036c77c09ab_000000000721,0.344520,372.607942,131.718703,22.072693,8.255762
666,11dd74426e8374ac110c4036c77c09ab_000000000721,0.344520,311.189302,112.176638,96.088997,24.497272
666,11dd74426e8374ac110c4036c77c09ab_000000000721,0.344520,277.897887,194.826942,96.603218,18.268702
667,11dd74426e8374ac110c4036c77c09ab_000000000722,0.344520,362.001657,226.890519,25.518150,9.064123
667,11dd74426e8374ac110c4036c77c09ab_000000000722,0.344520,372.697858,131.720175,22.799290,7.766951
667,11dd74426e8374ac110c4036c77c09ab_000000000722,0.344520,307.528457,111.000582,95.866608,24.398542
667,11dd74426e8374ac110c4036c77c09ab_000000000722,0.344520,273.291797,193.988940,99.459953,17.438269
668,11dd74426e8374ac110c4036c77c09ab_000000000723,0.344520,364.004561,227.758970,25.867550,9.231936
668,11dd74426e8374ac110c4036c77c09ab_000000000723,0.344520,376.437452,133.254861,19.245413,13.398722
668,11dd74426e8374ac110c4036c77c09ab_000000000723,0.344520,312.463948,112.900975,95.633286,24.455751
668,11dd74426e8374ac110c4036c77c09ab_000000000723,0.344520,278.987509,195.791616,100.371384,17.444914
669,11dd74426e8374ac110c4036c77c09ab_000000000724,0.344520,363.074120,226.809478,26.076231,9.244143
669,11dd74426e8374ac110c4036c77c09ab_000000000724,0.344520,375.441825,132.043720,21.668665,8.218149
669,11dd74426e8374ac110c4036c77c09ab_000000000724,0.344520,308.418966,113.078818,98.887558,23.962910
669,11dd74426e8374ac110c4036c77c09ab_000000000724,0.344520,274.088963,193.217722,102.603027,18.025677
670,11dd74426e8374ac110c4036c77c09ab_000000000725,0.344520,361.707309,226.586246,26.099697,9.585529
670,11dd74426e8374ac110c4036c77c09ab_000000000725,0.344520,374.765317,131.657291,22.987783,8.279978
670,11dd74426e8374ac110c4036c77c09ab_000000000725,0.344520,303.779042,111.590266,98.001274,24.282438
670,11dd74426e8374ac110c4036c77c09ab_000000000725,0.344520,271.562739,192.256896,104.251846,17.844322
671,11dd74426e8374ac110c4036c77c09ab_000000000726,0.344520,361.433947,226.109313,26.092169,9.441626
671,11dd74426e8374ac110c4036c77c09ab_000000000726,0.344520,373.085653,130.822527,23.532574,8.279972
671,11dd74426e8374ac110c4036c77c09ab_000000000726,0.344520,311.905785,112.921130,96.069656,24.364704
671,11dd74426e8374ac110c4036c77c09ab_000000000726,0.344520,273.344093,193.225796,104.265137,17.703009
672,11dd74426e8374ac110c4036c77c09ab_000000000727,0.344520,362.790034,226.986974,26.095617,10.004504
672,11dd74426e8374ac110c4036c77c09ab_000000000727,0.344520,376.248580,132.266016,22.321159,9.478834
672,11dd74426e8374ac110c4036c77c09ab_000000000727,0.344520,308.817612,112.311974,96.082901,24.506908
672,11dd74426e8374ac110c4036c77c09ab_000000000727,0.344520,271.891257,192.971401,103.468498,18.525188
673,11dd74426e8374ac110c4036c77c09ab_000000000728,0.344520,362.443032,226.654103,26.083590,9.985885
673,11dd74426e8374ac110c4036c77c09ab_000000000728,0.344520,374.314774,131.963772,21.084637,11.162482
673,11dd74426e8374ac110c4036c77c09ab_000000000728,0.344520,310.688482,112.005472,95.301819,24.395773
673,11dd74426e8374ac110c4036c77c09ab_000000000728,0.344520,272.143571,193.018378,103.791466,18.763313
674,11dd74426e8374ac110c4036c77c09ab_000000000729,0.344520,363.683382,226.843690,26.722122,10.005898
674,11dd74426e8374ac110c4036c77c09ab_000000000729,0.344520,374.670944,132.292700,21.663828,8.570491
674,11dd74426e8374ac110c4036c77c09ab_000000000729,0.344520,309.506926,111.149659,94.020569,25.093323
674,11dd74426e8374ac110c4036c77c09ab_000000000729,0.344520,270.803023,192.124105,106.510872,19.845276
675,11dd74426e8374ac110c4036c77c09ab_000000000730,0.344520,364.321619,226.775833,26.855186,9.274306
675,11dd74426e8374ac110c4036c77c09ab_000000000730,0.344520,375.991073,132.676396,21.516338,8.570494
675,11dd74426e8374ac110c4036c77c09ab_000000000730,0.344520,312.888711,112.481080,93.786659,25.551563
675,11dd74426e8374ac110c4036c77c09ab_000000000730,0.344520,272.260023,193.318088,106.742241,20.092121
676,11dd74426e8374ac110c4036c77c09ab_000000000731,0.344520,363.106125,226.514646,25.498678,10.886502
676,11dd74426e8374ac110c4036c77c09ab_000000000731,0.344520,376.371888,131.483758,21.818298,8.344604
676,11dd74426e8374ac110c4036c77c09ab_000000000731,0.344520,312.624180,112.674778,90.859116,25.651096
676,11dd74426e8374ac110c4036c77c09ab_000000000731,0.344520,270.467440,192.069832,106.883064,19.526876
677,11dd74426e8374ac110c4036c77c09ab_000000000732,0.344520,365.188093,229.335092,26.728725,9.035373
677,11dd74426e8374ac110c4036c77c09ab_000000000732,0.344520,378.197400,133.556632,20.885839,8.435011
677,11dd74426e8374ac110c4036c77c09ab_000000000732,0.344520,313.929506,114.967793,94.240669,24.973053
677,11dd74426e8374ac110c4036c77c09ab_000000000732,0.344520,270.959576,193.041950,108.184311,19.937304
678,11dd74426e8374ac110c4036c77c09ab_000000000733,0.344520,365.221822,227.803360,26.847406,9.035367
678,11dd74426e8374ac110c4036c77c09ab_000000000733,0.344520,376.815071,132.546422,19.001764,11.449797
678,11dd74426e8374ac110c4036c77c09ab_000000000733,0.344520,307.041704,112.476622,95.764389,25.057793
678,11dd74426e8374ac110c4036c77c09ab_000000000733,0.344520,267.672564,191.411765,108.196655,19.092577
679,11dd74426e8374ac110c4036c77c09ab_000000000734,0.343351,362.917900,227.232029,26.433821,8.886502
679,11dd74426e8374ac110c4036c77c09ab_000000000734,0.343351,374.528957,132.406790,21.267548,8.583780
679,11dd74426e8374ac110c4036c77c09ab_000000000734,0.343351,307.802635,112.488892,96.631752,24.754429
679,11dd74426e8374ac110c4036c77c09ab_000000000734,0.343351,273.716644,193.050015,107.828033,18.820822
680,11dd74426e8374ac110c4036c77c09ab_000000000735,0.344520,365.306480,228.122983,26.847364,9.035383
680,11dd74426e8374ac110c4036c77c09ab_000000000735,0.344520,375.184991,133.034668,21.462717,8.398459
680,11dd74426e8374ac110c4036c77c09ab_000000000735,0.344520,307.657358,112.417144,96.744881,24.730965
680,11dd74426e8374ac110c4036c77c09ab_000000000735,0.344520,275.277605,194.204854,108.249702,19.048378
681,11dd74426e8374ac110c4036c77c09ab_000000000736,0.344520,364.841218,227.755669,27.172371,9.051805
681,11dd74426e8374ac110c4036c77c09ab_000000000736,0.344520,374.059958,131.053465,22.788271,11.534307
681,11dd74426e8374ac110c4036c77c09ab_000000000736,0.344520,304.978198,110.902108,97.937813,24.088343
681,11dd74426e8374ac110c4036c77c09ab_000000000736,0.344520,269.053421,190.914393,109.715706,20.324163
682,11dd74426e8374ac110c4036c77c09ab_000000000737,0.344520,361.217781,226.279681,26.931349,8.866093
682,11dd74426e8374ac110c4036c77c09ab_000000000737,0.344520,374.716953,130.880059,22.705759,12.482769
682,11dd74426e8374ac110c4036c77c09ab_000000000737,0.344520,303.367421,111.188665,98.149750,24.096863
682,11dd74426e8374ac110c4036c77c09ab_000000000737,0.344520,273.264461,193.299604,110.144859,20.344866
683,11dd74426e8374ac110c4036c77c09ab_000000000738,0.343351,364.395624,226.705079,26.613417,8.557658
683,11dd74426e8374ac110c4036c77c09ab_000000000738,0.343351,374.675611,132.037024,20.374340,8.037236
683,11dd74426e8374ac110c4036c77c09ab_000000000738,0.343351,307.910205,111.679260,98.329033,24.112904
683,11dd74426e8374ac110c4036c77c09ab_000000000738,0.343351,271.294264,191.846632,111.236168,22.053635
684,11dd74426e8374ac110c4036c77c09ab_000000000739,0.343351,364.744675,227.888973,19.961666,19.040337
684,11dd74426e8374ac110c4036c77c09ab_000000000739,0.343351,375.214653,132.934296,19.890455,7.732341
684,11dd74426e8374ac110c4036c77c09ab_000000000739,0.343351,310.399708,113.118843,97.434258,24.197474
684,11dd74426e8374ac110c4036c77c09ab_000000000739,0.343351,272.501483,193.814738,113.126900,20.844007
685,11dd74426e8374ac110c4036c77c09ab_000000000740,0.343351,364.373368,226.539879,20.721674,17.502991
685,11dd74426e8374ac110c4036c77c09ab_000000000740,0.343351,375.797620,132.767158,19.435282,7.166092
685,11dd74426e8374ac110c4036c77c09ab_000000000740,0.343351,310.298823,112.003414,96.476357,24.224514
685,11dd74426e8374ac110c4036c77c09ab_000000000740,0.343351,276.502262,194.088010,113.893677,20.844011
686,11dd74426e8374ac110c4036c77c09ab_000000000741,0.343351,364.299560,227.281256,26.724527,8.557658
686,11dd74426e8374ac110c4036c77c09ab_000000000741,0.343351,375.320902,133.106590,20.115192,7.063363
686,11dd74426e8374ac110c4036c77c09ab_000000000741,0.343351,308.082383,112.333730,96.919540,23.837301
686,11dd74426e8374ac110c4036c77c09ab_000000000741,0.343351,318.605235,210.094666,0.767761,0.614203
686,11dd74426e8374ac110c4036c77c09ab_000000000741,0.343351,272.049012,193.195725,113.033432,20.916574
687,11dd74426e8374ac110c4036c77c09ab_000000000742,0.343351,364.475887,227.314200,26.725702,8.555940
687,11dd74426e8374ac110c4036c77c09ab_000000000742,0.343351,374.034594,131.607731,19.808140,7.063357
687,11dd74426e8374ac110c4036c77c09ab_000000000742,0.343351,310.736772,113.110345,96.710625,23.897907
687,11dd74426e8374ac110c4036c77c09ab_000000000742,0.343351,269.202012,192.083398,112.924713,21.006094
688,11dd74426e8374ac110c4036c77c09ab_000000000743,0.343351,361.862741,225.882097,26.724110,8.698878
688,11dd74426e8374ac110c4036c77c09ab_000000000743,0.343351,373.449406,130.473525,19.697027,7.042131
688,11dd74426e8374ac110c4036c77c09ab_000000000743,0.343351,355.274614,122.862554,0.686702,0.686702
688,11dd74426e8374ac110c4036c77c09ab_000000000743,0.343351,304.707805,110.777838,95.303841,23.648582
688,11dd74426e8374ac110c4036c77c09ab_000000000743,0.343351,267.546368,189.639685,112.702995,21.498262
689,11dd74426e8374ac110c4036c77c09ab_000000000744,0.343351,363.968783,226.290308,21.281128,17.806650
689,11dd74426e8374ac110c4036c77c09ab_000000000744,0.343351,375.419649,131.358213,19.224375,7.050736
689,11dd74426e8374ac110c4036c77c09ab_000000000744,0.343351,305.963810,110.554191,95.303818,23.648582
689,11dd74426e8374ac110c4036c77c09ab_000000000744,0.343351,269.295981,190.611960,113.245850,21.498257
690,11dd74426e8374ac110c4036c77c09ab_000000000745,0.343351,362.556442,226.989270,26.412571,10.238201
690,11dd74426e8374ac110c4036c77c09ab_000000000745,0.343351,371.519692,131.482359,19.450161,7.434444
690,11dd74426e8374ac110c4036c77c09ab_000000000745,0.343351,305.337673,111.303185,95.213097,23.527819
690,11dd74426e8374ac110c4036c77c09ab_000000000745,0.343351,303.125529,197.409108,1.535522,0.614205
690,11dd74426e8374ac110c4036c77c09ab_000000000745,0.343351,261.709592,186.890322,97.062050,18.378677
691,11dd74426e8374ac110c4036c77c09ab_000000000746,0.343351,362.247921,225.669075,26.731192,9.076949
691,11dd74426e8374ac110c4036c77c09ab_000000000746,0.343351,371.660436,130.241233,18.458080,7.600401
691,11dd74426e8374ac110c4036c77c09ab_000000000746,0.343351,302.864600,109.072055,95.308029,23.468283
691,11dd74426e8374ac110c4036c77c09ab_000000000746,0.343351,261.598712,185.481251,92.917679,27.800591
692,11dd74426e8374ac110c4036c77c09ab_000000000747,0.343351,360.949291,226.487299,26.928141,8.800538
692,11dd74426e8374ac110c4036c77c09ab_000000000747,0.343351,371.940917,131.057592,20.195332,7.491819
692,11dd74426e8374ac110c4036c77c09ab_000000000747,0.343351,302.643781,110.554631,94.865158,23.199656
692,11dd74426e8374ac110c4036c77c09ab_000000000747,0.343351,256.214638,184.754711,94.183823,19.736132
693,11dd74426e8374ac110c4036c77c09ab_000000000748,0.343351,363.855199,226.515381,26.930237,8.707298
693,11dd74426e8374ac110c4036c77c09ab_000000000748,0.343351,376.511146,131.714661,20.479877,9.290673
693,11dd74426e8374ac110c4036c77c09ab_000000000748,0.343351,308.197330,112.548419,95.171875,23.221163
693,11dd74426e8374ac110c4036c77c09ab_000000000748,0.343351,261.072809,184.430200,95.439804,18.084589
694,11dd74426e8374ac110c4036c77c09ab_000000000749,0.343351,361.103782,225.685463,22.205349,17.186882
694,11dd74426e8374ac110c4036c77c09ab_000000000749,0.343351,374.827587,132.069674,21.275469,7.745388
694,11dd74426e8374ac110c4036c77c09ab_000000000749,0.343351,306.857331,111.291429,95.741478,23.199644
694,11dd74426e8374ac110c4036c77c09ab_000000000749,0.343351,259.480788,184.214767,95.005882,17.924498
695,11dd74426e8374ac110c4036c77c09ab_000000000750,0.343351,364.043220,226.961041,26.412529,10.238199
695,11dd74426e8374ac110c4036c77c09ab_000000000750,0.343351,375.236196,132.504060,20.825283,9.241467
695,11dd74426e8374ac110c4036c77c09ab_000000000750,0.343351,305.927765,111.165941,96.540627,23.099833
695,11dd74426e8374ac110c4036c77c09ab_000000000750,0.343351,256.905196,184.996884,94.054794,19.660112
696,11dd74426e8374ac110c4036c77c09ab_000000000751,0.343351,363.074905,226.824447,26.261307,9.023112
696,11dd74426e8374ac110c4036c77c09ab_000000000751,0.343351,372.713498,131.919008,21.296928,7.138649
696,11dd74426e8374ac110c4036c77c09ab_000000000751,0.343351,302.706148,110.758191,97.303612,23.206825
696,11dd74426e8374ac110c4036c77c09ab_000000000751,0.343351,257.660195,183.604117,92.949043,19.784039
697,11dd74426e8374ac110c4036c77c09ab_000000000752,0.343351,363.689601,226.908881,22.260841,16.648491
697,11dd74426e8374ac110c4036c77c09ab_000000000752,0.343351,373.329283,132.261897,22.070557,6.773587
697,11dd74426e8374ac110c4036c77c09ab_000000000752,0.343351,305.010668,112.084411,96.090126,23.302608
697,11dd74426e8374ac110c4036c77c09ab_000000000752,0.343351,256.687647,183.190876,92.393494,17.993753
698,11dd74426e8374ac110c4036c77c09ab_000000000753,0.343351,362.066773,227.257051,26.599836,9.121298
698,11dd74426e8374ac110c4036c77c09ab_000000000753,0.343351,372.678501,132.412292,20.534868,9.396541
698,11dd74426e8374ac110c4036c77c09ab_000000000753,0.343351,302.770882,112.926851,95.877693,23.251858
698,11dd74426e8374ac110c4036c77c09ab_000000000753,0.343351,253.291211,182.245132,91.964760,18.240940
699,11dd74426e8374ac110c4036c77c09ab_000000000754,0.344520,364.362834,228.127084,26.549988,9.212527
699,11dd74426e8374ac110c4036c77c09ab_000000000754,0.344520,374.472399,132.605363,21.676697,9.902519
699,11dd74426e8374ac110c4036c77c09ab_000000000754,0.344520,303.503030,112.468926,96.962494,23.232134
699,11dd74426e8374ac110c4036c77c09ab_000000000754,0.344520,256.431153,184.228290,90.730049,20.188650
700,11dd74426e8374ac110c4036c77c09ab_000000000755,0.337676,359.793579,223.176099,25.734606,8.542602
700,11dd74426e8374ac110c4036c77c09ab_000000000755,0.337676,369.117551,130.170659,20.417280,9.669500
700,11dd74426e8374ac110c4036c77c09ab_000000000755,0.337676,301.215737,109.426194,96.230949,22.958151
700,11dd74426e8374ac110c4036c77c09ab_000000000755,0.337676,252.397976,179.009009,90.661270,18.141064
701,11dd74426e8374ac110c4036c77c09ab_000000000756,0.343351,364.167031,226.556183,26.148226,8.553425
701,11dd74426e8374ac110c4036c77c09ab_000000000756,0.343351,372.137740,131.795606,20.759813,9.713292
701,11dd74426e8374ac110c4036c77c09ab_000000000756,0.343351,306.744166,112.228382,98.174644,23.261412
701,11dd74426e8374ac110c4036c77c09ab_000000000756,0.343351,254.400584,182.250413,90.465263,21.386999
702,11dd74426e8374ac110c4036c77c09ab_000000000757,0.338788,361.419418,224.348326,26.457178,8.909729
702,11dd74426e8374ac110c4036c77c09ab_000000000757,0.338788,370.015141,131.198322,21.987337,9.678185
702,11dd74426e8374ac110c4036c77c09ab_000000000757,0.338788,306.416521,111.822533,97.818298,22.850859
702,11dd74426e8374ac110c4036c77c09ab_000000000757,0.338788,253.590790,180.639983,92.814079,17.876291
703,11dd74426e8374ac110c4036c77c09ab_000000000758,0.338788,360.458346,223.882305,26.053377,11.429869
703,11dd74426e8374ac110c4036c77c09ab_000000000758,0.338788,368.830457,130.436533,23.513332,7.098849
703,11dd74426e8374ac110c4036c77c09ab_000000000758,0.338788,300.955377,109.688315,98.048653,23.017857
703,11dd74426e8374ac110c4036c77c09ab_000000000758,0.338788,249.595055,179.231831,93.467667,17.515842
704,11dd74426e8374ac110c4036c77c09ab_000000000759,0.338788,362.735160,223.685926,25.756855,10.454252
704,11dd74426e8374ac110c4036c77c09ab_000000000759,0.338788,370.375476,130.305776,20.544716,10.272347
704,11dd74426e8374ac110c4036c77c09ab_000000000759,0.338788,311.202569,112.380953,99.934883,23.231174
704,11dd74426e8374ac110c4036c77c09ab_000000000759,0.338788,252.127532,179.136857,91.779411,17.502815
705,11dd74426e8374ac110c4036c77c09ab_000000000760,0.338788,362.585906,223.788737,25.308308,10.315596
705,11dd74426e8374ac110c4036c77c09ab_000000000760,0.338788,370.900036,130.475470,20.817871,10.199499
705,11dd74426e8374ac110c4036c77c09ab_000000000760,0.338788,309.389439,111.865058,99.167496,23.271898
705,11dd74426e8374ac110c4036c77c09ab_000000000760,0.338788,253.200286,178.945441,91.568436,17.450888
706,11dd74426e8374ac110c4036c77c09ab_000000000761,0.338788,360.393913,223.452079,25.666698,10.990611
706,11dd74426e8374ac110c4036c77c09ab_000000000761,0.338788,369.164738,130.279091,22.111074,10.272337
706,11dd74426e8374ac110c4036c77c09ab_000000000761,0.338788,308.742962,112.235349,99.707481,23.118008
706,11dd74426e8374ac110c4036c77c09ab_000000000761,0.338788,253.385726,179.293741,91.372284,18.549578
707,11dd74426e8374ac110c4036c77c09ab_000000000762,0.338788,358.897735,223.864998,24.945906,9.877242
707,11dd74426e8374ac110c4036c77c09ab_000000000762,0.338788,369.095135,130.404224,22.326746,10.520608
707,11dd74426e8374ac110c4036c77c09ab_000000000762,0.338788,310.696227,112.385347,100.272575,23.085794
707,11dd74426e8374ac110c4036c77c09ab_000000000762,0.338788,253.480824,179.565099,91.980629,16.552408
708,11dd74426e8374ac110c4036c77c09ab_000000000763,0.338788,355.806166,226.090696,31.191572,7.973718
708,11dd74426e8374ac110c4036c77c09ab_000000000763,0.338788,238.096346,174.952022,118.397217,18.667267
708,11dd74426e8374ac110c4036c77c09ab_000000000763,0.338788,311.999355,117.976546,82.174088,70.189476
709,11dd74426e8374ac110c4036c77c09ab_000000000764,0.338788,349.516206,224.170929,27.613203,8.278181
709,11dd74426e8374ac110c4036c77c09ab_000000000764,0.338788,255.436819,185.382649,116.969131,17.348858
709,11dd74426e8374ac110c4036c77c09ab_000000000764,0.338788,298.610821,110.034072,100.322327,23.139423
710,11dd74426e8374ac110c4036c77c09ab_000000000765,0.338788,349.663599,223.672134,27.981148,8.585632
710,11dd74426e8374ac110c4036c77c09ab_000000000765,0.338788,254.911267,184.986810,116.836235,17.453684
710,11dd74426e8374ac110c4036c77c09ab_000000000765,0.338788,300.040044,109.699140,99.685608,23.117229
711,11dd74426e8374ac110c4036c77c09ab_000000000766,0.338788,351.400634,225.748806,28.162535,8.637064
711,11dd74426e8374ac110c4036c77c09ab_000000000766,0.338788,253.720338,185.400432,116.738617,17.462250
711,11dd74426e8374ac110c4036c77c09ab_000000000766,0.338788,304.909528,113.301848,98.098076,23.369797
712,11dd74426e8374ac110c4036c77c09ab_000000000767,0.344520,356.562675,227.945761,28.503729,8.936316
712,11dd74426e8374ac110c4036c77c09ab_000000000767,0.344520,256.286839,186.554602,118.731972,17.851315
712,11dd74426e8374ac110c4036c77c09ab_000000000767,0.344520,307.639484,113.353463,98.976692,23.854980
713,11dd74426e8374ac110c4036c77c09ab_000000000768,0.344520,356.793224,228.991329,28.339668,8.901062
713,11dd74426e8374ac110c4036c77c09ab_000000000768,0.344520,259.123771,188.600529,118.737839,18.950304
713,11dd74426e8374ac110c4036c77c09ab_000000000768,0.344520,307.474394,115.305553,100.179573,24.210747
714,11dd74426e8374ac110c4036c77c09ab_000000000769,0.338788,347.221857,224.018553,27.574947,9.090643
714,11dd74426e8374ac110c4036c77c09ab_000000000769,0.338788,255.299724,186.085432,116.264923,18.925753
714,11dd74426e8374ac110c4036c77c09ab_000000000769,0.338788,300.761665,112.380674,99.058815,23.865686
715,11dd74426e8374ac110c4036c77c09ab_000000000770,0.338788,349.039123,224.286519,27.964769,8.906214
715,11dd74426e8374ac110c4036c77c09ab_000000000770,0.338788,255.526520,186.707551,116.745110,18.213730
715,11dd74426e8374ac110c4036c77c09ab_000000000770,0.338788,302.696609,112.928590,99.424881,24.024063
716,11dd74426e8374ac110c4036c77c09ab_000000000771,0.344520,357.529788,227.323925,25.636412,10.517497
716,11dd74426e8374ac110c4036c77c09ab_000000000771,0.344520,260.314515,188.263263,115.493256,22.140751
716,11dd74426e8374ac110c4036c77c09ab_000000000771,0.344520,307.278267,114.375806,102.070122,24.472988
717,11dd74426e8374ac110c4036c77c09ab_000000000772,0.344520,355.592912,227.524404,25.904896,8.801274
717,11dd74426e8374ac110c4036c77c09ab_000000000772,0.344520,258.566785,187.067430,115.489601,20.242491
717,11dd74426e8374ac110c4036c77c09ab_000000000772,0.344520,309.722525,115.068369,102.069176,24.340322
718,11dd74426e8374ac110c4036c77c09ab_000000000773,0.338788,347.558620,222.187908,22.910217,13.870269
718,11dd74426e8374ac110c4036c77c09ab_000000000773,0.338788,252.360511,180.279834,115.116447,20.440472
718,11dd74426e8374ac110c4036c77c09ab_000000000773,0.338788,202.923574,151.425651,4.810800,3.387889
718,11dd74426e8374ac110c4036c77c09ab_000000000773,0.338788,305.148773,111.033471,100.888657,23.793570
719,11dd74426e8374ac110c4036c77c09ab_000000000774,0.338788,348.374987,223.440437,23.173098,11.789842
719,11dd74426e8374ac110c4036c77c09ab_000000000774,0.338788,253.725507,180.719428,117.140488,25.532001
719,11dd74426e8374ac110c4036c77c09ab_000000000774,0.338788,304.122089,111.484892,100.154770,23.559278
720,11dd74426e8374ac110c4036c77c09ab_000000000775,0.338788,347.514286,222.010181,25.912312,9.102541
720,11dd74426e8374ac110c4036c77c09ab_000000000775,0.338788,246.960429,184.326210,115.981987,18.474600
720,11dd74426e8374ac110c4036c77c09ab_000000000775,0.338788,202.890800,150.702985,3.856841,5.678118
720,11dd74426e8374ac110c4036c77c09ab_000000000775,0.338788,298.938340,108.440314,101.621834,24.638620
721,11dd74426e8374ac110c4036c77c09ab_000000000776,0.338788,348.804097,223.026877,25.908342,9.848207
721,11dd74426e8374ac110c4036c77c09ab_000000000776,0.338788,248.074001,184.292422,118.499161,25.264015
721,11dd74426e8374ac110c4036c77c09ab_000000000776,0.338788,303.632103,109.291401,102.203606,25.207808
722,11dd74426e8374ac110c4036c77c09ab_000000000777,0.338788,350.146927,222.457880,22.518597,15.092272
722,11dd74426e8374ac110c4036c77c09ab_000000000777,0.338788,246.761713,183.031105,118.310432,25.825600
722,11dd74426e8374ac110c4036c77c09ab_000000000777,0.338788,305.686959,111.183511,100.874161,24.920946
723,11dd74426e8374ac110c4036c77c09ab_000000000778,0.338788,348.322920,222.078129,25.573730,9.491443
723,11dd74426e8374ac110c4036c77c09ab_000000000778,0.338788,257.223481,187.569286,113.731285,24.686459
723,11dd74426e8374ac110c4036c77c09ab_000000000778,0.338788,305.044349,110.002590,101.073990,24.847364
724,11dd74426e8374ac110c4036c77c09ab_000000000779,0.338788,347.380416,222.706244,25.453840,9.696697
724,11dd74426e8374ac110c4036c77c09ab_000000000779,0.338788,254.425210,187.624496,115.232224,17.101357
724,11dd74426e8374ac110c4036c77c09ab_000000000779,0.338788,300.687038,109.853243,101.035301,26.771851
725,11dd74426e8374ac110c4036c77c09ab_000000000780,0.338788,347.397455,222.396735,24.241695,9.696682
725,11dd74426e8374ac110c4036c77c09ab_000000000780,0.338788,252.320540,186.011529,116.526459,19.397272
725,11dd74426e8374ac110c4036c77c09ab_000000000780,0.338788,303.014100,110.705549,101.923981,24.809610
726,11dd74426e8374ac110c4036c77c09ab_000000000781,0.338788,347.726277,222.052302,23.787233,9.696697
726,11dd74426e8374ac110c4036c77c09ab_000000000781,0.338788,256.201678,186.807405,118.466988,19.232361
726,11dd74426e8374ac110c4036c77c09ab_000000000781,0.338788,304.692637,110.743400,101.496254,24.867126
727,11dd74426e8374ac110c4036c77c09ab_000000000782,0.338788,347.740462,222.894062,23.787191,9.848206
727,11dd74426e8374ac110c4036c77c09ab_000000000782,0.338788,211.469567,168.214496,29.166824,14.971923
727,11dd74426e8374ac110c4036c77c09ab_000000000782,0.338788,305.928354,110.474762,104.081070,24.773424
728,11dd74426e8374ac110c4036c77c09ab_000000000783,0.338788,348.765347,222.797144,23.653322,9.036102
728,11dd74426e8374ac110c4036c77c09ab_000000000783,0.338788,212.700735,168.783721,29.191906,15.007140
728,11dd74426e8374ac110c4036c77c09ab_000000000783,0.338788,308.552807,112.769514,104.144691,27.330317
729,11dd74426e8374ac110c4036c77c09ab_000000000784,0.338788,348.693677,222.536601,23.970358,10.853253
729,11dd74426e8374ac110c4036c77c09ab_000000000784,0.338788,212.349065,168.773950,25.986526,20.106352
729,11dd74426e8374ac110c4036c77c09ab_000000000784,0.338788,303.868784,111.095050,104.472069,24.657696
730,11dd74426e8374ac110c4036c77c09ab_000000000785,0.344520,353.257684,226.107736,24.812666,9.304755
730,11dd74426e8374ac110c4036c77c09ab_000000000785,0.344520,215.989991,170.019144,28.326212,18.629929
730,11dd74426e8374ac110c4036c77c09ab_000000000785,0.344520,310.818581,113.498807,105.449219,26.690283
731,11dd74426e8374ac110c4036c77c09ab_000000000786,0.344520,354.557921,225.729718,23.860441,11.071458
731,11dd74426e8374ac110c4036c77c09ab_000000000786,0.344520,310.343688,112.569922,105.793083,25.317974
732,11dd74426e8374ac110c4036c77c09ab_000000000787,0.338788,346.850398,221.785328,24.778206,9.475324
732,11dd74426e8374ac110c4036c77c09ab_000000000787,0.338788,306.621564,110.307766,106.007988,26.424158
733,11dd74426e8374ac110c4036c77c09ab_000000000788,0.338788,348.619070,222.315698,24.132309,9.447306
733,11dd74426e8374ac110c4036c77c09ab_000000000788,0.338788,308.657830,111.992010,104.423912,26.377703
734,11dd74426e8374ac110c4036c77c09ab_000000000789,0.344520,354.762227,226.578277,23.893665,9.779869
734,11dd74426e8374ac110c4036c77c09ab_000000000789,0.344520,308.332730,111.845660,110.166397,26.294071
735,11dd74426e8374ac110c4036c77c09ab_000000000790,0.344520,354.126008,225.384651,24.256269,9.459247
735,11dd74426e8374ac110c4036c77c09ab_000000000790,0.344520,310.268892,112.339310,110.951958,27.358007
736,11dd74426e8374ac110c4036c77c09ab_000000000791,0.344520,355.401264,226.535317,24.143349,9.657345
736,11dd74426e8374ac110c4036c77c09ab_000000000791,0.344520,315.403181,115.879203,111.116074,26.337643
737,11dd74426e8374ac110c4036c77c09ab_000000000792,0.344520,355.665752,226.053716,24.189653,9.860761
737,11dd74426e8374ac110c4036c77c09ab_000000000792,0.344520,320.730169,117.951572,111.151253,25.440451
738,11dd74426e8374ac110c4036c77c09ab_000000000793,0.344520,356.331495,226.312569,20.680397,15.048883
738,11dd74426e8374ac110c4036c77c09ab_000000000793,0.344520,319.000122,116.363496,111.319016,25.436157
739,11dd74426e8374ac110c4036c77c09ab_000000000794,0.345599,355.835216,225.716681,24.110886,10.046187
739,11dd74426e8374ac110c4036c77c09ab_000000000794,0.345599,315.881622,114.726492,111.955063,25.496607
740,11dd74426e8374ac110c4036c77c09ab_000000000795,0.345599,354.981892,226.200212,23.801737,10.046187
740,11dd74426e8374ac110c4036c77c09ab_000000000795,0.345599,316.787111,115.817606,111.856598,25.983971
741,11dd74426e8374ac110c4036c77c09ab_000000000796,0.345599,355.549734,226.418595,23.647161,9.582511
741,11dd74426e8374ac110c4036c77c09ab_000000000796,0.345599,314.083955,114.265311,109.171326,25.353558
742,11dd74426e8374ac110c4036c77c09ab_000000000797,0.344520,299.427263,202.693612,59.104229,32.560108
742,11dd74426e8374ac110c4036c77c09ab_000000000797,0.344520,362.363925,227.605404,30.153574,9.663816
742,11dd74426e8374ac110c4036c77c09ab_000000000797,0.344520,335.439200,128.872277,116.706734,17.078472
743,11dd74426e8374ac110c4036c77c09ab_000000000798,0.344520,296.465194,201.930006,62.136719,16.927065
743,11dd74426e8374ac110c4036c77c09ab_000000000798,0.344520,359.933820,227.174753,20.800045,21.570379
743,11dd74426e8374ac110c4036c77c09ab_000000000798,0.344520,328.624680,122.666902,110.687950,18.688007
744,11dd74426e8374ac110c4036c77c09ab_000000000799,0.345599,296.298940,201.315632,62.570961,17.067915
744,11dd74426e8374ac110c4036c77c09ab_000000000799,0.345599,363.200625,228.460168,27.728537,9.861899
744,11dd74426e8374ac110c4036c77c09ab_000000000799,0.345599,328.899042,122.086343,110.911346,19.503042
745,11dd74426e8374ac110c4036c77c09ab_000000000800,0.338788,289.481688,198.013726,61.223068,16.855181
745,11dd74426e8374ac110c4036c77c09ab_000000000800,0.338788,353.348503,224.172314,26.729837,10.622359
745,11dd74426e8374ac110c4036c77c09ab_000000000800,0.338788,323.287210,121.020814,108.659714,19.563696
746,11dd74426e8374ac110c4036c77c09ab_000000000801,0.343351,294.816896,201.687266,61.207687,17.035519
746,11dd74426e8374ac110c4036c77c09ab_000000000801,0.343351,359.377723,226.923508,27.449747,10.428657
746,11dd74426e8374ac110c4036c77c09ab_000000000801,0.343351,326.858039,122.263482,111.171974,19.917801
747,11dd74426e8374ac110c4036c77c09ab_000000000802,0.343351,291.428340,200.321763,61.082973,17.199692
747,11dd74426e8374ac110c4036c77c09ab_000000000802,0.343351,357.863199,226.622468,27.485626,11.055693
747,11dd74426e8374ac110c4036c77c09ab_000000000802,0.343351,324.914829,120.913078,110.910545,19.279524
748,11dd74426e8374ac110c4036c77c09ab_000000000803,0.338788,292.601297,199.601963,59.549038,17.794168
748,11dd74426e8374ac110c4036c77c09ab_000000000803,0.338788,353.471371,224.022213,26.452463,11.232680
748,11dd74426e8374ac110c4036c77c09ab_000000000803,0.338788,321.190584,118.640692,110.904663,20.111128
749,11dd74426e8374ac110c4036c77c09ab_000000000804,0.338788,289.446060,199.701879,59.566677,17.784294
749,11dd74426e8374ac110c4036c77c09ab_000000000804,0.338788,352.179947,224.105855,26.445143,11.348550
749,11dd74426e8374ac110c4036c77c09ab_000000000804,0.338788,321.412769,119.594321,110.988785,20.196699
750,11dd74426e8374ac110c4036c77c09ab_000000000805,0.345599,295.437263,203.397895,60.574677,17.924498
750,11dd74426e8374ac110c4036c77c09ab_000000000805,0.345599,360.179671,227.736845,27.130657,10.013205
750,11dd74426e8374ac110c4036c77c09ab_000000000805,0.345599,330.465692,121.760920,113.511581,20.419802
751,11dd74426e8374ac110c4036c77c09ab_000000000806,0.345599,294.893510,202.746395,60.521439,18.203299
751,11dd74426e8374ac110c4036c77c09ab_000000000806,0.345599,359.787160,227.903738,27.157700,10.142224
751,11dd74426e8374ac110c4036c77c09ab_000000000806,0.345599,330.219296,122.316823,113.466255,20.419804
752,11dd74426e8374ac110c4036c77c09ab_000000000807,0.344520,292.044276,202.556195,60.385624,17.738495
752,11dd74426e8374ac110c4036c77c09ab_000000000807,0.344520,358.576471,227.524951,26.568619,11.571835
752,11dd74426e8374ac110c4036c77c09ab_000000000807,0.344520,322.311064,121.322128,112.685760,20.260773
753,11dd74426e8374ac110c4036c77c09ab_000000000808,0.344520,293.892730,201.980915,61.133629,17.712267
753,11dd74426e8374ac110c4036c77c09ab_000000000808,0.344520,358.685942,228.261389,26.468821,10.081714
753,11dd74426e8374ac110c4036c77c09ab_000000000808,0.344520,327.588847,122.098361,111.544708,21.129873
754,11dd74426e8374ac110c4036c77c09ab_000000000809,0.344520,294.512568,202.816226,60.922192,18.177483
754,11dd74426e8374ac110c4036c77c09ab_000000000809,0.344520,358.960776,227.973938,26.230953,11.850650
754,11dd74426e8374ac110c4036c77c09ab_000000000809,0.344520,329.156790,121.864668,112.287094,21.155085
755,11dd74426e8374ac110c4036c77c09ab_000000000810,0.344520,292.463802,200.914949,60.651100,17.584160
755,11dd74426e8374ac110c4036c77c09ab_000000000810,0.344520,360.066505,228.414219,26.489511,12.105165
755,11dd74426e8374ac110c4036c77c09ab_000000000810,0.344520,327.557116,122.070289,110.457466,25.638929
756,11dd74426e8374ac110c4036c77c09ab_000000000811,0.344520,294.872102,200.995738,60.847229,17.622551
756,11dd74426e8374ac110c4036c77c09ab_000000000811,0.344520,360.480502,227.145693,26.808968,11.709648
756,11dd74426e8374ac110c4036c77c09ab_000000000811,0.344520,328.641838,121.484958,111.948273,20.924650
757,11dd74426e8374ac110c4036c77c09ab_000000000812,0.339814,289.923732,199.272710,58.564915,18.375410
757,11dd74426e8374ac110c4036c77c09ab_000000000812,0.339814,350.678750,224.049854,26.351997,12.037464
757,11dd74426e8374ac110c4036c77c09ab_000000000812,0.339814,321.080393,119.215545,110.702133,22.521544
758,11dd74426e8374ac110c4036c77c09ab_000000000813,0.338788,286.329409,197.827521,57.969982,18.584875
758,11dd74426e8374ac110c4036c77c09ab_000000000813,0.338788,350.740179,223.768618,27.575237,12.767547
758,11dd74426e8374ac110c4036c77c09ab_000000000813,0.338788,320.129554,120.188710,108.937508,21.474403
759,11dd74426e8374ac110c4036c77c09ab_000000000814,0.345599,292.854805,201.413317,59.844246,18.677738
759,11dd74426e8374ac110c4036c77c09ab_000000000814,0.345599,358.817357,228.223413,26.527336,10.017138
759,11dd74426e8374ac110c4036c77c09ab_000000000814,0.345599,324.672965,121.538023,111.021515,21.950102
760,11dd74426e8374ac110c4036c77c09ab_000000000815,0.339814,286.413823,200.227689,59.890404,18.476391
760,11dd74426e8374ac110c4036c77c09ab_000000000815,0.339814,352.427223,224.647017,25.411911,9.835737
760,11dd74426e8374ac110c4036c77c09ab_000000000815,0.339814,322.905336,121.380396,108.220123,22.192896
761,11dd74426e8374ac110c4036c77c09ab_000000000816,0.345599,292.431750,202.131114,60.923229,19.092676
761,11dd74426e8374ac110c4036c77c09ab_000000000816,0.345599,358.055200,228.171649,25.448395,12.792143
761,11dd74426e8374ac110c4036c77c09ab_000000000816,0.345599,327.663585,123.080246,109.642769,22.429972
762,11dd74426e8374ac110c4036c77c09ab_000000000817,0.344520,291.496752,201.683707,60.717930,19.040960
762,11dd74426e8374ac110c4036c77c09ab_000000000817,0.344520,357.339444,228.016877,25.485348,9.943466
762,11dd74426e8374ac110c4036c77c09ab_000000000817,0.344520,324.805621,122.534963,110.194992,22.805798
763,11dd74426e8374ac110c4036c77c09ab_000000000818,0.344520,293.009475,201.077894,58.329983,17.438042
763,11dd74426e8374ac110c4036c77c09ab_000000000818,0.344520,358.118779,227.504133,25.401741,9.943456
763,11dd74426e8374ac110c4036c77c09ab_000000000818,0.344520,326.469808,121.569321,110.387444,22.819565
764,11dd74426e8374ac110c4036c77c09ab_000000000819,0.344520,290.912703,200.413792,57.999722,17.240065
764,11dd74426e8374ac110c4036c77c09ab_000000000819,0.344520,357.458588,226.709932,25.170055,12.112381
764,11dd74426e8374ac110c4036c77c09ab_000000000819,0.344520,327.044751,122.048914,110.178146,22.704315
765,11dd74426e8374ac110c4036c77c09ab_000000000820,0.345599,294.313518,202.240358,58.173687,17.311125
765,11dd74426e8374ac110c4036c77c09ab_000000000820,0.345599,358.324777,227.466403,25.397474,9.639309
765,11dd74426e8374ac110c4036c77c09ab_000000000820,0.345599,331.343252,124.865521,110.345695,22.732500
766,11dd74426e8374ac110c4036c77c09ab_000000000821,0.339814,290.829391,198.977799,56.577820,17.000128
766,11dd74426e8374ac110c4036c77c09ab_000000000821,0.339814,353.576459,224.217812,25.257683,9.396659
766,11dd74426e8374ac110c4036c77c09ab_000000000821,0.339814,327.150852,122.355888,105.615524,22.786991
767,11dd74426e8374ac110c4036c77c09ab_000000000822,0.338788,288.117891,197.478290,55.248966,16.667290
767,11dd74426e8374ac110c4036c77c09ab_000000000822,0.338788,351.322389,222.662324,25.296810,9.679520
767,11dd74426e8374ac110c4036c77c09ab_000000000822,0.338788,322.741042,120.213565,106.384415,22.498209
768,11dd74426e8374ac110c4036c77c09ab_000000000823,0.344520,293.086753,200.215352,55.864738,16.919323
768,11dd74426e8374ac110c4036c77c09ab_000000000823,0.344520,358.685816,226.414680,25.709505,9.827918
768,11dd74426e8374ac110c4036c77c09ab_000000000823,0.344520,325.946908,121.035834,107.505653,23.025877
769,11dd74426e8374ac110c4036c77c09ab_000000000824,0.344520,295.152278,201.758861,55.199333,16.720398
769,11dd74426e8374ac110c4036c77c09ab_000000000824,0.344520,359.928184,227.280776,25.388702,9.875819
769,11dd74426e8374ac110c4036c77c09ab_000000000824,0.344520,333.951584,125.024125,106.009148,23.841545
770,11dd74426e8374ac110c4036c77c09ab_000000000825,0.344520,292.388901,201.442770,58.453438,18.664351
770,11dd74426e8374ac110c4036c77c09ab_000000000825,0.344520,359.066799,227.312948,25.221489,10.008032
770,11dd74426e8374ac110c4036c77c09ab_000000000825,0.344520,329.792315,124.251068,105.952141,23.563498
771,11dd74426e8374ac110c4036c77c09ab_000000000826,0.322665,276.729320,187.170181,52.367653,16.417810
771,11dd74426e8374ac110c4036c77c09ab_000000000826,0.322665,334.920376,212.487792,24.683525,10.087749
771,11dd74426e8374ac110c4036c77c09ab_000000000826,0.322665,308.151976,113.693580,99.254181,22.187595
772,11dd74426e8374ac110c4036c77c09ab_000000000827,0.344520,295.565118,199.528099,55.018013,17.779631
772,11dd74426e8374ac110c4036c77c09ab_000000000827,0.344520,357.301888,226.719437,24.963646,10.298111
772,11dd74426e8374ac110c4036c77c09ab_000000000827,0.344520,326.665262,120.296200,105.643768,23.690479
773,11dd74426e8374ac110c4036c77c09ab_000000000828,0.344520,295.900070,201.294313,55.281723,17.409655
773,11dd74426e8374ac110c4036c77c09ab_000000000828,0.344520,359.770307,227.458629,25.277298,9.853488
773,11dd74426e8374ac110c4036c77c09ab_000000000828,0.344520,331.505770,122.992266,107.742661,22.559740
774,11dd74426e8374ac110c4036c77c09ab_000000000829,0.338788,289.506254,198.449577,57.810680,18.467915
774,11dd74426e8374ac110c4036c77c09ab_000000000829,0.338788,353.009425,224.224609,25.513723,10.099159
774,11dd74426e8374ac110c4036c77c09ab_000000000829,0.338788,324.838205,120.228536,107.013412,22.347919
775,11dd74426e8374ac110c4036c77c09ab_000000000830,0.333241,285.929131,194.523468,53.114216,16.777714
775,11dd74426e8374ac110c4036c77c09ab_000000000830,0.333241,347.314222,220.736707,25.618738,10.129856
775,11dd74426e8374ac110c4036c77c09ab_000000000830,0.333241,320.259745,119.365682,105.376534,22.342712
776,11dd74426e8374ac110c4036c77c09ab_000000000831,0.338788,288.358749,196.823707,53.556347,17.294449
776,11dd74426e8374ac110c4036c77c09ab_000000000831,0.338788,351.956211,224.345617,26.323391,10.413795
776,11dd74426e8374ac110c4036c77c09ab_000000000831,0.338788,329.645387,121.807436,108.000999,23.015278
777,11dd74426e8374ac110c4036c77c09ab_000000000832,0.338788,286.989803,196.028865,52.982056,17.148451
777,11dd74426e8374ac110c4036c77c09ab_000000000832,0.338788,350.448578,223.200903,26.326658,10.551490
777,11dd74426e8374ac110c4036c77c09ab_000000000832,0.338788,327.034685,120.274720,108.361229,23.090954
778,11dd74426e8374ac110c4036c77c09ab_000000000833,0.338788,288.588357,197.911060,56.581890,19.467474
778,11dd74426e8374ac110c4036c77c09ab_000000000833,0.338788,351.132234,223.311861,21.421793,18.032524
778,11dd74426e8374ac110c4036c77c09ab_000000000833,0.338788,324.382751,120.574510,111.567398,23.101978
779,11dd74426e8374ac110c4036c77c09ab_000000000834,0.338788,289.912556,198.516016,56.788834,19.568481
779,11dd74426e8374ac110c4036c77c09ab_000000000834,0.338788,351.752450,224.670055,25.608345,13.386191
779,11dd74426e8374ac110c4036c77c09ab_000000000834,0.338788,325.331127,120.721789,113.819977,23.140095
780,11dd74426e8374ac110c4036c77c09ab_000000000835,0.338788,289.103302,199.368425,57.574123,20.302446
780,11dd74426e8374ac110c4036c77c09ab_000000000835,0.338788,352.557486,224.543960,26.247917,10.177766
780,11dd74426e8374ac110c4036c77c09ab_000000000835,0.338788,324.413768,121.801605,111.296265,23.879984
781,11dd74426e8374ac110c4036c77c09ab_000000000836,0.333241,283.521719,195.616548,56.813160,19.222704
781,11dd74426e8374ac110c4036c77c09ab_000000000836,0.333241,345.611001,219.795135,25.553368,10.325918
781,11dd74426e8374ac110c4036c77c09ab_000000000836,0.333241,319.301291,119.572361,108.427849,23.564878
782,11dd74426e8374ac110c4036c77c09ab_000000000837,0.344520,294.976422,202.361603,58.609444,19.845549
782,11dd74426e8374ac110c4036c77c09ab_000000000837,0.344520,360.260466,227.793855,25.971132,10.276337
782,11dd74426e8374ac110c4036c77c09ab_000000000837,0.344520,332.199311,123.344567,110.443146,24.577734
783,11dd74426e8374ac110c4036c77c09ab_000000000838,0.344520,292.593607,201.940710,59.337029,19.902687
783,11dd74426e8374ac110c4036c77c09ab_000000000838,0.344520,357.802730,227.228774,25.939213,10.154312
783,11dd74426e8374ac110c4036c77c09ab_000000000838,0.344520,331.411040,122.884404,113.046455,24.316225
784,11dd74426e8374ac110c4036c77c09ab_000000000839,0.344520,294.915104,201.932067,60.281979,19.994020
784,11dd74426e8374ac110c4036c77c09ab_000000000839,0.344520,358.912076,227.058427,26.011423,10.082134
784,11dd74426e8374ac110c4036c77c09ab_000000000839,0.344520,330.389821,122.162181,113.343513,24.134962
785,11dd74426e8374ac110c4036c77c09ab_000000000840,0.344520,289.674667,200.853948,61.560997,19.140816
785,11dd74426e8374ac110c4036c77c09ab_000000000840,0.344520,357.851178,227.136566,25.705004,10.008032
785,11dd74426e8374ac110c4036c77c09ab_000000000840,0.344520,329.131073,121.656818,113.443062,24.921198
786,11dd74426e8374ac110c4036c77c09ab_000000000841,0.344520,290.637743,200.360592,61.442043,19.194464
786,11dd74426e8374ac110c4036c77c09ab_000000000841,0.344520,355.992820,225.999548,25.694954,9.783244
786,11dd74426e8374ac110c4036c77c09ab_000000000841,0.344520,330.278437,121.686394,113.522530,24.539076
787,11dd74426e8374ac110c4036c77c09ab_000000000842,0.343351,292.951749,199.036734,47.048447,38.510269
787,11dd74426e8374ac110c4036c77c09ab_000000000842,0.343351,356.256969,225.190303,25.580809,9.753654
787,11dd74426e8374ac110c4036c77c09ab_000000000842,0.343351,325.998447,119.638925,112.792976,23.768728
788,11dd74426e8374ac110c4036c77c09ab_000000000843,0.343351,291.624471,198.756022,58.414463,19.000990
788,11dd74426e8374ac110c4036c77c09ab_000000000843,0.343351,356.519428,225.366463,25.385912,9.696475
788,11dd74426e8374ac110c4036c77c09ab_000000000843,0.343351,327.683263,120.855385,113.029266,23.757769
789,11dd74426e8374ac110c4036c77c09ab_000000000844,0.343351,295.439743,200.718721,57.276192,18.999046
789,11dd74426e8374ac110c4036c77c09ab_000000000844,0.343351,358.369088,226.243617,26.382645,9.418362
789,11dd74426e8374ac110c4036c77c09ab_000000000844,0.343351,331.287650,120.422425,113.484962,24.072123
790,11dd74426e8374ac110c4036c77c09ab_000000000845,0.344520,294.744085,201.357943,54.879333,17.621910
790,11dd74426e8374ac110c4036c77c09ab_000000000845,0.344520,359.098929,226.882192,26.012936,9.594372
790,11dd74426e8374ac110c4036c77c09ab_000000000845,0.344520,334.275644,123.188099,115.587585,23.769882
791,11dd74426e8374ac110c4036c77c09ab_000000000846,0.343351,292.783972,200.979524,57.946274,18.991360
791,11dd74426e8374ac110c4036c77c09ab_000000000846,0.343351,358.608830,226.217589,25.189928,9.381677
791,11dd74426e8374ac110c4036c77c09ab_000000000846,0.343351,329.394966,120.548782,115.929054,24.298010
792,11dd74426e8374ac110c4036c77c09ab_000000000847,0.344520,294.918195,200.531233,53.880447,19.832514
792,11dd74426e8374ac110c4036c77c09ab_000000000847,0.344520,360.022052,226.829644,25.231289,12.815894
792,11dd74426e8374ac110c4036c77c09ab_000000000847,0.344520,335.298776,122.380913,117.377525,24.715218
793,11dd74426e8374ac110c4036c77c09ab_000000000848,0.343351,294.242102,200.461543,53.923134,18.358171
793,11dd74426e8374ac110c4036c77c09ab_000000000848,0.343351,357.210656,226.212686,24.734627,12.884166
793,11dd74426e8374ac110c4036c77c09ab_000000000848,0.343351,332.458174,122.119920,116.997101,24.802580
794,11dd74426e8374ac110c4036c77c09ab_000000000849,0.344520,358.214708,227.191680,32.488804,9.990252
794,11dd74426e8374ac110c4036c77c09ab_000000000849,0.344520,287.779930,197.603671,72.134460,14.609900
795,11dd74426e8374ac110c4036c77c09ab_000000000850,0.344520,356.343733,227.674817,30.591837,10.520607
795,11dd74426e8374ac110c4036c77c09ab_000000000850,0.344520,291.701500,202.502637,68.518127,15.546129
796,11dd74426e8374ac110c4036c77c09ab_000000000851,0.344520,354.347558,227.916868,30.496750,10.376356
796,11dd74426e8374ac110c4036c77c09ab_000000000851,0.344520,292.285318,203.080462,57.366802,38.755669
797,11dd74426e8374ac110c4036c77c09ab_000000000852,0.344520,354.792928,226.801151,30.749504,10.695485
797,11dd74426e8374ac110c4036c77c09ab_000000000852,0.344520,291.246521,202.475385,67.853310,19.143923
798,11dd74426e8374ac110c4036c77c09ab_000000000853,0.344520,353.604686,226.773689,30.968109,10.443677
798,11dd74426e8374ac110c4036c77c09ab_000000000853,0.344520,290.587066,201.916443,65.927368,25.096022
799,11dd74426e8374ac110c4036c77c09ab_000000000854,0.345599,355.393008,228.295153,31.298096,10.422865
799,11dd74426e8374ac110c4036c77c09ab_000000000854,0.345599,292.709301,202.401767,67.031158,20.614101
800,11dd74426e8374ac110c4036c77c09ab_000000000855,0.344520,355.665248,227.927508,30.759430,10.364086
800,11dd74426e8374ac110c4036c77c09ab_000000000855,0.344520,290.517737,201.351088,66.503242,21.182396
801,11dd74426e8374ac110c4036c77c09ab_000000000856,0.344520,353.939239,227.428328,31.650969,10.700495
801,11dd74426e8374ac110c4036c77c09ab_000000000856,0.344520,289.631833,201.641063,67.311676,15.789590
802,11dd74426e8374ac110c4036c77c09ab_000000000857,0.344520,354.126092,227.067174,31.608871,10.721013
802,11dd74426e8374ac110c4036c77c09ab_000000000857,0.344520,289.208206,200.941571,64.718056,22.183815
803,11dd74426e8374ac110c4036c77c09ab_000000000858,0.339814,349.442279,223.638817,32.080963,10.418175
803,11dd74426e8374ac110c4036c77c09ab_000000000858,0.339814,286.551022,198.694669,66.467705,15.330298
804,11dd74426e8374ac110c4036c77c09ab_000000000859,0.338788,348.433506,223.358945,32.129196,9.991034
804,11dd74426e8374ac110c4036c77c09ab_000000000859,0.338788,284.290888,196.568230,64.320076,19.678856
805,11dd74426e8374ac110c4036c77c09ab_000000000860,0.338788,350.829715,223.679309,32.354630,10.103790
805,11dd74426e8374ac110c4036c77c09ab_000000000860,0.338788,287.352557,198.378383,65.568573,15.297609
806,11dd74426e8374ac110c4036c77c09ab_000000000861,0.344520,357.711048,228.385033,31.316162,10.163733
806,11dd74426e8374ac110c4036c77c09ab_000000000861,0.344520,292.119198,202.288510,66.793991,15.519303
807,11dd74426e8374ac110c4036c77c09ab_000000000862,0.344520,355.021122,227.370081,33.230076,10.361710
807,11dd74426e8374ac110c4036c77c09ab_000000000862,0.344520,288.789394,200.299338,64.760033,19.976667
808,11dd74426e8374ac110c4036c77c09ab_000000000863,0.322665,332.768228,213.834657,29.368780,9.987290
808,11dd74426e8374ac110c4036c77c09ab_000000000863,0.322665,271.617989,189.584356,62.058990,16.380831
809,11dd74426e8374ac110c4036c77c09ab_000000000864,0.322665,335.796832,214.445561,29.386229,9.999481
809,11dd74426e8374ac110c4036c77c09ab_000000000864,0.322665,273.621625,190.114023,61.837238,15.155728
810,11dd74426e8374ac110c4036c77c09ab_000000000865,0.344520,355.610197,228.240466,33.113792,10.669821
810,11dd74426e8374ac110c4036c77c09ab_000000000865,0.344520,290.925341,200.989178,57.659595,35.761654
811,11dd74426e8374ac110c4036c77c09ab_000000000866,0.327869,338.395716,217.235908,31.413895,10.267744
811,11dd74426e8374ac110c4036c77c09ab_000000000866,0.327869,277.983298,191.807641,62.875317,15.103125
812,11dd74426e8374ac110c4036c77c09ab_000000000867,0.344520,355.566417,228.048944,32.902000,11.112594
812,11dd74426e8374ac110c4036c77c09ab_000000000867,0.344520,288.378362,200.495065,58.913906,34.316845
813,11dd74426e8374ac110c4036c77c09ab_000000000868,0.344520,355.259368,228.292552,32.992336,10.895303
813,11dd74426e8374ac110c4036c77c09ab_000000000868,0.344520,291.071737,201.233501,66.280174,15.439817
814,11dd74426e8374ac110c4036c77c09ab_000000000869,0.344520,356.243262,227.408331,31.481148,10.955694
814,11dd74426e8374ac110c4036c77c09ab_000000000869,0.344520,290.209994,200.558317,66.276688,15.409784
815,11dd74426e8374ac110c4036c77c09ab_000000000870,0.344520,355.666467,226.921767,31.587759,11.244071
815,11dd74426e8374ac110c4036c77c09ab_000000000870,0.344520,291.254806,201.531823,69.390320,17.106003
816,11dd74426e8374ac110c4036c77c09ab_000000000871,0.344520,354.703475,227.144452,30.808004,11.406564
816,11dd74426e8374ac110c4036c77c09ab_000000000871,0.344520,287.974859,200.409923,69.718590,17.298607
817,11dd74426e8374ac110c4036c77c09ab_000000000872,0.344520,353.454463,227.550037,32.334248,11.196106
817,11dd74426e8374ac110c4036c77c09ab_000000000872,0.344520,289.876513,201.748157,69.715607,18.029062
818,11dd74426e8374ac110c4036c77c09ab_000000000873,0.344520,354.612803,228.313201,32.334248,11.293717
818,11dd74426e8374ac110c4036c77c09ab_000000000873,0.344520,287.799718,201.679249,69.709862,18.213182
819,11dd74426e8374ac110c4036c77c09ab_000000000874,0.344520,354.809582,227.378177,31.712118,11.351681
819,11dd74426e8374ac110c4036c77c09ab_000000000874,0.344520,289.764940,200.429900,66.231331,16.454113
820,11dd74426e8374ac110c4036c77c09ab_000000000875,0.344520,353.118143,227.680032,30.851027,10.998791
820,11dd74426e8374ac110c4036c77c09ab_000000000875,0.344520,291.025307,201.142555,65.150284,16.342054
821,11dd74426e8374ac110c4036c77c09ab_000000000876,0.344520,355.707724,228.058491,31.943760,11.158561
821,11dd74426e8374ac110c4036c77c09ab_000000000876,0.344520,292.047577,200.976519,62.869606,22.767328
822,11dd74426e8374ac110c4036c77c09ab_000000000877,0.344520,353.414888,227.186445,31.341187,11.354372
822,11dd74426e8374ac110c4036c77c09ab_000000000877,0.344520,291.114928,200.557728,63.967068,22.165091
823,11dd74426e8374ac110c4036c77c09ab_000000000878,0.344520,353.496308,227.497951,31.049950,11.766276
823,11dd74426e8374ac110c4036c77c09ab_000000000878,0.344520,287.419218,201.239430,69.557793,18.997810
824,11dd74426e8374ac110c4036c77c09ab_000000000879,0.344520,354.932427,227.555589,31.691763,11.303811
824,11dd74426e8374ac110c4036c77c09ab_000000000879,0.344520,290.702404,201.736045,64.707588,16.332550
825,11dd74426e8374ac110c4036c77c09ab_000000000880,0.344520,353.260544,226.529492,31.469582,11.169979
825,11dd74426e8374ac110c4036c77c09ab_000000000880,0.344520,288.785357,202.077580,68.949661,19.100296
826,11dd74426e8374ac110c4036c77c09ab_000000000881,0.345599,355.174308,227.605790,32.116867,11.154521
826,11dd74426e8374ac110c4036c77c09ab_000000000881,0.345599,290.688779,200.908207,65.279793,16.757042
827,11dd74426e8374ac110c4036c77c09ab_000000000882,0.333241,341.184109,219.172302,30.414282,10.704994
827,11dd74426e8374ac110c4036c77c09ab_000000000882,0.333241,282.261022,194.131914,63.471424,16.597023
828,11dd74426e8374ac110c4036c77c09ab_000000000883,0.333241,341.041591,219.540811,29.988253,10.647505
828,11dd74426e8374ac110c4036c77c09ab_000000000883,0.333241,279.914709,194.023220,63.238823,16.867111
829,11dd74426e8374ac110c4036c77c09ab_000000000884,0.344520,354.867493,227.496984,31.778103,11.153693
829,11dd74426e8374ac110c4036c77c09ab_000000000884,0.344520,287.675843,200.094526,58.982456,16.341677
830,11dd74426e8374ac110c4036c77c09ab_000000000891,0.344520,340.964312,226.660538,33.637112,11.652779
830,11dd74426e8374ac110c4036c77c09ab_000000000891,0.344520,321.224723,221.289181,1.033561,2.756164
830,11dd74426e8374ac110c4036c77c09ab_000000000891,0.344520,284.118454,201.326780,64.556145,20.250504
831,11dd74426e8374ac110c4036c77c09ab_000000000892,0.344520,338.203060,226.532604,34.735504,9.512027
831,11dd74426e8374ac110c4036c77c09ab_000000000892,0.344520,286.451874,202.020721,61.324646,22.049311
832,11dd74426e8374ac110c4036c77c09ab_000000000893,0.338788,272.584469,187.993682,111.731575,17.684818
833,11dd74426e8374ac110c4036c77c09ab_000000000894,0.338788,272.378889,190.693898,104.483521,18.517578
834,11dd74426e8374ac110c4036c77c09ab_000000000895,0.338788,271.951412,189.749637,104.391281,18.962683
835,11dd74426e8374ac110c4036c77c09ab_000000000896,0.344520,277.569600,193.578770,106.985718,19.074215
836,11dd74426e8374ac110c4036c77c09ab_000000000897,0.344520,273.213447,191.642966,106.286797,18.948101
837,11dd74426e8374ac110c4036c77c09ab_000000000898,0.338788,267.572886,186.600315,105.068626,18.893639
838,11dd74426e8374ac110c4036c77c09ab_000000000899,0.338788,270.093597,188.525603,105.062096,18.999256
839,11dd74426e8374ac110c4036c77c09ab_000000000900,0.338788,267.873523,186.522938,106.764450,22.141802
840,11dd74426e8374ac110c4036c77c09ab_000000000901,0.338788,270.279244,188.766150,106.360573,23.617565
841,11dd74426e8374ac110c4036c77c09ab_000000000902,0.338788,266.994935,186.770743,104.242584,26.373384
842,11dd74426e8374ac110c4036c77c09ab_000000000903,0.338788,268.174719,186.899236,104.116302,27.957739
843,11dd74426e8374ac110c4036c77c09ab_000000000904,0.338788,266.028239,186.120544,103.950447,28.415457
844,11dd74426e8374ac110c4036c77c09ab_000000000905,0.327869,257.423936,178.724325,99.812309,29.231812
845,11dd74426e8374ac110c4036c77c09ab_000000000906,0.333241,261.786646,183.864014,101.527184,30.244143
846,11dd74426e8374ac110c4036c77c09ab_000000000907,0.327869,262.534760,181.421139,99.282928,29.756609
847,11dd74426e8374ac110c4036c77c09ab_000000000908,0.327869,260.793357,181.676686,98.886658,30.226770
848,11dd74426e8374ac110c4036c77c09ab_000000000909,0.327869,260.890813,181.905978,97.843559,28.045799
849,11dd74426e8374ac110c4036c77c09ab_000000000910,0.327869,257.649966,182.015781,96.592720,29.275331
850,11dd74426e8374ac110c4036c77c09ab_000000000911,0.327869,257.939433,181.658575,96.674263,28.096798
851,11dd74426e8374ac110c4036c77c09ab_000000000912,0.333241,263.173204,185.419734,98.254303,31.663401
852,11dd74426e8374ac110c4036c77c09ab_000000000913,0.333241,220.403161,172.050217,0.894181,0.447091
852,11dd74426e8374ac110c4036c77c09ab_000000000913,0.333241,264.629525,184.488108,98.279526,32.069523
853,11dd74426e8374ac110c4036c77c09ab_000000000914,0.344520,267.861057,184.602775,84.287323,31.610638
854,11dd74426e8374ac110c4036c77c09ab_000000000915,0.344520,303.908363,196.689800,1.033561,0.689041
854,11dd74426e8374ac110c4036c77c09ab_000000000915,0.344520,265.097071,185.625150,75.367195,40.112465
855,11dd74426e8374ac110c4036c77c09ab_000000000916,0.333241,251.568374,175.594338,79.292854,30.032221
856,11dd74426e8374ac110c4036c77c09ab_000000000917,0.333241,250.194997,173.184139,79.623390,29.810913
857,11dd74426e8374ac110c4036c77c09ab_000000000918,0.333241,251.766521,174.830959,79.364494,29.284180
858,11dd74426e8374ac110c4036c77c09ab_000000000919,0.333241,251.080737,174.969572,79.034973,30.244057
859,11dd74426e8374ac110c4036c77c09ab_000000000920,0.338788,255.621970,177.489440,80.308205,30.584776
860,11dd74426e8374ac110c4036c77c09ab_000000000921,0.333241,250.837274,174.096483,76.036232,36.548504
861,11dd74426e8374ac110c4036c77c09ab_000000000922,0.327869,247.934290,172.568159,78.175667,29.652830
862,11dd74426e8374ac110c4036c77c09ab_000000000923,0.333241,284.655783,189.971509,80.641502,48.732235
863,11dd74426e8374ac110c4036c77c09ab_000000000924,0.333241,279.511073,190.651577,88.183517,18.506863
864,11dd74426e8374ac110c4036c77c09ab_000000000925,0.333241,276.802638,189.943400,87.769691,17.200525
865,11dd74426e8374ac110c4036c77c09ab_000000000926,0.333241,279.513961,190.412549,88.178108,17.121527
866,11dd74426e8374ac110c4036c77c09ab_000000000927,0.333241,278.457533,189.987292,88.291374,17.076754
867,11dd74426e8374ac110c4036c77c09ab_000000000928,0.333241,274.591521,189.617319,87.678368,16.716076
868,11dd74426e8374ac110c4036c77c09ab_000000000929,0.333241,279.460550,191.311815,87.174866,16.793777
869,11dd74426e8374ac110c4036c77c09ab_000000000930,0.327869,277.687908,187.763932,87.309387,16.528015
870,11dd74426e8374ac110c4036c77c09ab_000000000931,0.327869,274.467433,187.583708,87.092247,16.900049
871,11dd74426e8374ac110c4036c77c09ab_000000000932,0.327869,272.424637,188.409304,82.270950,17.922462
872,11dd74426e8374ac110c4036c77c09ab_000000000933,0.327869,274.956095,188.352831,83.047050,16.669491
873,11dd74426e8374ac110c4036c77c09ab_000000000934,0.337676,280.662801,193.928687,85.379623,17.251852
874,11dd74426e8374ac110c4036c77c09ab_000000000935,0.345599,286.851858,197.134863,87.340836,19.607121
875,11dd74426e8374ac110c4036c77c09ab_000000000936,0.345599,286.855149,195.919993,88.452766,21.598438
876,11dd74426e8374ac110c4036c77c09ab_000000000937,0.327869,239.618040,179.736248,2.688509,2.426228
876,11dd74426e8374ac110c4036c77c09ab_000000000937,0.327869,274.979068,189.062320,69.892197,17.608501
877,11dd74426e8374ac110c4036c77c09ab_000000000938,0.327869,278.811095,188.411565,63.670673,17.419678
878,11dd74426e8374ac110c4036c77c09ab_000000000939,0.327869,270.428227,186.428263,82.022804,19.700872
879,11dd74426e8374ac110c4036c77c09ab_000000000940,0.327869,270.922792,186.481273,82.440865,19.996843
880,11dd74426e8374ac110c4036c77c09ab_000000000941,0.327869,274.941887,187.643703,75.993233,20.826395
881,11dd74426e8374ac110c4036c77c09ab_000000000942,0.333241,280.236031,190.654120,74.309258,21.687681
882,11dd74426e8374ac110c4036c77c09ab_000000000943,0.344520,290.066164,196.502000,74.514053,23.153662
883,11dd74426e8374ac110c4036c77c09ab_000000000944,0.344520,289.758905,196.534047,77.584778,22.330526
884,11dd74426e8374ac110c4036c77c09ab_000000000945,0.344520,287.992585,196.568343,79.194542,22.621243
885,11dd74426e8374ac110c4036c77c09ab_000000000946,0.344520,291.958356,197.400920,77.287376,22.082506
886,11dd74426e8374ac110c4036c77c09ab_000000000947,0.350446,290.966760,199.253239,77.035156,23.868296
887,11dd74426e8374ac110c4036c77c09ab_000000000948,0.344520,284.763042,195.070571,76.713844,22.394289
888,11dd74426e8374ac110c4036c77c09ab_000000000949,0.333241,277.529487,190.517215,75.245522,22.088551
889,11dd74426e8374ac110c4036c77c09ab_000000000950,0.333241,275.795369,189.390656,77.152504,22.025143
890,11dd74426e8374ac110c4036c77c09ab_000000000951,0.343351,286.160784,196.368703,80.331139,21.379511
891,11dd74426e8374ac110c4036c77c09ab_000000000952,0.343351,285.895098,194.820355,80.695404,20.975363
892,11dd74426e8374ac110c4036c77c09ab_000000000953,0.345599,288.325906,195.984203,82.272217,20.785213
893,11dd74426e8374ac110c4036c77c09ab_000000000954,0.343351,286.643789,187.740652,3.237775,1.523656
893,11dd74426e8374ac110c4036c77c09ab_000000000954,0.343351,283.990239,194.518142,81.449669,20.545471
894,11dd74426e8374ac110c4036c77c09ab_000000000955,0.343351,285.595441,195.660164,82.376152,21.932974
895,11dd74426e8374ac110c4036c77c09ab_000000000956,0.343351,285.294821,194.010052,76.265579,21.675564
896,11dd74426e8374ac110c4036c77c09ab_000000000957,0.343351,285.247124,193.166952,75.685822,21.746073
897,11dd74426e8374ac110c4036c77c09ab_000000000958,0.343351,315.016292,209.249283,1.030052,0.686702
897,11dd74426e8374ac110c4036c77c09ab_000000000958,0.343351,312.727280,209.478169,1.085797,0.868625
897,11dd74426e8374ac110c4036c77c09ab_000000000958,0.343351,307.805926,205.243516,1.750766,0.606030
897,11dd74426e8374ac110c4036c77c09ab_000000000958,0.343351,315.130736,203.870113,0.767761,0.614211
897,11dd74426e8374ac110c4036c77c09ab_000000000958,0.343351,305.288006,202.267802,0.971165,0.971159
897,11dd74426e8374ac110c4036c77c09ab_000000000958,0.343351,299.794393,199.292109,1.535522,0.767761
897,11dd74426e8374ac110c4036c77c09ab_000000000958,0.343351,305.119704,199.931659,5.618472,4.666195
897,11dd74426e8374ac110c4036c77c09ab_000000000958,0.343351,312.183648,202.292845,9.046699,6.380302
897,11dd74426e8374ac110c4036c77c09ab_000000000958,0.343351,307.805926,196.573908,1.373403,1.030052
897,11dd74426e8374ac110c4036c77c09ab_000000000958,0.343351,279.328011,189.105945,53.380112,25.021357
898,11dd74426e8374ac110c4036c77c09ab_000000000959,0.343351,265.163051,184.451701,33.413288,20.400850
899,11dd74426e8374ac110c4036c77c09ab_000000000960,0.343351,289.850108,191.907971,1.228405,0.614203
899,11dd74426e8374ac110c4036c77c09ab_000000000960,0.343351,264.602214,185.063777,35.466457,21.977888
900,11dd74426e8374ac110c4036c77c09ab_000000000961,0.343351,264.886027,184.269799,32.976807,20.485609
901,11dd74426e8374ac110c4036c77c09ab_000000000962,0.344520,271.538263,185.816356,51.617111,20.083805
902,11dd74426e8374ac110c4036c77c09ab_000000000963,0.343351,269.710647,186.036681,50.509388,19.868389
903,11dd74426e8374ac110c4036c77c09ab_000000000964,0.343351,272.122506,185.978066,44.819622,24.294107
904,11dd74426e8374ac110c4036c77c09ab_000000000965,0.343351,261.894701,182.975528,32.365696,21.136024
905,11dd74426e8374ac110c4036c77c09ab_000000000966,0.343351,264.139181,183.506103,32.141273,21.695625
906,11dd74426e8374ac110c4036c77c09ab_000000000967,0.344520,264.253286,183.842702,30.335991,23.144094
907,11dd74426e8374ac110c4036c77c09ab_000000000968,0.344520,263.825075,182.770618,29.988380,23.406706
908,11dd74426e8374ac110c4036c77c09ab_000000000969,0.343351,264.441750,182.489023,30.232956,24.850271
909,11dd74426e8374ac110c4036c77c09ab_000000000970,0.343351,264.501560,182.674718,30.346666,24.151163
910,11dd74426e8374ac110c4036c77c09ab_000000000971,0.343351,264.962414,181.769546,29.493340,26.280964
911,11dd74426e8374ac110c4036c77c09ab_000000000972,0.344520,265.087104,184.260442,28.825140,26.646784
912,11dd74426e8374ac110c4036c77c09ab_000000000973,0.344520,263.583696,182.410663,28.841206,26.564255
913,11dd74426e8374ac110c4036c77c09ab_000000000974,0.343351,263.368423,180.936170,28.890211,27.495119
914,11dd74426e8374ac110c4036c77c09ab_000000000975,0.343351,263.548942,179.556354,28.994135,27.604836
915,11dd74426e8374ac110c4036c77c09ab_000000000976,0.344520,261.978471,180.267230,27.083338,27.412361
916,11dd74426e8374ac110c4036c77c09ab_000000000977,0.344520,263.836283,181.147330,27.127813,27.345682
917,11dd74426e8374ac110c4036c77c09ab_000000000978,0.343351,260.022743,176.104341,19.069927,27.813784
918,11dd74426e8374ac110c4036c77c09ab_000000000979,0.343351,258.146615,175.206566,20.485600,31.727707
919,11dd74426e8374ac110c4036c77c09ab_000000000980,0.343351,257.520792,174.045232,19.193905,30.771652
920,11dd74426e8374ac110c4036c77c09ab_000000000981,0.338788,254.242726,171.890229,29.880236,25.370022
921,11dd74426e8374ac110c4036c77c09ab_000000000982,0.344520,259.433259,175.166628,31.457449,26.146191
922,11dd74426e8374ac110c4036c77c09ab_000000000983,0.339814,255.631800,169.404455,18.443548,31.283426
923,11dd74426e8374ac110c4036c77c09ab_000000000984,0.334216,248.789721,166.794198,30.665543,18.203047
924,11dd74426e8374ac110c4036c77c09ab_000000000985,0.334216,250.483181,166.718447,19.651413,31.320593
925,11dd74426e8374ac110c4036c77c09ab_000000000986,0.344520,259.076542,171.616672,19.847378,31.874474
926,11dd74426e8374ac110c4036c77c09ab_000000000987,0.344520,258.251535,170.792244,19.915089,31.412239
927,11dd74426e8374ac110c4036c77c09ab_000000000988,0.344520,260.109073,172.291456,31.591417,21.539385
928,11dd74426e8374ac110c4036c77c09ab_000000000989,0.344520,259.978028,171.547712,30.932510,21.492693
929,11dd74426e8374ac110c4036c77c09ab_000000000990,0.334216,249.706328,163.541045,21.440401,27.776623
930,11dd74426e8374ac110c4036c77c09ab_000000000991,0.334216,250.892282,163.276052,21.828430,25.735279
931,11dd74426e8374ac110c4036c77c09ab_000000000992,0.345599,258.143351,164.443404,21.092590,17.158216
932,11dd74426e8374ac110c4036c77c09ab_000000000993,0.345599,254.824661,162.341851,21.420448,17.158211
933,11dd74426e8374ac110c4036c77c09ab_000000000994,0.343351,253.662099,164.676370,19.434526,16.353685
934,11dd74426e8374ac110c4036c77c09ab_000000000995,0.344520,254.054605,164.890028,18.316277,19.261639
935,11dd74426e8374ac110c4036c77c09ab_000000000996,0.344520,253.648515,164.180064,20.288122,15.397231
936,11dd74426e8374ac110c4036c77c09ab_000000000997,0.343351,259.777259,183.413685,20.788651,17.338083
937,11dd74426e8374ac110c4036c77c09ab_000000000998,0.343351,259.353624,183.948788,21.915878,17.782959
938,11dd74426e8374ac110c4036c77c09ab_000000000999,0.344520,285.686544,196.062981,80.560341,50.137383
939,11dd74426e8374ac110c4036c77c09ab_000000001000,0.344520,284.641207,196.702564,88.982971,16.115490
940,11dd74426e8374ac110c4036c77c09ab_000000001001,0.343351,284.733963,198.043565,88.999634,14.789991
941,11dd74426e8374ac110c4036c77c09ab_000000001002,0.344520,285.829954,197.497691,90.731186,14.761674
942,11dd74426e8374ac110c4036c77c09ab_000000001003,0.343351,280.757850,196.105301,90.282524,14.726735
943,11dd74426e8374ac110c4036c77c09ab_000000001004,0.344520,280.940871,196.082053,91.304153,14.599213
944,11dd74426e8374ac110c4036c77c09ab_000000001005,0.344520,285.469242,198.592590,91.297798,15.004651
945,11dd74426e8374ac110c4036c77c09ab_000000001006,0.344520,279.984082,197.529758,91.697227,14.799298
946,11dd74426e8374ac110c4036c77c09ab_000000001007,0.344520,282.856004,197.741551,91.888954,15.132285
947,11dd74426e8374ac110c4036c77c09ab_000000001008,0.344520,281.660423,196.547442,93.651787,15.086466
948,11dd74426e8374ac110c4036c77c09ab_000000001009,0.344520,276.202368,195.429622,94.193550,15.233393
949,11dd74426e8374ac110c4036c77c09ab_000000001010,0.344520,275.841572,194.970667,94.310883,15.064386
950,11dd74426e8374ac110c4036c77c09ab_000000001011,0.344520,276.825235,194.307575,94.229866,15.536993
951,11dd74426e8374ac110c4036c77c09ab_000000001012,0.343351,274.599896,194.422140,94.136292,15.743673
952,11dd74426e8374ac110c4036c77c09ab_000000001013,0.343351,272.670644,192.627239,93.679192,16.458855
953,11dd74426e8374ac110c4036c77c09ab_000000001014,0.343351,273.501274,193.189334,93.376289,16.433624
954,11dd74426e8374ac110c4036c77c09ab_000000001015,0.328798,265.379420,186.443041,89.725418,14.391468
955,11dd74426e8374ac110c4036c77c09ab_000000001016,0.343351,276.957478,194.947812,97.210274,16.053556
956,11dd74426e8374ac110c4036c77c09ab_000000001017,0.322665,261.808072,184.398504,91.548729,14.321683
957,11dd74426e8374ac110c4036c77c09ab_000000001018,0.322665,263.937355,184.313288,91.425133,14.325253
958,11dd74426e8374ac110c4036c77c09ab_000000001019,0.343351,280.812190,195.670077,96.964226,15.423365
959,11dd74426e8374ac110c4036c77c09ab_000000001020,0.343351,279.235803,195.831043,97.358353,16.114216
960,11dd74426e8374ac110c4036c77c09ab_000000001021,0.344520,277.616744,196.577974,97.749840,16.380741
961,11dd74426e8374ac110c4036c77c09ab_000000001022,0.344520,279.924678,197.043047,97.446617,16.021223
962,11dd74426e8374ac110c4036c77c09ab_000000001023,0.344520,276.675895,195.554085,97.351891,16.021217
963,11dd74426e8374ac110c4036c77c09ab_000000001024,0.344520,277.843509,195.741549,97.196602,17.382812
964,11dd74426e8374ac110c4036c77c09ab_000000001025,0.344520,279.526600,196.723718,97.393990,15.590214
965,11dd74426e8374ac110c4036c77c09ab_000000001026,0.345599,274.587061,194.245935,97.208717,15.860966
966,11dd74426e8374ac110c4036c77c09ab_000000001027,0.345599,281.475858,197.444877,98.905640,15.628176
967,11dd74426e8374ac110c4036c77c09ab_000000001028,0.345599,281.588393,197.135517,98.575081,15.662094
968,11dd74426e8374ac110c4036c77c09ab_000000001029,0.344520,280.463412,196.581906,99.687874,15.631324
969,11dd74426e8374ac110c4036c77c09ab_000000001030,0.344520,276.939164,195.580791,100.129524,15.631324
970,11dd74426e8374ac110c4036c77c09ab_000000001031,0.345599,274.835460,195.327683,100.872818,15.628176
971,11dd74426e8374ac110c4036c77c09ab_000000001032,0.328798,263.656702,186.381351,97.108444,15.203269
972,11dd74426e8374ac110c4036c77c09ab_000000001033,0.327869,262.949199,186.179659,96.943321,14.999365
973,11dd74426e8374ac110c4036c77c09ab_000000001034,0.344520,272.948685,195.091052,101.543144,21.583921
974,11dd74426e8374ac110c4036c77c09ab_000000001035,0.333241,230.355760,174.817047,25.663893,12.207898
975,11dd74426e8374ac110c4036c77c09ab_000000001036,0.333241,267.415068,188.952424,97.795532,18.346771
976,11dd74426e8374ac110c4036c77c09ab_000000001037,0.343351,272.353237,194.071203,100.729553,25.028828
977,11dd74426e8374ac110c4036c77c09ab_000000001038,0.327869,260.930396,185.412358,97.467003,22.744850
978,11dd74426e8374ac110c4036c77c09ab_000000001039,0.339814,295.810970,200.871000,45.551334,16.667215
978,11dd74426e8374ac110c4036c77c09ab_000000001039,0.339814,270.704112,192.270894,11.390629,3.008837
978,11dd74426e8374ac110c4036c77c09ab_000000001039,0.339814,260.421529,190.433423,7.582366,1.813174
978,11dd74426e8374ac110c4036c77c09ab_000000001039,0.339814,240.041430,181.680603,34.128082,18.418339
979,11dd74426e8374ac110c4036c77c09ab_000000001040,0.339814,295.334289,200.354705,46.601223,13.954227
979,11dd74426e8374ac110c4036c77c09ab_000000001040,0.339814,266.633501,190.343844,0.759852,0.607886
979,11dd74426e8374ac110c4036c77c09ab_000000001040,0.339814,251.228614,188.262484,2.073457,2.450436
979,11dd74426e8374ac110c4036c77c09ab_000000001040,0.339814,235.701213,179.150687,32.004204,15.126035
980,11dd74426e8374ac110c4036c77c09ab_000000001041,0.339814,271.117824,192.365865,102.949448,15.967309
981,11dd74426e8374ac110c4036c77c09ab_000000001042,0.339814,267.295458,191.053131,103.070694,16.070536
982,11dd74426e8374ac110c4036c77c09ab_000000001043,0.334216,266.264342,187.759478,102.280312,15.790646
983,11dd74426e8374ac110c4036c77c09ab_000000001044,0.334216,260.163811,185.274886,102.828369,15.461519
984,11dd74426e8374ac110c4036c77c09ab_000000001045,0.322665,255.255188,181.781679,95.910492,38.004105
985,11dd74426e8374ac110c4036c77c09ab_000000001050,0.344520,252.693850,185.166322,77.861626,30.317802
986,11dd74426e8374ac110c4036c77c09ab_000000001051,0.344520,253.058011,183.923807,79.339211,27.202671
987,11dd74426e8374ac110c4036c77c09ab_000000001052,0.344520,284.286929,197.148502,102.607193,12.556067
988,11dd74426e8374ac110c4036c77c09ab_000000001053,0.344520,281.161937,196.897555,98.191132,13.798667
989,11dd74426e8374ac110c4036c77c09ab_000000001054,0.344520,282.805201,197.683072,98.065285,15.775748
990,11dd74426e8374ac110c4036c77c09ab_000000001055,0.344520,282.984863,197.270569,96.902779,19.606457
991,11dd74426e8374ac110c4036c77c09ab_000000001056,0.344520,278.951257,196.629745,97.328087,20.984066
1020,11dd74426e8374ac110c4036c77c09ab_000000001085,0.344520,212.048256,172.833712,30.786766,13.099138
1020,11dd74426e8374ac110c4036c77c09ab_000000001085,0.344520,125.894805,143.726411,18.948879,18.791790
1021,11dd74426e8374ac110c4036c77c09ab_000000001086,0.344520,208.322813,172.989108,26.024639,14.409342
1021,11dd74426e8374ac110c4036c77c09ab_000000001086,0.344520,128.219666,147.548224,12.747258,21.704790
1022,11dd74426e8374ac110c4036c77c09ab_000000001087,0.344520,209.934661,174.162579,26.553436,13.242937
1022,11dd74426e8374ac110c4036c77c09ab_000000001087,0.344520,128.133200,146.890925,19.392567,18.956764
1023,11dd74426e8374ac110c4036c77c09ab_000000001088,0.344520,208.604586,173.265677,24.980301,15.443576
1023,11dd74426e8374ac110c4036c77c09ab_000000001088,0.344520,128.613739,147.546479,14.125340,20.326708
1024,11dd74426e8374ac110c4036c77c09ab_000000001089,0.344520,208.724886,173.133433,25.718294,14.778428
1024,11dd74426e8374ac110c4036c77c09ab_000000001089,0.344520,129.507980,147.323300,23.721783,13.966421
1025,11dd74426e8374ac110c4036c77c09ab_000000001090,0.344520,210.500984,173.825145,25.741089,14.306553
1025,11dd74426e8374ac110c4036c77c09ab_000000001090,0.344520,129.594016,145.994644,23.295778,13.874272
1026,11dd74426e8374ac110c4036c77c09ab_000000001091,0.344520,210.358247,173.631951,25.066114,15.407619
1026,11dd74426e8374ac110c4036c77c09ab_000000001091,0.344520,128.092658,145.513274,23.703972,15.325359
1027,11dd74426e8374ac110c4036c77c09ab_000000001092,0.328798,199.853459,164.997532,22.354649,14.660488
1027,11dd74426e8374ac110c4036c77c09ab_000000001092,0.328798,123.250194,140.221780,22.193733,13.316237
1028,11dd74426e8374ac110c4036c77c09ab_000000001093,0.328798,199.825905,165.004346,22.214392,14.846084
1028,11dd74426e8374ac110c4036c77c09ab_000000001093,0.328798,123.180738,140.264736,12.554749,21.157068
1029,11dd74426e8374ac110c4036c77c09ab_000000001094,0.338788,207.045383,171.277809,22.988876,13.076668
1029,11dd74426e8374ac110c4036c77c09ab_000000001094,0.338788,127.282383,145.014466,12.873961,22.360037
1030,11dd74426e8374ac110c4036c77c09ab_000000001095,0.334216,204.941048,168.640559,22.746668,12.340652
1030,11dd74426e8374ac110c4036c77c09ab_000000001095,0.334216,125.142962,143.559739,12.637315,21.428499
1031,11dd74426e8374ac110c4036c77c09ab_000000001096,0.334216,204.065647,167.956408,22.714846,13.157238
1031,11dd74426e8374ac110c4036c77c09ab_000000001096,0.334216,124.962308,141.212870,12.714086,23.351875
1032,11dd74426e8374ac110c4036c77c09ab_000000001097,0.334216,204.143143,169.070181,22.868532,12.341428
1032,11dd74426e8374ac110c4036c77c09ab_000000001097,0.334216,124.082828,139.713129,19.301418,21.721851
1033,11dd74426e8374ac110c4036c77c09ab_000000001098,0.334216,204.575131,168.076915,22.873816,12.284637
1033,11dd74426e8374ac110c4036c77c09ab_000000001098,0.334216,125.263417,140.013942,12.950714,25.286961
1034,11dd74426e8374ac110c4036c77c09ab_000000001099,0.338788,206.479881,169.498218,23.364038,13.693916
1034,11dd74426e8374ac110c4036c77c09ab_000000001099,0.338788,126.616892,141.971635,21.987337,19.920160
1035,11dd74426e8374ac110c4036c77c09ab_000000001100,0.338788,206.938954,168.688167,23.029633,14.393531
1035,11dd74426e8374ac110c4036c77c09ab_000000001100,0.338788,127.284027,143.032024,13.693130,24.093920
1036,11dd74426e8374ac110c4036c77c09ab_000000001101,0.333241,203.151015,167.093291,21.727343,13.728147
1036,11dd74426e8374ac110c4036c77c09ab_000000001101,0.333241,127.821931,141.544428,24.899059,15.024382
1037,11dd74426e8374ac110c4036c77c09ab_000000001102,0.333241,203.341067,166.476173,22.722836,13.596454
1038,11dd74426e8374ac110c4036c77c09ab_000000001103,0.333241,200.669506,167.711985,22.053181,12.869833
1039,11dd74426e8374ac110c4036c77c09ab_000000001104,0.327869,198.497294,164.310393,21.341433,12.241365
1040,11dd74426e8374ac110c4036c77c09ab_000000001105,0.333241,201.452431,168.247674,22.340555,12.224083
1041,11dd74426e8374ac110c4036c77c09ab_000000001106,0.338788,206.947887,170.827400,22.101480,11.700794
1042,11dd74426e8374ac110c4036c77c09ab_000000001107,0.338788,205.569801,170.531405,22.064011,12.007304
1043,11dd74426e8374ac110c4036c77c09ab_000000001108,0.333241,203.500100,167.248847,22.582676,12.870953
1044,11dd74426e8374ac110c4036c77c09ab_000000001109,0.338788,208.616602,170.437062,23.783821,12.641861
1045,11dd74426e8374ac110c4036c77c09ab_000000001110,0.338788,208.013528,170.435407,17.171244,20.374184
1046,11dd74426e8374ac110c4036c77c09ab_000000001111,0.338788,206.017790,170.300401,23.266479,13.984550
1047,11dd74426e8374ac110c4036c77c09ab_000000001119,0.333241,199.360340,165.400819,18.546892,11.907937
1047,11dd74426e8374ac110c4036c77c09ab_000000001119,0.333241,105.404471,129.626066,9.800348,12.013321
1048,11dd74426e8374ac110c4036c77c09ab_000000001120,0.333241,201.171544,165.685906,19.075817,12.816569
1048,11dd74426e8374ac110c4036c77c09ab_000000001120,0.333241,106.972233,129.957822,9.985000,12.518506
1049,11dd74426e8374ac110c4036c77c09ab_000000001121,0.338788,212.387650,171.780450,31.588364,9.921432
1049,11dd74426e8374ac110c4036c77c09ab_000000001121,0.338788,279.666500,195.217109,54.490681,17.283798
1050,11dd74426e8374ac110c4036c77c09ab_000000001122,0.338788,208.783515,172.115164,30.533310,11.570502
1050,11dd74426e8374ac110c4036c77c09ab_000000001122,0.338788,274.970132,196.259963,51.610378,13.599661
1051,11dd74426e8374ac110c4036c77c09ab_000000001123,0.338788,209.939250,171.489572,30.640400,11.570513
1051,11dd74426e8374ac110c4036c77c09ab_000000001123,0.338788,277.302487,197.013283,52.392773,14.585206
1052,11dd74426e8374ac110c4036c77c09ab_000000001124,0.337676,209.009659,171.017450,30.753353,11.639301
1052,11dd74426e8374ac110c4036c77c09ab_000000001124,0.337676,273.629684,195.882690,50.402946,13.636452
1053,11dd74426e8374ac110c4036c77c09ab_000000001125,0.337676,208.881217,170.874323,30.753393,11.746082
1053,11dd74426e8374ac110c4036c77c09ab_000000001125,0.337676,274.105098,195.302474,49.997486,14.085989
1054,11dd74426e8374ac110c4036c77c09ab_000000001126,0.337676,207.631709,170.017087,31.183382,11.539393
1054,11dd74426e8374ac110c4036c77c09ab_000000001126,0.337676,271.262016,195.467417,50.918941,14.027064
1055,11dd74426e8374ac110c4036c77c09ab_000000001127,0.338788,208.649170,171.042307,31.621675,11.680664
1055,11dd74426e8374ac110c4036c77c09ab_000000001127,0.338788,270.667205,195.129517,46.375786,15.776316
1056,11dd74426e8374ac110c4036c77c09ab_000000001128,0.338788,209.479722,171.107143,32.804146,12.229935
1056,11dd74426e8374ac110c4036c77c09ab_000000001128,0.338788,269.104878,195.275669,46.907581,10.588845
1057,11dd74426e8374ac110c4036c77c09ab_000000001129,0.338788,206.457714,170.410232,33.087208,12.099415
1057,11dd74426e8374ac110c4036c77c09ab_000000001129,0.338788,268.818074,195.482449,46.554482,15.287493
1058,11dd74426e8374ac110c4036c77c09ab_000000001130,0.338788,208.899001,170.447607,33.845387,12.298565
1058,11dd74426e8374ac110c4036c77c09ab_000000001130,0.338788,270.420619,195.344092,47.316261,10.841551
1059,11dd74426e8374ac110c4036c77c09ab_000000001131,0.338788,209.664915,171.341176,33.650726,11.714462
1059,11dd74426e8374ac110c4036c77c09ab_000000001131,0.338788,269.452889,194.975383,44.564037,21.090935
1060,11dd74426e8374ac110c4036c77c09ab_000000001132,0.338788,210.793189,170.890344,33.749710,11.808878
1060,11dd74426e8374ac110c4036c77c09ab_000000001132,0.338788,272.479466,195.352240,48.427723,10.439984
1061,11dd74426e8374ac110c4036c77c09ab_000000001133,0.338788,211.936745,171.242191,33.300087,11.736030
1061,11dd74426e8374ac110c4036c77c09ab_000000001133,0.338788,274.371153,195.397938,48.636799,10.625269
1062,11dd74426e8374ac110c4036c77c09ab_000000001134,0.337676,211.567250,171.153642,33.633224,11.595762
1063,11dd74426e8374ac110c4036c77c09ab_000000001135,0.338788,213.716956,172.313425,33.003399,11.432879
1064,11dd74426e8374ac110c4036c77c09ab_000000001136,0.338788,211.357492,171.533378,33.649796,11.603587
1065,11dd74426e8374ac110c4036c77c09ab_000000001137,0.338788,211.042277,171.391527,33.649815,11.603598
1066,11dd74426e8374ac110c4036c77c09ab_000000001138,0.343351,213.654710,174.198895,32.459518,11.576239
1067,11dd74426e8374ac110c4036c77c09ab_000000001139,0.343351,214.363730,173.521802,32.462681,11.604834
1068,11dd74426e8374ac110c4036c77c09ab_000000001140,0.333241,207.328118,166.824679,28.791929,12.999858
1069,11dd74426e8374ac110c4036c77c09ab_000000001141,0.333241,209.377964,167.187717,28.883497,13.915345
1070,11dd74426e8374ac110c4036c77c09ab_000000001142,0.344520,217.833525,172.298354,28.062838,14.622974
1071,11dd74426e8374ac110c4036c77c09ab_000000001143,0.344520,216.404598,174.699725,27.073372,13.030083
1072,11dd74426e8374ac110c4036c77c09ab_000000001144,0.344520,214.965388,174.651024,26.267269,12.143663
1073,11dd74426e8374ac110c4036c77c09ab_000000001145,0.344520,214.095907,173.123256,29.204987,13.042027
1074,11dd74426e8374ac110c4036c77c09ab_000000001146,0.344520,214.888531,175.224854,30.063618,13.339043
1075,11dd74426e8374ac110c4036c77c09ab_000000001147,0.333241,207.311420,169.087600,28.040796,16.258942
1076,11dd74426e8374ac110c4036c77c09ab_000000001148,0.344520,212.960697,174.313895,25.014576,22.327572
1077,11dd74426e8374ac110c4036c77c09ab_000000001149,0.350446,219.662997,177.054610,38.747406,10.568138
1077,11dd74426e8374ac110c4036c77c09ab_000000001149,0.350446,290.414889,201.987505,56.503754,14.245944
1078,11dd74426e8374ac110c4036c77c09ab_000000001150,0.344520,216.547819,175.625172,35.744778,11.451058
1078,11dd74426e8374ac110c4036c77c09ab_000000001150,0.344520,281.755827,198.677627,47.888348,21.015749
1079,11dd74426e8374ac110c4036c77c09ab_000000001151,0.344520,215.483914,174.588077,35.746059,12.147007
1079,11dd74426e8374ac110c4036c77c09ab_000000001151,0.344520,278.402030,197.034447,47.543827,19.982187
1080,11dd74426e8374ac110c4036c77c09ab_000000001152,0.343351,212.119313,172.831045,35.939026,11.617743
1080,11dd74426e8374ac110c4036c77c09ab_000000001152,0.343351,278.914561,197.210084,49.185421,13.137831
1081,11dd74426e8374ac110c4036c77c09ab_000000001153,0.343351,213.902583,174.942787,36.274559,11.404815
1081,11dd74426e8374ac110c4036c77c09ab_000000001153,0.343351,284.667740,199.219705,30.184420,39.630611
1082,11dd74426e8374ac110c4036c77c09ab_000000001154,0.350446,217.569732,177.516025,36.349213,11.303723
1082,11dd74426e8374ac110c4036c77c09ab_000000001154,0.350446,288.332533,203.572062,49.118248,14.909346
1083,11dd74426e8374ac110c4036c77c09ab_000000001155,0.343351,212.062165,174.121304,30.392015,21.161737
1083,11dd74426e8374ac110c4036c77c09ab_000000001155,0.343351,280.060314,199.836286,48.128124,14.720788
1084,11dd74426e8374ac110c4036c77c09ab_000000001156,0.344520,214.766380,173.727197,35.952492,11.330484
1084,11dd74426e8374ac110c4036c77c09ab_000000001156,0.344520,281.047209,198.891522,48.537708,14.458915
1085,11dd74426e8374ac110c4036c77c09ab_000000001157,0.344520,212.614788,173.272143,35.952492,12.528893
1086,11dd74426e8374ac110c4036c77c09ab_000000001158,0.345599,214.041157,172.736988,37.664043,13.288611
1087,11dd74426e8374ac110c4036c77c09ab_000000001159,0.345599,215.298594,175.355537,38.133041,13.294538
1088,11dd74426e8374ac110c4036c77c09ab_000000001160,0.345599,214.658759,174.812311,37.776619,13.106173
1089,11dd74426e8374ac110c4036c77c09ab_000000001161,0.345599,217.407035,175.203367,38.462776,12.207866
1090,11dd74426e8374ac110c4036c77c09ab_000000001162,0.345599,216.410231,175.266764,38.687973,12.021672
1091,11dd74426e8374ac110c4036c77c09ab_000000001163,0.344520,215.711204,174.520830,38.236454,12.063484
1092,11dd74426e8374ac110c4036c77c09ab_000000001164,0.343351,210.946610,173.493563,38.544857,11.617753
1093,11dd74426e8374ac110c4036c77c09ab_000000001165,0.343351,212.279881,173.270974,36.853378,15.141315
1094,11dd74426e8374ac110c4036c77c09ab_000000001166,0.344520,217.712678,176.709946,38.353283,11.692142
1095,11dd74426e8374ac110c4036c77c09ab_000000001167,0.344520,212.969928,175.918489,38.138821,11.572032
1096,11dd74426e8374ac110c4036c77c09ab_000000001168,0.343351,213.283277,175.696780,37.135494,10.804296
1097,11dd74426e8374ac110c4036c77c09ab_000000001169,0.343351,216.577550,174.384192,37.335354,10.905254
1098,11dd74426e8374ac110c4036c77c09ab_000000001170,0.343351,214.810920,173.737339,36.807610,11.626838
1099,11dd74426e8374ac110c4036c77c09ab_000000001171,0.343351,215.027945,174.233274,35.970818,14.306953
1100,11dd74426e8374ac110c4036c77c09ab_000000001172,0.344520,215.485617,175.756533,36.812531,9.821273
1101,11dd74426e8374ac110c4036c77c09ab_000000001173,0.343351,215.122501,175.438502,38.548397,11.372301
1102,11dd74426e8374ac110c4036c77c09ab_000000001174,0.343351,216.474549,174.469810,38.544857,12.269206
1103,11dd74426e8374ac110c4036c77c09ab_000000001175,0.351581,223.799637,180.623915,42.443138,9.912408
1104,11dd74426e8374ac110c4036c77c09ab_000000001176,0.345599,217.089659,176.315532,42.285057,10.509486
1105,11dd74426e8374ac110c4036c77c09ab_000000001177,0.345599,217.440553,177.546359,42.599163,10.190671
1106,11dd74426e8374ac110c4036c77c09ab_000000001178,0.345599,220.295562,178.361967,43.150257,9.560935
1107,11dd74426e8374ac110c4036c77c09ab_000000001179,0.345599,220.292672,178.359352,43.277306,10.440868
1108,11dd74426e8374ac110c4036c77c09ab_000000001180,0.344520,218.151950,178.419280,43.223167,10.101827
1109,11dd74426e8374ac110c4036c77c09ab_000000001181,0.344520,215.457692,177.409880,39.477180,8.602666
1110,11dd74426e8374ac110c4036c77c09ab_000000001182,0.344520,218.443396,178.264599,41.378330,8.107066
1111,11dd74426e8374ac110c4036c77c09ab_000000001183,0.345599,219.961501,179.370562,41.116531,8.797639
1112,11dd74426e8374ac110c4036c77c09ab_000000001184,0.344520,220.298516,178.571059,39.476276,7.903322
1113,11dd74426e8374ac110c4036c77c09ab_000000001185,0.344520,219.855585,179.040548,39.509941,7.848775
1114,11dd74426e8374ac110c4036c77c09ab_000000001186,0.345599,223.559388,180.367260,40.247070,8.251656
1115,11dd74426e8374ac110c4036c77c09ab_000000001187,0.345599,222.626119,180.512722,40.587502,8.295008
1116,11dd74426e8374ac110c4036c77c09ab_000000001188,0.344520,222.028583,177.600729,22.125042,13.527728
1117,11dd74426e8374ac110c4036c77c09ab_000000001189,0.345599,223.700631,178.693877,24.203550,8.469706
1118,11dd74426e8374ac110c4036c77c09ab_000000001190,0.345599,225.238783,178.740683,23.090754,8.531521
1119,11dd74426e8374ac110c4036c77c09ab_000000001191,0.345599,221.358557,178.496988,22.618570,7.175666
1120,11dd74426e8374ac110c4036c77c09ab_000000001192,0.345599,223.058265,179.300383,22.238146,7.199676
1121,11dd74426e8374ac110c4036c77c09ab_000000001193,0.345599,223.551710,178.285798,22.566954,7.550923
1122,11dd74426e8374ac110c4036c77c09ab_000000001194,0.345599,225.003588,179.410893,20.779791,10.200986
1123,11dd74426e8374ac110c4036c77c09ab_000000001195,0.345599,227.748214,179.106680,24.983995,11.832591
1124,11dd74426e8374ac110c4036c77c09ab_000000001196,0.343351,232.305633,179.747561,27.817032,6.965595
1125,11dd74426e8374ac110c4036c77c09ab_000000001197,0.343351,233.583579,180.151098,28.154766,7.210367
1126,11dd74426e8374ac110c4036c77c09ab_000000001198,0.344520,238.648395,180.390369,18.118572,12.392426
1127,11dd74426e8374ac110c4036c77c09ab_000000001199,0.344520,239.834220,181.610237,15.099266,10.014829
1128,11dd74426e8374ac110c4036c77c09ab_000000001200,0.345599,252.990459,183.489653,24.503630,17.853771
1129,11dd74426e8374ac110c4036c77c09ab_000000001201,0.345599,240.068762,176.481476,1.081895,0.618235
1129,11dd74426e8374ac110c4036c77c09ab_000000001201,0.345599,250.623684,182.567416,29.079756,14.580832
1130,11dd74426e8374ac110c4036c77c09ab_000000001202,0.338788,246.642649,178.842320,19.883453,15.092269
1130,11dd74426e8374ac110c4036c77c09ab_000000001202,0.338788,237.779539,171.405123,8.081978,5.708867
1131,11dd74426e8374ac110c4036c77c09ab_000000001203,0.338788,241.980668,176.835126,21.105461,15.213078
1132,11dd74426e8374ac110c4036c77c09ab_000000001204,0.338788,241.243870,180.644325,43.906975,17.664413
1132,11dd74426e8374ac110c4036c77c09ab_000000001204,0.338788,104.158241,142.490281,20.425776,9.697654
1133,11dd74426e8374ac110c4036c77c09ab_000000001205,0.338788,243.990674,183.281019,39.367222,15.584269
1133,11dd74426e8374ac110c4036c77c09ab_000000001205,0.338788,104.776296,143.223937,17.381229,13.669798
1134,11dd74426e8374ac110c4036c77c09ab_000000001206,0.338788,243.637866,183.572352,38.716980,15.837407
1134,11dd74426e8374ac110c4036c77c09ab_000000001206,0.338788,102.794588,142.229769,18.781481,9.438652
1135,11dd74426e8374ac110c4036c77c09ab_000000001207,0.338788,226.831609,178.921558,1.693942,1.355154
1135,11dd74426e8374ac110c4036c77c09ab_000000001207,0.338788,247.160633,184.944006,34.094971,10.873209
1135,11dd74426e8374ac110c4036c77c09ab_000000001207,0.338788,104.793976,142.414382,18.787344,10.908775
1136,11dd74426e8374ac110c4036c77c09ab_000000001208,0.338788,246.853565,185.258664,31.080532,14.797424
1136,11dd74426e8374ac110c4036c77c09ab_000000001208,0.338788,104.377489,143.973235,18.814163,9.607798
1137,11dd74426e8374ac110c4036c77c09ab_000000001209,0.333241,240.133419,181.949527,33.041908,10.383754
1137,11dd74426e8374ac110c4036c77c09ab_000000001209,0.333241,100.775000,141.388252,19.073774,9.905716
1138,11dd74426e8374ac110c4036c77c09ab_000000001210,0.327869,235.733302,178.200944,31.306572,10.505321
1138,11dd74426e8374ac110c4036c77c09ab_000000001210,0.327869,98.672826,138.648632,14.662736,15.542508
1139,11dd74426e8374ac110c4036c77c09ab_000000001211,0.333241,239.693865,181.709928,31.671013,10.702151
1139,11dd74426e8374ac110c4036c77c09ab_000000001211,0.333241,100.207388,141.792904,19.255232,8.335484
1140,11dd74426e8374ac110c4036c77c09ab_000000001212,0.333241,237.627727,180.222203,30.554644,10.810647
1140,11dd74426e8374ac110c4036c77c09ab_000000001212,0.333241,100.835825,141.027126,19.641579,7.943056
1141,11dd74426e8374ac110c4036c77c09ab_000000001213,0.327869,235.897137,177.272349,27.616488,12.176177
1141,11dd74426e8374ac110c4036c77c09ab_000000001213,0.327869,98.222426,138.587586,14.369487,15.982393
1142,11dd74426e8374ac110c4036c77c09ab_000000001214,0.327869,235.942603,177.897249,27.146616,11.816209
1142,11dd74426e8374ac110c4036c77c09ab_000000001214,0.327869,99.729604,139.330404,18.295088,11.868856
1143,11dd74426e8374ac110c4036c77c09ab_000000001215,0.327869,235.757316,178.446965,27.908735,10.195450
1143,11dd74426e8374ac110c4036c77c09ab_000000001215,0.327869,99.635930,139.266467,18.229509,11.803279
1144,11dd74426e8374ac110c4036c77c09ab_000000001216,0.333241,237.877027,181.412953,26.888975,11.778544
1144,11dd74426e8374ac110c4036c77c09ab_000000001216,0.333241,97.498322,142.075347,20.140686,8.235018
1145,11dd74426e8374ac110c4036c77c09ab_000000001217,0.333241,238.490748,181.105645,28.166636,9.984994
1145,11dd74426e8374ac110c4036c77c09ab_000000001217,0.333241,98.622542,141.604968,19.820961,9.537914
1146,11dd74426e8374ac110c4036c77c09ab_000000001218,0.338788,245.559576,185.089331,26.857256,11.620149
1146,11dd74426e8374ac110c4036c77c09ab_000000001218,0.338788,101.963084,143.762557,19.763222,6.956453
1147,11dd74426e8374ac110c4036c77c09ab_000000001219,0.337676,244.388022,185.531861,28.767426,9.986917
1147,11dd74426e8374ac110c4036c77c09ab_000000001219,0.337676,99.466184,143.751617,19.140783,6.910786
1148,11dd74426e8374ac110c4036c77c09ab_000000001220,0.337676,243.448139,185.160405,28.239475,9.815873
1148,11dd74426e8374ac110c4036c77c09ab_000000001220,0.337676,101.025565,144.462872,19.434425,7.901906
1149,11dd74426e8374ac110c4036c77c09ab_000000001221,0.337676,244.941094,184.800738,26.781456,11.044065
1149,11dd74426e8374ac110c4036c77c09ab_000000001221,0.337676,101.710192,144.810276,18.572182,7.766549
1150,11dd74426e8374ac110c4036c77c09ab_000000001222,0.337676,244.162857,184.309558,27.648914,9.873653
1150,11dd74426e8374ac110c4036c77c09ab_000000001222,0.337676,103.340596,144.397857,18.234505,7.766549
1151,11dd74426e8374ac110c4036c77c09ab_000000001223,0.338788,245.539663,186.621572,26.677233,10.875469
1151,11dd74426e8374ac110c4036c77c09ab_000000001223,0.338788,100.176773,145.359189,19.351015,8.096297
1152,11dd74426e8374ac110c4036c77c09ab_000000001224,0.337676,242.761679,185.310611,26.904415,9.721891
1152,11dd74426e8374ac110c4036c77c09ab_000000001224,0.337676,99.508105,144.502938,19.124985,7.775411
1153,11dd74426e8374ac110c4036c77c09ab_000000001225,0.337676,243.107434,184.984807,28.133066,10.265850
1153,11dd74426e8374ac110c4036c77c09ab_000000001225,0.337676,99.585053,143.848773,18.900511,7.261209
1154,11dd74426e8374ac110c4036c77c09ab_000000001226,0.344520,246.978057,188.303111,28.770256,10.244465
1154,11dd74426e8374ac110c4036c77c09ab_000000001226,0.344520,100.928720,146.398547,17.963934,9.364175
1155,11dd74426e8374ac110c4036c77c09ab_000000001227,0.344520,247.772258,188.359276,28.845474,10.244475
1155,11dd74426e8374ac110c4036c77c09ab_000000001227,0.344520,102.415368,146.733615,18.488914,7.857786
1156,11dd74426e8374ac110c4036c77c09ab_000000001228,0.337676,242.878765,185.864735,28.451347,8.854901
1156,11dd74426e8374ac110c4036c77c09ab_000000001228,0.337676,100.839703,144.905505,17.517542,7.248642
1157,11dd74426e8374ac110c4036c77c09ab_000000001229,0.337676,240.950998,184.680313,28.254831,8.817210
1157,11dd74426e8374ac110c4036c77c09ab_000000001229,0.337676,100.045328,144.463387,17.426857,6.906494
1158,11dd74426e8374ac110c4036c77c09ab_000000001230,0.337676,244.390763,185.648555,27.123356,10.066727
1158,11dd74426e8374ac110c4036c77c09ab_000000001230,0.337676,100.434065,144.361336,17.715954,6.745884
1159,11dd74426e8374ac110c4036c77c09ab_000000001231,0.338788,243.870287,185.693832,26.927748,10.305683
1159,11dd74426e8374ac110c4036c77c09ab_000000001231,0.338788,101.484450,144.844183,17.306715,5.672349
