frame_id,frame_name,nm_per_pixel,area_nm2
0,11dd74426e8374ac110c4036c77c09ab_000000000000,0.398252,418.794607
0,11dd74426e8374ac110c4036c77c09ab_000000000000,0.398252,459.952419
0,11dd74426e8374ac110c4036c77c09ab_000000000000,0.398252,963.243458
0,11dd74426e8374ac110c4036c77c09ab_000000000000,0.398252,777.319588
1,11dd74426e8374ac110c4036c77c09ab_000000000001,0.398252,426.724822
1,11dd74426e8374ac110c4036c77c09ab_000000000001,0.398252,446.312450
1,11dd74426e8374ac110c4036c77c09ab_000000000001,0.398252,933.386201
1,11dd74426e8374ac110c4036c77c09ab_000000000001,0.398252,760.348929
2,11dd74426e8374ac110c4036c77c09ab_000000000002,0.398252,426.011102
2,11dd74426e8374ac110c4036c77c09ab_000000000002,0.398252,502.458366
2,11dd74426e8374ac110c4036c77c09ab_000000000002,0.398252,946.471055
2,11dd74426e8374ac110c4036c77c09ab_000000000002,0.398252,828.865979
3,11dd74426e8374ac110c4036c77c09ab_000000000003,0.398252,425.297383
3,11dd74426e8374ac110c4036c77c09ab_000000000003,0.398252,509.436955
3,11dd74426e8374ac110c4036c77c09ab_000000000003,0.398252,951.308485
3,11dd74426e8374ac110c4036c77c09ab_000000000003,0.398252,841.078509
4,11dd74426e8374ac110c4036c77c09ab_000000000004,0.390658,393.285006
4,11dd74426e8374ac110c4036c77c09ab_000000000004,0.390658,411.446013
4,11dd74426e8374ac110c4036c77c09ab_000000000004,0.390658,906.066387
4,11dd74426e8374ac110c4036c77c09ab_000000000004,0.390658,780.923312
5,11dd74426e8374ac110c4036c77c09ab_000000000005,0.390658,393.742846
5,11dd74426e8374ac110c4036c77c09ab_000000000005,0.390658,422.128958
5,11dd74426e8374ac110c4036c77c09ab_000000000005,0.390658,911.407860
5,11dd74426e8374ac110c4036c77c09ab_000000000005,0.390658,771.613888
6,11dd74426e8374ac110c4036c77c09ab_000000000006,0.392232,364.692308
6,11dd74426e8374ac110c4036c77c09ab_000000000006,0.392232,432.153846
6,11dd74426e8374ac110c4036c77c09ab_000000000006,0.392232,894.000000
6,11dd74426e8374ac110c4036c77c09ab_000000000006,0.392232,790.384615
7,11dd74426e8374ac110c4036c77c09ab_000000000007,0.390658,348.798169
7,11dd74426e8374ac110c4036c77c09ab_000000000007,0.390658,432.964517
7,11dd74426e8374ac110c4036c77c09ab_000000000007,0.390658,891.415490
7,11dd74426e8374ac110c4036c77c09ab_000000000007,0.390658,847.157573
8,11dd74426e8374ac110c4036c77c09ab_000000000008,0.390658,350.934758
8,11dd74426e8374ac110c4036c77c09ab_000000000008,0.390658,436.169401
8,11dd74426e8374ac110c4036c77c09ab_000000000008,0.390658,887.676459
8,11dd74426e8374ac110c4036c77c09ab_000000000008,0.390658,843.800076
9,11dd74426e8374ac110c4036c77c09ab_000000000009,0.398252,342.585250
9,11dd74426e8374ac110c4036c77c09ab_000000000009,0.398252,445.836638
9,11dd74426e8374ac110c4036c77c09ab_000000000009,0.398252,922.442506
9,11dd74426e8374ac110c4036c77c09ab_000000000009,0.398252,982.791435
10,11dd74426e8374ac110c4036c77c09ab_000000000010,0.398252,340.602696
10,11dd74426e8374ac110c4036c77c09ab_000000000010,0.398252,437.589215
10,11dd74426e8374ac110c4036c77c09ab_000000000010,0.398252,926.328311
10,11dd74426e8374ac110c4036c77c09ab_000000000010,0.398252,976.209358
11,11dd74426e8374ac110c4036c77c09ab_000000000011,0.398252,343.219667
11,11dd74426e8374ac110c4036c77c09ab_000000000011,0.398252,445.995242
11,11dd74426e8374ac110c4036c77c09ab_000000000011,0.398252,919.191118
11,11dd74426e8374ac110c4036c77c09ab_000000000011,0.398252,979.540048
12,11dd74426e8374ac110c4036c77c09ab_000000000012,0.398252,342.585250
12,11dd74426e8374ac110c4036c77c09ab_000000000012,0.398252,437.113402
12,11dd74426e8374ac110c4036c77c09ab_000000000012,0.398252,919.349722
12,11dd74426e8374ac110c4036c77c09ab_000000000012,0.398252,979.857256
13,11dd74426e8374ac110c4036c77c09ab_000000000013,0.390658,321.175124
13,11dd74426e8374ac110c4036c77c09ab_000000000013,0.390658,488.973674
13,11dd74426e8374ac110c4036c77c09ab_000000000013,0.390658,861.808470
13,11dd74426e8374ac110c4036c77c09ab_000000000013,0.390658,970.621900
14,11dd74426e8374ac110c4036c77c09ab_000000000014,0.390658,335.062953
14,11dd74426e8374ac110c4036c77c09ab_000000000014,0.390658,456.924838
14,11dd74426e8374ac110c4036c77c09ab_000000000014,0.390658,755.379626
14,11dd74426e8374ac110c4036c77c09ab_000000000014,0.390658,1072.491415
15,11dd74426e8374ac110c4036c77c09ab_000000000015,0.390658,338.038916
15,11dd74426e8374ac110c4036c77c09ab_000000000015,0.390658,458.145746
15,11dd74426e8374ac110c4036c77c09ab_000000000015,0.390658,745.822205
15,11dd74426e8374ac110c4036c77c09ab_000000000015,0.390658,1060.663869
16,11dd74426e8374ac110c4036c77c09ab_000000000016,0.390658,336.818008
16,11dd74426e8374ac110c4036c77c09ab_000000000016,0.390658,452.041206
16,11dd74426e8374ac110c4036c77c09ab_000000000016,0.390658,748.569248
16,11dd74426e8374ac110c4036c77c09ab_000000000016,0.390658,1069.362839
17,11dd74426e8374ac110c4036c77c09ab_000000000017,0.383342,326.083762
17,11dd74426e8374ac110c4036c77c09ab_000000000017,0.383342,434.386481
17,11dd74426e8374ac110c4036c77c09ab_000000000017,0.383342,714.915503
17,11dd74426e8374ac110c4036c77c09ab_000000000017,0.383342,1038.207201
18,11dd74426e8374ac110c4036c77c09ab_000000000018,0.383342,321.307862
18,11dd74426e8374ac110c4036c77c09ab_000000000018,0.383342,428.655400
18,11dd74426e8374ac110c4036c77c09ab_000000000018,0.383342,710.433505
18,11dd74426e8374ac110c4036c77c09ab_000000000018,0.383342,1039.088905
19,11dd74426e8374ac110c4036c77c09ab_000000000019,0.383342,318.515797
19,11dd74426e8374ac110c4036c77c09ab_000000000019,0.383342,430.712711
19,11dd74426e8374ac110c4036c77c09ab_000000000019,0.383342,705.878031
19,11dd74426e8374ac110c4036c77c09ab_000000000019,0.383342,1037.031594
20,11dd74426e8374ac110c4036c77c09ab_000000000020,0.390658,338.038916
20,11dd74426e8374ac110c4036c77c09ab_000000000020,0.390658,435.406333
20,11dd74426e8374ac110c4036c77c09ab_000000000020,0.390658,751.239985
20,11dd74426e8374ac110c4036c77c09ab_000000000020,0.390658,1045.249905
21,11dd74426e8374ac110c4036c77c09ab_000000000021,0.390658,339.641358
21,11dd74426e8374ac110c4036c77c09ab_000000000021,0.390658,433.269744
21,11dd74426e8374ac110c4036c77c09ab_000000000021,0.390658,754.444868
21,11dd74426e8374ac110c4036c77c09ab_000000000021,0.390658,1064.402900
22,11dd74426e8374ac110c4036c77c09ab_000000000022,0.390658,338.420450
22,11dd74426e8374ac110c4036c77c09ab_000000000022,0.390658,438.611217
22,11dd74426e8374ac110c4036c77c09ab_000000000022,0.390658,678.519649
22,11dd74426e8374ac110c4036c77c09ab_000000000022,0.390658,1025.715376
23,11dd74426e8374ac110c4036c77c09ab_000000000023,0.390658,327.355971
23,11dd74426e8374ac110c4036c77c09ab_000000000023,0.390658,411.140786
23,11dd74426e8374ac110c4036c77c09ab_000000000023,0.390658,684.242655
23,11dd74426e8374ac110c4036c77c09ab_000000000023,0.390658,988.172453
24,11dd74426e8374ac110c4036c77c09ab_000000000024,0.390658,327.966425
24,11dd74426e8374ac110c4036c77c09ab_000000000024,0.390658,409.767264
24,11dd74426e8374ac110c4036c77c09ab_000000000024,0.390658,686.913392
24,11dd74426e8374ac110c4036c77c09ab_000000000024,0.390658,993.361312
25,11dd74426e8374ac110c4036c77c09ab_000000000025,0.390658,312.399847
25,11dd74426e8374ac110c4036c77c09ab_000000000025,0.390658,398.321251
25,11dd74426e8374ac110c4036c77c09ab_000000000025,0.390658,646.699733
25,11dd74426e8374ac110c4036c77c09ab_000000000025,0.390658,1062.800458
26,11dd74426e8374ac110c4036c77c09ab_000000000026,0.390658,308.813430
26,11dd74426e8374ac110c4036c77c09ab_000000000026,0.390658,399.084319
26,11dd74426e8374ac110c4036c77c09ab_000000000026,0.390658,640.824113
26,11dd74426e8374ac110c4036c77c09ab_000000000026,0.390658,1056.695918
27,11dd74426e8374ac110c4036c77c09ab_000000000027,0.390658,305.990080
27,11dd74426e8374ac110c4036c77c09ab_000000000027,0.390658,402.594430
27,11dd74426e8374ac110c4036c77c09ab_000000000027,0.390658,643.418543
27,11dd74426e8374ac110c4036c77c09ab_000000000027,0.390658,1059.137734
28,11dd74426e8374ac110c4036c77c09ab_000000000028,0.390658,302.708890
28,11dd74426e8374ac110c4036c77c09ab_000000000028,0.390658,401.068295
28,11dd74426e8374ac110c4036c77c09ab_000000000028,0.390658,637.237696
28,11dd74426e8374ac110c4036c77c09ab_000000000028,0.390658,1062.647844
29,11dd74426e8374ac110c4036c77c09ab_000000000029,0.390658,304.158718
29,11dd74426e8374ac110c4036c77c09ab_000000000029,0.390658,389.698588
29,11dd74426e8374ac110c4036c77c09ab_000000000029,0.390658,620.908050
29,11dd74426e8374ac110c4036c77c09ab_000000000029,0.390658,1062.190004
30,11dd74426e8374ac110c4036c77c09ab_000000000030,0.390658,292.789012
30,11dd74426e8374ac110c4036c77c09ab_000000000030,0.390658,392.979779
30,11dd74426e8374ac110c4036c77c09ab_000000000030,0.390658,586.341091
30,11dd74426e8374ac110c4036c77c09ab_000000000030,0.390658,1089.660435
31,11dd74426e8374ac110c4036c77c09ab_000000000031,0.390658,289.431515
31,11dd74426e8374ac110c4036c77c09ab_000000000031,0.390658,398.473865
31,11dd74426e8374ac110c4036c77c09ab_000000000031,0.390658,582.754674
31,11dd74426e8374ac110c4036c77c09ab_000000000031,0.390658,1085.387257
32,11dd74426e8374ac110c4036c77c09ab_000000000032,0.390658,294.849294
32,11dd74426e8374ac110c4036c77c09ab_000000000032,0.390658,404.120565
32,11dd74426e8374ac110c4036c77c09ab_000000000032,0.390658,575.429225
32,11dd74426e8374ac110c4036c77c09ab_000000000032,0.390658,1065.547501
33,11dd74426e8374ac110c4036c77c09ab_000000000033,0.390658,292.712705
33,11dd74426e8374ac110c4036c77c09ab_000000000033,0.390658,408.698970
33,11dd74426e8374ac110c4036c77c09ab_000000000033,0.390658,575.810759
33,11dd74426e8374ac110c4036c77c09ab_000000000033,0.390658,1077.146127
34,11dd74426e8374ac110c4036c77c09ab_000000000034,0.383342,270.536370
34,11dd74426e8374ac110c4036c77c09ab_000000000034,0.383342,399.632623
34,11dd74426e8374ac110c4036c77c09ab_000000000034,0.383342,557.825129
34,11dd74426e8374ac110c4036c77c09ab_000000000034,0.383342,1042.909625
35,11dd74426e8374ac110c4036c77c09ab_000000000035,0.383342,273.622337
35,11dd74426e8374ac110c4036c77c09ab_000000000035,0.383342,410.874357
35,11dd74426e8374ac110c4036c77c09ab_000000000035,0.383342,568.552535
35,11dd74426e8374ac110c4036c77c09ab_000000000035,0.383342,1050.551065
36,11dd74426e8374ac110c4036c77c09ab_000000000036,0.383342,268.038207
36,11dd74426e8374ac110c4036c77c09ab_000000000036,0.383342,395.297575
36,11dd74426e8374ac110c4036c77c09ab_000000000036,0.383342,575.826598
36,11dd74426e8374ac110c4036c77c09ab_000000000036,0.383342,1055.988244
37,11dd74426e8374ac110c4036c77c09ab_000000000037,0.383342,259.955915
37,11dd74426e8374ac110c4036c77c09ab_000000000037,0.383342,398.236591
37,11dd74426e8374ac110c4036c77c09ab_000000000037,0.383342,575.459221
37,11dd74426e8374ac110c4036c77c09ab_000000000037,0.383342,1035.709037
38,11dd74426e8374ac110c4036c77c09ab_000000000038,0.383342,260.543718
38,11dd74426e8374ac110c4036c77c09ab_000000000038,0.383342,404.996326
38,11dd74426e8374ac110c4036c77c09ab_000000000038,0.383342,577.296106
38,11dd74426e8374ac110c4036c77c09ab_000000000038,0.383342,1016.311536
39,11dd74426e8374ac110c4036c77c09ab_000000000039,0.383342,257.384276
39,11dd74426e8374ac110c4036c77c09ab_000000000039,0.383342,407.935342
39,11dd74426e8374ac110c4036c77c09ab_000000000039,0.383342,567.670830
39,11dd74426e8374ac110c4036c77c09ab_000000000039,0.383342,1019.250551
40,11dd74426e8374ac110c4036c77c09ab_000000000040,0.383342,257.972079
40,11dd74426e8374ac110c4036c77c09ab_000000000040,0.383342,414.107274
40,11dd74426e8374ac110c4036c77c09ab_000000000040,0.383342,573.108009
40,11dd74426e8374ac110c4036c77c09ab_000000000040,0.383342,1038.795004
41,11dd74426e8374ac110c4036c77c09ab_000000000041,0.390658,267.684090
41,11dd74426e8374ac110c4036c77c09ab_000000000041,0.390658,427.623045
41,11dd74426e8374ac110c4036c77c09ab_000000000041,0.390658,600.381534
41,11dd74426e8374ac110c4036c77c09ab_000000000041,0.390658,1060.358642
42,11dd74426e8374ac110c4036c77c09ab_000000000042,0.390658,267.226250
42,11dd74426e8374ac110c4036c77c09ab_000000000042,0.390658,428.233499
42,11dd74426e8374ac110c4036c77c09ab_000000000042,0.390658,590.690576
42,11dd74426e8374ac110c4036c77c09ab_000000000042,0.390658,1063.639832
43,11dd74426e8374ac110c4036c77c09ab_000000000043,0.390658,275.543686
43,11dd74426e8374ac110c4036c77c09ab_000000000043,0.390658,372.605876
43,11dd74426e8374ac110c4036c77c09ab_000000000043,0.390658,905.265166
44,11dd74426e8374ac110c4036c77c09ab_000000000044,0.390658,277.909195
44,11dd74426e8374ac110c4036c77c09ab_000000000044,0.390658,381.991606
44,11dd74426e8374ac110c4036c77c09ab_000000000044,0.390658,895.993895
45,11dd74426e8374ac110c4036c77c09ab_000000000045,0.390658,276.306753
45,11dd74426e8374ac110c4036c77c09ab_000000000045,0.390658,392.064098
45,11dd74426e8374ac110c4036c77c09ab_000000000045,0.390658,899.504006
46,11dd74426e8374ac110c4036c77c09ab_000000000046,0.390658,295.001908
46,11dd74426e8374ac110c4036c77c09ab_000000000046,0.390658,379.549790
46,11dd74426e8374ac110c4036c77c09ab_000000000046,0.390658,878.595956
47,11dd74426e8374ac110c4036c77c09ab_000000000047,0.390658,294.620374
47,11dd74426e8374ac110c4036c77c09ab_000000000047,0.390658,388.859214
47,11dd74426e8374ac110c4036c77c09ab_000000000047,0.390658,881.037772
48,11dd74426e8374ac110c4036c77c09ab_000000000048,0.390658,298.054178
48,11dd74426e8374ac110c4036c77c09ab_000000000048,0.390658,394.963754
48,11dd74426e8374ac110c4036c77c09ab_000000000048,0.390658,875.238459
49,11dd74426e8374ac110c4036c77c09ab_000000000049,0.383342,287.509184
49,11dd74426e8374ac110c4036c77c09ab_000000000049,0.383342,381.484203
49,11dd74426e8374ac110c4036c77c09ab_000000000049,0.383342,843.864805
50,11dd74426e8374ac110c4036c77c09ab_000000000050,0.392232,296.384615
50,11dd74426e8374ac110c4036c77c09ab_000000000050,0.392232,403.076923
50,11dd74426e8374ac110c4036c77c09ab_000000000050,0.392232,881.538462
51,11dd74426e8374ac110c4036c77c09ab_000000000051,0.392232,300.153846
51,11dd74426e8374ac110c4036c77c09ab_000000000051,0.392232,402.461538
51,11dd74426e8374ac110c4036c77c09ab_000000000051,0.392232,880.615385
52,11dd74426e8374ac110c4036c77c09ab_000000000052,0.390658,295.230828
52,11dd74426e8374ac110c4036c77c09ab_000000000052,0.390658,405.036246
52,11dd74426e8374ac110c4036c77c09ab_000000000052,0.390658,866.081648
53,11dd74426e8374ac110c4036c77c09ab_000000000059,0.390658,269.954216
53,11dd74426e8374ac110c4036c77c09ab_000000000059,0.390658,276.001526
53,11dd74426e8374ac110c4036c77c09ab_000000000059,0.390658,340.175506
53,11dd74426e8374ac110c4036c77c09ab_000000000059,0.390658,743.113316
54,11dd74426e8374ac110c4036c77c09ab_000000000060,0.390658,275.467379
54,11dd74426e8374ac110c4036c77c09ab_000000000060,0.390658,245.707745
54,11dd74426e8374ac110c4036c77c09ab_000000000060,0.390658,307.974056
54,11dd74426e8374ac110c4036c77c09ab_000000000060,0.390658,738.038916
55,11dd74426e8374ac110c4036c77c09ab_000000000061,0.390658,274.093857
55,11dd74426e8374ac110c4036c77c09ab_000000000061,0.390658,238.000763
55,11dd74426e8374ac110c4036c77c09ab_000000000061,0.390658,310.339565
55,11dd74426e8374ac110c4036c77c09ab_000000000061,0.390658,741.549027
56,11dd74426e8374ac110c4036c77c09ab_000000000062,0.390658,159.633728
56,11dd74426e8374ac110c4036c77c09ab_000000000062,0.390658,286.302938
56,11dd74426e8374ac110c4036c77c09ab_000000000062,0.390658,374.055704
56,11dd74426e8374ac110c4036c77c09ab_000000000062,0.390658,747.500954
57,11dd74426e8374ac110c4036c77c09ab_000000000063,0.390658,295.612362
57,11dd74426e8374ac110c4036c77c09ab_000000000063,0.390658,380.007631
57,11dd74426e8374ac110c4036c77c09ab_000000000063,0.390658,747.043113
58,11dd74426e8374ac110c4036c77c09ab_000000000064,0.390658,229.530713
58,11dd74426e8374ac110c4036c77c09ab_000000000064,0.390658,391.301030
58,11dd74426e8374ac110c4036c77c09ab_000000000064,0.390658,781.991606
59,11dd74426e8374ac110c4036c77c09ab_000000000065,0.390658,229.378100
59,11dd74426e8374ac110c4036c77c09ab_000000000065,0.390658,399.771080
59,11dd74426e8374ac110c4036c77c09ab_000000000065,0.390658,789.164441
60,11dd74426e8374ac110c4036c77c09ab_000000000066,0.390658,242.960702
60,11dd74426e8374ac110c4036c77c09ab_000000000066,0.390658,429.225486
60,11dd74426e8374ac110c4036c77c09ab_000000000066,0.390658,804.883632
61,11dd74426e8374ac110c4036c77c09ab_000000000067,0.390658,254.559329
61,11dd74426e8374ac110c4036c77c09ab_000000000067,0.390658,469.210225
61,11dd74426e8374ac110c4036c77c09ab_000000000067,0.390658,812.666921
62,11dd74426e8374ac110c4036c77c09ab_000000000068,0.390658,249.904617
62,11dd74426e8374ac110c4036c77c09ab_000000000068,0.390658,465.242274
62,11dd74426e8374ac110c4036c77c09ab_000000000068,0.390658,810.988172
63,11dd74426e8374ac110c4036c77c09ab_000000000069,0.390658,251.659672
63,11dd74426e8374ac110c4036c77c09ab_000000000069,0.390658,442.502862
63,11dd74426e8374ac110c4036c77c09ab_000000000069,0.390658,813.429989
64,11dd74426e8374ac110c4036c77c09ab_000000000070,0.390658,243.952690
64,11dd74426e8374ac110c4036c77c09ab_000000000070,0.390658,449.217856
64,11dd74426e8374ac110c4036c77c09ab_000000000070,0.390658,818.771461
65,11dd74426e8374ac110c4036c77c09ab_000000000071,0.390658,241.587180
65,11dd74426e8374ac110c4036c77c09ab_000000000071,0.390658,457.153758
65,11dd74426e8374ac110c4036c77c09ab_000000000071,0.390658,803.662724
66,11dd74426e8374ac110c4036c77c09ab_000000000072,0.390658,241.892407
66,11dd74426e8374ac110c4036c77c09ab_000000000072,0.390658,455.322396
66,11dd74426e8374ac110c4036c77c09ab_000000000072,0.390658,802.899657
67,11dd74426e8374ac110c4036c77c09ab_000000000073,0.383342,242.174871
67,11dd74426e8374ac110c4036c77c09ab_000000000073,0.383342,417.634093
67,11dd74426e8374ac110c4036c77c09ab_000000000073,0.383342,774.871418
68,11dd74426e8374ac110c4036c77c09ab_000000000074,0.383342,230.418810
68,11dd74426e8374ac110c4036c77c09ab_000000000074,0.383342,406.171932
68,11dd74426e8374ac110c4036c77c09ab_000000000074,0.383342,788.684791
69,11dd74426e8374ac110c4036c77c09ab_000000000075,0.383342,225.863336
69,11dd74426e8374ac110c4036c77c09ab_000000000075,0.383342,406.906686
69,11dd74426e8374ac110c4036c77c09ab_000000000075,0.383342,787.068332
70,11dd74426e8374ac110c4036c77c09ab_000000000076,0.390658,236.169401
70,11dd74426e8374ac110c4036c77c09ab_000000000076,0.390658,418.008394
70,11dd74426e8374ac110c4036c77c09ab_000000000076,0.390658,802.594430
71,11dd74426e8374ac110c4036c77c09ab_000000000077,0.390658,233.727585
71,11dd74426e8374ac110c4036c77c09ab_000000000077,0.390658,416.253338
71,11dd74426e8374ac110c4036c77c09ab_000000000077,0.390658,809.156810
72,11dd74426e8374ac110c4036c77c09ab_000000000078,0.390658,208.012209
72,11dd74426e8374ac110c4036c77c09ab_000000000078,0.390658,416.482259
72,11dd74426e8374ac110c4036c77c09ab_000000000078,0.390658,773.292636
73,11dd74426e8374ac110c4036c77c09ab_000000000079,0.390658,206.028233
73,11dd74426e8374ac110c4036c77c09ab_000000000079,0.390658,416.634872
73,11dd74426e8374ac110c4036c77c09ab_000000000079,0.390658,773.674170
74,11dd74426e8374ac110c4036c77c09ab_000000000080,0.383342,199.559148
74,11dd74426e8374ac110c4036c77c09ab_000000000080,0.383342,411.021308
74,11dd74426e8374ac110c4036c77c09ab_000000000080,0.383342,762.968406
75,11dd74426e8374ac110c4036c77c09ab_000000000081,0.383342,184.129317
75,11dd74426e8374ac110c4036c77c09ab_000000000081,0.383342,411.609111
75,11dd74426e8374ac110c4036c77c09ab_000000000081,0.383342,746.509919
76,11dd74426e8374ac110c4036c77c09ab_000000000082,0.383342,181.043350
76,11dd74426e8374ac110c4036c77c09ab_000000000082,0.383342,414.768553
76,11dd74426e8374ac110c4036c77c09ab_000000000082,0.383342,747.097722
77,11dd74426e8374ac110c4036c77c09ab_000000000083,0.383342,173.695812
77,11dd74426e8374ac110c4036c77c09ab_000000000083,0.383342,417.634093
77,11dd74426e8374ac110c4036c77c09ab_000000000083,0.383342,687.876561
78,11dd74426e8374ac110c4036c77c09ab_000000000084,0.383342,170.242469
78,11dd74426e8374ac110c4036c77c09ab_000000000084,0.383342,418.736223
78,11dd74426e8374ac110c4036c77c09ab_000000000084,0.383342,685.084497
79,11dd74426e8374ac110c4036c77c09ab_000000000085,0.383342,182.512858
79,11dd74426e8374ac110c4036c77c09ab_000000000085,0.383342,387.876561
79,11dd74426e8374ac110c4036c77c09ab_000000000085,0.383342,684.055841
80,11dd74426e8374ac110c4036c77c09ab_000000000086,0.383342,180.749449
80,11dd74426e8374ac110c4036c77c09ab_000000000086,0.383342,392.505511
80,11dd74426e8374ac110c4036c77c09ab_000000000086,0.383342,682.586334
81,11dd74426e8374ac110c4036c77c09ab_000000000087,0.383342,183.982366
81,11dd74426e8374ac110c4036c77c09ab_000000000087,0.383342,382.439383
81,11dd74426e8374ac110c4036c77c09ab_000000000087,0.383342,703.012491
82,11dd74426e8374ac110c4036c77c09ab_000000000088,0.383342,184.937546
82,11dd74426e8374ac110c4036c77c09ab_000000000088,0.383342,380.675974
82,11dd74426e8374ac110c4036c77c09ab_000000000088,0.383342,696.840558
83,11dd74426e8374ac110c4036c77c09ab_000000000089,0.383342,181.925055
83,11dd74426e8374ac110c4036c77c09ab_000000000089,0.383342,398.677443
83,11dd74426e8374ac110c4036c77c09ab_000000000089,0.383342,718.883174
84,11dd74426e8374ac110c4036c77c09ab_000000000090,0.383342,193.387215
84,11dd74426e8374ac110c4036c77c09ab_000000000090,0.383342,401.542983
84,11dd74426e8374ac110c4036c77c09ab_000000000090,0.383342,717.707568
85,11dd74426e8374ac110c4036c77c09ab_000000000091,0.383342,193.387215
85,11dd74426e8374ac110c4036c77c09ab_000000000091,0.383342,390.448200
85,11dd74426e8374ac110c4036c77c09ab_000000000091,0.383342,710.653931
86,11dd74426e8374ac110c4036c77c09ab_000000000092,0.376288,184.000000
86,11dd74426e8374ac110c4036c77c09ab_000000000092,0.376288,336.283186
86,11dd74426e8374ac110c4036c77c09ab_000000000092,0.376288,671.150442
87,11dd74426e8374ac110c4036c77c09ab_000000000093,0.376288,183.079646
87,11dd74426e8374ac110c4036c77c09ab_000000000093,0.376288,334.230088
87,11dd74426e8374ac110c4036c77c09ab_000000000093,0.376288,666.548673
88,11dd74426e8374ac110c4036c77c09ab_000000000094,0.383342,194.048494
88,11dd74426e8374ac110c4036c77c09ab_000000000094,0.383342,326.157237
88,11dd74426e8374ac110c4036c77c09ab_000000000094,0.383342,679.647318
89,11dd74426e8374ac110c4036c77c09ab_000000000095,0.383342,191.109478
89,11dd74426e8374ac110c4036c77c09ab_000000000095,0.383342,319.250551
89,11dd74426e8374ac110c4036c77c09ab_000000000095,0.383342,686.627480
90,11dd74426e8374ac110c4036c77c09ab_000000000096,0.383342,190.595151
90,11dd74426e8374ac110c4036c77c09ab_000000000096,0.383342,354.151359
90,11dd74426e8374ac110c4036c77c09ab_000000000096,0.383342,675.532697
91,11dd74426e8374ac110c4036c77c09ab_000000000097,0.383342,173.401910
91,11dd74426e8374ac110c4036c77c09ab_000000000097,0.383342,300.514328
91,11dd74426e8374ac110c4036c77c09ab_000000000097,0.383342,659.808964
92,11dd74426e8374ac110c4036c77c09ab_000000000098,0.383342,168.258633
92,11dd74426e8374ac110c4036c77c09ab_000000000098,0.383342,304.261572
92,11dd74426e8374ac110c4036c77c09ab_000000000098,0.383342,661.572373
93,11dd74426e8374ac110c4036c77c09ab_000000000099,0.383342,169.654666
93,11dd74426e8374ac110c4036c77c09ab_000000000099,0.383342,279.206466
93,11dd74426e8374ac110c4036c77c09ab_000000000099,0.383342,645.187362
94,11dd74426e8374ac110c4036c77c09ab_000000000100,0.383342,179.132990
94,11dd74426e8374ac110c4036c77c09ab_000000000100,0.383342,296.105805
94,11dd74426e8374ac110c4036c77c09ab_000000000100,0.383342,648.199853
95,11dd74426e8374ac110c4036c77c09ab_000000000101,0.376288,172.672566
95,11dd74426e8374ac110c4036c77c09ab_000000000101,0.376288,311.008850
95,11dd74426e8374ac110c4036c77c09ab_000000000101,0.376288,660.530973
96,11dd74426e8374ac110c4036c77c09ab_000000000102,0.376288,165.168142
96,11dd74426e8374ac110c4036c77c09ab_000000000102,0.376288,320.424779
96,11dd74426e8374ac110c4036c77c09ab_000000000102,0.376288,662.867257
97,11dd74426e8374ac110c4036c77c09ab_000000000103,0.390658,182.373140
97,11dd74426e8374ac110c4036c77c09ab_000000000103,0.390658,312.476154
97,11dd74426e8374ac110c4036c77c09ab_000000000103,0.390658,712.018314
98,11dd74426e8374ac110c4036c77c09ab_000000000104,0.390658,177.871042
98,11dd74426e8374ac110c4036c77c09ab_000000000104,0.390658,298.969859
98,11dd74426e8374ac110c4036c77c09ab_000000000104,0.390658,733.155284
99,11dd74426e8374ac110c4036c77c09ab_000000000105,0.383342,170.903747
99,11dd74426e8374ac110c4036c77c09ab_000000000105,0.383342,287.362234
99,11dd74426e8374ac110c4036c77c09ab_000000000105,0.383342,703.306392
100,11dd74426e8374ac110c4036c77c09ab_000000000106,0.390658,174.132011
100,11dd74426e8374ac110c4036c77c09ab_000000000106,0.390658,311.560473
100,11dd74426e8374ac110c4036c77c09ab_000000000106,0.390658,723.464327
101,11dd74426e8374ac110c4036c77c09ab_000000000107,0.390658,175.963373
101,11dd74426e8374ac110c4036c77c09ab_000000000107,0.390658,292.483785
101,11dd74426e8374ac110c4036c77c09ab_000000000107,0.390658,722.853873
102,11dd74426e8374ac110c4036c77c09ab_000000000108,0.390658,165.509348
102,11dd74426e8374ac110c4036c77c09ab_000000000108,0.390658,292.636398
102,11dd74426e8374ac110c4036c77c09ab_000000000108,0.390658,743.304082
103,11dd74426e8374ac110c4036c77c09ab_000000000109,0.390658,157.268218
103,11dd74426e8374ac110c4036c77c09ab_000000000109,0.390658,296.833270
103,11dd74426e8374ac110c4036c77c09ab_000000000109,0.390658,755.436856
104,11dd74426e8374ac110c4036c77c09ab_000000000110,0.383342,148.714181
104,11dd74426e8374ac110c4036c77c09ab_000000000110,0.383342,319.911830
104,11dd74426e8374ac110c4036c77c09ab_000000000110,0.383342,750.624541
105,11dd74426e8374ac110c4036c77c09ab_000000000111,0.390658,154.979016
105,11dd74426e8374ac110c4036c77c09ab_000000000111,0.390658,307.897749
105,11dd74426e8374ac110c4036c77c09ab_000000000111,0.390658,809.919878
106,11dd74426e8374ac110c4036c77c09ab_000000000112,0.390658,153.910721
106,11dd74426e8374ac110c4036c77c09ab_000000000112,0.390658,306.905761
106,11dd74426e8374ac110c4036c77c09ab_000000000112,0.390658,808.851583
107,11dd74426e8374ac110c4036c77c09ab_000000000113,0.383342,129.977957
107,11dd74426e8374ac110c4036c77c09ab_000000000113,0.383342,803.894195
108,11dd74426e8374ac110c4036c77c09ab_000000000114,0.383342,129.022777
108,11dd74426e8374ac110c4036c77c09ab_000000000114,0.383342,803.600294
109,11dd74426e8374ac110c4036c77c09ab_000000000115,0.376288,123.681416
109,11dd74426e8374ac110c4036c77c09ab_000000000115,0.376288,766.584071
110,11dd74426e8374ac110c4036c77c09ab_000000000116,0.376288,121.769912
110,11dd74426e8374ac110c4036c77c09ab_000000000116,0.376288,762.831858
111,11dd74426e8374ac110c4036c77c09ab_000000000117,0.383342,118.515797
111,11dd74426e8374ac110c4036c77c09ab_000000000117,0.383342,798.530492
112,11dd74426e8374ac110c4036c77c09ab_000000000118,0.383342,116.238060
112,11dd74426e8374ac110c4036c77c09ab_000000000118,0.383342,806.024982
113,11dd74426e8374ac110c4036c77c09ab_000000000119,0.383342,109.772226
113,11dd74426e8374ac110c4036c77c09ab_000000000119,0.383342,806.759735
114,11dd74426e8374ac110c4036c77c09ab_000000000120,0.383342,112.564291
114,11dd74426e8374ac110c4036c77c09ab_000000000120,0.383342,805.731080
115,11dd74426e8374ac110c4036c77c09ab_000000000121,0.383342,112.086701
115,11dd74426e8374ac110c4036c77c09ab_000000000121,0.383342,262.931668
115,11dd74426e8374ac110c4036c77c09ab_000000000121,0.383342,340.154298
115,11dd74426e8374ac110c4036c77c09ab_000000000121,0.383342,655.180015
116,11dd74426e8374ac110c4036c77c09ab_000000000122,0.383342,100.808229
116,11dd74426e8374ac110c4036c77c09ab_000000000122,0.383342,233.651727
116,11dd74426e8374ac110c4036c77c09ab_000000000122,0.383342,277.296106
116,11dd74426e8374ac110c4036c77c09ab_000000000122,0.383342,663.776635
117,11dd74426e8374ac110c4036c77c09ab_000000000123,0.383342,97.648788
117,11dd74426e8374ac110c4036c77c09ab_000000000123,0.383342,230.271859
117,11dd74426e8374ac110c4036c77c09ab_000000000123,0.383342,269.801616
117,11dd74426e8374ac110c4036c77c09ab_000000000123,0.383342,664.070536
118,11dd74426e8374ac110c4036c77c09ab_000000000124,0.376288,81.982301
118,11dd74426e8374ac110c4036c77c09ab_000000000124,0.376288,208.707965
118,11dd74426e8374ac110c4036c77c09ab_000000000124,0.376288,305.840708
118,11dd74426e8374ac110c4036c77c09ab_000000000124,0.376288,629.097345
119,11dd74426e8374ac110c4036c77c09ab_000000000125,0.376288,80.424779
119,11dd74426e8374ac110c4036c77c09ab_000000000125,0.376288,251.044248
119,11dd74426e8374ac110c4036c77c09ab_000000000125,0.376288,310.796460
119,11dd74426e8374ac110c4036c77c09ab_000000000125,0.376288,630.796460
120,11dd74426e8374ac110c4036c77c09ab_000000000126,0.376288,94.159292
120,11dd74426e8374ac110c4036c77c09ab_000000000126,0.376288,261.380531
120,11dd74426e8374ac110c4036c77c09ab_000000000126,0.376288,238.938053
120,11dd74426e8374ac110c4036c77c09ab_000000000126,0.376288,638.017699
121,11dd74426e8374ac110c4036c77c09ab_000000000127,0.383342,91.991183
121,11dd74426e8374ac110c4036c77c09ab_000000000127,0.383342,270.536370
121,11dd74426e8374ac110c4036c77c09ab_000000000127,0.383342,254.886113
121,11dd74426e8374ac110c4036c77c09ab_000000000127,0.383342,655.400441
122,11dd74426e8374ac110c4036c77c09ab_000000000128,0.383342,90.301249
122,11dd74426e8374ac110c4036c77c09ab_000000000128,0.383342,275.532697
122,11dd74426e8374ac110c4036c77c09ab_000000000128,0.383342,251.285819
122,11dd74426e8374ac110c4036c77c09ab_000000000128,0.383342,653.416605
123,11dd74426e8374ac110c4036c77c09ab_000000000129,0.383342,107.714916
123,11dd74426e8374ac110c4036c77c09ab_000000000129,0.383342,270.683321
123,11dd74426e8374ac110c4036c77c09ab_000000000129,0.383342,278.398237
123,11dd74426e8374ac110c4036c77c09ab_000000000129,0.383342,656.869949
124,11dd74426e8374ac110c4036c77c09ab_000000000130,0.383342,107.347539
124,11dd74426e8374ac110c4036c77c09ab_000000000130,0.383342,269.948567
124,11dd74426e8374ac110c4036c77c09ab_000000000130,0.383342,278.177810
124,11dd74426e8374ac110c4036c77c09ab_000000000130,0.383342,657.457752
125,11dd74426e8374ac110c4036c77c09ab_000000000131,0.383342,111.094783
125,11dd74426e8374ac110c4036c77c09ab_000000000131,0.383342,274.797943
125,11dd74426e8374ac110c4036c77c09ab_000000000131,0.383342,288.905217
125,11dd74426e8374ac110c4036c77c09ab_000000000131,0.383342,673.769287
126,11dd74426e8374ac110c4036c77c09ab_000000000132,0.383342,111.462160
126,11dd74426e8374ac110c4036c77c09ab_000000000132,0.383342,277.149155
126,11dd74426e8374ac110c4036c77c09ab_000000000132,0.383342,284.864071
126,11dd74426e8374ac110c4036c77c09ab_000000000132,0.383342,671.711976
127,11dd74426e8374ac110c4036c77c09ab_000000000133,0.383342,102.645114
127,11dd74426e8374ac110c4036c77c09ab_000000000133,0.383342,219.691403
127,11dd74426e8374ac110c4036c77c09ab_000000000133,0.383342,278.471712
127,11dd74426e8374ac110c4036c77c09ab_000000000133,0.383342,680.602498
128,11dd74426e8374ac110c4036c77c09ab_000000000134,0.383342,95.591477
128,11dd74426e8374ac110c4036c77c09ab_000000000134,0.383342,216.017634
128,11dd74426e8374ac110c4036c77c09ab_000000000134,0.383342,291.036003
128,11dd74426e8374ac110c4036c77c09ab_000000000134,0.383342,694.195445
129,11dd74426e8374ac110c4036c77c09ab_000000000135,0.383342,96.252755
129,11dd74426e8374ac110c4036c77c09ab_000000000135,0.383342,210.874357
129,11dd74426e8374ac110c4036c77c09ab_000000000135,0.383342,298.089640
129,11dd74426e8374ac110c4036c77c09ab_000000000135,0.383342,693.387215
130,11dd74426e8374ac110c4036c77c09ab_000000000136,0.383342,97.207935
130,11dd74426e8374ac110c4036c77c09ab_000000000136,0.383342,207.641440
130,11dd74426e8374ac110c4036c77c09ab_000000000136,0.383342,297.722263
130,11dd74426e8374ac110c4036c77c09ab_000000000136,0.383342,711.241734
131,11dd74426e8374ac110c4036c77c09ab_000000000137,0.383342,97.060985
131,11dd74426e8374ac110c4036c77c09ab_000000000137,0.383342,207.935342
131,11dd74426e8374ac110c4036c77c09ab_000000000137,0.383342,290.007348
131,11dd74426e8374ac110c4036c77c09ab_000000000137,0.383342,707.935342
132,11dd74426e8374ac110c4036c77c09ab_000000000138,0.376288,87.929204
132,11dd74426e8374ac110c4036c77c09ab_000000000138,0.376288,261.026549
132,11dd74426e8374ac110c4036c77c09ab_000000000138,0.376288,285.522124
132,11dd74426e8374ac110c4036c77c09ab_000000000138,0.376288,662.088496
133,11dd74426e8374ac110c4036c77c09ab_000000000139,0.376288,86.867257
133,11dd74426e8374ac110c4036c77c09ab_000000000139,0.376288,263.433628
133,11dd74426e8374ac110c4036c77c09ab_000000000139,0.376288,281.769912
133,11dd74426e8374ac110c4036c77c09ab_000000000139,0.376288,662.584071
134,11dd74426e8374ac110c4036c77c09ab_000000000140,0.383342,91.844232
134,11dd74426e8374ac110c4036c77c09ab_000000000140,0.383342,281.116826
134,11dd74426e8374ac110c4036c77c09ab_000000000140,0.383342,296.620132
134,11dd74426e8374ac110c4036c77c09ab_000000000140,0.383342,713.445996
135,11dd74426e8374ac110c4036c77c09ab_000000000141,0.383342,92.725937
135,11dd74426e8374ac110c4036c77c09ab_000000000141,0.383342,284.937546
135,11dd74426e8374ac110c4036c77c09ab_000000000141,0.383342,296.767083
135,11dd74426e8374ac110c4036c77c09ab_000000000141,0.383342,717.119765
136,11dd74426e8374ac110c4036c77c09ab_000000000142,0.383342,92.578986
136,11dd74426e8374ac110c4036c77c09ab_000000000142,0.383342,289.493020
136,11dd74426e8374ac110c4036c77c09ab_000000000142,0.383342,291.623806
136,11dd74426e8374ac110c4036c77c09ab_000000000142,0.383342,721.381337
137,11dd74426e8374ac110c4036c77c09ab_000000000143,0.390658,89.584128
137,11dd74426e8374ac110c4036c77c09ab_000000000143,0.390658,238.382297
137,11dd74426e8374ac110c4036c77c09ab_000000000143,0.390658,303.319344
137,11dd74426e8374ac110c4036c77c09ab_000000000143,0.390658,750.247997
138,11dd74426e8374ac110c4036c77c09ab_000000000144,0.390658,91.110263
138,11dd74426e8374ac110c4036c77c09ab_000000000144,0.390658,310.873712
138,11dd74426e8374ac110c4036c77c09ab_000000000144,0.390658,299.351393
138,11dd74426e8374ac110c4036c77c09ab_000000000144,0.390658,748.416635
139,11dd74426e8374ac110c4036c77c09ab_000000000145,0.390658,86.684472
139,11dd74426e8374ac110c4036c77c09ab_000000000145,0.390658,316.062572
139,11dd74426e8374ac110c4036c77c09ab_000000000145,0.390658,296.146509
139,11dd74426e8374ac110c4036c77c09ab_000000000145,0.390658,743.227776
140,11dd74426e8374ac110c4036c77c09ab_000000000146,0.390658,87.905380
140,11dd74426e8374ac110c4036c77c09ab_000000000146,0.390658,318.885921
140,11dd74426e8374ac110c4036c77c09ab_000000000146,0.390658,291.873331
140,11dd74426e8374ac110c4036c77c09ab_000000000146,0.390658,741.930561
141,11dd74426e8374ac110c4036c77c09ab_000000000147,0.390658,86.837085
141,11dd74426e8374ac110c4036c77c09ab_000000000147,0.390658,333.155284
141,11dd74426e8374ac110c4036c77c09ab_000000000147,0.390658,292.560092
141,11dd74426e8374ac110c4036c77c09ab_000000000147,0.390658,728.576879
142,11dd74426e8374ac110c4036c77c09ab_000000000148,0.390658,87.142312
142,11dd74426e8374ac110c4036c77c09ab_000000000148,0.390658,333.155284
142,11dd74426e8374ac110c4036c77c09ab_000000000148,0.390658,289.660435
142,11dd74426e8374ac110c4036c77c09ab_000000000148,0.390658,731.934376
143,11dd74426e8374ac110c4036c77c09ab_000000000149,0.383342,96.326231
143,11dd74426e8374ac110c4036c77c09ab_000000000149,0.383342,305.804555
143,11dd74426e8374ac110c4036c77c09ab_000000000149,0.383342,274.063189
143,11dd74426e8374ac110c4036c77c09ab_000000000149,0.383342,686.113152
144,11dd74426e8374ac110c4036c77c09ab_000000000150,0.390658,102.022129
144,11dd74426e8374ac110c4036c77c09ab_000000000150,0.390658,332.315910
144,11dd74426e8374ac110c4036c77c09ab_000000000150,0.390658,262.495231
144,11dd74426e8374ac110c4036c77c09ab_000000000150,0.390658,707.821442
145,11dd74426e8374ac110c4036c77c09ab_000000000151,0.390658,102.022129
145,11dd74426e8374ac110c4036c77c09ab_000000000151,0.390658,332.697444
145,11dd74426e8374ac110c4036c77c09ab_000000000151,0.390658,256.238077
145,11dd74426e8374ac110c4036c77c09ab_000000000151,0.390658,703.395651
146,11dd74426e8374ac110c4036c77c09ab_000000000152,0.390658,100.724914
146,11dd74426e8374ac110c4036c77c09ab_000000000152,0.390658,333.307898
146,11dd74426e8374ac110c4036c77c09ab_000000000152,0.390658,1.678749
146,11dd74426e8374ac110c4036c77c09ab_000000000152,0.390658,207.935902
146,11dd74426e8374ac110c4036c77c09ab_000000000152,0.390658,699.275086
147,11dd74426e8374ac110c4036c77c09ab_000000000153,0.390658,94.315147
147,11dd74426e8374ac110c4036c77c09ab_000000000153,0.390658,329.187333
147,11dd74426e8374ac110c4036c77c09ab_000000000153,0.390658,213.429989
147,11dd74426e8374ac110c4036c77c09ab_000000000153,0.390658,698.817245
148,11dd74426e8374ac110c4036c77c09ab_000000000154,0.390658,85.997711
148,11dd74426e8374ac110c4036c77c09ab_000000000154,0.390658,311.255246
148,11dd74426e8374ac110c4036c77c09ab_000000000154,0.390658,168.332697
148,11dd74426e8374ac110c4036c77c09ab_000000000154,0.390658,717.130866
149,11dd74426e8374ac110c4036c77c09ab_000000000155,0.390658,85.387257
149,11dd74426e8374ac110c4036c77c09ab_000000000155,0.390658,320.183136
149,11dd74426e8374ac110c4036c77c09ab_000000000155,0.390658,169.706219
149,11dd74426e8374ac110c4036c77c09ab_000000000155,0.390658,704.006105
150,11dd74426e8374ac110c4036c77c09ab_000000000156,0.390658,83.708508
150,11dd74426e8374ac110c4036c77c09ab_000000000156,0.390658,248.454788
150,11dd74426e8374ac110c4036c77c09ab_000000000156,0.390658,144.524990
150,11dd74426e8374ac110c4036c77c09ab_000000000156,0.390658,720.946204
151,11dd74426e8374ac110c4036c77c09ab_000000000157,0.390658,79.282717
151,11dd74426e8374ac110c4036c77c09ab_000000000157,0.390658,246.699733
151,11dd74426e8374ac110c4036c77c09ab_000000000157,0.390658,149.637543
151,11dd74426e8374ac110c4036c77c09ab_000000000157,0.390658,731.171309
152,11dd74426e8374ac110c4036c77c09ab_000000000158,0.388955,81.694402
152,11dd74426e8374ac110c4036c77c09ab_000000000158,0.388955,242.360061
152,11dd74426e8374ac110c4036c77c09ab_000000000158,0.388955,141.452345
152,11dd74426e8374ac110c4036c77c09ab_000000000158,0.388955,749.924357
153,11dd74426e8374ac110c4036c77c09ab_000000000159,0.390658,85.310950
153,11dd74426e8374ac110c4036c77c09ab_000000000159,0.390658,221.365891
153,11dd74426e8374ac110c4036c77c09ab_000000000159,0.390658,159.481114
153,11dd74426e8374ac110c4036c77c09ab_000000000159,0.390658,728.271652
154,11dd74426e8374ac110c4036c77c09ab_000000000160,0.383342,0.358193
154,11dd74426e8374ac110c4036c77c09ab_000000000160,0.383342,76.193975
154,11dd74426e8374ac110c4036c77c09ab_000000000160,0.383342,200.808229
154,11dd74426e8374ac110c4036c77c09ab_000000000160,0.383342,162.160176
154,11dd74426e8374ac110c4036c77c09ab_000000000160,0.383342,719.691403
155,11dd74426e8374ac110c4036c77c09ab_000000000161,0.383342,71.565026
155,11dd74426e8374ac110c4036c77c09ab_000000000161,0.383342,208.817046
155,11dd74426e8374ac110c4036c77c09ab_000000000161,0.383342,170.168993
155,11dd74426e8374ac110c4036c77c09ab_000000000161,0.383342,688.170463
156,11dd74426e8374ac110c4036c77c09ab_000000000162,0.383342,72.373255
156,11dd74426e8374ac110c4036c77c09ab_000000000162,0.383342,197.281411
156,11dd74426e8374ac110c4036c77c09ab_000000000162,0.383342,172.887583
156,11dd74426e8374ac110c4036c77c09ab_000000000162,0.383342,691.403380
157,11dd74426e8374ac110c4036c77c09ab_000000000163,0.376288,66.761062
157,11dd74426e8374ac110c4036c77c09ab_000000000163,0.376288,199.008850
157,11dd74426e8374ac110c4036c77c09ab_000000000163,0.376288,179.539823
157,11dd74426e8374ac110c4036c77c09ab_000000000163,0.376288,727.362832
158,11dd74426e8374ac110c4036c77c09ab_000000000164,0.383342,70.756796
158,11dd74426e8374ac110c4036c77c09ab_000000000164,0.383342,201.469508
158,11dd74426e8374ac110c4036c77c09ab_000000000164,0.383342,184.643644
158,11dd74426e8374ac110c4036c77c09ab_000000000164,0.383342,746.583395
159,11dd74426e8374ac110c4036c77c09ab_000000000165,0.383342,68.699486
159,11dd74426e8374ac110c4036c77c09ab_000000000165,0.383342,199.412197
159,11dd74426e8374ac110c4036c77c09ab_000000000165,0.383342,188.684791
159,11dd74426e8374ac110c4036c77c09ab_000000000165,0.383342,752.534901
160,11dd74426e8374ac110c4036c77c09ab_000000000166,0.383342,69.360764
160,11dd74426e8374ac110c4036c77c09ab_000000000166,0.383342,221.013960
160,11dd74426e8374ac110c4036c77c09ab_000000000166,0.383342,145.848641
160,11dd74426e8374ac110c4036c77c09ab_000000000166,0.383342,721.675239
161,11dd74426e8374ac110c4036c77c09ab_000000000167,0.383342,73.622337
161,11dd74426e8374ac110c4036c77c09ab_000000000167,0.383342,243.350478
161,11dd74426e8374ac110c4036c77c09ab_000000000167,0.383342,142.321822
161,11dd74426e8374ac110c4036c77c09ab_000000000167,0.383342,735.268185
162,11dd74426e8374ac110c4036c77c09ab_000000000168,0.390658,82.106066
162,11dd74426e8374ac110c4036c77c09ab_000000000168,0.390658,258.679893
162,11dd74426e8374ac110c4036c77c09ab_000000000168,0.390658,175.352919
162,11dd74426e8374ac110c4036c77c09ab_000000000168,0.390658,770.164060
163,11dd74426e8374ac110c4036c77c09ab_000000000169,0.398252,89.294211
163,11dd74426e8374ac110c4036c77c09ab_000000000169,0.398252,281.363997
163,11dd74426e8374ac110c4036c77c09ab_000000000169,0.398252,197.224425
163,11dd74426e8374ac110c4036c77c09ab_000000000169,0.398252,803.013481
164,11dd74426e8374ac110c4036c77c09ab_000000000170,0.390658,108.126669
164,11dd74426e8374ac110c4036c77c09ab_000000000170,0.390658,285.539870
164,11dd74426e8374ac110c4036c77c09ab_000000000170,0.390658,74.017551
164,11dd74426e8374ac110c4036c77c09ab_000000000170,0.390658,821.518504
165,11dd74426e8374ac110c4036c77c09ab_000000000171,0.390658,106.447921
165,11dd74426e8374ac110c4036c77c09ab_000000000171,0.390658,290.118275
165,11dd74426e8374ac110c4036c77c09ab_000000000171,0.390658,175.123998
165,11dd74426e8374ac110c4036c77c09ab_000000000171,0.390658,781.457459
166,11dd74426e8374ac110c4036c77c09ab_000000000172,0.390658,107.516215
166,11dd74426e8374ac110c4036c77c09ab_000000000172,0.390658,290.423502
166,11dd74426e8374ac110c4036c77c09ab_000000000172,0.390658,159.328501
166,11dd74426e8374ac110c4036c77c09ab_000000000172,0.390658,782.296833
167,11dd74426e8374ac110c4036c77c09ab_000000000173,0.390658,110.873712
167,11dd74426e8374ac110c4036c77c09ab_000000000173,0.390658,276.077833
167,11dd74426e8374ac110c4036c77c09ab_000000000173,0.390658,284.929416
167,11dd74426e8374ac110c4036c77c09ab_000000000173,0.390658,755.284243
168,11dd74426e8374ac110c4036c77c09ab_000000000174,0.390658,113.849676
168,11dd74426e8374ac110c4036c77c09ab_000000000174,0.390658,276.688287
168,11dd74426e8374ac110c4036c77c09ab_000000000174,0.390658,307.439908
168,11dd74426e8374ac110c4036c77c09ab_000000000174,0.390658,753.834414
169,11dd74426e8374ac110c4036c77c09ab_000000000175,0.390658,325.944296
169,11dd74426e8374ac110c4036c77c09ab_000000000175,0.390658,205.646700
169,11dd74426e8374ac110c4036c77c09ab_000000000175,0.390658,363.410912
169,11dd74426e8374ac110c4036c77c09ab_000000000175,0.390658,367.760397
169,11dd74426e8374ac110c4036c77c09ab_000000000175,0.390658,756.199924
169,11dd74426e8374ac110c4036c77c09ab_000000000175,0.390658,154.826402
170,11dd74426e8374ac110c4036c77c09ab_000000000176,0.390658,314.917970
170,11dd74426e8374ac110c4036c77c09ab_000000000176,0.390658,188.325067
170,11dd74426e8374ac110c4036c77c09ab_000000000176,0.390658,346.127432
170,11dd74426e8374ac110c4036c77c09ab_000000000176,0.390658,350.400610
170,11dd74426e8374ac110c4036c77c09ab_000000000176,0.390658,762.762304
170,11dd74426e8374ac110c4036c77c09ab_000000000176,0.390658,145.211751
171,11dd74426e8374ac110c4036c77c09ab_000000000177,0.390658,306.447921
171,11dd74426e8374ac110c4036c77c09ab_000000000177,0.390658,182.525754
171,11dd74426e8374ac110c4036c77c09ab_000000000177,0.390658,350.705837
171,11dd74426e8374ac110c4036c77c09ab_000000000177,0.390658,329.187333
171,11dd74426e8374ac110c4036c77c09ab_000000000177,0.390658,766.043495
171,11dd74426e8374ac110c4036c77c09ab_000000000177,0.390658,141.243800
172,11dd74426e8374ac110c4036c77c09ab_000000000178,0.390658,306.829454
172,11dd74426e8374ac110c4036c77c09ab_000000000178,0.390658,179.168256
172,11dd74426e8374ac110c4036c77c09ab_000000000178,0.390658,350.400610
172,11dd74426e8374ac110c4036c77c09ab_000000000178,0.390658,343.533003
172,11dd74426e8374ac110c4036c77c09ab_000000000178,0.390658,767.645937
172,11dd74426e8374ac110c4036c77c09ab_000000000178,0.390658,146.814193
173,11dd74426e8374ac110c4036c77c09ab_000000000179,0.390658,299.732926
173,11dd74426e8374ac110c4036c77c09ab_000000000179,0.390658,182.220527
173,11dd74426e8374ac110c4036c77c09ab_000000000179,0.390658,350.400610
173,11dd74426e8374ac110c4036c77c09ab_000000000179,0.390658,326.898130
173,11dd74426e8374ac110c4036c77c09ab_000000000179,0.390658,773.597863
173,11dd74426e8374ac110c4036c77c09ab_000000000179,0.390658,150.629531
174,11dd74426e8374ac110c4036c77c09ab_000000000180,0.383342,285.819251
174,11dd74426e8374ac110c4036c77c09ab_000000000180,0.383342,176.340926
174,11dd74426e8374ac110c4036c77c09ab_000000000180,0.383342,335.488611
174,11dd74426e8374ac110c4036c77c09ab_000000000180,0.383342,314.033799
174,11dd74426e8374ac110c4036c77c09ab_000000000180,0.383342,768.111683
174,11dd74426e8374ac110c4036c77c09ab_000000000180,0.383342,146.509919
175,11dd74426e8374ac110c4036c77c09ab_000000000181,0.383342,284.717120
175,11dd74426e8374ac110c4036c77c09ab_000000000181,0.383342,176.634827
175,11dd74426e8374ac110c4036c77c09ab_000000000181,0.383342,336.223365
175,11dd74426e8374ac110c4036c77c09ab_000000000181,0.383342,314.254225
175,11dd74426e8374ac110c4036c77c09ab_000000000181,0.383342,765.172667
175,11dd74426e8374ac110c4036c77c09ab_000000000181,0.383342,147.318148
176,11dd74426e8374ac110c4036c77c09ab_000000000182,0.381732,280.072860
176,11dd74426e8374ac110c4036c77c09ab_000000000182,0.381732,179.234973
176,11dd74426e8374ac110c4036c77c09ab_000000000182,0.381732,342.732240
176,11dd74426e8374ac110c4036c77c09ab_000000000182,0.381732,334.790528
176,11dd74426e8374ac110c4036c77c09ab_000000000182,0.381732,778.142077
176,11dd74426e8374ac110c4036c77c09ab_000000000182,0.381732,142.586521
177,11dd74426e8374ac110c4036c77c09ab_000000000183,0.381732,278.688525
177,11dd74426e8374ac110c4036c77c09ab_000000000183,0.381732,178.652095
177,11dd74426e8374ac110c4036c77c09ab_000000000183,0.381732,344.918033
177,11dd74426e8374ac110c4036c77c09ab_000000000183,0.381732,327.650273
177,11dd74426e8374ac110c4036c77c09ab_000000000183,0.381732,782.513661
177,11dd74426e8374ac110c4036c77c09ab_000000000183,0.381732,143.242259
178,11dd74426e8374ac110c4036c77c09ab_000000000184,0.376288,255.504425
178,11dd74426e8374ac110c4036c77c09ab_000000000184,0.376288,171.893805
178,11dd74426e8374ac110c4036c77c09ab_000000000184,0.376288,312.495575
178,11dd74426e8374ac110c4036c77c09ab_000000000184,0.376288,313.061947
178,11dd74426e8374ac110c4036c77c09ab_000000000184,0.376288,761.132743
178,11dd74426e8374ac110c4036c77c09ab_000000000184,0.376288,137.557522
179,11dd74426e8374ac110c4036c77c09ab_000000000185,0.376288,256.141593
179,11dd74426e8374ac110c4036c77c09ab_000000000185,0.376288,173.592920
179,11dd74426e8374ac110c4036c77c09ab_000000000185,0.376288,310.654867
179,11dd74426e8374ac110c4036c77c09ab_000000000185,0.376288,306.123894
179,11dd74426e8374ac110c4036c77c09ab_000000000185,0.376288,754.690265
179,11dd74426e8374ac110c4036c77c09ab_000000000185,0.376288,139.681416
180,11dd74426e8374ac110c4036c77c09ab_000000000186,0.376288,248.495575
180,11dd74426e8374ac110c4036c77c09ab_000000000186,0.376288,166.654867
180,11dd74426e8374ac110c4036c77c09ab_000000000186,0.376288,293.238938
180,11dd74426e8374ac110c4036c77c09ab_000000000186,0.376288,312.920354
180,11dd74426e8374ac110c4036c77c09ab_000000000186,0.376288,777.557522
180,11dd74426e8374ac110c4036c77c09ab_000000000186,0.376288,141.805310
181,11dd74426e8374ac110c4036c77c09ab_000000000187,0.383342,247.171198
181,11dd74426e8374ac110c4036c77c09ab_000000000187,0.383342,175.018369
181,11dd74426e8374ac110c4036c77c09ab_000000000187,0.383342,298.310066
181,11dd74426e8374ac110c4036c77c09ab_000000000187,0.383342,338.941954
181,11dd74426e8374ac110c4036c77c09ab_000000000187,0.383342,788.464364
181,11dd74426e8374ac110c4036c77c09ab_000000000187,0.383342,145.701690
182,11dd74426e8374ac110c4036c77c09ab_000000000188,0.383342,246.730345
182,11dd74426e8374ac110c4036c77c09ab_000000000188,0.383342,173.989713
182,11dd74426e8374ac110c4036c77c09ab_000000000188,0.383342,300.955180
182,11dd74426e8374ac110c4036c77c09ab_000000000188,0.383342,337.692873
182,11dd74426e8374ac110c4036c77c09ab_000000000188,0.383342,791.109478
182,11dd74426e8374ac110c4036c77c09ab_000000000188,0.383342,145.701690
183,11dd74426e8374ac110c4036c77c09ab_000000000189,0.383342,247.391624
183,11dd74426e8374ac110c4036c77c09ab_000000000189,0.383342,173.548861
183,11dd74426e8374ac110c4036c77c09ab_000000000189,0.383342,297.281411
183,11dd74426e8374ac110c4036c77c09ab_000000000189,0.383342,329.904482
183,11dd74426e8374ac110c4036c77c09ab_000000000189,0.383342,795.444526
183,11dd74426e8374ac110c4036c77c09ab_000000000189,0.383342,144.673035
184,11dd74426e8374ac110c4036c77c09ab_000000000190,0.383342,246.509919
184,11dd74426e8374ac110c4036c77c09ab_000000000190,0.383342,171.565026
184,11dd74426e8374ac110c4036c77c09ab_000000000190,0.383342,296.399706
184,11dd74426e8374ac110c4036c77c09ab_000000000190,0.383342,331.080088
184,11dd74426e8374ac110c4036c77c09ab_000000000190,0.383342,796.399706
184,11dd74426e8374ac110c4036c77c09ab_000000000190,0.383342,142.615724
185,11dd74426e8374ac110c4036c77c09ab_000000000191,0.390658,246.012972
185,11dd74426e8374ac110c4036c77c09ab_000000000191,0.390658,170.621900
185,11dd74426e8374ac110c4036c77c09ab_000000000191,0.390658,301.259061
185,11dd74426e8374ac110c4036c77c09ab_000000000191,0.390658,345.364365
185,11dd74426e8374ac110c4036c77c09ab_000000000191,0.390658,851.583365
185,11dd74426e8374ac110c4036c77c09ab_000000000191,0.390658,144.296070
186,11dd74426e8374ac110c4036c77c09ab_000000000192,0.390658,244.334224
186,11dd74426e8374ac110c4036c77c09ab_000000000192,0.390658,169.324685
186,11dd74426e8374ac110c4036c77c09ab_000000000192,0.390658,296.528043
186,11dd74426e8374ac110c4036c77c09ab_000000000192,0.390658,345.440671
186,11dd74426e8374ac110c4036c77c09ab_000000000192,0.390658,850.362457
186,11dd74426e8374ac110c4036c77c09ab_000000000192,0.390658,144.372377
187,11dd74426e8374ac110c4036c77c09ab_000000000193,0.376288,222.442478
187,11dd74426e8374ac110c4036c77c09ab_000000000193,0.376288,160.991150
187,11dd74426e8374ac110c4036c77c09ab_000000000193,0.376288,272.707965
187,11dd74426e8374ac110c4036c77c09ab_000000000193,0.376288,342.017699
187,11dd74426e8374ac110c4036c77c09ab_000000000193,0.376288,757.522124
187,11dd74426e8374ac110c4036c77c09ab_000000000193,0.376288,129.486726
188,11dd74426e8374ac110c4036c77c09ab_000000000194,0.383342,214.401176
188,11dd74426e8374ac110c4036c77c09ab_000000000194,0.383342,172.005878
188,11dd74426e8374ac110c4036c77c09ab_000000000194,0.383342,286.847906
188,11dd74426e8374ac110c4036c77c09ab_000000000194,0.383342,321.307862
188,11dd74426e8374ac110c4036c77c09ab_000000000194,0.383342,756.796473
188,11dd74426e8374ac110c4036c77c09ab_000000000194,0.383342,136.223365
189,11dd74426e8374ac110c4036c77c09ab_000000000195,0.383342,213.519471
189,11dd74426e8374ac110c4036c77c09ab_000000000195,0.383342,172.079353
189,11dd74426e8374ac110c4036c77c09ab_000000000195,0.383342,285.672300
189,11dd74426e8374ac110c4036c77c09ab_000000000195,0.383342,333.210874
189,11dd74426e8374ac110c4036c77c09ab_000000000195,0.383342,758.853784
189,11dd74426e8374ac110c4036c77c09ab_000000000195,0.383342,136.370316
190,11dd74426e8374ac110c4036c77c09ab_000000000196,0.383342,192.432035
190,11dd74426e8374ac110c4036c77c09ab_000000000196,0.383342,150.183688
190,11dd74426e8374ac110c4036c77c09ab_000000000196,0.383342,270.977223
190,11dd74426e8374ac110c4036c77c09ab_000000000196,0.383342,268.405584
190,11dd74426e8374ac110c4036c77c09ab_000000000196,0.383342,718.883174
190,11dd74426e8374ac110c4036c77c09ab_000000000196,0.383342,138.648053
191,11dd74426e8374ac110c4036c77c09ab_000000000197,0.383342,193.460691
191,11dd74426e8374ac110c4036c77c09ab_000000000197,0.383342,150.918442
191,11dd74426e8374ac110c4036c77c09ab_000000000197,0.383342,268.479060
191,11dd74426e8374ac110c4036c77c09ab_000000000197,0.383342,258.780309
191,11dd74426e8374ac110c4036c77c09ab_000000000197,0.383342,705.731080
191,11dd74426e8374ac110c4036c77c09ab_000000000197,0.383342,138.207201
192,11dd74426e8374ac110c4036c77c09ab_000000000198,0.383342,205.951506
192,11dd74426e8374ac110c4036c77c09ab_000000000198,0.383342,139.823659
192,11dd74426e8374ac110c4036c77c09ab_000000000198,0.383342,271.565026
192,11dd74426e8374ac110c4036c77c09ab_000000000198,0.383342,260.470242
192,11dd74426e8374ac110c4036c77c09ab_000000000198,0.383342,661.278472
192,11dd74426e8374ac110c4036c77c09ab_000000000198,0.383342,133.725202
193,11dd74426e8374ac110c4036c77c09ab_000000000199,0.383342,205.878031
193,11dd74426e8374ac110c4036c77c09ab_000000000199,0.383342,137.105070
193,11dd74426e8374ac110c4036c77c09ab_000000000199,0.383342,268.626010
193,11dd74426e8374ac110c4036c77c09ab_000000000199,0.383342,255.547392
193,11dd74426e8374ac110c4036c77c09ab_000000000199,0.383342,659.294636
193,11dd74426e8374ac110c4036c77c09ab_000000000199,0.383342,133.945628
194,11dd74426e8374ac110c4036c77c09ab_000000000200,0.383342,213.225569
194,11dd74426e8374ac110c4036c77c09ab_000000000200,0.383342,140.117561
194,11dd74426e8374ac110c4036c77c09ab_000000000200,0.383342,280.969875
194,11dd74426e8374ac110c4036c77c09ab_000000000200,0.383342,255.914769
194,11dd74426e8374ac110c4036c77c09ab_000000000200,0.383342,632.623071
194,11dd74426e8374ac110c4036c77c09ab_000000000200,0.383342,135.562087
195,11dd74426e8374ac110c4036c77c09ab_000000000201,0.383342,213.666422
195,11dd74426e8374ac110c4036c77c09ab_000000000201,0.383342,129.610580
195,11dd74426e8374ac110c4036c77c09ab_000000000201,0.383342,268.479060
195,11dd74426e8374ac110c4036c77c09ab_000000000201,0.383342,275.679647
195,11dd74426e8374ac110c4036c77c09ab_000000000201,0.383342,624.614254
195,11dd74426e8374ac110c4036c77c09ab_000000000201,0.383342,132.843497
196,11dd74426e8374ac110c4036c77c09ab_000000000202,0.383342,211.903012
196,11dd74426e8374ac110c4036c77c09ab_000000000202,0.383342,128.434974
196,11dd74426e8374ac110c4036c77c09ab_000000000202,0.383342,269.213813
196,11dd74426e8374ac110c4036c77c09ab_000000000202,0.383342,272.079353
196,11dd74426e8374ac110c4036c77c09ab_000000000202,0.383342,626.157237
196,11dd74426e8374ac110c4036c77c09ab_000000000202,0.383342,132.843497
197,11dd74426e8374ac110c4036c77c09ab_000000000203,0.383342,218.515797
197,11dd74426e8374ac110c4036c77c09ab_000000000203,0.383342,135.341661
197,11dd74426e8374ac110c4036c77c09ab_000000000203,0.383342,285.231447
197,11dd74426e8374ac110c4036c77c09ab_000000000203,0.383342,257.163850
197,11dd74426e8374ac110c4036c77c09ab_000000000203,0.383342,664.658339
197,11dd74426e8374ac110c4036c77c09ab_000000000203,0.383342,138.354151
198,11dd74426e8374ac110c4036c77c09ab_000000000204,0.383342,214.327700
198,11dd74426e8374ac110c4036c77c09ab_000000000204,0.383342,136.443791
198,11dd74426e8374ac110c4036c77c09ab_000000000204,0.383342,278.912564
198,11dd74426e8374ac110c4036c77c09ab_000000000204,0.383342,254.077884
198,11dd74426e8374ac110c4036c77c09ab_000000000204,0.383342,665.980896
198,11dd74426e8374ac110c4036c77c09ab_000000000204,0.383342,138.868479
199,11dd74426e8374ac110c4036c77c09ab_000000000205,0.392232,228.384615
199,11dd74426e8374ac110c4036c77c09ab_000000000205,0.392232,131.692308
199,11dd74426e8374ac110c4036c77c09ab_000000000205,0.392232,289.692308
199,11dd74426e8374ac110c4036c77c09ab_000000000205,0.392232,258.153846
199,11dd74426e8374ac110c4036c77c09ab_000000000205,0.392232,699.538462
199,11dd74426e8374ac110c4036c77c09ab_000000000205,0.392232,141.846154
200,11dd74426e8374ac110c4036c77c09ab_000000000206,0.390658,226.249523
200,11dd74426e8374ac110c4036c77c09ab_000000000206,0.390658,131.552842
200,11dd74426e8374ac110c4036c77c09ab_000000000206,0.390658,280.656238
200,11dd74426e8374ac110c4036c77c09ab_000000000206,0.390658,256.314384
200,11dd74426e8374ac110c4036c77c09ab_000000000206,0.390658,693.323159
200,11dd74426e8374ac110c4036c77c09ab_000000000206,0.390658,143.304082
201,11dd74426e8374ac110c4036c77c09ab_000000000207,0.383342,220.646583
201,11dd74426e8374ac110c4036c77c09ab_000000000207,0.383342,130.271859
201,11dd74426e8374ac110c4036c77c09ab_000000000207,0.383342,280.822924
201,11dd74426e8374ac110c4036c77c09ab_000000000207,0.383342,255.180015
201,11dd74426e8374ac110c4036c77c09ab_000000000207,0.383342,640.631888
201,11dd74426e8374ac110c4036c77c09ab_000000000207,0.383342,130.639236
202,11dd74426e8374ac110c4036c77c09ab_000000000208,0.383342,220.499633
202,11dd74426e8374ac110c4036c77c09ab_000000000208,0.383342,130.271859
202,11dd74426e8374ac110c4036c77c09ab_000000000208,0.383342,283.908891
202,11dd74426e8374ac110c4036c77c09ab_000000000208,0.383342,254.812638
202,11dd74426e8374ac110c4036c77c09ab_000000000208,0.383342,635.782513
202,11dd74426e8374ac110c4036c77c09ab_000000000208,0.383342,128.434974
203,11dd74426e8374ac110c4036c77c09ab_000000000209,0.390658,231.590996
203,11dd74426e8374ac110c4036c77c09ab_000000000209,0.390658,136.207554
203,11dd74426e8374ac110c4036c77c09ab_000000000209,0.390658,296.528043
203,11dd74426e8374ac110c4036c77c09ab_000000000209,0.390658,259.595574
203,11dd74426e8374ac110c4036c77c09ab_000000000209,0.390658,666.310568
203,11dd74426e8374ac110c4036c77c09ab_000000000209,0.390658,137.352156
204,11dd74426e8374ac110c4036c77c09ab_000000000210,0.383342,227.479794
204,11dd74426e8374ac110c4036c77c09ab_000000000210,0.383342,133.137399
204,11dd74426e8374ac110c4036c77c09ab_000000000210,0.383342,269.507715
204,11dd74426e8374ac110c4036c77c09ab_000000000210,0.383342,246.656870
204,11dd74426e8374ac110c4036c77c09ab_000000000210,0.383342,635.268185
204,11dd74426e8374ac110c4036c77c09ab_000000000210,0.383342,134.459956
205,11dd74426e8374ac110c4036c77c09ab_000000000211,0.383342,227.994122
205,11dd74426e8374ac110c4036c77c09ab_000000000211,0.383342,131.447465
205,11dd74426e8374ac110c4036c77c09ab_000000000211,0.383342,268.772961
205,11dd74426e8374ac110c4036c77c09ab_000000000211,0.383342,243.938281
205,11dd74426e8374ac110c4036c77c09ab_000000000211,0.383342,634.680382
205,11dd74426e8374ac110c4036c77c09ab_000000000211,0.383342,137.545922
206,11dd74426e8374ac110c4036c77c09ab_000000000212,0.376288,228.672566
206,11dd74426e8374ac110c4036c77c09ab_000000000212,0.376288,107.752212
206,11dd74426e8374ac110c4036c77c09ab_000000000212,0.376288,252.743363
206,11dd74426e8374ac110c4036c77c09ab_000000000212,0.376288,232.283186
206,11dd74426e8374ac110c4036c77c09ab_000000000212,0.376288,595.256637
206,11dd74426e8374ac110c4036c77c09ab_000000000212,0.376288,133.946903
207,11dd74426e8374ac110c4036c77c09ab_000000000213,0.376288,230.867257
207,11dd74426e8374ac110c4036c77c09ab_000000000213,0.376288,107.823009
207,11dd74426e8374ac110c4036c77c09ab_000000000213,0.376288,259.681416
207,11dd74426e8374ac110c4036c77c09ab_000000000213,0.376288,233.061947
207,11dd74426e8374ac110c4036c77c09ab_000000000213,0.376288,595.115044
207,11dd74426e8374ac110c4036c77c09ab_000000000213,0.376288,134.725664
208,11dd74426e8374ac110c4036c77c09ab_000000000214,0.383342,242.248347
208,11dd74426e8374ac110c4036c77c09ab_000000000214,0.383342,111.903012
208,11dd74426e8374ac110c4036c77c09ab_000000000214,0.383342,272.152829
208,11dd74426e8374ac110c4036c77c09ab_000000000214,0.383342,236.076414
208,11dd74426e8374ac110c4036c77c09ab_000000000214,0.383342,633.798677
208,11dd74426e8374ac110c4036c77c09ab_000000000214,0.383342,144.085231
209,11dd74426e8374ac110c4036c77c09ab_000000000215,0.383342,241.587068
209,11dd74426e8374ac110c4036c77c09ab_000000000215,0.383342,110.433505
209,11dd74426e8374ac110c4036c77c09ab_000000000215,0.383342,273.475386
209,11dd74426e8374ac110c4036c77c09ab_000000000215,0.383342,234.974284
209,11dd74426e8374ac110c4036c77c09ab_000000000215,0.383342,634.827333
209,11dd74426e8374ac110c4036c77c09ab_000000000215,0.383342,143.938281
210,11dd74426e8374ac110c4036c77c09ab_000000000216,0.383342,232.255694
210,11dd74426e8374ac110c4036c77c09ab_000000000216,0.383342,119.764879
210,11dd74426e8374ac110c4036c77c09ab_000000000216,0.383342,268.038207
210,11dd74426e8374ac110c4036c77c09ab_000000000216,0.383342,237.325496
210,11dd74426e8374ac110c4036c77c09ab_000000000216,0.383342,629.684056
210,11dd74426e8374ac110c4036c77c09ab_000000000216,0.383342,145.554739
211,11dd74426e8374ac110c4036c77c09ab_000000000217,0.383342,226.965467
211,11dd74426e8374ac110c4036c77c09ab_000000000217,0.383342,114.107274
211,11dd74426e8374ac110c4036c77c09ab_000000000217,0.383342,262.013226
211,11dd74426e8374ac110c4036c77c09ab_000000000217,0.383342,231.447465
211,11dd74426e8374ac110c4036c77c09ab_000000000217,0.383342,625.789860
211,11dd74426e8374ac110c4036c77c09ab_000000000217,0.383342,143.717855
212,11dd74426e8374ac110c4036c77c09ab_000000000218,0.383342,228.214548
212,11dd74426e8374ac110c4036c77c09ab_000000000218,0.383342,111.756062
212,11dd74426e8374ac110c4036c77c09ab_000000000218,0.383342,259.955915
212,11dd74426e8374ac110c4036c77c09ab_000000000218,0.383342,225.091844
212,11dd74426e8374ac110c4036c77c09ab_000000000218,0.383342,625.275533
212,11dd74426e8374ac110c4036c77c09ab_000000000218,0.383342,142.909625
213,11dd74426e8374ac110c4036c77c09ab_000000000219,0.383342,225.128582
213,11dd74426e8374ac110c4036c77c09ab_000000000219,0.383342,114.695077
213,11dd74426e8374ac110c4036c77c09ab_000000000219,0.383342,260.396767
213,11dd74426e8374ac110c4036c77c09ab_000000000219,0.383342,225.202057
213,11dd74426e8374ac110c4036c77c09ab_000000000219,0.383342,595.297575
213,11dd74426e8374ac110c4036c77c09ab_000000000219,0.383342,138.795004
214,11dd74426e8374ac110c4036c77c09ab_000000000220,0.383342,221.160911
214,11dd74426e8374ac110c4036c77c09ab_000000000220,0.383342,116.385011
214,11dd74426e8374ac110c4036c77c09ab_000000000220,0.383342,258.927259
214,11dd74426e8374ac110c4036c77c09ab_000000000220,0.383342,224.467303
214,11dd74426e8374ac110c4036c77c09ab_000000000220,0.383342,595.811903
214,11dd74426e8374ac110c4036c77c09ab_000000000220,0.383342,141.366642
215,11dd74426e8374ac110c4036c77c09ab_000000000221,0.383342,212.931668
215,11dd74426e8374ac110c4036c77c09ab_000000000221,0.383342,116.385011
215,11dd74426e8374ac110c4036c77c09ab_000000000221,0.383342,250.698016
215,11dd74426e8374ac110c4036c77c09ab_000000000221,0.383342,209.257899
215,11dd74426e8374ac110c4036c77c09ab_000000000221,0.383342,604.702425
215,11dd74426e8374ac110c4036c77c09ab_000000000221,0.383342,130.639236
216,11dd74426e8374ac110c4036c77c09ab_000000000222,0.376288,204.035398
216,11dd74426e8374ac110c4036c77c09ab_000000000222,0.376288,110.725664
216,11dd74426e8374ac110c4036c77c09ab_000000000222,0.376288,242.265487
216,11dd74426e8374ac110c4036c77c09ab_000000000222,0.376288,199.858407
216,11dd74426e8374ac110c4036c77c09ab_000000000222,0.376288,583.292035
216,11dd74426e8374ac110c4036c77c09ab_000000000222,0.376288,125.097345
217,11dd74426e8374ac110c4036c77c09ab_000000000223,0.390658,208.698970
217,11dd74426e8374ac110c4036c77c09ab_000000000223,0.390658,111.942007
217,11dd74426e8374ac110c4036c77c09ab_000000000223,0.390658,245.097291
217,11dd74426e8374ac110c4036c77c09ab_000000000223,0.390658,214.193056
217,11dd74426e8374ac110c4036c77c09ab_000000000223,0.390658,619.000382
217,11dd74426e8374ac110c4036c77c09ab_000000000223,0.390658,128.805799
218,11dd74426e8374ac110c4036c77c09ab_000000000224,0.383342,203.012491
218,11dd74426e8374ac110c4036c77c09ab_000000000224,0.383342,126.598090
218,11dd74426e8374ac110c4036c77c09ab_000000000224,0.383342,251.579721
218,11dd74426e8374ac110c4036c77c09ab_000000000224,0.383342,203.600294
218,11dd74426e8374ac110c4036c77c09ab_000000000224,0.383342,609.698751
218,11dd74426e8374ac110c4036c77c09ab_000000000224,0.383342,127.406319
219,11dd74426e8374ac110c4036c77c09ab_000000000225,0.383342,201.322557
219,11dd74426e8374ac110c4036c77c09ab_000000000225,0.383342,127.700220
219,11dd74426e8374ac110c4036c77c09ab_000000000225,0.383342,252.314475
219,11dd74426e8374ac110c4036c77c09ab_000000000225,0.383342,203.894195
219,11dd74426e8374ac110c4036c77c09ab_000000000225,0.383342,605.878031
219,11dd74426e8374ac110c4036c77c09ab_000000000225,0.383342,125.349008
220,11dd74426e8374ac110c4036c77c09ab_000000000226,0.383342,205.290228
220,11dd74426e8374ac110c4036c77c09ab_000000000226,0.383342,133.357825
220,11dd74426e8374ac110c4036c77c09ab_000000000226,0.383342,246.436444
220,11dd74426e8374ac110c4036c77c09ab_000000000226,0.383342,213.519471
220,11dd74426e8374ac110c4036c77c09ab_000000000226,0.383342,600.514328
220,11dd74426e8374ac110c4036c77c09ab_000000000226,0.383342,131.741367
221,11dd74426e8374ac110c4036c77c09ab_000000000227,0.383342,202.498163
221,11dd74426e8374ac110c4036c77c09ab_000000000227,0.383342,132.035268
221,11dd74426e8374ac110c4036c77c09ab_000000000227,0.383342,243.791330
221,11dd74426e8374ac110c4036c77c09ab_000000000227,0.383342,213.078619
221,11dd74426e8374ac110c4036c77c09ab_000000000227,0.383342,601.542983
221,11dd74426e8374ac110c4036c77c09ab_000000000227,0.383342,131.520940
222,11dd74426e8374ac110c4036c77c09ab_000000000228,0.383342,201.469508
222,11dd74426e8374ac110c4036c77c09ab_000000000228,0.383342,126.524614
222,11dd74426e8374ac110c4036c77c09ab_000000000228,0.383342,244.673035
222,11dd74426e8374ac110c4036c77c09ab_000000000228,0.383342,206.245408
222,11dd74426e8374ac110c4036c77c09ab_000000000228,0.383342,619.030125
222,11dd74426e8374ac110c4036c77c09ab_000000000228,0.383342,128.508450
223,11dd74426e8374ac110c4036c77c09ab_000000000229,0.383342,200.220426
223,11dd74426e8374ac110c4036c77c09ab_000000000229,0.383342,126.891991
223,11dd74426e8374ac110c4036c77c09ab_000000000229,0.383342,247.024247
223,11dd74426e8374ac110c4036c77c09ab_000000000229,0.383342,204.996326
223,11dd74426e8374ac110c4036c77c09ab_000000000229,0.383342,618.883174
223,11dd74426e8374ac110c4036c77c09ab_000000000229,0.383342,127.773696
224,11dd74426e8374ac110c4036c77c09ab_000000000230,0.383342,222.189566
224,11dd74426e8374ac110c4036c77c09ab_000000000230,0.383342,117.854519
224,11dd74426e8374ac110c4036c77c09ab_000000000230,0.383342,249.081558
224,11dd74426e8374ac110c4036c77c09ab_000000000230,0.383342,230.859662
224,11dd74426e8374ac110c4036c77c09ab_000000000230,0.383342,634.239530
224,11dd74426e8374ac110c4036c77c09ab_000000000230,0.383342,130.198384
225,11dd74426e8374ac110c4036c77c09ab_000000000231,0.383342,229.243204
225,11dd74426e8374ac110c4036c77c09ab_000000000231,0.383342,120.940485
225,11dd74426e8374ac110c4036c77c09ab_000000000231,0.383342,257.163850
225,11dd74426e8374ac110c4036c77c09ab_000000000231,0.383342,242.615724
225,11dd74426e8374ac110c4036c77c09ab_000000000231,0.383342,618.221896
225,11dd74426e8374ac110c4036c77c09ab_000000000231,0.383342,130.712711
226,11dd74426e8374ac110c4036c77c09ab_000000000232,0.383342,232.990448
226,11dd74426e8374ac110c4036c77c09ab_000000000232,0.383342,122.263042
226,11dd74426e8374ac110c4036c77c09ab_000000000232,0.383342,259.221161
226,11dd74426e8374ac110c4036c77c09ab_000000000232,0.383342,242.395298
226,11dd74426e8374ac110c4036c77c09ab_000000000232,0.383342,622.263042
226,11dd74426e8374ac110c4036c77c09ab_000000000232,0.383342,131.373990
227,11dd74426e8374ac110c4036c77c09ab_000000000233,0.376288,192.707965
227,11dd74426e8374ac110c4036c77c09ab_000000000233,0.376288,116.106195
227,11dd74426e8374ac110c4036c77c09ab_000000000233,0.376288,270.442478
227,11dd74426e8374ac110c4036c77c09ab_000000000233,0.376288,240.495575
227,11dd74426e8374ac110c4036c77c09ab_000000000233,0.376288,581.168142
227,11dd74426e8374ac110c4036c77c09ab_000000000233,0.376288,125.097345
228,11dd74426e8374ac110c4036c77c09ab_000000000234,0.376288,194.407080
228,11dd74426e8374ac110c4036c77c09ab_000000000234,0.376288,117.026549
228,11dd74426e8374ac110c4036c77c09ab_000000000234,0.376288,278.088496
228,11dd74426e8374ac110c4036c77c09ab_000000000234,0.376288,242.123894
228,11dd74426e8374ac110c4036c77c09ab_000000000234,0.376288,576.778761
228,11dd74426e8374ac110c4036c77c09ab_000000000234,0.376288,123.044248
229,11dd74426e8374ac110c4036c77c09ab_000000000235,0.376288,197.026549
229,11dd74426e8374ac110c4036c77c09ab_000000000235,0.376288,113.415929
229,11dd74426e8374ac110c4036c77c09ab_000000000235,0.376288,281.203540
229,11dd74426e8374ac110c4036c77c09ab_000000000235,0.376288,250.761062
229,11dd74426e8374ac110c4036c77c09ab_000000000235,0.376288,572.247788
229,11dd74426e8374ac110c4036c77c09ab_000000000235,0.376288,127.646018
230,11dd74426e8374ac110c4036c77c09ab_000000000236,0.376288,200.849558
230,11dd74426e8374ac110c4036c77c09ab_000000000236,0.376288,112.212389
230,11dd74426e8374ac110c4036c77c09ab_000000000236,0.376288,285.026549
230,11dd74426e8374ac110c4036c77c09ab_000000000236,0.376288,258.123894
230,11dd74426e8374ac110c4036c77c09ab_000000000236,0.376288,576.991150
230,11dd74426e8374ac110c4036c77c09ab_000000000236,0.376288,123.823009
231,11dd74426e8374ac110c4036c77c09ab_000000000237,0.376288,201.132743
231,11dd74426e8374ac110c4036c77c09ab_000000000237,0.376288,112.424779
231,11dd74426e8374ac110c4036c77c09ab_000000000237,0.376288,292.955752
231,11dd74426e8374ac110c4036c77c09ab_000000000237,0.376288,251.823009
231,11dd74426e8374ac110c4036c77c09ab_000000000237,0.376288,576.991150
231,11dd74426e8374ac110c4036c77c09ab_000000000237,0.376288,123.469027
232,11dd74426e8374ac110c4036c77c09ab_000000000238,0.376288,198.300885
232,11dd74426e8374ac110c4036c77c09ab_000000000238,0.376288,101.097345
232,11dd74426e8374ac110c4036c77c09ab_000000000238,0.376288,302.159292
232,11dd74426e8374ac110c4036c77c09ab_000000000238,0.376288,261.876106
232,11dd74426e8374ac110c4036c77c09ab_000000000238,0.376288,578.761062
232,11dd74426e8374ac110c4036c77c09ab_000000000238,0.376288,118.230088
233,11dd74426e8374ac110c4036c77c09ab_000000000239,0.376288,196.035398
233,11dd74426e8374ac110c4036c77c09ab_000000000239,0.376288,96.849558
233,11dd74426e8374ac110c4036c77c09ab_000000000239,0.376288,323.823009
233,11dd74426e8374ac110c4036c77c09ab_000000000239,0.376288,266.761062
233,11dd74426e8374ac110c4036c77c09ab_000000000239,0.376288,578.123894
233,11dd74426e8374ac110c4036c77c09ab_000000000239,0.376288,120.000000
234,11dd74426e8374ac110c4036c77c09ab_000000000240,0.376288,195.256637
234,11dd74426e8374ac110c4036c77c09ab_000000000240,0.376288,101.734513
234,11dd74426e8374ac110c4036c77c09ab_000000000240,0.376288,344.920354
234,11dd74426e8374ac110c4036c77c09ab_000000000240,0.376288,255.787611
234,11dd74426e8374ac110c4036c77c09ab_000000000240,0.376288,594.123894
234,11dd74426e8374ac110c4036c77c09ab_000000000240,0.376288,111.433628
235,11dd74426e8374ac110c4036c77c09ab_000000000241,0.376288,198.017699
235,11dd74426e8374ac110c4036c77c09ab_000000000241,0.376288,97.274336
235,11dd74426e8374ac110c4036c77c09ab_000000000241,0.376288,350.300885
235,11dd74426e8374ac110c4036c77c09ab_000000000241,0.376288,258.761062
235,11dd74426e8374ac110c4036c77c09ab_000000000241,0.376288,593.699115
235,11dd74426e8374ac110c4036c77c09ab_000000000241,0.376288,113.486726
236,11dd74426e8374ac110c4036c77c09ab_000000000242,0.383342,264.327700
236,11dd74426e8374ac110c4036c77c09ab_000000000242,0.383342,567.009552
236,11dd74426e8374ac110c4036c77c09ab_000000000242,0.383342,619.213813
236,11dd74426e8374ac110c4036c77c09ab_000000000242,0.383342,154.739162
237,11dd74426e8374ac110c4036c77c09ab_000000000243,0.383342,239.970610
237,11dd74426e8374ac110c4036c77c09ab_000000000243,0.383342,562.968406
237,11dd74426e8374ac110c4036c77c09ab_000000000243,0.383342,615.576782
237,11dd74426e8374ac110c4036c77c09ab_000000000243,0.383342,136.443791
238,11dd74426e8374ac110c4036c77c09ab_000000000244,0.369484,218.020478
238,11dd74426e8374ac110c4036c77c09ab_000000000244,0.369484,529.556314
238,11dd74426e8374ac110c4036c77c09ab_000000000244,0.369484,564.778157
238,11dd74426e8374ac110c4036c77c09ab_000000000244,0.369484,132.081911
239,11dd74426e8374ac110c4036c77c09ab_000000000245,0.376288,237.026549
239,11dd74426e8374ac110c4036c77c09ab_000000000245,0.376288,549.663717
239,11dd74426e8374ac110c4036c77c09ab_000000000245,0.376288,583.575221
239,11dd74426e8374ac110c4036c77c09ab_000000000245,0.376288,136.920354
240,11dd74426e8374ac110c4036c77c09ab_000000000246,0.383342,230.786187
240,11dd74426e8374ac110c4036c77c09ab_000000000246,0.383342,545.922116
240,11dd74426e8374ac110c4036c77c09ab_000000000246,0.383342,621.087436
240,11dd74426e8374ac110c4036c77c09ab_000000000246,0.383342,145.775165
241,11dd74426e8374ac110c4036c77c09ab_000000000247,0.383342,227.700220
241,11dd74426e8374ac110c4036c77c09ab_000000000247,0.383342,546.069067
241,11dd74426e8374ac110c4036c77c09ab_000000000247,0.383342,642.027921
241,11dd74426e8374ac110c4036c77c09ab_000000000247,0.383342,144.966936
242,11dd74426e8374ac110c4036c77c09ab_000000000248,0.383342,227.994122
242,11dd74426e8374ac110c4036c77c09ab_000000000248,0.383342,551.359295
242,11dd74426e8374ac110c4036c77c09ab_000000000248,0.383342,641.440118
242,11dd74426e8374ac110c4036c77c09ab_000000000248,0.383342,146.583395
243,11dd74426e8374ac110c4036c77c09ab_000000000249,0.383342,241.513593
243,11dd74426e8374ac110c4036c77c09ab_000000000249,0.383342,544.305658
243,11dd74426e8374ac110c4036c77c09ab_000000000249,0.383342,626.377663
243,11dd74426e8374ac110c4036c77c09ab_000000000249,0.383342,141.734019
244,11dd74426e8374ac110c4036c77c09ab_000000000250,0.383342,246.656870
244,11dd74426e8374ac110c4036c77c09ab_000000000250,0.383342,542.689199
244,11dd74426e8374ac110c4036c77c09ab_000000000250,0.383342,620.646583
244,11dd74426e8374ac110c4036c77c09ab_000000000250,0.383342,140.558413
245,11dd74426e8374ac110c4036c77c09ab_000000000251,0.376288,238.371681
245,11dd74426e8374ac110c4036c77c09ab_000000000251,0.376288,530.407080
245,11dd74426e8374ac110c4036c77c09ab_000000000251,0.376288,583.504425
245,11dd74426e8374ac110c4036c77c09ab_000000000251,0.376288,132.247788
246,11dd74426e8374ac110c4036c77c09ab_000000000252,0.383342,230.271859
246,11dd74426e8374ac110c4036c77c09ab_000000000252,0.383342,551.359295
246,11dd74426e8374ac110c4036c77c09ab_000000000252,0.383342,600.587803
246,11dd74426e8374ac110c4036c77c09ab_000000000252,0.383342,136.223365
247,11dd74426e8374ac110c4036c77c09ab_000000000253,0.376288,240.424779
247,11dd74426e8374ac110c4036c77c09ab_000000000253,0.376288,517.238938
247,11dd74426e8374ac110c4036c77c09ab_000000000253,0.376288,605.309735
247,11dd74426e8374ac110c4036c77c09ab_000000000253,0.376288,135.079646
248,11dd74426e8374ac110c4036c77c09ab_000000000254,0.376288,219.185841
248,11dd74426e8374ac110c4036c77c09ab_000000000254,0.376288,521.769912
248,11dd74426e8374ac110c4036c77c09ab_000000000254,0.376288,606.230088
248,11dd74426e8374ac110c4036c77c09ab_000000000254,0.376288,134.796460
249,11dd74426e8374ac110c4036c77c09ab_000000000255,0.376288,216.637168
249,11dd74426e8374ac110c4036c77c09ab_000000000255,0.376288,521.203540
249,11dd74426e8374ac110c4036c77c09ab_000000000255,0.376288,605.097345
249,11dd74426e8374ac110c4036c77c09ab_000000000255,0.376288,132.530973
250,11dd74426e8374ac110c4036c77c09ab_000000000256,0.383342,219.581190
250,11dd74426e8374ac110c4036c77c09ab_000000000256,0.383342,540.337987
250,11dd74426e8374ac110c4036c77c09ab_000000000256,0.383342,622.777370
250,11dd74426e8374ac110c4036c77c09ab_000000000256,0.383342,170.315944
251,11dd74426e8374ac110c4036c77c09ab_000000000257,0.383342,218.368846
251,11dd74426e8374ac110c4036c77c09ab_000000000257,0.383342,541.366642
251,11dd74426e8374ac110c4036c77c09ab_000000000257,0.383342,621.895665
251,11dd74426e8374ac110c4036c77c09ab_000000000257,0.383342,176.267450
252,11dd74426e8374ac110c4036c77c09ab_000000000258,0.383342,208.302719
252,11dd74426e8374ac110c4036c77c09ab_000000000258,0.383342,559.000735
252,11dd74426e8374ac110c4036c77c09ab_000000000258,0.383342,627.332843
252,11dd74426e8374ac110c4036c77c09ab_000000000258,0.383342,141.440118
253,11dd74426e8374ac110c4036c77c09ab_000000000259,0.376288,198.159292
253,11dd74426e8374ac110c4036c77c09ab_000000000259,0.376288,534.088496
253,11dd74426e8374ac110c4036c77c09ab_000000000259,0.376288,607.079646
253,11dd74426e8374ac110c4036c77c09ab_000000000259,0.376288,132.814159
254,11dd74426e8374ac110c4036c77c09ab_000000000260,0.383342,195.958854
254,11dd74426e8374ac110c4036c77c09ab_000000000260,0.383342,596.473181
254,11dd74426e8374ac110c4036c77c09ab_000000000260,0.383342,642.689199
254,11dd74426e8374ac110c4036c77c09ab_000000000260,0.383342,135.194710
255,11dd74426e8374ac110c4036c77c09ab_000000000261,0.384829,187.449093
255,11dd74426e8374ac110c4036c77c09ab_000000000261,0.384829,597.112181
255,11dd74426e8374ac110c4036c77c09ab_000000000261,0.384829,651.610515
255,11dd74426e8374ac110c4036c77c09ab_000000000261,0.384829,134.542762
256,11dd74426e8374ac110c4036c77c09ab_000000000262,0.384829,218.437616
256,11dd74426e8374ac110c4036c77c09ab_000000000262,0.384829,501.629026
256,11dd74426e8374ac110c4036c77c09ab_000000000262,0.384829,680.673825
256,11dd74426e8374ac110c4036c77c09ab_000000000262,0.384829,184.154017
257,11dd74426e8374ac110c4036c77c09ab_000000000263,0.383342,197.428361
257,11dd74426e8374ac110c4036c77c09ab_000000000263,0.383342,440.999265
257,11dd74426e8374ac110c4036c77c09ab_000000000263,0.383342,672.593681
257,11dd74426e8374ac110c4036c77c09ab_000000000263,0.383342,162.013226
258,11dd74426e8374ac110c4036c77c09ab_000000000264,0.390658,201.755055
258,11dd74426e8374ac110c4036c77c09ab_000000000264,0.390658,455.398703
258,11dd74426e8374ac110c4036c77c09ab_000000000264,0.390658,701.716902
258,11dd74426e8374ac110c4036c77c09ab_000000000264,0.390658,176.039680
259,11dd74426e8374ac110c4036c77c09ab_000000000265,0.390658,197.634491
259,11dd74426e8374ac110c4036c77c09ab_000000000265,0.390658,443.037009
259,11dd74426e8374ac110c4036c77c09ab_000000000265,0.390658,713.773369
259,11dd74426e8374ac110c4036c77c09ab_000000000265,0.390658,172.071728
260,11dd74426e8374ac110c4036c77c09ab_000000000266,0.390658,198.092331
260,11dd74426e8374ac110c4036c77c09ab_000000000266,0.390658,438.000763
260,11dd74426e8374ac110c4036c77c09ab_000000000266,0.390658,710.186952
260,11dd74426e8374ac110c4036c77c09ab_000000000266,0.390658,172.071728
261,11dd74426e8374ac110c4036c77c09ab_000000000267,0.383342,189.933872
261,11dd74426e8374ac110c4036c77c09ab_000000000267,0.383342,412.931668
261,11dd74426e8374ac110c4036c77c09ab_000000000267,0.383342,708.596620
261,11dd74426e8374ac110c4036c77c09ab_000000000267,0.383342,165.025716
262,11dd74426e8374ac110c4036c77c09ab_000000000268,0.383342,204.849375
262,11dd74426e8374ac110c4036c77c09ab_000000000268,0.383342,416.458486
262,11dd74426e8374ac110c4036c77c09ab_000000000268,0.383342,736.076414
262,11dd74426e8374ac110c4036c77c09ab_000000000268,0.383342,164.658339
263,11dd74426e8374ac110c4036c77c09ab_000000000269,0.383342,189.493020
263,11dd74426e8374ac110c4036c77c09ab_000000000269,0.383342,418.662748
263,11dd74426e8374ac110c4036c77c09ab_000000000269,0.383342,738.574578
263,11dd74426e8374ac110c4036c77c09ab_000000000269,0.383342,162.380602
264,11dd74426e8374ac110c4036c77c09ab_000000000270,0.383342,184.202792
264,11dd74426e8374ac110c4036c77c09ab_000000000270,0.383342,413.960323
264,11dd74426e8374ac110c4036c77c09ab_000000000270,0.383342,700.661278
264,11dd74426e8374ac110c4036c77c09ab_000000000270,0.383342,168.479060
265,11dd74426e8374ac110c4036c77c09ab_000000000271,0.383342,182.072006
265,11dd74426e8374ac110c4036c77c09ab_000000000271,0.383342,412.490816
265,11dd74426e8374ac110c4036c77c09ab_000000000271,0.383342,703.894195
265,11dd74426e8374ac110c4036c77c09ab_000000000271,0.383342,167.303453
266,11dd74426e8374ac110c4036c77c09ab_000000000272,0.383342,200.661278
266,11dd74426e8374ac110c4036c77c09ab_000000000272,0.383342,395.444526
266,11dd74426e8374ac110c4036c77c09ab_000000000272,0.383342,654.886113
266,11dd74426e8374ac110c4036c77c09ab_000000000272,0.383342,169.434240
267,11dd74426e8374ac110c4036c77c09ab_000000000273,0.383342,201.028655
267,11dd74426e8374ac110c4036c77c09ab_000000000273,0.383342,394.856723
267,11dd74426e8374ac110c4036c77c09ab_000000000273,0.383342,660.543718
267,11dd74426e8374ac110c4036c77c09ab_000000000273,0.383342,168.405584
268,11dd74426e8374ac110c4036c77c09ab_000000000274,0.383342,181.704629
268,11dd74426e8374ac110c4036c77c09ab_000000000274,0.383342,391.476855
268,11dd74426e8374ac110c4036c77c09ab_000000000274,0.383342,688.317414
268,11dd74426e8374ac110c4036c77c09ab_000000000274,0.383342,169.507715
269,11dd74426e8374ac110c4036c77c09ab_000000000275,0.383342,180.308597
269,11dd74426e8374ac110c4036c77c09ab_000000000275,0.383342,394.415871
269,11dd74426e8374ac110c4036c77c09ab_000000000275,0.383342,689.786921
269,11dd74426e8374ac110c4036c77c09ab_000000000275,0.383342,165.393093
270,11dd74426e8374ac110c4036c77c09ab_000000000276,0.392232,191.692308
270,11dd74426e8374ac110c4036c77c09ab_000000000276,0.392232,411.538462
270,11dd74426e8374ac110c4036c77c09ab_000000000276,0.392232,718.769231
270,11dd74426e8374ac110c4036c77c09ab_000000000276,0.392232,180.461538
271,11dd74426e8374ac110c4036c77c09ab_000000000277,0.392232,186.000000
271,11dd74426e8374ac110c4036c77c09ab_000000000277,0.392232,402.769231
271,11dd74426e8374ac110c4036c77c09ab_000000000277,0.392232,733.769231
271,11dd74426e8374ac110c4036c77c09ab_000000000277,0.392232,181.384615
272,11dd74426e8374ac110c4036c77c09ab_000000000278,0.392232,174.692308
272,11dd74426e8374ac110c4036c77c09ab_000000000278,0.392232,399.538462
272,11dd74426e8374ac110c4036c77c09ab_000000000278,0.392232,732.923077
272,11dd74426e8374ac110c4036c77c09ab_000000000278,0.392232,186.000000
273,11dd74426e8374ac110c4036c77c09ab_000000000279,0.383342,159.662013
273,11dd74426e8374ac110c4036c77c09ab_000000000279,0.383342,385.451874
273,11dd74426e8374ac110c4036c77c09ab_000000000279,0.383342,718.589273
273,11dd74426e8374ac110c4036c77c09ab_000000000279,0.383342,181.998530
274,11dd74426e8374ac110c4036c77c09ab_000000000280,0.383342,158.192506
274,11dd74426e8374ac110c4036c77c09ab_000000000280,0.383342,384.129317
274,11dd74426e8374ac110c4036c77c09ab_000000000280,0.383342,715.062454
274,11dd74426e8374ac110c4036c77c09ab_000000000280,0.383342,182.218957
275,11dd74426e8374ac110c4036c77c09ab_000000000281,0.383342,157.310801
275,11dd74426e8374ac110c4036c77c09ab_000000000281,0.383342,410.286554
275,11dd74426e8374ac110c4036c77c09ab_000000000281,0.383342,741.660544
275,11dd74426e8374ac110c4036c77c09ab_000000000281,0.383342,189.346069
276,11dd74426e8374ac110c4036c77c09ab_000000000282,0.383342,158.265981
276,11dd74426e8374ac110c4036c77c09ab_000000000282,0.383342,411.609111
276,11dd74426e8374ac110c4036c77c09ab_000000000282,0.383342,746.362968
276,11dd74426e8374ac110c4036c77c09ab_000000000282,0.383342,190.007348
277,11dd74426e8374ac110c4036c77c09ab_000000000283,0.392232,170.692308
277,11dd74426e8374ac110c4036c77c09ab_000000000283,0.392232,412.000000
277,11dd74426e8374ac110c4036c77c09ab_000000000283,0.392232,797.230769
277,11dd74426e8374ac110c4036c77c09ab_000000000283,0.392232,206.692308
278,11dd74426e8374ac110c4036c77c09ab_000000000284,0.392232,168.000000
278,11dd74426e8374ac110c4036c77c09ab_000000000284,0.392232,400.153846
278,11dd74426e8374ac110c4036c77c09ab_000000000284,0.392232,794.000000
278,11dd74426e8374ac110c4036c77c09ab_000000000284,0.392232,212.461538
279,11dd74426e8374ac110c4036c77c09ab_000000000285,0.392232,166.230769
279,11dd74426e8374ac110c4036c77c09ab_000000000285,0.392232,400.923077
279,11dd74426e8374ac110c4036c77c09ab_000000000285,0.392232,795.384615
279,11dd74426e8374ac110c4036c77c09ab_000000000285,0.392232,215.076923
280,11dd74426e8374ac110c4036c77c09ab_000000000286,0.390658,175.276612
280,11dd74426e8374ac110c4036c77c09ab_000000000286,0.390658,387.027852
280,11dd74426e8374ac110c4036c77c09ab_000000000286,0.390658,801.678749
280,11dd74426e8374ac110c4036c77c09ab_000000000286,0.390658,205.875620
281,11dd74426e8374ac110c4036c77c09ab_000000000287,0.390658,177.642121
281,11dd74426e8374ac110c4036c77c09ab_000000000287,0.390658,381.991606
281,11dd74426e8374ac110c4036c77c09ab_000000000287,0.390658,805.799313
281,11dd74426e8374ac110c4036c77c09ab_000000000287,0.390658,211.827547
282,11dd74426e8374ac110c4036c77c09ab_000000000288,0.392232,177.307692
282,11dd74426e8374ac110c4036c77c09ab_000000000288,0.392232,395.846154
282,11dd74426e8374ac110c4036c77c09ab_000000000288,0.392232,825.076923
282,11dd74426e8374ac110c4036c77c09ab_000000000288,0.392232,205.153846
283,11dd74426e8374ac110c4036c77c09ab_000000000289,0.392232,178.076923
283,11dd74426e8374ac110c4036c77c09ab_000000000289,0.392232,392.307692
283,11dd74426e8374ac110c4036c77c09ab_000000000289,0.392232,824.153846
283,11dd74426e8374ac110c4036c77c09ab_000000000289,0.392232,209.153846
284,11dd74426e8374ac110c4036c77c09ab_000000000290,0.383342,165.319618
284,11dd74426e8374ac110c4036c77c09ab_000000000290,0.383342,386.774431
284,11dd74426e8374ac110c4036c77c09ab_000000000290,0.383342,810.727406
284,11dd74426e8374ac110c4036c77c09ab_000000000290,0.383342,186.407054
285,11dd74426e8374ac110c4036c77c09ab_000000000291,0.383342,140.264511
285,11dd74426e8374ac110c4036c77c09ab_000000000291,0.383342,375.459221
285,11dd74426e8374ac110c4036c77c09ab_000000000291,0.383342,781.484203
285,11dd74426e8374ac110c4036c77c09ab_000000000291,0.383342,229.390154
286,11dd74426e8374ac110c4036c77c09ab_000000000292,0.390658,154.673789
286,11dd74426e8374ac110c4036c77c09ab_000000000292,0.390658,379.244563
286,11dd74426e8374ac110c4036c77c09ab_000000000292,0.390658,814.727203
286,11dd74426e8374ac110c4036c77c09ab_000000000292,0.390658,240.289966
287,11dd74426e8374ac110c4036c77c09ab_000000000293,0.383342,203.600294
287,11dd74426e8374ac110c4036c77c09ab_000000000293,0.383342,0.863336
287,11dd74426e8374ac110c4036c77c09ab_000000000293,0.383342,327.112417
287,11dd74426e8374ac110c4036c77c09ab_000000000293,0.383342,763.703159
287,11dd74426e8374ac110c4036c77c09ab_000000000293,0.383342,190.080823
288,11dd74426e8374ac110c4036c77c09ab_000000000294,0.383342,223.438648
288,11dd74426e8374ac110c4036c77c09ab_000000000294,0.383342,0.293902
288,11dd74426e8374ac110c4036c77c09ab_000000000294,0.383342,0.670463
288,11dd74426e8374ac110c4036c77c09ab_000000000294,0.383342,326.818516
288,11dd74426e8374ac110c4036c77c09ab_000000000294,0.383342,760.029390
288,11dd74426e8374ac110c4036c77c09ab_000000000294,0.383342,187.803086
289,11dd74426e8374ac110c4036c77c09ab_000000000295,0.398252,246.074544
289,11dd74426e8374ac110c4036c77c09ab_000000000295,0.398252,449.325932
289,11dd74426e8374ac110c4036c77c09ab_000000000295,0.398252,804.996035
289,11dd74426e8374ac110c4036c77c09ab_000000000295,0.398252,198.334655
290,11dd74426e8374ac110c4036c77c09ab_000000000296,0.398252,254.321967
290,11dd74426e8374ac110c4036c77c09ab_000000000296,0.398252,465.344964
290,11dd74426e8374ac110c4036c77c09ab_000000000296,0.398252,802.220460
290,11dd74426e8374ac110c4036c77c09ab_000000000296,0.398252,198.572561
291,11dd74426e8374ac110c4036c77c09ab_000000000297,0.398252,531.482950
291,11dd74426e8374ac110c4036c77c09ab_000000000297,0.398252,372.779540
291,11dd74426e8374ac110c4036c77c09ab_000000000297,0.398252,754.084060
291,11dd74426e8374ac110c4036c77c09ab_000000000297,0.398252,430.590801
292,11dd74426e8374ac110c4036c77c09ab_000000000298,0.390658,514.765357
292,11dd74426e8374ac110c4036c77c09ab_000000000298,0.390658,349.332316
292,11dd74426e8374ac110c4036c77c09ab_000000000298,0.390658,728.576879
292,11dd74426e8374ac110c4036c77c09ab_000000000298,0.390658,403.967951
293,11dd74426e8374ac110c4036c77c09ab_000000000299,0.390658,521.327738
293,11dd74426e8374ac110c4036c77c09ab_000000000299,0.390658,354.673789
293,11dd74426e8374ac110c4036c77c09ab_000000000299,0.390658,732.926364
293,11dd74426e8374ac110c4036c77c09ab_000000000299,0.390658,404.044258
294,11dd74426e8374ac110c4036c77c09ab_000000000300,0.383342,470.683321
294,11dd74426e8374ac110c4036c77c09ab_000000000300,0.383342,326.304188
294,11dd74426e8374ac110c4036c77c09ab_000000000300,0.383342,671.565026
294,11dd74426e8374ac110c4036c77c09ab_000000000300,0.383342,371.565026
295,11dd74426e8374ac110c4036c77c09ab_000000000301,0.383342,454.371785
295,11dd74426e8374ac110c4036c77c09ab_000000000301,0.383342,329.537105
295,11dd74426e8374ac110c4036c77c09ab_000000000301,0.383342,668.626010
295,11dd74426e8374ac110c4036c77c09ab_000000000301,0.383342,367.009552
296,11dd74426e8374ac110c4036c77c09ab_000000000302,0.383342,437.472447
296,11dd74426e8374ac110c4036c77c09ab_000000000302,0.383342,351.873622
296,11dd74426e8374ac110c4036c77c09ab_000000000302,0.383342,667.450404
296,11dd74426e8374ac110c4036c77c09ab_000000000302,0.383342,362.454078
297,11dd74426e8374ac110c4036c77c09ab_000000000303,0.383342,433.063924
297,11dd74426e8374ac110c4036c77c09ab_000000000303,0.383342,352.828802
297,11dd74426e8374ac110c4036c77c09ab_000000000303,0.383342,667.156503
297,11dd74426e8374ac110c4036c77c09ab_000000000303,0.383342,358.486407
298,11dd74426e8374ac110c4036c77c09ab_000000000304,0.376288,408.070796
298,11dd74426e8374ac110c4036c77c09ab_000000000304,0.376288,326.300885
298,11dd74426e8374ac110c4036c77c09ab_000000000304,0.376288,633.203540
298,11dd74426e8374ac110c4036c77c09ab_000000000304,0.376288,346.336283
299,11dd74426e8374ac110c4036c77c09ab_000000000305,0.376288,403.256637
299,11dd74426e8374ac110c4036c77c09ab_000000000305,0.376288,331.752212
299,11dd74426e8374ac110c4036c77c09ab_000000000305,0.376288,635.185841
299,11dd74426e8374ac110c4036c77c09ab_000000000305,0.376288,340.318584
300,11dd74426e8374ac110c4036c77c09ab_000000000306,0.376288,402.973451
300,11dd74426e8374ac110c4036c77c09ab_000000000306,0.376288,280.991150
300,11dd74426e8374ac110c4036c77c09ab_000000000306,0.376288,624.141593
300,11dd74426e8374ac110c4036c77c09ab_000000000306,0.376288,339.469027
301,11dd74426e8374ac110c4036c77c09ab_000000000307,0.383342,424.687730
301,11dd74426e8374ac110c4036c77c09ab_000000000307,0.383342,318.001470
301,11dd74426e8374ac110c4036c77c09ab_000000000307,0.383342,662.674504
301,11dd74426e8374ac110c4036c77c09ab_000000000307,0.383342,344.232182
302,11dd74426e8374ac110c4036c77c09ab_000000000308,0.383342,421.895665
302,11dd74426e8374ac110c4036c77c09ab_000000000308,0.383342,321.822190
302,11dd74426e8374ac110c4036c77c09ab_000000000308,0.383342,666.568699
302,11dd74426e8374ac110c4036c77c09ab_000000000308,0.383342,345.113887
303,11dd74426e8374ac110c4036c77c09ab_000000000309,0.384829,420.140689
303,11dd74426e8374ac110c4036c77c09ab_000000000309,0.384829,324.546464
303,11dd74426e8374ac110c4036c77c09ab_000000000309,0.384829,692.558312
303,11dd74426e8374ac110c4036c77c09ab_000000000309,0.384829,338.022954
304,11dd74426e8374ac110c4036c77c09ab_000000000310,0.383342,412.637766
304,11dd74426e8374ac110c4036c77c09ab_000000000310,0.383342,328.728876
304,11dd74426e8374ac110c4036c77c09ab_000000000310,0.383342,688.464364
304,11dd74426e8374ac110c4036c77c09ab_000000000310,0.383342,340.484938
305,11dd74426e8374ac110c4036c77c09ab_000000000311,0.383342,417.781043
305,11dd74426e8374ac110c4036c77c09ab_000000000311,0.383342,340.631888
305,11dd74426e8374ac110c4036c77c09ab_000000000311,0.383342,706.833211
305,11dd74426e8374ac110c4036c77c09ab_000000000311,0.383342,342.101396
306,11dd74426e8374ac110c4036c77c09ab_000000000312,0.376288,402.407080
306,11dd74426e8374ac110c4036c77c09ab_000000000312,0.376288,332.460177
306,11dd74426e8374ac110c4036c77c09ab_000000000312,0.376288,682.053097
306,11dd74426e8374ac110c4036c77c09ab_000000000312,0.376288,330.336283
307,11dd74426e8374ac110c4036c77c09ab_000000000313,0.390658,427.012591
307,11dd74426e8374ac110c4036c77c09ab_000000000313,0.390658,359.023274
307,11dd74426e8374ac110c4036c77c09ab_000000000313,0.390658,747.348340
307,11dd74426e8374ac110c4036c77c09ab_000000000313,0.390658,361.159863
308,11dd74426e8374ac110c4036c77c09ab_000000000314,0.390658,451.125525
308,11dd74426e8374ac110c4036c77c09ab_000000000314,0.390658,361.617703
308,11dd74426e8374ac110c4036c77c09ab_000000000314,0.390658,748.035101
308,11dd74426e8374ac110c4036c77c09ab_000000000314,0.390658,376.573827
309,11dd74426e8374ac110c4036c77c09ab_000000000315,0.390658,454.788249
309,11dd74426e8374ac110c4036c77c09ab_000000000315,0.390658,366.882869
309,11dd74426e8374ac110c4036c77c09ab_000000000315,0.390658,749.790156
309,11dd74426e8374ac110c4036c77c09ab_000000000315,0.390658,376.115986
310,11dd74426e8374ac110c4036c77c09ab_000000000316,0.390658,465.929035
310,11dd74426e8374ac110c4036c77c09ab_000000000316,0.390658,383.746662
310,11dd74426e8374ac110c4036c77c09ab_000000000316,0.390658,753.376574
310,11dd74426e8374ac110c4036c77c09ab_000000000316,0.390658,349.332316
311,11dd74426e8374ac110c4036c77c09ab_000000000317,0.398252,486.280730
311,11dd74426e8374ac110c4036c77c09ab_000000000317,0.398252,394.766059
311,11dd74426e8374ac110c4036c77c09ab_000000000317,0.398252,775.574941
311,11dd74426e8374ac110c4036c77c09ab_000000000317,0.398252,362.490087
312,11dd74426e8374ac110c4036c77c09ab_000000000318,0.390658,439.984739
312,11dd74426e8374ac110c4036c77c09ab_000000000318,0.390658,384.280809
312,11dd74426e8374ac110c4036c77c09ab_000000000318,0.390658,738.496757
312,11dd74426e8374ac110c4036c77c09ab_000000000318,0.390658,339.030904
313,11dd74426e8374ac110c4036c77c09ab_000000000319,0.390658,441.968714
313,11dd74426e8374ac110c4036c77c09ab_000000000319,0.390658,384.586036
313,11dd74426e8374ac110c4036c77c09ab_000000000319,0.390658,735.978634
313,11dd74426e8374ac110c4036c77c09ab_000000000319,0.390658,339.870279
314,11dd74426e8374ac110c4036c77c09ab_000000000320,0.390658,366.730256
314,11dd74426e8374ac110c4036c77c09ab_000000000320,0.390658,377.107974
314,11dd74426e8374ac110c4036c77c09ab_000000000320,0.390658,740.480733
314,11dd74426e8374ac110c4036c77c09ab_000000000320,0.390658,338.267837
315,11dd74426e8374ac110c4036c77c09ab_000000000321,0.390658,378.786723
315,11dd74426e8374ac110c4036c77c09ab_000000000321,0.390658,391.987791
315,11dd74426e8374ac110c4036c77c09ab_000000000321,0.390658,745.593285
315,11dd74426e8374ac110c4036c77c09ab_000000000321,0.390658,329.721480
316,11dd74426e8374ac110c4036c77c09ab_000000000322,0.390658,370.698207
316,11dd74426e8374ac110c4036c77c09ab_000000000322,0.390658,394.734834
316,11dd74426e8374ac110c4036c77c09ab_000000000322,0.390658,741.472720
316,11dd74426e8374ac110c4036c77c09ab_000000000322,0.390658,335.444487
317,11dd74426e8374ac110c4036c77c09ab_000000000323,0.390658,385.654330
317,11dd74426e8374ac110c4036c77c09ab_000000000323,0.390658,382.754674
317,11dd74426e8374ac110c4036c77c09ab_000000000323,0.390658,722.014498
317,11dd74426e8374ac110c4036c77c09ab_000000000323,0.390658,368.561618
318,11dd74426e8374ac110c4036c77c09ab_000000000324,0.390658,391.911484
318,11dd74426e8374ac110c4036c77c09ab_000000000324,0.390658,384.204502
318,11dd74426e8374ac110c4036c77c09ab_000000000324,0.390658,726.516597
318,11dd74426e8374ac110c4036c77c09ab_000000000324,0.390658,369.172072
319,11dd74426e8374ac110c4036c77c09ab_000000000325,0.390658,384.128195
319,11dd74426e8374ac110c4036c77c09ab_000000000325,0.390658,381.610072
319,11dd74426e8374ac110c4036c77c09ab_000000000325,0.390658,729.034720
319,11dd74426e8374ac110c4036c77c09ab_000000000325,0.390658,354.750095
320,11dd74426e8374ac110c4036c77c09ab_000000000326,0.390658,379.091950
320,11dd74426e8374ac110c4036c77c09ab_000000000326,0.390658,380.236551
320,11dd74426e8374ac110c4036c77c09ab_000000000326,0.390658,726.898130
320,11dd74426e8374ac110c4036c77c09ab_000000000326,0.390658,354.826402
321,11dd74426e8374ac110c4036c77c09ab_000000000327,0.383342,366.495224
321,11dd74426e8374ac110c4036c77c09ab_000000000327,0.383342,371.858927
321,11dd74426e8374ac110c4036c77c09ab_000000000327,0.383342,692.432035
321,11dd74426e8374ac110c4036c77c09ab_000000000327,0.383342,336.517267
322,11dd74426e8374ac110c4036c77c09ab_000000000328,0.383342,385.451874
322,11dd74426e8374ac110c4036c77c09ab_000000000328,0.383342,379.206466
322,11dd74426e8374ac110c4036c77c09ab_000000000328,0.383342,704.628949
322,11dd74426e8374ac110c4036c77c09ab_000000000328,0.383342,310.580456
323,11dd74426e8374ac110c4036c77c09ab_000000000329,0.383342,386.333578
323,11dd74426e8374ac110c4036c77c09ab_000000000329,0.383342,381.337252
323,11dd74426e8374ac110c4036c77c09ab_000000000329,0.383342,705.143277
323,11dd74426e8374ac110c4036c77c09ab_000000000329,0.383342,312.490816
324,11dd74426e8374ac110c4036c77c09ab_000000000330,0.390658,386.264784
324,11dd74426e8374ac110c4036c77c09ab_000000000330,0.390658,387.790919
324,11dd74426e8374ac110c4036c77c09ab_000000000330,0.390658,830.980542
324,11dd74426e8374ac110c4036c77c09ab_000000000330,0.390658,315.070584
325,11dd74426e8374ac110c4036c77c09ab_000000000331,0.390658,376.650134
325,11dd74426e8374ac110c4036c77c09ab_000000000331,0.390658,392.140404
325,11dd74426e8374ac110c4036c77c09ab_000000000331,0.390658,828.080885
325,11dd74426e8374ac110c4036c77c09ab_000000000331,0.390658,312.552461
326,11dd74426e8374ac110c4036c77c09ab_000000000332,0.383342,360.764144
326,11dd74426e8374ac110c4036c77c09ab_000000000332,0.383342,380.161646
326,11dd74426e8374ac110c4036c77c09ab_000000000332,0.383342,879.720794
326,11dd74426e8374ac110c4036c77c09ab_000000000332,0.383342,289.860397
327,11dd74426e8374ac110c4036c77c09ab_000000000333,0.390658,371.156047
327,11dd74426e8374ac110c4036c77c09ab_000000000333,0.390658,397.634491
327,11dd74426e8374ac110c4036c77c09ab_000000000333,0.390658,914.154903
327,11dd74426e8374ac110c4036c77c09ab_000000000333,0.390658,298.130485
328,11dd74426e8374ac110c4036c77c09ab_000000000334,0.390658,360.778329
328,11dd74426e8374ac110c4036c77c09ab_000000000334,0.390658,345.211751
328,11dd74426e8374ac110c4036c77c09ab_000000000334,0.390658,983.746662
328,11dd74426e8374ac110c4036c77c09ab_000000000334,0.390658,300.495994
329,11dd74426e8374ac110c4036c77c09ab_000000000335,0.390658,356.810378
329,11dd74426e8374ac110c4036c77c09ab_000000000335,0.390658,314.460130
329,11dd74426e8374ac110c4036c77c09ab_000000000335,0.390658,992.750858
329,11dd74426e8374ac110c4036c77c09ab_000000000335,0.390658,296.833270
330,11dd74426e8374ac110c4036c77c09ab_000000000336,0.392232,382.153846
330,11dd74426e8374ac110c4036c77c09ab_000000000336,0.392232,311.153846
330,11dd74426e8374ac110c4036c77c09ab_000000000336,0.392232,1030.461538
330,11dd74426e8374ac110c4036c77c09ab_000000000336,0.392232,299.384615
331,11dd74426e8374ac110c4036c77c09ab_000000000337,0.390658,370.698207
331,11dd74426e8374ac110c4036c77c09ab_000000000337,0.390658,327.355971
331,11dd74426e8374ac110c4036c77c09ab_000000000337,0.390658,993.437619
331,11dd74426e8374ac110c4036c77c09ab_000000000337,0.390658,296.375429
332,11dd74426e8374ac110c4036c77c09ab_000000000338,0.390658,369.172072
332,11dd74426e8374ac110c4036c77c09ab_000000000338,0.390658,338.038916
332,11dd74426e8374ac110c4036c77c09ab_000000000338,0.390658,992.140404
332,11dd74426e8374ac110c4036c77c09ab_000000000338,0.390658,296.451736
334,11dd74426e8374ac110c4036c77c09ab_000000000374,0.383342,488.905217
334,11dd74426e8374ac110c4036c77c09ab_000000000374,0.383342,2471.124173
335,11dd74426e8374ac110c4036c77c09ab_000000000375,0.383342,490.521675
335,11dd74426e8374ac110c4036c77c09ab_000000000375,0.383342,2477.002204
336,11dd74426e8374ac110c4036c77c09ab_000000000376,0.383342,476.561352
336,11dd74426e8374ac110c4036c77c09ab_000000000376,0.383342,2564.584864
337,11dd74426e8374ac110c4036c77c09ab_000000000377,0.383342,475.459221
337,11dd74426e8374ac110c4036c77c09ab_000000000377,0.383342,2586.921381
338,11dd74426e8374ac110c4036c77c09ab_000000000378,0.376288,462.230088
338,11dd74426e8374ac110c4036c77c09ab_000000000378,0.376288,2568.778761
339,11dd74426e8374ac110c4036c77c09ab_000000000379,0.376288,459.327434
339,11dd74426e8374ac110c4036c77c09ab_000000000379,0.376288,2585.486726
340,11dd74426e8374ac110c4036c77c09ab_000000000380,0.383342,453.122704
340,11dd74426e8374ac110c4036c77c09ab_000000000380,0.383342,2661.572373
341,11dd74426e8374ac110c4036c77c09ab_000000000381,0.383342,467.009552
341,11dd74426e8374ac110c4036c77c09ab_000000000381,0.383342,2725.055107
342,11dd74426e8374ac110c4036c77c09ab_000000000382,0.383342,483.100661
342,11dd74426e8374ac110c4036c77c09ab_000000000382,0.383342,2682.476120
343,11dd74426e8374ac110c4036c77c09ab_000000000383,0.383342,466.715650
343,11dd74426e8374ac110c4036c77c09ab_000000000383,0.383342,2701.836885
344,11dd74426e8374ac110c4036c77c09ab_000000000384,0.383342,461.792799
344,11dd74426e8374ac110c4036c77c09ab_000000000384,0.383342,2718.883174
345,11dd74426e8374ac110c4036c77c09ab_000000000385,0.383342,458.045555
345,11dd74426e8374ac110c4036c77c09ab_000000000385,0.383342,2770.022043
346,11dd74426e8374ac110c4036c77c09ab_000000000386,0.383342,457.163850
346,11dd74426e8374ac110c4036c77c09ab_000000000386,0.383342,2589.860397
347,11dd74426e8374ac110c4036c77c09ab_000000000387,0.390658,449.370469
347,11dd74426e8374ac110c4036c77c09ab_000000000387,0.390658,2708.279283
348,11dd74426e8374ac110c4036c77c09ab_000000000388,0.390658,558.336513
348,11dd74426e8374ac110c4036c77c09ab_000000000388,0.390658,2887.142312
349,11dd74426e8374ac110c4036c77c09ab_000000000389,0.390658,566.653949
349,11dd74426e8374ac110c4036c77c09ab_000000000389,0.390658,2887.447539
350,11dd74426e8374ac110c4036c77c09ab_000000000390,0.383342,527.700220
350,11dd74426e8374ac110c4036c77c09ab_000000000390,0.383342,2599.265246
351,11dd74426e8374ac110c4036c77c09ab_000000000391,0.390658,549.256009
351,11dd74426e8374ac110c4036c77c09ab_000000000391,0.390658,2685.387257
352,11dd74426e8374ac110c4036c77c09ab_000000000392,0.390658,590.766883
352,11dd74426e8374ac110c4036c77c09ab_000000000392,0.390658,2601.449828
353,11dd74426e8374ac110c4036c77c09ab_000000000393,0.390658,589.088134
353,11dd74426e8374ac110c4036c77c09ab_000000000393,0.390658,2581.610072
354,11dd74426e8374ac110c4036c77c09ab_000000000394,0.343351,428.824050
354,11dd74426e8374ac110c4036c77c09ab_000000000394,0.343351,2152.667256
355,11dd74426e8374ac110c4036c77c09ab_000000000395,0.337676,453.078677
355,11dd74426e8374ac110c4036c77c09ab_000000000395,0.337676,1913.340935
356,11dd74426e8374ac110c4036c77c09ab_000000000396,0.337676,453.420753
356,11dd74426e8374ac110c4036c77c09ab_000000000396,0.337676,2049.486887
357,11dd74426e8374ac110c4036c77c09ab_000000000397,0.343351,479.339817
357,11dd74426e8374ac110c4036c77c09ab_000000000397,0.343351,1964.750958
358,11dd74426e8374ac110c4036c77c09ab_000000000398,0.343351,484.409078
358,11dd74426e8374ac110c4036c77c09ab_000000000398,0.343351,1933.628058
359,11dd74426e8374ac110c4036c77c09ab_000000000399,0.343351,483.112290
359,11dd74426e8374ac110c4036c77c09ab_000000000399,0.343351,1930.798703
360,11dd74426e8374ac110c4036c77c09ab_000000000400,0.343351,481.049219
360,11dd74426e8374ac110c4036c77c09ab_000000000400,0.343351,1930.091365
361,11dd74426e8374ac110c4036c77c09ab_000000000401,0.343351,481.933392
361,11dd74426e8374ac110c4036c77c09ab_000000000401,0.343351,1930.562924
362,11dd74426e8374ac110c4036c77c09ab_000000000402,0.343351,487.651046
362,11dd74426e8374ac110c4036c77c09ab_000000000402,0.343351,1914.058355
363,11dd74426e8374ac110c4036c77c09ab_000000000403,0.337676,465.051311
363,11dd74426e8374ac110c4036c77c09ab_000000000403,0.337676,1840.136830
364,11dd74426e8374ac110c4036c77c09ab_000000000404,0.337676,440.022805
364,11dd74426e8374ac110c4036c77c09ab_000000000404,0.337676,1842.417332
365,11dd74426e8374ac110c4036c77c09ab_000000000405,0.337676,440.022805
365,11dd74426e8374ac110c4036c77c09ab_000000000405,0.337676,1830.786773
366,11dd74426e8374ac110c4036c77c09ab_000000000406,0.338788,436.958393
366,11dd74426e8374ac110c4036c77c09ab_000000000406,0.338788,1833.916786
367,11dd74426e8374ac110c4036c77c09ab_000000000407,0.338788,435.925395
367,11dd74426e8374ac110c4036c77c09ab_000000000407,0.338788,1831.162123
368,11dd74426e8374ac110c4036c77c09ab_000000000408,0.338788,419.454806
368,11dd74426e8374ac110c4036c77c09ab_000000000408,0.338788,2023.070301
369,11dd74426e8374ac110c4036c77c09ab_000000000409,0.338788,423.213773
369,11dd74426e8374ac110c4036c77c09ab_000000000409,0.338788,1752.654232
370,11dd74426e8374ac110c4036c77c09ab_000000000410,0.333241,374.292060
370,11dd74426e8374ac110c4036c77c09ab_000000000410,0.333241,1607.329262
371,11dd74426e8374ac110c4036c77c09ab_000000000411,0.333241,347.806774
371,11dd74426e8374ac110c4036c77c09ab_000000000411,0.333241,1675.513604
372,11dd74426e8374ac110c4036c77c09ab_000000000412,0.339814,359.584296
372,11dd74426e8374ac110c4036c77c09ab_000000000412,0.339814,1747.344111
373,11dd74426e8374ac110c4036c77c09ab_000000000413,0.350446,372.060178
373,11dd74426e8374ac110c4036c77c09ab_000000000413,0.350446,1893.276021
374,11dd74426e8374ac110c4036c77c09ab_000000000414,0.338788,346.054519
374,11dd74426e8374ac110c4036c77c09ab_000000000414,0.338788,1656.929699
375,11dd74426e8374ac110c4036c77c09ab_000000000415,0.344520,342.848665
375,11dd74426e8374ac110c4036c77c09ab_000000000415,0.344520,1832.403561
376,11dd74426e8374ac110c4036c77c09ab_000000000416,0.344520,340.059347
376,11dd74426e8374ac110c4036c77c09ab_000000000416,0.344520,1835.489614
377,11dd74426e8374ac110c4036c77c09ab_000000000417,0.344520,328.427300
377,11dd74426e8374ac110c4036c77c09ab_000000000417,0.344520,1708.961424
378,11dd74426e8374ac110c4036c77c09ab_000000000418,0.344520,323.323442
378,11dd74426e8374ac110c4036c77c09ab_000000000418,0.344520,1680.474777
379,11dd74426e8374ac110c4036c77c09ab_000000000419,0.338788,311.162123
379,11dd74426e8374ac110c4036c77c09ab_000000000419,0.338788,1629.842181
380,11dd74426e8374ac110c4036c77c09ab_000000000420,0.338788,284.476327
380,11dd74426e8374ac110c4036c77c09ab_000000000420,0.338788,1619.512195
381,11dd74426e8374ac110c4036c77c09ab_000000000421,0.338788,284.763271
381,11dd74426e8374ac110c4036c77c09ab_000000000421,0.338788,1608.493544
382,11dd74426e8374ac110c4036c77c09ab_000000000422,0.344520,293.234421
382,11dd74426e8374ac110c4036c77c09ab_000000000422,0.344520,1664.569733
383,11dd74426e8374ac110c4036c77c09ab_000000000423,0.350446,302.057108
383,11dd74426e8374ac110c4036c77c09ab_000000000423,0.350446,1707.583666
384,11dd74426e8374ac110c4036c77c09ab_000000000424,0.338788,277.360115
384,11dd74426e8374ac110c4036c77c09ab_000000000424,0.338788,1609.182209
385,11dd74426e8374ac110c4036c77c09ab_000000000425,0.333241,270.016657
385,11dd74426e8374ac110c4036c77c09ab_000000000425,0.333241,1548.250972
386,11dd74426e8374ac110c4036c77c09ab_000000000426,0.350446,303.899294
386,11dd74426e8374ac110c4036c77c09ab_000000000426,0.350446,1712.496162
387,11dd74426e8374ac110c4036c77c09ab_000000000427,0.350446,301.995702
387,11dd74426e8374ac110c4036c77c09ab_000000000427,0.350446,1691.618053
388,11dd74426e8374ac110c4036c77c09ab_000000000428,0.350446,299.907891
388,11dd74426e8374ac110c4036c77c09ab_000000000428,0.350446,1690.144305
389,11dd74426e8374ac110c4036c77c09ab_000000000429,0.338788,285.566714
389,11dd74426e8374ac110c4036c77c09ab_000000000429,0.338788,1536.413199
390,11dd74426e8374ac110c4036c77c09ab_000000000430,0.338788,283.902439
390,11dd74426e8374ac110c4036c77c09ab_000000000430,0.338788,1514.605452
391,11dd74426e8374ac110c4036c77c09ab_000000000431,0.338788,286.140603
391,11dd74426e8374ac110c4036c77c09ab_000000000431,0.338788,1496.011478
392,11dd74426e8374ac110c4036c77c09ab_000000000432,0.338788,285.624103
392,11dd74426e8374ac110c4036c77c09ab_000000000432,0.338788,1487.288379
393,11dd74426e8374ac110c4036c77c09ab_000000000433,0.344520,292.462908
393,11dd74426e8374ac110c4036c77c09ab_000000000433,0.344520,1583.145401
394,11dd74426e8374ac110c4036c77c09ab_000000000434,0.344520,285.341246
394,11dd74426e8374ac110c4036c77c09ab_000000000434,0.344520,1612.581602
395,11dd74426e8374ac110c4036c77c09ab_000000000435,0.344520,285.816024
395,11dd74426e8374ac110c4036c77c09ab_000000000435,0.344520,1613.768546
396,11dd74426e8374ac110c4036c77c09ab_000000000436,0.338788,275.982783
396,11dd74426e8374ac110c4036c77c09ab_000000000436,0.338788,1558.909613
397,11dd74426e8374ac110c4036c77c09ab_000000000437,0.338788,275.581062
397,11dd74426e8374ac110c4036c77c09ab_000000000437,0.338788,1560.516499
398,11dd74426e8374ac110c4036c77c09ab_000000000438,0.344520,288.249258
398,11dd74426e8374ac110c4036c77c09ab_000000000438,0.344520,1621.127596
399,11dd74426e8374ac110c4036c77c09ab_000000000439,0.344520,286.824926
399,11dd74426e8374ac110c4036c77c09ab_000000000439,0.344520,1619.703264
400,11dd74426e8374ac110c4036c77c09ab_000000000440,0.338788,275.695839
400,11dd74426e8374ac110c4036c77c09ab_000000000440,0.338788,1585.308465
401,11dd74426e8374ac110c4036c77c09ab_000000000441,0.338788,271.908178
401,11dd74426e8374ac110c4036c77c09ab_000000000441,0.338788,1552.941176
402,11dd74426e8374ac110c4036c77c09ab_000000000442,0.338788,273.228121
402,11dd74426e8374ac110c4036c77c09ab_000000000442,0.338788,1557.532281
403,11dd74426e8374ac110c4036c77c09ab_000000000443,0.338788,268.751793
403,11dd74426e8374ac110c4036c77c09ab_000000000443,0.338788,1565.107604
404,11dd74426e8374ac110c4036c77c09ab_000000000444,0.338788,271.736011
404,11dd74426e8374ac110c4036c77c09ab_000000000444,0.338788,1565.566714
405,11dd74426e8374ac110c4036c77c09ab_000000000445,0.344520,270.979228
405,11dd74426e8374ac110c4036c77c09ab_000000000445,0.344520,1618.278932
406,11dd74426e8374ac110c4036c77c09ab_000000000446,0.344520,269.910979
406,11dd74426e8374ac110c4036c77c09ab_000000000446,0.344520,1616.854599
407,11dd74426e8374ac110c4036c77c09ab_000000000447,0.344520,272.047478
407,11dd74426e8374ac110c4036c77c09ab_000000000447,0.344520,1614.955490
408,11dd74426e8374ac110c4036c77c09ab_000000000448,0.344520,276.735905
408,11dd74426e8374ac110c4036c77c09ab_000000000448,0.344520,1626.112760
409,11dd74426e8374ac110c4036c77c09ab_000000000449,0.344520,262.225519
409,11dd74426e8374ac110c4036c77c09ab_000000000449,0.344520,1548.931751
409,11dd74426e8374ac110c4036c77c09ab_000000000449,0.344520,935.667656
410,11dd74426e8374ac110c4036c77c09ab_000000000450,0.344520,243.738872
410,11dd74426e8374ac110c4036c77c09ab_000000000450,0.344520,1534.955490
410,11dd74426e8374ac110c4036c77c09ab_000000000450,0.344520,1.431751
410,11dd74426e8374ac110c4036c77c09ab_000000000450,0.344520,901.958457
411,11dd74426e8374ac110c4036c77c09ab_000000000451,0.338788,235.408895
411,11dd74426e8374ac110c4036c77c09ab_000000000451,0.338788,1487.747489
411,11dd74426e8374ac110c4036c77c09ab_000000000451,0.338788,872.195122
412,11dd74426e8374ac110c4036c77c09ab_000000000452,0.338788,233.916786
412,11dd74426e8374ac110c4036c77c09ab_000000000452,0.338788,1470.071736
412,11dd74426e8374ac110c4036c77c09ab_000000000452,0.338788,0.688666
412,11dd74426e8374ac110c4036c77c09ab_000000000452,0.338788,860.373027
413,11dd74426e8374ac110c4036c77c09ab_000000000453,0.338788,230.588235
413,11dd74426e8374ac110c4036c77c09ab_000000000453,0.338788,1465.480631
413,11dd74426e8374ac110c4036c77c09ab_000000000453,0.338788,860.946915
414,11dd74426e8374ac110c4036c77c09ab_000000000454,0.338788,237.647059
414,11dd74426e8374ac110c4036c77c09ab_000000000454,0.338788,1478.106169
414,11dd74426e8374ac110c4036c77c09ab_000000000454,0.338788,868.063128
415,11dd74426e8374ac110c4036c77c09ab_000000000455,0.338788,232.711621
415,11dd74426e8374ac110c4036c77c09ab_000000000455,0.338788,1466.857963
415,11dd74426e8374ac110c4036c77c09ab_000000000455,0.338788,861.061693
416,11dd74426e8374ac110c4036c77c09ab_000000000456,0.338788,235.408895
416,11dd74426e8374ac110c4036c77c09ab_000000000456,0.338788,1452.166428
416,11dd74426e8374ac110c4036c77c09ab_000000000456,0.338788,849.239598
417,11dd74426e8374ac110c4036c77c09ab_000000000457,0.344520,242.314540
417,11dd74426e8374ac110c4036c77c09ab_000000000457,0.344520,1489.851632
417,11dd74426e8374ac110c4036c77c09ab_000000000457,0.344520,871.335312
418,11dd74426e8374ac110c4036c77c09ab_000000000458,0.338788,238.622669
418,11dd74426e8374ac110c4036c77c09ab_000000000458,0.338788,1442.065997
418,11dd74426e8374ac110c4036c77c09ab_000000000458,0.338788,851.535151
419,11dd74426e8374ac110c4036c77c09ab_000000000459,0.338788,230.014347
419,11dd74426e8374ac110c4036c77c09ab_000000000459,0.338788,1425.767575
419,11dd74426e8374ac110c4036c77c09ab_000000000459,0.338788,830.760402
420,11dd74426e8374ac110c4036c77c09ab_000000000460,0.344520,241.305638
420,11dd74426e8374ac110c4036c77c09ab_000000000460,0.344520,1562.255193
420,11dd74426e8374ac110c4036c77c09ab_000000000460,0.344520,857.685460
421,11dd74426e8374ac110c4036c77c09ab_000000000461,0.344520,227.418398
421,11dd74426e8374ac110c4036c77c09ab_000000000461,0.344520,1472.997033
421,11dd74426e8374ac110c4036c77c09ab_000000000461,0.344520,867.537092
422,11dd74426e8374ac110c4036c77c09ab_000000000462,0.344520,225.934718
422,11dd74426e8374ac110c4036c77c09ab_000000000462,0.344520,1489.851632
422,11dd74426e8374ac110c4036c77c09ab_000000000462,0.344520,860.296736
423,11dd74426e8374ac110c4036c77c09ab_000000000463,0.344520,231.216617
423,11dd74426e8374ac110c4036c77c09ab_000000000463,0.344520,1491.750742
423,11dd74426e8374ac110c4036c77c09ab_000000000463,0.344520,831.632047
424,11dd74426e8374ac110c4036c77c09ab_000000000464,0.344520,226.290801
424,11dd74426e8374ac110c4036c77c09ab_000000000464,0.344520,1463.501484
424,11dd74426e8374ac110c4036c77c09ab_000000000464,0.344520,812.344214
425,11dd74426e8374ac110c4036c77c09ab_000000000465,0.344520,225.400593
425,11dd74426e8374ac110c4036c77c09ab_000000000465,0.344520,1461.364985
425,11dd74426e8374ac110c4036c77c09ab_000000000465,0.344520,792.878338
426,11dd74426e8374ac110c4036c77c09ab_000000000466,0.344520,210.563798
426,11dd74426e8374ac110c4036c77c09ab_000000000466,0.344520,1487.715134
426,11dd74426e8374ac110c4036c77c09ab_000000000466,0.344520,630.504451
427,11dd74426e8374ac110c4036c77c09ab_000000000467,0.344520,206.706231
427,11dd74426e8374ac110c4036c77c09ab_000000000467,0.344520,1482.017804
427,11dd74426e8374ac110c4036c77c09ab_000000000467,0.344520,637.626113
428,11dd74426e8374ac110c4036c77c09ab_000000000468,0.344520,221.068249
428,11dd74426e8374ac110c4036c77c09ab_000000000468,0.344520,1410.801187
428,11dd74426e8374ac110c4036c77c09ab_000000000468,0.344520,566.172107
429,11dd74426e8374ac110c4036c77c09ab_000000000469,0.344520,222.670623
429,11dd74426e8374ac110c4036c77c09ab_000000000469,0.344520,1524.272997
429,11dd74426e8374ac110c4036c77c09ab_000000000469,0.344520,555.489614
430,11dd74426e8374ac110c4036c77c09ab_000000000470,0.338788,236.786227
430,11dd74426e8374ac110c4036c77c09ab_000000000470,0.338788,1336.011478
430,11dd74426e8374ac110c4036c77c09ab_000000000470,0.338788,563.558106
431,11dd74426e8374ac110c4036c77c09ab_000000000471,0.327869,208.438592
431,11dd74426e8374ac110c4036c77c09ab_000000000471,0.327869,1391.883902
431,11dd74426e8374ac110c4036c77c09ab_000000000471,0.327869,553.184628
432,11dd74426e8374ac110c4036c77c09ab_000000000472,0.344520,221.186944
432,11dd74426e8374ac110c4036c77c09ab_000000000472,0.344520,1558.931751
432,11dd74426e8374ac110c4036c77c09ab_000000000472,0.344520,603.442136
433,11dd74426e8374ac110c4036c77c09ab_000000000473,0.338788,182.898135
433,11dd74426e8374ac110c4036c77c09ab_000000000473,0.338788,1392.252511
433,11dd74426e8374ac110c4036c77c09ab_000000000473,0.338788,599.540890
434,11dd74426e8374ac110c4036c77c09ab_000000000474,0.333241,175.069406
434,11dd74426e8374ac110c4036c77c09ab_000000000474,0.333241,1355.913381
434,11dd74426e8374ac110c4036c77c09ab_000000000474,0.333241,581.565797
435,11dd74426e8374ac110c4036c77c09ab_000000000475,0.344520,176.498516
435,11dd74426e8374ac110c4036c77c09ab_000000000475,0.344520,1410.801187
435,11dd74426e8374ac110c4036c77c09ab_000000000475,0.344520,671.038576
436,11dd74426e8374ac110c4036c77c09ab_000000000476,0.344520,172.937685
436,11dd74426e8374ac110c4036c77c09ab_000000000476,0.344520,1431.216617
436,11dd74426e8374ac110c4036c77c09ab_000000000476,0.344520,668.011869
437,11dd74426e8374ac110c4036c77c09ab_000000000477,0.344520,156.795252
437,11dd74426e8374ac110c4036c77c09ab_000000000477,0.344520,1454.243323
437,11dd74426e8374ac110c4036c77c09ab_000000000477,0.344520,727.715134
438,11dd74426e8374ac110c4036c77c09ab_000000000478,0.344520,153.115727
438,11dd74426e8374ac110c4036c77c09ab_000000000478,0.344520,1465.400593
438,11dd74426e8374ac110c4036c77c09ab_000000000478,0.344520,749.080119
439,11dd74426e8374ac110c4036c77c09ab_000000000479,0.344520,158.456973
439,11dd74426e8374ac110c4036c77c09ab_000000000479,0.344520,1446.884273
439,11dd74426e8374ac110c4036c77c09ab_000000000479,0.344520,749.080119
440,11dd74426e8374ac110c4036c77c09ab_000000000480,0.337676,153.477765
440,11dd74426e8374ac110c4036c77c09ab_000000000480,0.337676,1385.176739
440,11dd74426e8374ac110c4036c77c09ab_000000000480,0.337676,708.095781
441,11dd74426e8374ac110c4036c77c09ab_000000000481,0.337676,145.895097
441,11dd74426e8374ac110c4036c77c09ab_000000000481,0.337676,1380.159635
441,11dd74426e8374ac110c4036c77c09ab_000000000481,0.337676,703.078677
442,11dd74426e8374ac110c4036c77c09ab_000000000482,0.337676,143.101482
442,11dd74426e8374ac110c4036c77c09ab_000000000482,0.337676,1373.090080
442,11dd74426e8374ac110c4036c77c09ab_000000000482,0.337676,695.438997
443,11dd74426e8374ac110c4036c77c09ab_000000000483,0.337676,143.386545
443,11dd74426e8374ac110c4036c77c09ab_000000000483,0.337676,1358.266819
443,11dd74426e8374ac110c4036c77c09ab_000000000483,0.337676,705.644242
444,11dd74426e8374ac110c4036c77c09ab_000000000484,0.338788,141.291248
444,11dd74426e8374ac110c4036c77c09ab_000000000484,0.338788,1362.180775
444,11dd74426e8374ac110c4036c77c09ab_000000000484,0.338788,617.733142
445,11dd74426e8374ac110c4036c77c09ab_000000000485,0.343351,151.370469
445,11dd74426e8374ac110c4036c77c09ab_000000000485,0.343351,1371.765399
445,11dd74426e8374ac110c4036c77c09ab_000000000485,0.343351,613.852048
446,11dd74426e8374ac110c4036c77c09ab_000000000486,0.343351,152.844091
446,11dd74426e8374ac110c4036c77c09ab_000000000486,0.343351,1356.675508
446,11dd74426e8374ac110c4036c77c09ab_000000000486,0.343351,643.560271
447,11dd74426e8374ac110c4036c77c09ab_000000000487,0.343351,153.315650
447,11dd74426e8374ac110c4036c77c09ab_000000000487,0.343351,1376.009431
447,11dd74426e8374ac110c4036c77c09ab_000000000487,0.343351,504.450339
448,11dd74426e8374ac110c4036c77c09ab_000000000488,0.343351,152.903036
448,11dd74426e8374ac110c4036c77c09ab_000000000488,0.343351,1368.464486
448,11dd74426e8374ac110c4036c77c09ab_000000000488,0.343351,478.396699
449,11dd74426e8374ac110c4036c77c09ab_000000000489,0.344520,156.617211
449,11dd74426e8374ac110c4036c77c09ab_000000000489,0.344520,1374.955490
449,11dd74426e8374ac110c4036c77c09ab_000000000489,0.344520,519.762611
450,11dd74426e8374ac110c4036c77c09ab_000000000490,0.344520,153.709199
450,11dd74426e8374ac110c4036c77c09ab_000000000490,0.344520,1361.661721
450,11dd74426e8374ac110c4036c77c09ab_000000000490,0.344520,549.198813
451,11dd74426e8374ac110c4036c77c09ab_000000000491,0.344520,162.077151
451,11dd74426e8374ac110c4036c77c09ab_000000000491,0.344520,1363.086053
451,11dd74426e8374ac110c4036c77c09ab_000000000491,0.344520,551.810089
452,11dd74426e8374ac110c4036c77c09ab_000000000492,0.344520,161.780415
452,11dd74426e8374ac110c4036c77c09ab_000000000492,0.344520,1372.581602
452,11dd74426e8374ac110c4036c77c09ab_000000000492,0.344520,556.676558
453,11dd74426e8374ac110c4036c77c09ab_000000000493,0.337676,153.990878
453,11dd74426e8374ac110c4036c77c09ab_000000000493,0.337676,1291.904219
453,11dd74426e8374ac110c4036c77c09ab_000000000493,0.337676,414.709236
454,11dd74426e8374ac110c4036c77c09ab_000000000494,0.338788,158.909613
454,11dd74426e8374ac110c4036c77c09ab_000000000494,0.338788,1292.395983
454,11dd74426e8374ac110c4036c77c09ab_000000000494,0.338788,394.835007
455,11dd74426e8374ac110c4036c77c09ab_000000000495,0.338788,160.000000
455,11dd74426e8374ac110c4036c77c09ab_000000000495,0.338788,1288.952654
455,11dd74426e8374ac110c4036c77c09ab_000000000495,0.338788,392.080344
456,11dd74426e8374ac110c4036c77c09ab_000000000496,0.344520,159.228487
456,11dd74426e8374ac110c4036c77c09ab_000000000496,0.344520,1343.620178
456,11dd74426e8374ac110c4036c77c09ab_000000000496,0.344520,374.124629
457,11dd74426e8374ac110c4036c77c09ab_000000000497,0.344520,159.228487
457,11dd74426e8374ac110c4036c77c09ab_000000000497,0.344520,1336.261128
457,11dd74426e8374ac110c4036c77c09ab_000000000497,0.344520,360.000000
458,11dd74426e8374ac110c4036c77c09ab_000000000498,0.344520,159.821958
458,11dd74426e8374ac110c4036c77c09ab_000000000498,0.344520,1342.195846
458,11dd74426e8374ac110c4036c77c09ab_000000000498,0.344520,395.370920
459,11dd74426e8374ac110c4036c77c09ab_000000000499,0.344520,161.958457
459,11dd74426e8374ac110c4036c77c09ab_000000000499,0.344520,1333.412463
459,11dd74426e8374ac110c4036c77c09ab_000000000499,0.344520,366.172107
460,11dd74426e8374ac110c4036c77c09ab_000000000500,0.344520,219.851632
460,11dd74426e8374ac110c4036c77c09ab_000000000500,0.344520,1113.293769
461,11dd74426e8374ac110c4036c77c09ab_000000000501,0.344520,196.320475
461,11dd74426e8374ac110c4036c77c09ab_000000000501,0.344520,1112.878338
462,11dd74426e8374ac110c4036c77c09ab_000000000502,0.344520,197.507418
462,11dd74426e8374ac110c4036c77c09ab_000000000502,0.344520,1104.569733
463,11dd74426e8374ac110c4036c77c09ab_000000000503,0.344520,191.869436
463,11dd74426e8374ac110c4036c77c09ab_000000000503,0.344520,1120.949555
464,11dd74426e8374ac110c4036c77c09ab_000000000504,0.344520,191.335312
464,11dd74426e8374ac110c4036c77c09ab_000000000504,0.344520,1118.813056
465,11dd74426e8374ac110c4036c77c09ab_000000000505,0.338788,180.487805
465,11dd74426e8374ac110c4036c77c09ab_000000000505,0.338788,1067.661406
466,11dd74426e8374ac110c4036c77c09ab_000000000506,0.344520,184.925816
466,11dd74426e8374ac110c4036c77c09ab_000000000506,0.344520,1105.281899
467,11dd74426e8374ac110c4036c77c09ab_000000000507,0.333241,176.235425
467,11dd74426e8374ac110c4036c77c09ab_000000000507,0.333241,1021.654636
468,11dd74426e8374ac110c4036c77c09ab_000000000508,0.338788,177.905308
468,11dd74426e8374ac110c4036c77c09ab_000000000508,0.338788,1049.985653
469,11dd74426e8374ac110c4036c77c09ab_000000000509,0.338788,174.404591
469,11dd74426e8374ac110c4036c77c09ab_000000000509,0.338788,1058.249641
470,11dd74426e8374ac110c4036c77c09ab_000000000510,0.338788,173.773314
470,11dd74426e8374ac110c4036c77c09ab_000000000510,0.338788,1042.410330
471,11dd74426e8374ac110c4036c77c09ab_000000000511,0.338788,169.296987
471,11dd74426e8374ac110c4036c77c09ab_000000000511,0.338788,1050.444763
472,11dd74426e8374ac110c4036c77c09ab_000000000512,0.333241,144.641866
472,11dd74426e8374ac110c4036c77c09ab_000000000512,0.333241,917.046086
473,11dd74426e8374ac110c4036c77c09ab_000000000513,0.333241,133.814547
473,11dd74426e8374ac110c4036c77c09ab_000000000513,0.333241,999.222654
474,11dd74426e8374ac110c4036c77c09ab_000000000514,0.338788,106.054519
474,11dd74426e8374ac110c4036c77c09ab_000000000514,0.338788,1086.484935
475,11dd74426e8374ac110c4036c77c09ab_000000000515,0.338788,124.763271
475,11dd74426e8374ac110c4036c77c09ab_000000000515,0.338788,1440.000000
476,11dd74426e8374ac110c4036c77c09ab_000000000516,0.344520,133.768546
476,11dd74426e8374ac110c4036c77c09ab_000000000516,0.344520,934.124629
477,11dd74426e8374ac110c4036c77c09ab_000000000517,0.338788,165.968436
477,11dd74426e8374ac110c4036c77c09ab_000000000517,0.338788,1648.895265
478,11dd74426e8374ac110c4036c77c09ab_000000000518,0.338788,168.091822
478,11dd74426e8374ac110c4036c77c09ab_000000000518,0.338788,1.979914
478,11dd74426e8374ac110c4036c77c09ab_000000000518,0.338788,44.304161
478,11dd74426e8374ac110c4036c77c09ab_000000000518,0.338788,970.100430
479,11dd74426e8374ac110c4036c77c09ab_000000000519,0.345599,176.709466
479,11dd74426e8374ac110c4036c77c09ab_000000000519,0.345599,1070.409077
480,11dd74426e8374ac110c4036c77c09ab_000000000520,0.345599,179.396835
480,11dd74426e8374ac110c4036c77c09ab_000000000520,0.345599,1105.046282
481,11dd74426e8374ac110c4036c77c09ab_000000000521,0.344520,178.872404
481,11dd74426e8374ac110c4036c77c09ab_000000000521,0.344520,1149.436202
482,11dd74426e8374ac110c4036c77c09ab_000000000522,0.344520,179.643917
482,11dd74426e8374ac110c4036c77c09ab_000000000522,0.344520,1165.578635
483,11dd74426e8374ac110c4036c77c09ab_000000000523,0.351581,185.599506
483,11dd74426e8374ac110c4036c77c09ab_000000000523,0.351581,1193.077874
484,11dd74426e8374ac110c4036c77c09ab_000000000524,0.350446,179.060485
484,11dd74426e8374ac110c4036c77c09ab_000000000524,0.350446,1191.034695
485,11dd74426e8374ac110c4036c77c09ab_000000000525,0.350446,175.990175
485,11dd74426e8374ac110c4036c77c09ab_000000000525,0.350446,1191.280319
486,11dd74426e8374ac110c4036c77c09ab_000000000526,0.344520,180.059347
486,11dd74426e8374ac110c4036c77c09ab_000000000526,0.344520,1134.005935
487,11dd74426e8374ac110c4036c77c09ab_000000000527,0.344520,179.465875
487,11dd74426e8374ac110c4036c77c09ab_000000000527,0.344520,1137.329377
488,11dd74426e8374ac110c4036c77c09ab_000000000528,0.344520,175.074184
488,11dd74426e8374ac110c4036c77c09ab_000000000528,0.344520,1097.448071
489,11dd74426e8374ac110c4036c77c09ab_000000000529,0.344520,174.302671
489,11dd74426e8374ac110c4036c77c09ab_000000000529,0.344520,1072.047478
490,11dd74426e8374ac110c4036c77c09ab_000000000530,0.345599,177.306659
490,11dd74426e8374ac110c4036c77c09ab_000000000530,0.345599,1061.331741
491,11dd74426e8374ac110c4036c77c09ab_000000000531,0.344520,178.575668
491,11dd74426e8374ac110c4036c77c09ab_000000000531,0.344520,1019.109792
492,11dd74426e8374ac110c4036c77c09ab_000000000532,0.344520,178.041543
492,11dd74426e8374ac110c4036c77c09ab_000000000532,0.344520,1010.801187
493,11dd74426e8374ac110c4036c77c09ab_000000000533,0.345599,180.770379
493,11dd74426e8374ac110c4036c77c09ab_000000000533,0.345599,1024.305763
494,11dd74426e8374ac110c4036c77c09ab_000000000534,0.345599,179.814870
494,11dd74426e8374ac110c4036c77c09ab_000000000534,0.345599,998.984772
495,11dd74426e8374ac110c4036c77c09ab_000000000535,0.327869,158.667025
495,11dd74426e8374ac110c4036c77c09ab_000000000535,0.327869,912.657888
496,11dd74426e8374ac110c4036c77c09ab_000000000536,0.345599,174.679009
496,11dd74426e8374ac110c4036c77c09ab_000000000536,0.345599,1004.001194
497,11dd74426e8374ac110c4036c77c09ab_000000000537,0.345599,181.307853
497,11dd74426e8374ac110c4036c77c09ab_000000000537,0.345599,985.129890
498,11dd74426e8374ac110c4036c77c09ab_000000000538,0.338788,165.164993
498,11dd74426e8374ac110c4036c77c09ab_000000000538,0.338788,951.736011
499,11dd74426e8374ac110c4036c77c09ab_000000000539,0.338788,170.731707
499,11dd74426e8374ac110c4036c77c09ab_000000000539,0.338788,951.047346
500,11dd74426e8374ac110c4036c77c09ab_000000000540,0.344520,177.329377
500,11dd74426e8374ac110c4036c77c09ab_000000000540,0.344520,962.848665
501,11dd74426e8374ac110c4036c77c09ab_000000000541,0.338788,172.051650
501,11dd74426e8374ac110c4036c77c09ab_000000000541,0.338788,1026.800574
502,11dd74426e8374ac110c4036c77c09ab_000000000542,0.338788,172.797704
502,11dd74426e8374ac110c4036c77c09ab_000000000542,0.338788,925.107604
503,11dd74426e8374ac110c4036c77c09ab_000000000543,0.338788,171.248207
503,11dd74426e8374ac110c4036c77c09ab_000000000543,0.338788,905.595409
504,11dd74426e8374ac110c4036c77c09ab_000000000553,0.345599,1030.785309
504,11dd74426e8374ac110c4036c77c09ab_000000000553,0.345599,200.791281
504,11dd74426e8374ac110c4036c77c09ab_000000000553,0.345599,1012.511197
504,11dd74426e8374ac110c4036c77c09ab_000000000553,0.345599,562.988952
504,11dd74426e8374ac110c4036c77c09ab_000000000553,0.345599,294.625261
505,11dd74426e8374ac110c4036c77c09ab_000000000554,0.338788,991.908178
505,11dd74426e8374ac110c4036c77c09ab_000000000554,0.338788,185.824964
505,11dd74426e8374ac110c4036c77c09ab_000000000554,0.338788,950.703013
505,11dd74426e8374ac110c4036c77c09ab_000000000554,0.338788,418.020086
505,11dd74426e8374ac110c4036c77c09ab_000000000554,0.338788,259.971306
506,11dd74426e8374ac110c4036c77c09ab_000000000555,0.333241,947.917823
506,11dd74426e8374ac110c4036c77c09ab_000000000555,0.333241,173.792338
506,11dd74426e8374ac110c4036c77c09ab_000000000555,0.333241,912.048862
506,11dd74426e8374ac110c4036c77c09ab_000000000555,0.333241,421.210439
506,11dd74426e8374ac110c4036c77c09ab_000000000555,0.333241,253.858967
507,11dd74426e8374ac110c4036c77c09ab_000000000556,0.345599,1018.094954
507,11dd74426e8374ac110c4036c77c09ab_000000000556,0.345599,198.566736
507,11dd74426e8374ac110c4036c77c09ab_000000000556,0.345599,975.335921
507,11dd74426e8374ac110c4036c77c09ab_000000000556,0.345599,440.250821
507,11dd74426e8374ac110c4036c77c09ab_000000000556,0.345599,260.017916
508,11dd74426e8374ac110c4036c77c09ab_000000000557,0.345599,1009.017617
508,11dd74426e8374ac110c4036c77c09ab_000000000557,0.345599,197.850105
508,11dd74426e8374ac110c4036c77c09ab_000000000557,0.345599,966.378023
508,11dd74426e8374ac110c4036c77c09ab_000000000557,0.345599,445.267244
508,11dd74426e8374ac110c4036c77c09ab_000000000557,0.345599,252.553001
509,11dd74426e8374ac110c4036c77c09ab_000000000558,0.345599,999.701403
509,11dd74426e8374ac110c4036c77c09ab_000000000558,0.345599,175.992834
509,11dd74426e8374ac110c4036c77c09ab_000000000558,0.345599,971.036130
509,11dd74426e8374ac110c4036c77c09ab_000000000558,0.345599,451.716930
509,11dd74426e8374ac110c4036c77c09ab_000000000558,0.345599,249.387877
510,11dd74426e8374ac110c4036c77c09ab_000000000559,0.345599,998.984772
510,11dd74426e8374ac110c4036c77c09ab_000000000559,0.345599,172.887429
510,11dd74426e8374ac110c4036c77c09ab_000000000559,0.345599,961.719916
510,11dd74426e8374ac110c4036c77c09ab_000000000559,0.345599,445.028367
510,11dd74426e8374ac110c4036c77c09ab_000000000559,0.345599,247.596297
511,11dd74426e8374ac110c4036c77c09ab_000000000560,0.345599,989.907435
511,11dd74426e8374ac110c4036c77c09ab_000000000560,0.345599,176.410869
511,11dd74426e8374ac110c4036c77c09ab_000000000560,0.345599,1100.029860
511,11dd74426e8374ac110c4036c77c09ab_000000000560,0.345599,441.863243
511,11dd74426e8374ac110c4036c77c09ab_000000000560,0.345599,243.296506
512,11dd74426e8374ac110c4036c77c09ab_000000000561,0.351581,1016.810878
512,11dd74426e8374ac110c4036c77c09ab_000000000561,0.351581,186.032138
512,11dd74426e8374ac110c4036c77c09ab_000000000561,0.351581,1055.253399
512,11dd74426e8374ac110c4036c77c09ab_000000000561,0.351581,474.969098
512,11dd74426e8374ac110c4036c77c09ab_000000000561,0.351581,240.111248
513,11dd74426e8374ac110c4036c77c09ab_000000000562,0.344520,970.682493
513,11dd74426e8374ac110c4036c77c09ab_000000000562,0.344520,178.694362
513,11dd74426e8374ac110c4036c77c09ab_000000000562,0.344520,1111.572700
513,11dd74426e8374ac110c4036c77c09ab_000000000562,0.344520,454.718101
513,11dd74426e8374ac110c4036c77c09ab_000000000562,0.344520,230.148368
514,11dd74426e8374ac110c4036c77c09ab_000000000563,0.345599,966.497462
514,11dd74426e8374ac110c4036c77c09ab_000000000563,0.345599,177.844133
514,11dd74426e8374ac110c4036c77c09ab_000000000563,0.345599,1190.803225
514,11dd74426e8374ac110c4036c77c09ab_000000000563,0.345599,453.389071
514,11dd74426e8374ac110c4036c77c09ab_000000000563,0.345599,224.066886
515,11dd74426e8374ac110c4036c77c09ab_000000000564,0.345599,960.764407
515,11dd74426e8374ac110c4036c77c09ab_000000000564,0.345599,176.888623
515,11dd74426e8374ac110c4036c77c09ab_000000000564,0.345599,1197.491789
515,11dd74426e8374ac110c4036c77c09ab_000000000564,0.345599,451.000299
515,11dd74426e8374ac110c4036c77c09ab_000000000564,0.345599,225.500149
516,11dd74426e8374ac110c4036c77c09ab_000000000565,0.345599,942.370857
516,11dd74426e8374ac110c4036c77c09ab_000000000565,0.345599,183.278591
516,11dd74426e8374ac110c4036c77c09ab_000000000565,0.345599,1218.393550
516,11dd74426e8374ac110c4036c77c09ab_000000000565,0.345599,436.428785
516,11dd74426e8374ac110c4036c77c09ab_000000000565,0.345599,224.783517
517,11dd74426e8374ac110c4036c77c09ab_000000000566,0.345599,926.604957
517,11dd74426e8374ac110c4036c77c09ab_000000000566,0.345599,181.367572
517,11dd74426e8374ac110c4036c77c09ab_000000000566,0.345599,1229.859660
517,11dd74426e8374ac110c4036c77c09ab_000000000566,0.345599,425.440430
517,11dd74426e8374ac110c4036c77c09ab_000000000566,0.345599,225.619588
518,11dd74426e8374ac110c4036c77c09ab_000000000567,0.345599,936.876680
518,11dd74426e8374ac110c4036c77c09ab_000000000567,0.345599,177.306659
518,11dd74426e8374ac110c4036c77c09ab_000000000567,0.345599,1238.936996
518,11dd74426e8374ac110c4036c77c09ab_000000000567,0.345599,409.674530
518,11dd74426e8374ac110c4036c77c09ab_000000000567,0.345599,220.961481
519,11dd74426e8374ac110c4036c77c09ab_000000000568,0.351581,951.050680
519,11dd74426e8374ac110c4036c77c09ab_000000000568,0.351581,180.840544
519,11dd74426e8374ac110c4036c77c09ab_000000000568,0.351581,1405.686032
519,11dd74426e8374ac110c4036c77c09ab_000000000568,0.351581,376.885043
519,11dd74426e8374ac110c4036c77c09ab_000000000568,0.351581,228.306551
520,11dd74426e8374ac110c4036c77c09ab_000000000569,0.351581,950.061805
520,11dd74426e8374ac110c4036c77c09ab_000000000569,0.351581,179.295426
520,11dd74426e8374ac110c4036c77c09ab_000000000569,0.351581,1408.776267
520,11dd74426e8374ac110c4036c77c09ab_000000000569,0.351581,371.199011
520,11dd74426e8374ac110c4036c77c09ab_000000000569,0.351581,234.487021
521,11dd74426e8374ac110c4036c77c09ab_000000000570,0.351581,950.309023
521,11dd74426e8374ac110c4036c77c09ab_000000000570,0.351581,179.357231
521,11dd74426e8374ac110c4036c77c09ab_000000000570,0.351581,1442.398022
521,11dd74426e8374ac110c4036c77c09ab_000000000570,0.351581,356.242274
521,11dd74426e8374ac110c4036c77c09ab_000000000570,0.351581,234.857849
522,11dd74426e8374ac110c4036c77c09ab_000000000571,0.351581,943.881335
522,11dd74426e8374ac110c4036c77c09ab_000000000571,0.351581,181.334981
522,11dd74426e8374ac110c4036c77c09ab_000000000571,0.351581,1440.543881
522,11dd74426e8374ac110c4036c77c09ab_000000000571,0.351581,348.578492
522,11dd74426e8374ac110c4036c77c09ab_000000000571,0.351581,235.290482
523,11dd74426e8374ac110c4036c77c09ab_000000000572,0.345599,905.822634
523,11dd74426e8374ac110c4036c77c09ab_000000000572,0.345599,171.931920
523,11dd74426e8374ac110c4036c77c09ab_000000000572,0.345599,1416.064497
523,11dd74426e8374ac110c4036c77c09ab_000000000572,0.345599,325.530009
523,11dd74426e8374ac110c4036c77c09ab_000000000572,0.345599,216.183936
524,11dd74426e8374ac110c4036c77c09ab_000000000573,0.345599,900.328456
524,11dd74426e8374ac110c4036c77c09ab_000000000573,0.345599,170.319498
524,11dd74426e8374ac110c4036c77c09ab_000000000573,0.345599,1430.397133
524,11dd74426e8374ac110c4036c77c09ab_000000000573,0.345599,318.244252
524,11dd74426e8374ac110c4036c77c09ab_000000000573,0.345599,211.286951
525,11dd74426e8374ac110c4036c77c09ab_000000000574,0.344520,889.495549
525,11dd74426e8374ac110c4036c77c09ab_000000000574,0.344520,170.979228
525,11dd74426e8374ac110c4036c77c09ab_000000000574,0.344520,1369.495549
525,11dd74426e8374ac110c4036c77c09ab_000000000574,0.344520,311.216617
525,11dd74426e8374ac110c4036c77c09ab_000000000574,0.344520,208.071217
526,11dd74426e8374ac110c4036c77c09ab_000000000575,0.338788,831.449067
526,11dd74426e8374ac110c4036c77c09ab_000000000575,0.338788,162.582496
526,11dd74426e8374ac110c4036c77c09ab_000000000575,0.338788,1523.328551
526,11dd74426e8374ac110c4036c77c09ab_000000000575,0.338788,275.121951
526,11dd74426e8374ac110c4036c77c09ab_000000000575,0.338788,235.179340
527,11dd74426e8374ac110c4036c77c09ab_000000000576,0.338788,822.266858
527,11dd74426e8374ac110c4036c77c09ab_000000000576,0.338788,162.180775
527,11dd74426e8374ac110c4036c77c09ab_000000000576,0.338788,1537.905308
527,11dd74426e8374ac110c4036c77c09ab_000000000576,0.338788,271.219512
527,11dd74426e8374ac110c4036c77c09ab_000000000576,0.338788,191.678623
528,11dd74426e8374ac110c4036c77c09ab_000000000577,0.338788,828.464849
528,11dd74426e8374ac110c4036c77c09ab_000000000577,0.338788,167.116212
528,11dd74426e8374ac110c4036c77c09ab_000000000577,0.338788,1577.044476
528,11dd74426e8374ac110c4036c77c09ab_000000000577,0.338788,243.443329
528,11dd74426e8374ac110c4036c77c09ab_000000000577,0.338788,187.087518
529,11dd74426e8374ac110c4036c77c09ab_000000000578,0.338788,828.923960
529,11dd74426e8374ac110c4036c77c09ab_000000000578,0.338788,167.747489
529,11dd74426e8374ac110c4036c77c09ab_000000000578,0.338788,1570.272597
529,11dd74426e8374ac110c4036c77c09ab_000000000578,0.338788,238.852224
529,11dd74426e8374ac110c4036c77c09ab_000000000578,0.338788,184.218077
530,11dd74426e8374ac110c4036c77c09ab_000000000579,0.338788,809.870875
530,11dd74426e8374ac110c4036c77c09ab_000000000579,0.338788,168.723099
530,11dd74426e8374ac110c4036c77c09ab_000000000579,0.338788,1628.464849
530,11dd74426e8374ac110c4036c77c09ab_000000000579,0.338788,231.219512
530,11dd74426e8374ac110c4036c77c09ab_000000000579,0.338788,225.767575
531,11dd74426e8374ac110c4036c77c09ab_000000000580,0.338788,807.345768
531,11dd74426e8374ac110c4036c77c09ab_000000000580,0.338788,169.985653
531,11dd74426e8374ac110c4036c77c09ab_000000000580,0.338788,1741.520803
531,11dd74426e8374ac110c4036c77c09ab_000000000580,0.338788,228.809182
531,11dd74426e8374ac110c4036c77c09ab_000000000580,0.338788,227.604017
532,11dd74426e8374ac110c4036c77c09ab_000000000581,0.338788,799.311334
532,11dd74426e8374ac110c4036c77c09ab_000000000581,0.338788,170.846485
532,11dd74426e8374ac110c4036c77c09ab_000000000581,0.338788,1771.477762
532,11dd74426e8374ac110c4036c77c09ab_000000000581,0.338788,0.918221
532,11dd74426e8374ac110c4036c77c09ab_000000000581,0.338788,234.146341
532,11dd74426e8374ac110c4036c77c09ab_000000000581,0.338788,233.916786
533,11dd74426e8374ac110c4036c77c09ab_000000000582,0.338788,811.707317
533,11dd74426e8374ac110c4036c77c09ab_000000000582,0.338788,171.420373
533,11dd74426e8374ac110c4036c77c09ab_000000000582,0.338788,1822.898135
533,11dd74426e8374ac110c4036c77c09ab_000000000582,0.338788,283.443329
533,11dd74426e8374ac110c4036c77c09ab_000000000582,0.338788,236.097561
534,11dd74426e8374ac110c4036c77c09ab_000000000583,0.338788,802.984218
534,11dd74426e8374ac110c4036c77c09ab_000000000583,0.338788,172.797704
534,11dd74426e8374ac110c4036c77c09ab_000000000583,0.338788,1839.081779
534,11dd74426e8374ac110c4036c77c09ab_000000000583,0.338788,273.744620
534,11dd74426e8374ac110c4036c77c09ab_000000000583,0.338788,239.540890
535,11dd74426e8374ac110c4036c77c09ab_000000000584,0.338788,844.533716
535,11dd74426e8374ac110c4036c77c09ab_000000000584,0.338788,167.575323
535,11dd74426e8374ac110c4036c77c09ab_000000000584,0.338788,1656.700143
535,11dd74426e8374ac110c4036c77c09ab_000000000584,0.338788,0.975610
535,11dd74426e8374ac110c4036c77c09ab_000000000584,0.338788,244.935438
535,11dd74426e8374ac110c4036c77c09ab_000000000584,0.338788,238.794835
536,11dd74426e8374ac110c4036c77c09ab_000000000585,0.339814,866.281755
536,11dd74426e8374ac110c4036c77c09ab_000000000585,0.339814,171.824480
536,11dd74426e8374ac110c4036c77c09ab_000000000585,0.339814,1796.304850
536,11dd74426e8374ac110c4036c77c09ab_000000000585,0.339814,246.824480
536,11dd74426e8374ac110c4036c77c09ab_000000000585,0.339814,243.533487
538,11dd74426e8374ac110c4036c77c09ab_000000000593,0.339814,635.796767
538,11dd74426e8374ac110c4036c77c09ab_000000000593,0.339814,372.863741
538,11dd74426e8374ac110c4036c77c09ab_000000000593,0.339814,141.685912
538,11dd74426e8374ac110c4036c77c09ab_000000000593,0.339814,1716.281755
538,11dd74426e8374ac110c4036c77c09ab_000000000593,0.339814,93.360277
539,11dd74426e8374ac110c4036c77c09ab_000000000594,0.339814,623.325635
539,11dd74426e8374ac110c4036c77c09ab_000000000594,0.339814,366.281755
539,11dd74426e8374ac110c4036c77c09ab_000000000594,0.339814,130.369515
539,11dd74426e8374ac110c4036c77c09ab_000000000594,0.339814,1729.099307
539,11dd74426e8374ac110c4036c77c09ab_000000000594,0.339814,100.750577
540,11dd74426e8374ac110c4036c77c09ab_000000000595,0.344520,635.489614
540,11dd74426e8374ac110c4036c77c09ab_000000000595,0.344520,358.575668
540,11dd74426e8374ac110c4036c77c09ab_000000000595,0.344520,137.151335
540,11dd74426e8374ac110c4036c77c09ab_000000000595,0.344520,1765.934718
540,11dd74426e8374ac110c4036c77c09ab_000000000595,0.344520,111.038576
541,11dd74426e8374ac110c4036c77c09ab_000000000596,0.344520,722.611276
541,11dd74426e8374ac110c4036c77c09ab_000000000596,0.344520,357.151335
541,11dd74426e8374ac110c4036c77c09ab_000000000596,0.344520,137.566766
541,11dd74426e8374ac110c4036c77c09ab_000000000596,0.344520,1758.813056
541,11dd74426e8374ac110c4036c77c09ab_000000000596,0.344520,114.183976
542,11dd74426e8374ac110c4036c77c09ab_000000000597,0.338788,729.756098
542,11dd74426e8374ac110c4036c77c09ab_000000000597,0.338788,330.215208
542,11dd74426e8374ac110c4036c77c09ab_000000000597,0.338788,125.624103
542,11dd74426e8374ac110c4036c77c09ab_000000000597,0.338788,1678.163558
542,11dd74426e8374ac110c4036c77c09ab_000000000597,0.338788,99.167862
543,11dd74426e8374ac110c4036c77c09ab_000000000598,0.333241,665.630205
543,11dd74426e8374ac110c4036c77c09ab_000000000598,0.333241,307.384786
543,11dd74426e8374ac110c4036c77c09ab_000000000598,0.333241,118.323154
543,11dd74426e8374ac110c4036c77c09ab_000000000598,0.333241,1626.873959
543,11dd74426e8374ac110c4036c77c09ab_000000000598,0.333241,105.830094
544,11dd74426e8374ac110c4036c77c09ab_000000000599,0.333241,635.563576
544,11dd74426e8374ac110c4036c77c09ab_000000000599,0.333241,383.564686
544,11dd74426e8374ac110c4036c77c09ab_000000000599,0.333241,172.765130
544,11dd74426e8374ac110c4036c77c09ab_000000000599,0.333241,1989.408662
545,11dd74426e8374ac110c4036c77c09ab_000000000600,0.339814,675.750577
545,11dd74426e8374ac110c4036c77c09ab_000000000600,0.339814,400.923788
545,11dd74426e8374ac110c4036c77c09ab_000000000600,0.339814,162.355658
545,11dd74426e8374ac110c4036c77c09ab_000000000600,0.339814,1969.284065
546,11dd74426e8374ac110c4036c77c09ab_000000000601,0.339814,678.752887
546,11dd74426e8374ac110c4036c77c09ab_000000000601,0.339814,402.655889
546,11dd74426e8374ac110c4036c77c09ab_000000000601,0.339814,164.260970
546,11dd74426e8374ac110c4036c77c09ab_000000000601,0.339814,1963.279446
547,11dd74426e8374ac110c4036c77c09ab_000000000602,0.345599,686.294416
547,11dd74426e8374ac110c4036c77c09ab_000000000602,0.345599,408.360705
547,11dd74426e8374ac110c4036c77c09ab_000000000602,0.345599,166.437743
547,11dd74426e8374ac110c4036c77c09ab_000000000602,0.345599,2102.358913
548,11dd74426e8374ac110c4036c77c09ab_000000000603,0.345599,687.966557
548,11dd74426e8374ac110c4036c77c09ab_000000000603,0.345599,405.255300
548,11dd74426e8374ac110c4036c77c09ab_000000000603,0.345599,165.780830
548,11dd74426e8374ac110c4036c77c09ab_000000000603,0.345599,2090.773365
549,11dd74426e8374ac110c4036c77c09ab_000000000604,0.343351,658.060713
549,11dd74426e8374ac110c4036c77c09ab_000000000604,0.343351,406.248158
549,11dd74426e8374ac110c4036c77c09ab_000000000604,0.343351,160.212202
549,11dd74426e8374ac110c4036c77c09ab_000000000604,0.343351,2066.961391
550,11dd74426e8374ac110c4036c77c09ab_000000000605,0.322665,590.317543
550,11dd74426e8374ac110c4036c77c09ab_000000000605,0.322665,358.146799
550,11dd74426e8374ac110c4036c77c09ab_000000000605,0.322665,137.428423
550,11dd74426e8374ac110c4036c77c09ab_000000000605,0.322665,1809.682457
551,11dd74426e8374ac110c4036c77c09ab_000000000606,0.322665,593.857366
551,11dd74426e8374ac110c4036c77c09ab_000000000606,0.322665,356.793337
551,11dd74426e8374ac110c4036c77c09ab_000000000606,0.322665,136.855804
551,11dd74426e8374ac110c4036c77c09ab_000000000606,0.322665,1824.986986
552,11dd74426e8374ac110c4036c77c09ab_000000000607,0.307984,570.263220
552,11dd74426e8374ac110c4036c77c09ab_000000000607,0.307984,312.544463
552,11dd74426e8374ac110c4036c77c09ab_000000000607,0.307984,125.160066
552,11dd74426e8374ac110c4036c77c09ab_000000000607,0.307984,1738.771639
553,11dd74426e8374ac110c4036c77c09ab_000000000608,0.307984,578.989803
553,11dd74426e8374ac110c4036c77c09ab_000000000608,0.307984,307.517192
553,11dd74426e8374ac110c4036c77c09ab_000000000608,0.307984,126.488025
553,11dd74426e8374ac110c4036c77c09ab_000000000608,0.307984,1685.179037
554,11dd74426e8374ac110c4036c77c09ab_000000000609,0.333241,655.413659
554,11dd74426e8374ac110c4036c77c09ab_000000000609,0.333241,355.580233
554,11dd74426e8374ac110c4036c77c09ab_000000000609,0.333241,152.304275
554,11dd74426e8374ac110c4036c77c09ab_000000000609,0.333241,1969.239311
555,11dd74426e8374ac110c4036c77c09ab_000000000610,0.322665,665.070276
555,11dd74426e8374ac110c4036c77c09ab_000000000610,0.322665,334.617387
555,11dd74426e8374ac110c4036c77c09ab_000000000610,0.322665,141.905258
555,11dd74426e8374ac110c4036c77c09ab_000000000610,0.322665,1846.746486
556,11dd74426e8374ac110c4036c77c09ab_000000000611,0.344520,779.821958
556,11dd74426e8374ac110c4036c77c09ab_000000000611,0.344520,440.237389
556,11dd74426e8374ac110c4036c77c09ab_000000000611,0.344520,163.501484
556,11dd74426e8374ac110c4036c77c09ab_000000000611,0.344520,2130.445104
557,11dd74426e8374ac110c4036c77c09ab_000000000612,0.339814,700.000000
557,11dd74426e8374ac110c4036c77c09ab_000000000612,0.339814,453.117783
557,11dd74426e8374ac110c4036c77c09ab_000000000612,0.339814,157.101617
557,11dd74426e8374ac110c4036c77c09ab_000000000612,0.339814,2051.039261
558,11dd74426e8374ac110c4036c77c09ab_000000000613,0.338788,685.451937
558,11dd74426e8374ac110c4036c77c09ab_000000000613,0.338788,456.011478
558,11dd74426e8374ac110c4036c77c09ab_000000000613,0.338788,153.974175
558,11dd74426e8374ac110c4036c77c09ab_000000000613,0.338788,2045.911047
559,11dd74426e8374ac110c4036c77c09ab_000000000614,0.338788,685.451937
559,11dd74426e8374ac110c4036c77c09ab_000000000614,0.338788,448.550933
559,11dd74426e8374ac110c4036c77c09ab_000000000614,0.338788,153.802009
559,11dd74426e8374ac110c4036c77c09ab_000000000614,0.338788,2036.843615
560,11dd74426e8374ac110c4036c77c09ab_000000000615,0.338788,687.517934
560,11dd74426e8374ac110c4036c77c09ab_000000000615,0.338788,455.208034
560,11dd74426e8374ac110c4036c77c09ab_000000000615,0.338788,154.088953
560,11dd74426e8374ac110c4036c77c09ab_000000000615,0.338788,2027.890961
561,11dd74426e8374ac110c4036c77c09ab_000000000616,0.339814,678.983834
561,11dd74426e8374ac110c4036c77c09ab_000000000616,0.339814,468.822171
561,11dd74426e8374ac110c4036c77c09ab_000000000616,0.339814,151.039261
561,11dd74426e8374ac110c4036c77c09ab_000000000616,0.339814,2020.669746
562,11dd74426e8374ac110c4036c77c09ab_000000000617,0.339814,729.099307
562,11dd74426e8374ac110c4036c77c09ab_000000000617,0.339814,480.831409
562,11dd74426e8374ac110c4036c77c09ab_000000000617,0.339814,153.175520
562,11dd74426e8374ac110c4036c77c09ab_000000000617,0.339814,2024.826790
563,11dd74426e8374ac110c4036c77c09ab_000000000618,0.338788,715.294118
563,11dd74426e8374ac110c4036c77c09ab_000000000618,0.338788,508.694405
563,11dd74426e8374ac110c4036c77c09ab_000000000618,0.338788,145.710187
563,11dd74426e8374ac110c4036c77c09ab_000000000618,0.338788,2005.624103
564,11dd74426e8374ac110c4036c77c09ab_000000000619,0.338788,728.837877
564,11dd74426e8374ac110c4036c77c09ab_000000000619,0.338788,524.763271
564,11dd74426e8374ac110c4036c77c09ab_000000000619,0.338788,144.447633
564,11dd74426e8374ac110c4036c77c09ab_000000000619,0.338788,1997.704448
565,11dd74426e8374ac110c4036c77c09ab_000000000620,0.337676,706.271380
565,11dd74426e8374ac110c4036c77c09ab_000000000620,0.337676,540.592930
565,11dd74426e8374ac110c4036c77c09ab_000000000620,0.337676,152.793615
565,11dd74426e8374ac110c4036c77c09ab_000000000620,0.337676,1918.586089
566,11dd74426e8374ac110c4036c77c09ab_000000000621,0.338788,732.969871
566,11dd74426e8374ac110c4036c77c09ab_000000000621,0.338788,575.150646
566,11dd74426e8374ac110c4036c77c09ab_000000000621,0.338788,148.063128
566,11dd74426e8374ac110c4036c77c09ab_000000000621,0.338788,1970.616930
567,11dd74426e8374ac110c4036c77c09ab_000000000622,0.338788,740.545194
567,11dd74426e8374ac110c4036c77c09ab_000000000622,0.338788,586.972740
567,11dd74426e8374ac110c4036c77c09ab_000000000622,0.338788,150.932568
567,11dd74426e8374ac110c4036c77c09ab_000000000622,0.338788,1969.813486
568,11dd74426e8374ac110c4036c77c09ab_000000000623,0.338788,738.708752
568,11dd74426e8374ac110c4036c77c09ab_000000000623,0.338788,602.123386
568,11dd74426e8374ac110c4036c77c09ab_000000000623,0.338788,153.055954
568,11dd74426e8374ac110c4036c77c09ab_000000000623,0.338788,1959.942611
569,11dd74426e8374ac110c4036c77c09ab_000000000624,0.338788,748.120516
569,11dd74426e8374ac110c4036c77c09ab_000000000624,0.338788,620.028694
569,11dd74426e8374ac110c4036c77c09ab_000000000624,0.338788,153.572453
569,11dd74426e8374ac110c4036c77c09ab_000000000624,0.338788,1938.938307
570,11dd74426e8374ac110c4036c77c09ab_000000000625,0.338788,747.431851
570,11dd74426e8374ac110c4036c77c09ab_000000000625,0.338788,504.332855
570,11dd74426e8374ac110c4036c77c09ab_000000000625,0.338788,151.104735
570,11dd74426e8374ac110c4036c77c09ab_000000000625,0.338788,1821.979914
571,11dd74426e8374ac110c4036c77c09ab_000000000626,0.338788,751.334290
571,11dd74426e8374ac110c4036c77c09ab_000000000626,0.338788,511.908178
571,11dd74426e8374ac110c4036c77c09ab_000000000626,0.338788,155.695839
571,11dd74426e8374ac110c4036c77c09ab_000000000626,0.338788,1830.588235
572,11dd74426e8374ac110c4036c77c09ab_000000000627,0.338788,769.469154
572,11dd74426e8374ac110c4036c77c09ab_000000000627,0.338788,538.307030
572,11dd74426e8374ac110c4036c77c09ab_000000000627,0.338788,143.070301
572,11dd74426e8374ac110c4036c77c09ab_000000000627,0.338788,1880.172166
573,11dd74426e8374ac110c4036c77c09ab_000000000628,0.344520,800.474777
573,11dd74426e8374ac110c4036c77c09ab_000000000628,0.344520,1.127596
573,11dd74426e8374ac110c4036c77c09ab_000000000628,0.344520,389.792285
573,11dd74426e8374ac110c4036c77c09ab_000000000628,0.344520,161.661721
573,11dd74426e8374ac110c4036c77c09ab_000000000628,0.344520,1991.454006
574,11dd74426e8374ac110c4036c77c09ab_000000000629,0.344520,789.554896
574,11dd74426e8374ac110c4036c77c09ab_000000000629,0.344520,0.890208
574,11dd74426e8374ac110c4036c77c09ab_000000000629,0.344520,348.486647
574,11dd74426e8374ac110c4036c77c09ab_000000000629,0.344520,163.738872
574,11dd74426e8374ac110c4036c77c09ab_000000000629,0.344520,2009.732938
575,11dd74426e8374ac110c4036c77c09ab_000000000630,0.344520,790.029674
575,11dd74426e8374ac110c4036c77c09ab_000000000630,0.344520,0.474777
575,11dd74426e8374ac110c4036c77c09ab_000000000630,0.344520,350.385757
575,11dd74426e8374ac110c4036c77c09ab_000000000630,0.344520,167.952522
575,11dd74426e8374ac110c4036c77c09ab_000000000630,0.344520,2007.833828
576,11dd74426e8374ac110c4036c77c09ab_000000000631,0.344520,794.302671
576,11dd74426e8374ac110c4036c77c09ab_000000000631,0.344520,329.851632
576,11dd74426e8374ac110c4036c77c09ab_000000000631,0.344520,170.089021
576,11dd74426e8374ac110c4036c77c09ab_000000000631,0.344520,2009.970326
577,11dd74426e8374ac110c4036c77c09ab_000000000632,0.344520,810.682493
577,11dd74426e8374ac110c4036c77c09ab_000000000632,0.344520,366.409496
577,11dd74426e8374ac110c4036c77c09ab_000000000632,0.344520,171.750742
577,11dd74426e8374ac110c4036c77c09ab_000000000632,0.344520,1999.050445
578,11dd74426e8374ac110c4036c77c09ab_000000000633,0.344520,813.531157
578,11dd74426e8374ac110c4036c77c09ab_000000000633,0.344520,366.884273
578,11dd74426e8374ac110c4036c77c09ab_000000000633,0.344520,171.988131
578,11dd74426e8374ac110c4036c77c09ab_000000000633,0.344520,2012.225519
579,11dd74426e8374ac110c4036c77c09ab_000000000634,0.344520,815.905045
579,11dd74426e8374ac110c4036c77c09ab_000000000634,0.344520,364.391691
579,11dd74426e8374ac110c4036c77c09ab_000000000634,0.344520,176.083086
579,11dd74426e8374ac110c4036c77c09ab_000000000634,0.344520,1951.097923
580,11dd74426e8374ac110c4036c77c09ab_000000000635,0.344520,807.833828
580,11dd74426e8374ac110c4036c77c09ab_000000000635,0.344520,345.163205
580,11dd74426e8374ac110c4036c77c09ab_000000000635,0.344520,176.379822
580,11dd74426e8374ac110c4036c77c09ab_000000000635,0.344520,1888.427300
581,11dd74426e8374ac110c4036c77c09ab_000000000636,0.344520,815.430267
581,11dd74426e8374ac110c4036c77c09ab_000000000636,0.344520,335.905045
581,11dd74426e8374ac110c4036c77c09ab_000000000636,0.344520,178.397626
581,11dd74426e8374ac110c4036c77c09ab_000000000636,0.344520,1886.409496
582,11dd74426e8374ac110c4036c77c09ab_000000000637,0.344520,803.323442
582,11dd74426e8374ac110c4036c77c09ab_000000000637,0.344520,347.537092
582,11dd74426e8374ac110c4036c77c09ab_000000000637,0.344520,176.023739
582,11dd74426e8374ac110c4036c77c09ab_000000000637,0.344520,1833.709199
583,11dd74426e8374ac110c4036c77c09ab_000000000638,0.344520,803.323442
583,11dd74426e8374ac110c4036c77c09ab_000000000638,0.344520,343.501484
583,11dd74426e8374ac110c4036c77c09ab_000000000638,0.344520,177.448071
583,11dd74426e8374ac110c4036c77c09ab_000000000638,0.344520,1848.308605
584,11dd74426e8374ac110c4036c77c09ab_000000000639,0.338788,776.126255
584,11dd74426e8374ac110c4036c77c09ab_000000000639,0.338788,323.213773
584,11dd74426e8374ac110c4036c77c09ab_000000000639,0.338788,170.616930
584,11dd74426e8374ac110c4036c77c09ab_000000000639,0.338788,1774.921090
585,11dd74426e8374ac110c4036c77c09ab_000000000640,0.338788,782.553802
585,11dd74426e8374ac110c4036c77c09ab_000000000640,0.338788,313.572453
585,11dd74426e8374ac110c4036c77c09ab_000000000640,0.338788,172.797704
585,11dd74426e8374ac110c4036c77c09ab_000000000640,0.338788,1787.776184
586,11dd74426e8374ac110c4036c77c09ab_000000000641,0.344520,842.492582
586,11dd74426e8374ac110c4036c77c09ab_000000000641,0.344520,333.412463
586,11dd74426e8374ac110c4036c77c09ab_000000000641,0.344520,178.813056
586,11dd74426e8374ac110c4036c77c09ab_000000000641,0.344520,1788.249258
587,11dd74426e8374ac110c4036c77c09ab_000000000642,0.344520,850.089021
587,11dd74426e8374ac110c4036c77c09ab_000000000642,0.344520,303.501484
587,11dd74426e8374ac110c4036c77c09ab_000000000642,0.344520,172.225519
587,11dd74426e8374ac110c4036c77c09ab_000000000642,0.344520,1760.830861
588,11dd74426e8374ac110c4036c77c09ab_000000000643,0.344520,852.225519
588,11dd74426e8374ac110c4036c77c09ab_000000000643,0.344520,296.142433
588,11dd74426e8374ac110c4036c77c09ab_000000000643,0.344520,170.563798
588,11dd74426e8374ac110c4036c77c09ab_000000000643,0.344520,1752.759644
589,11dd74426e8374ac110c4036c77c09ab_000000000644,0.344520,877.151335
589,11dd74426e8374ac110c4036c77c09ab_000000000644,0.344520,292.581602
589,11dd74426e8374ac110c4036c77c09ab_000000000644,0.344520,167.240356
589,11dd74426e8374ac110c4036c77c09ab_000000000644,0.344520,1710.860534
590,11dd74426e8374ac110c4036c77c09ab_000000000645,0.338788,861.061693
590,11dd74426e8374ac110c4036c77c09ab_000000000645,0.338788,282.008608
590,11dd74426e8374ac110c4036c77c09ab_000000000645,0.338788,159.253945
590,11dd74426e8374ac110c4036c77c09ab_000000000645,0.338788,1649.928264
591,11dd74426e8374ac110c4036c77c09ab_000000000646,0.344520,895.192878
591,11dd74426e8374ac110c4036c77c09ab_000000000646,0.344520,260.415430
591,11dd74426e8374ac110c4036c77c09ab_000000000646,0.344520,137.151335
591,11dd74426e8374ac110c4036c77c09ab_000000000646,0.344520,1667.418398
592,11dd74426e8374ac110c4036c77c09ab_000000000647,0.338788,492.395983
592,11dd74426e8374ac110c4036c77c09ab_000000000647,0.338788,310.329986
592,11dd74426e8374ac110c4036c77c09ab_000000000647,0.338788,175.853659
592,11dd74426e8374ac110c4036c77c09ab_000000000647,0.338788,1763.299857
593,11dd74426e8374ac110c4036c77c09ab_000000000648,0.344520,498.991098
593,11dd74426e8374ac110c4036c77c09ab_000000000648,0.344520,276.439169
593,11dd74426e8374ac110c4036c77c09ab_000000000648,0.344520,159.169139
593,11dd74426e8374ac110c4036c77c09ab_000000000648,0.344520,1776.498516
594,11dd74426e8374ac110c4036c77c09ab_000000000649,0.344520,505.400593
594,11dd74426e8374ac110c4036c77c09ab_000000000649,0.344520,289.020772
594,11dd74426e8374ac110c4036c77c09ab_000000000649,0.344520,144.688427
594,11dd74426e8374ac110c4036c77c09ab_000000000649,0.344520,1785.519288
595,11dd74426e8374ac110c4036c77c09ab_000000000650,0.350446,530.303961
595,11dd74426e8374ac110c4036c77c09ab_000000000650,0.350446,295.732269
595,11dd74426e8374ac110c4036c77c09ab_000000000650,0.350446,128.584587
595,11dd74426e8374ac110c4036c77c09ab_000000000650,0.350446,1857.660424
596,11dd74426e8374ac110c4036c77c09ab_000000000651,0.345599,496.148104
596,11dd74426e8374ac110c4036c77c09ab_000000000651,0.345599,353.538370
596,11dd74426e8374ac110c4036c77c09ab_000000000651,0.345599,1.328755
596,11dd74426e8374ac110c4036c77c09ab_000000000651,0.345599,1765.303076
597,11dd74426e8374ac110c4036c77c09ab_000000000652,0.345599,494.475963
597,11dd74426e8374ac110c4036c77c09ab_000000000652,0.345599,356.524336
597,11dd74426e8374ac110c4036c77c09ab_000000000652,0.345599,1.134667
597,11dd74426e8374ac110c4036c77c09ab_000000000652,0.345599,1771.991639
598,11dd74426e8374ac110c4036c77c09ab_000000000653,0.344520,482.373887
598,11dd74426e8374ac110c4036c77c09ab_000000000653,0.344520,348.011869
598,11dd74426e8374ac110c4036c77c09ab_000000000653,0.344520,1734.124629
599,11dd74426e8374ac110c4036c77c09ab_000000000654,0.344520,481.424332
599,11dd74426e8374ac110c4036c77c09ab_000000000654,0.344520,299.228487
599,11dd74426e8374ac110c4036c77c09ab_000000000654,0.344520,1732.700297
600,11dd74426e8374ac110c4036c77c09ab_000000000655,0.344520,474.540059
600,11dd74426e8374ac110c4036c77c09ab_000000000655,0.344520,309.080119
600,11dd74426e8374ac110c4036c77c09ab_000000000655,0.344520,1723.323442
601,11dd74426e8374ac110c4036c77c09ab_000000000656,0.344520,473.827893
601,11dd74426e8374ac110c4036c77c09ab_000000000656,0.344520,307.774481
601,11dd74426e8374ac110c4036c77c09ab_000000000656,0.344520,0.949555
601,11dd74426e8374ac110c4036c77c09ab_000000000656,0.344520,1719.287834
602,11dd74426e8374ac110c4036c77c09ab_000000000657,0.343351,467.079281
602,11dd74426e8374ac110c4036c77c09ab_000000000657,0.343351,295.903330
602,11dd74426e8374ac110c4036c77c09ab_000000000657,0.343351,1701.503095
603,11dd74426e8374ac110c4036c77c09ab_000000000658,0.338788,451.305595
603,11dd74426e8374ac110c4036c77c09ab_000000000658,0.338788,289.354376
603,11dd74426e8374ac110c4036c77c09ab_000000000658,0.338788,1642.926829
604,11dd74426e8374ac110c4036c77c09ab_000000000659,0.343351,464.249926
604,11dd74426e8374ac110c4036c77c09ab_000000000659,0.343351,296.021220
604,11dd74426e8374ac110c4036c77c09ab_000000000659,0.343351,1682.169172
605,11dd74426e8374ac110c4036c77c09ab_000000000660,0.350446,492.723365
605,11dd74426e8374ac110c4036c77c09ab_000000000660,0.350446,355.173473
605,11dd74426e8374ac110c4036c77c09ab_000000000660,0.350446,1737.181455
606,11dd74426e8374ac110c4036c77c09ab_000000000661,0.350446,497.144612
606,11dd74426e8374ac110c4036c77c09ab_000000000661,0.350446,307.890697
606,11dd74426e8374ac110c4036c77c09ab_000000000661,0.350446,1736.567393
607,11dd74426e8374ac110c4036c77c09ab_000000000662,0.337676,456.784493
607,11dd74426e8374ac110c4036c77c09ab_000000000662,0.337676,285.290764
607,11dd74426e8374ac110c4036c77c09ab_000000000662,0.337676,1612.884835
608,11dd74426e8374ac110c4036c77c09ab_000000000663,0.338788,462.783357
608,11dd74426e8374ac110c4036c77c09ab_000000000663,0.338788,285.337159
608,11dd74426e8374ac110c4036c77c09ab_000000000663,0.338788,1622.152080
609,11dd74426e8374ac110c4036c77c09ab_000000000664,0.343351,483.348070
609,11dd74426e8374ac110c4036c77c09ab_000000000664,0.343351,283.996463
609,11dd74426e8374ac110c4036c77c09ab_000000000664,0.343351,1639.493074
610,11dd74426e8374ac110c4036c77c09ab_000000000665,0.344520,479.762611
610,11dd74426e8374ac110c4036c77c09ab_000000000665,0.344520,278.931751
610,11dd74426e8374ac110c4036c77c09ab_000000000665,0.344520,1645.341246
611,11dd74426e8374ac110c4036c77c09ab_000000000666,0.344520,480.237389
611,11dd74426e8374ac110c4036c77c09ab_000000000666,0.344520,279.762611
611,11dd74426e8374ac110c4036c77c09ab_000000000666,0.344520,1635.014837
612,11dd74426e8374ac110c4036c77c09ab_000000000667,0.344520,483.204748
612,11dd74426e8374ac110c4036c77c09ab_000000000667,0.344520,282.492582
612,11dd74426e8374ac110c4036c77c09ab_000000000667,0.344520,1648.071217
613,11dd74426e8374ac110c4036c77c09ab_000000000668,0.344520,480.237389
613,11dd74426e8374ac110c4036c77c09ab_000000000668,0.344520,281.424332
613,11dd74426e8374ac110c4036c77c09ab_000000000668,0.344520,1635.370920
614,11dd74426e8374ac110c4036c77c09ab_000000000669,0.343351,468.965517
614,11dd74426e8374ac110c4036c77c09ab_000000000669,0.343351,276.569408
614,11dd74426e8374ac110c4036c77c09ab_000000000669,0.343351,1639.375184
615,11dd74426e8374ac110c4036c77c09ab_000000000670,0.343351,467.786620
615,11dd74426e8374ac110c4036c77c09ab_000000000670,0.343351,277.689360
615,11dd74426e8374ac110c4036c77c09ab_000000000670,0.343351,1639.257294
616,11dd74426e8374ac110c4036c77c09ab_000000000671,0.343351,464.603596
616,11dd74426e8374ac110c4036c77c09ab_000000000671,0.343351,285.882700
616,11dd74426e8374ac110c4036c77c09ab_000000000671,0.343351,1651.046272
617,11dd74426e8374ac110c4036c77c09ab_000000000672,0.344520,470.267062
617,11dd74426e8374ac110c4036c77c09ab_000000000672,0.344520,290.563798
617,11dd74426e8374ac110c4036c77c09ab_000000000672,0.344520,1617.566766
618,11dd74426e8374ac110c4036c77c09ab_000000000673,0.344520,469.080119
618,11dd74426e8374ac110c4036c77c09ab_000000000673,0.344520,289.851632
618,11dd74426e8374ac110c4036c77c09ab_000000000673,0.344520,1616.261128
619,11dd74426e8374ac110c4036c77c09ab_000000000674,0.344520,470.148368
619,11dd74426e8374ac110c4036c77c09ab_000000000674,0.344520,282.017804
619,11dd74426e8374ac110c4036c77c09ab_000000000674,0.344520,1588.367953
620,11dd74426e8374ac110c4036c77c09ab_000000000675,0.344520,464.332344
620,11dd74426e8374ac110c4036c77c09ab_000000000675,0.344520,282.729970
620,11dd74426e8374ac110c4036c77c09ab_000000000675,0.344520,1588.961424
621,11dd74426e8374ac110c4036c77c09ab_000000000676,0.333241,428.317601
621,11dd74426e8374ac110c4036c77c09ab_000000000676,0.333241,261.077179
621,11dd74426e8374ac110c4036c77c09ab_000000000676,0.333241,1518.489728
622,11dd74426e8374ac110c4036c77c09ab_000000000677,0.333241,425.541366
622,11dd74426e8374ac110c4036c77c09ab_000000000677,0.333241,264.852860
622,11dd74426e8374ac110c4036c77c09ab_000000000677,0.333241,1499.056080
623,11dd74426e8374ac110c4036c77c09ab_000000000678,0.333241,420.544142
623,11dd74426e8374ac110c4036c77c09ab_000000000678,0.333241,258.411993
623,11dd74426e8374ac110c4036c77c09ab_000000000678,0.333241,1505.163798
624,11dd74426e8374ac110c4036c77c09ab_000000000679,0.333241,421.099389
624,11dd74426e8374ac110c4036c77c09ab_000000000679,0.333241,258.189895
624,11dd74426e8374ac110c4036c77c09ab_000000000679,0.333241,1514.158801
625,11dd74426e8374ac110c4036c77c09ab_000000000680,0.343351,451.399941
625,11dd74426e8374ac110c4036c77c09ab_000000000680,0.343351,282.110227
625,11dd74426e8374ac110c4036c77c09ab_000000000680,0.343351,1630.415561
626,11dd74426e8374ac110c4036c77c09ab_000000000681,0.344520,443.086053
626,11dd74426e8374ac110c4036c77c09ab_000000000681,0.344520,329.495549
626,11dd74426e8374ac110c4036c77c09ab_000000000681,0.344520,1637.863501
627,11dd74426e8374ac110c4036c77c09ab_000000000682,0.343351,441.615090
627,11dd74426e8374ac110c4036c77c09ab_000000000682,0.343351,329.737695
627,11dd74426e8374ac110c4036c77c09ab_000000000682,0.343351,1631.594459
628,11dd74426e8374ac110c4036c77c09ab_000000000683,0.338788,432.252511
628,11dd74426e8374ac110c4036c77c09ab_000000000683,0.338788,281.205165
628,11dd74426e8374ac110c4036c77c09ab_000000000683,0.338788,1569.698709
629,11dd74426e8374ac110c4036c77c09ab_000000000684,0.338788,433.285509
629,11dd74426e8374ac110c4036c77c09ab_000000000684,0.338788,276.843615
629,11dd74426e8374ac110c4036c77c09ab_000000000684,0.338788,1565.796270
630,11dd74426e8374ac110c4036c77c09ab_000000000685,0.333241,413.770128
630,11dd74426e8374ac110c4036c77c09ab_000000000685,0.333241,262.742921
630,11dd74426e8374ac110c4036c77c09ab_000000000685,0.333241,1534.036646
631,11dd74426e8374ac110c4036c77c09ab_000000000686,0.338788,426.972740
631,11dd74426e8374ac110c4036c77c09ab_000000000686,0.338788,268.809182
631,11dd74426e8374ac110c4036c77c09ab_000000000686,0.338788,1590.129125
632,11dd74426e8374ac110c4036c77c09ab_000000000687,0.333241,411.215991
632,11dd74426e8374ac110c4036c77c09ab_000000000687,0.333241,260.521932
632,11dd74426e8374ac110c4036c77c09ab_000000000687,0.333241,1507.606885
633,11dd74426e8374ac110c4036c77c09ab_000000000688,0.333241,405.774570
633,11dd74426e8374ac110c4036c77c09ab_000000000688,0.333241,255.746807
633,11dd74426e8374ac110c4036c77c09ab_000000000688,0.333241,1505.941144
634,11dd74426e8374ac110c4036c77c09ab_000000000689,0.333241,401.554692
634,11dd74426e8374ac110c4036c77c09ab_000000000689,0.333241,253.081621
634,11dd74426e8374ac110c4036c77c09ab_000000000689,0.333241,1503.831205
635,11dd74426e8374ac110c4036c77c09ab_000000000690,0.344520,0.237389
635,11dd74426e8374ac110c4036c77c09ab_000000000690,0.344520,418.041543
635,11dd74426e8374ac110c4036c77c09ab_000000000690,0.344520,276.795252
635,11dd74426e8374ac110c4036c77c09ab_000000000690,0.344520,1623.382789
636,11dd74426e8374ac110c4036c77c09ab_000000000691,0.344520,0.252226
636,11dd74426e8374ac110c4036c77c09ab_000000000691,0.344520,409.970326
636,11dd74426e8374ac110c4036c77c09ab_000000000691,0.344520,275.727003
636,11dd74426e8374ac110c4036c77c09ab_000000000691,0.344520,1622.077151
637,11dd74426e8374ac110c4036c77c09ab_000000000692,0.333241,374.014436
637,11dd74426e8374ac110c4036c77c09ab_000000000692,0.333241,312.048862
637,11dd74426e8374ac110c4036c77c09ab_000000000692,0.333241,1540.588562
638,11dd74426e8374ac110c4036c77c09ab_000000000693,0.327869,350.658425
638,11dd74426e8374ac110c4036c77c09ab_000000000693,0.327869,304.649288
638,11dd74426e8374ac110c4036c77c09ab_000000000693,0.327869,1491.427036
639,11dd74426e8374ac110c4036c77c09ab_000000000694,0.344520,383.145401
639,11dd74426e8374ac110c4036c77c09ab_000000000694,0.344520,347.299703
639,11dd74426e8374ac110c4036c77c09ab_000000000694,0.344520,1635.845697
640,11dd74426e8374ac110c4036c77c09ab_000000000695,0.333241,353.470294
640,11dd74426e8374ac110c4036c77c09ab_000000000695,0.333241,267.406996
640,11dd74426e8374ac110c4036c77c09ab_000000000695,0.333241,1512.270961
641,11dd74426e8374ac110c4036c77c09ab_000000000696,0.333241,352.026652
641,11dd74426e8374ac110c4036c77c09ab_000000000696,0.333241,267.073848
641,11dd74426e8374ac110c4036c77c09ab_000000000696,0.333241,1503.275958
642,11dd74426e8374ac110c4036c77c09ab_000000000697,0.333241,353.026097
642,11dd74426e8374ac110c4036c77c09ab_000000000697,0.333241,261.410328
642,11dd74426e8374ac110c4036c77c09ab_000000000697,0.333241,1472.071072
643,11dd74426e8374ac110c4036c77c09ab_000000000698,0.333241,348.917268
643,11dd74426e8374ac110c4036c77c09ab_000000000698,0.333241,262.853970
643,11dd74426e8374ac110c4036c77c09ab_000000000698,0.333241,1473.181566
644,11dd74426e8374ac110c4036c77c09ab_000000000699,0.344520,203.382789
644,11dd74426e8374ac110c4036c77c09ab_000000000699,0.344520,171.320475
644,11dd74426e8374ac110c4036c77c09ab_000000000699,0.344520,1590.415430
644,11dd74426e8374ac110c4036c77c09ab_000000000699,0.344520,1071.824926
645,11dd74426e8374ac110c4036c77c09ab_000000000700,0.344520,182.789318
645,11dd74426e8374ac110c4036c77c09ab_000000000700,0.344520,164.985163
645,11dd74426e8374ac110c4036c77c09ab_000000000700,0.344520,1535.311573
645,11dd74426e8374ac110c4036c77c09ab_000000000700,0.344520,1110.979228
646,11dd74426e8374ac110c4036c77c09ab_000000000701,0.333241,176.679622
646,11dd74426e8374ac110c4036c77c09ab_000000000701,0.333241,164.797335
646,11dd74426e8374ac110c4036c77c09ab_000000000701,0.333241,1434.425319
646,11dd74426e8374ac110c4036c77c09ab_000000000701,0.333241,1067.629095
647,11dd74426e8374ac110c4036c77c09ab_000000000702,0.333241,179.011660
647,11dd74426e8374ac110c4036c77c09ab_000000000702,0.333241,158.578567
647,11dd74426e8374ac110c4036c77c09ab_000000000702,0.333241,1438.200999
647,11dd74426e8374ac110c4036c77c09ab_000000000702,0.333241,1075.846752
648,11dd74426e8374ac110c4036c77c09ab_000000000703,0.343351,189.448865
648,11dd74426e8374ac110c4036c77c09ab_000000000703,0.343351,167.108753
648,11dd74426e8374ac110c4036c77c09ab_000000000703,0.343351,1526.318892
648,11dd74426e8374ac110c4036c77c09ab_000000000703,0.343351,1150.722075
649,11dd74426e8374ac110c4036c77c09ab_000000000704,0.344520,186.231454
649,11dd74426e8374ac110c4036c77c09ab_000000000704,0.344520,164.391691
649,11dd74426e8374ac110c4036c77c09ab_000000000704,0.344520,1552.878338
649,11dd74426e8374ac110c4036c77c09ab_000000000704,0.344520,1158.219585
650,11dd74426e8374ac110c4036c77c09ab_000000000705,0.344520,184.569733
650,11dd74426e8374ac110c4036c77c09ab_000000000705,0.344520,161.246291
650,11dd74426e8374ac110c4036c77c09ab_000000000705,0.344520,1542.789318
650,11dd74426e8374ac110c4036c77c09ab_000000000705,0.344520,1167.002967
651,11dd74426e8374ac110c4036c77c09ab_000000000706,0.338788,180.200861
651,11dd74426e8374ac110c4036c77c09ab_000000000706,0.338788,151.449067
651,11dd74426e8374ac110c4036c77c09ab_000000000706,0.338788,1488.436155
651,11dd74426e8374ac110c4036c77c09ab_000000000706,0.338788,1124.131994
652,11dd74426e8374ac110c4036c77c09ab_000000000707,0.343351,181.550251
652,11dd74426e8374ac110c4036c77c09ab_000000000707,0.343351,153.846154
652,11dd74426e8374ac110c4036c77c09ab_000000000707,0.343351,1535.632184
652,11dd74426e8374ac110c4036c77c09ab_000000000707,0.343351,1148.717949
653,11dd74426e8374ac110c4036c77c09ab_000000000708,0.332182,163.751724
653,11dd74426e8374ac110c4036c77c09ab_000000000708,0.332182,144.386207
653,11dd74426e8374ac110c4036c77c09ab_000000000708,0.332182,1428.965517
653,11dd74426e8374ac110c4036c77c09ab_000000000708,0.332182,1070.896552
654,11dd74426e8374ac110c4036c77c09ab_000000000709,0.332182,166.731034
654,11dd74426e8374ac110c4036c77c09ab_000000000709,0.332182,143.006897
654,11dd74426e8374ac110c4036c77c09ab_000000000709,0.332182,1423.448276
654,11dd74426e8374ac110c4036c77c09ab_000000000709,0.332182,1075.200000
655,11dd74426e8374ac110c4036c77c09ab_000000000710,0.344520,178.041543
655,11dd74426e8374ac110c4036c77c09ab_000000000710,0.344520,154.777448
655,11dd74426e8374ac110c4036c77c09ab_000000000710,0.344520,1490.445104
655,11dd74426e8374ac110c4036c77c09ab_000000000710,0.344520,1163.679525
656,11dd74426e8374ac110c4036c77c09ab_000000000711,0.344520,182.195846
656,11dd74426e8374ac110c4036c77c09ab_000000000711,0.344520,153.175074
656,11dd74426e8374ac110c4036c77c09ab_000000000711,0.344520,1543.857567
656,11dd74426e8374ac110c4036c77c09ab_000000000711,0.344520,1195.014837
657,11dd74426e8374ac110c4036c77c09ab_000000000712,0.338788,173.658537
657,11dd74426e8374ac110c4036c77c09ab_000000000712,0.338788,146.456241
657,11dd74426e8374ac110c4036c77c09ab_000000000712,0.338788,1491.994261
657,11dd74426e8374ac110c4036c77c09ab_000000000712,0.338788,1150.989957
658,11dd74426e8374ac110c4036c77c09ab_000000000713,0.338788,168.608321
658,11dd74426e8374ac110c4036c77c09ab_000000000713,0.338788,127.116212
658,11dd74426e8374ac110c4036c77c09ab_000000000713,0.338788,1503.472023
658,11dd74426e8374ac110c4036c77c09ab_000000000713,0.338788,1212.051650
659,11dd74426e8374ac110c4036c77c09ab_000000000714,0.343351,170.822281
659,11dd74426e8374ac110c4036c77c09ab_000000000714,0.343351,127.969349
659,11dd74426e8374ac110c4036c77c09ab_000000000714,0.343351,1553.197760
659,11dd74426e8374ac110c4036c77c09ab_000000000714,0.343351,1241.143531
660,11dd74426e8374ac110c4036c77c09ab_000000000715,0.337676,167.616876
660,11dd74426e8374ac110c4036c77c09ab_000000000715,0.337676,111.858609
660,11dd74426e8374ac110c4036c77c09ab_000000000715,0.337676,1485.176739
660,11dd74426e8374ac110c4036c77c09ab_000000000715,0.337676,1176.510832
661,11dd74426e8374ac110c4036c77c09ab_000000000716,0.337676,167.616876
661,11dd74426e8374ac110c4036c77c09ab_000000000716,0.337676,112.314709
661,11dd74426e8374ac110c4036c77c09ab_000000000716,0.337676,1482.098062
661,11dd74426e8374ac110c4036c77c09ab_000000000716,0.337676,1185.632839
662,11dd74426e8374ac110c4036c77c09ab_000000000717,0.343351,175.302093
662,11dd74426e8374ac110c4036c77c09ab_000000000717,0.343351,123.076923
662,11dd74426e8374ac110c4036c77c09ab_000000000717,0.343351,1547.892720
662,11dd74426e8374ac110c4036c77c09ab_000000000717,0.343351,1227.939876
663,11dd74426e8374ac110c4036c77c09ab_000000000718,0.344520,168.545994
663,11dd74426e8374ac110c4036c77c09ab_000000000718,0.344520,121.899110
663,11dd74426e8374ac110c4036c77c09ab_000000000718,0.344520,1580.178042
663,11dd74426e8374ac110c4036c77c09ab_000000000718,0.344520,1248.427300
664,11dd74426e8374ac110c4036c77c09ab_000000000719,0.344520,169.139466
664,11dd74426e8374ac110c4036c77c09ab_000000000719,0.344520,125.519288
664,11dd74426e8374ac110c4036c77c09ab_000000000719,0.344520,1572.462908
664,11dd74426e8374ac110c4036c77c09ab_000000000719,0.344520,1247.952522
665,11dd74426e8374ac110c4036c77c09ab_000000000720,0.344520,168.783383
665,11dd74426e8374ac110c4036c77c09ab_000000000720,0.344520,136.795252
665,11dd74426e8374ac110c4036c77c09ab_000000000720,0.344520,1573.768546
665,11dd74426e8374ac110c4036c77c09ab_000000000720,0.344520,1316.557864
666,11dd74426e8374ac110c4036c77c09ab_000000000721,0.344520,167.952522
666,11dd74426e8374ac110c4036c77c09ab_000000000721,0.344520,131.513353
666,11dd74426e8374ac110c4036c77c09ab_000000000721,0.344520,1592.878338
666,11dd74426e8374ac110c4036c77c09ab_000000000721,0.344520,1326.290801
667,11dd74426e8374ac110c4036c77c09ab_000000000722,0.344520,165.934718
667,11dd74426e8374ac110c4036c77c09ab_000000000722,0.344520,132.166172
667,11dd74426e8374ac110c4036c77c09ab_000000000722,0.344520,1592.284866
667,11dd74426e8374ac110c4036c77c09ab_000000000722,0.344520,1378.278932
668,11dd74426e8374ac110c4036c77c09ab_000000000723,0.344520,167.477745
668,11dd74426e8374ac110c4036c77c09ab_000000000723,0.344520,130.089021
668,11dd74426e8374ac110c4036c77c09ab_000000000723,0.344520,1588.961424
668,11dd74426e8374ac110c4036c77c09ab_000000000723,0.344520,1390.860534
669,11dd74426e8374ac110c4036c77c09ab_000000000724,0.344520,171.038576
669,11dd74426e8374ac110c4036c77c09ab_000000000724,0.344520,128.189911
669,11dd74426e8374ac110c4036c77c09ab_000000000724,0.344520,1580.059347
669,11dd74426e8374ac110c4036c77c09ab_000000000724,0.344520,1412.700297
670,11dd74426e8374ac110c4036c77c09ab_000000000725,0.344520,175.905045
670,11dd74426e8374ac110c4036c77c09ab_000000000725,0.344520,134.777448
670,11dd74426e8374ac110c4036c77c09ab_000000000725,0.344520,1577.329377
670,11dd74426e8374ac110c4036c77c09ab_000000000725,0.344520,1444.747774
671,11dd74426e8374ac110c4036c77c09ab_000000000726,0.344520,172.818991
671,11dd74426e8374ac110c4036c77c09ab_000000000726,0.344520,135.845697
671,11dd74426e8374ac110c4036c77c09ab_000000000726,0.344520,1566.290801
671,11dd74426e8374ac110c4036c77c09ab_000000000726,0.344520,1443.798220
672,11dd74426e8374ac110c4036c77c09ab_000000000727,0.344520,176.735905
672,11dd74426e8374ac110c4036c77c09ab_000000000727,0.344520,134.896142
672,11dd74426e8374ac110c4036c77c09ab_000000000727,0.344520,1564.391691
672,11dd74426e8374ac110c4036c77c09ab_000000000727,0.344520,1464.213650
673,11dd74426e8374ac110c4036c77c09ab_000000000728,0.344520,175.430267
673,11dd74426e8374ac110c4036c77c09ab_000000000728,0.344520,133.531157
673,11dd74426e8374ac110c4036c77c09ab_000000000728,0.344520,1542.195846
673,11dd74426e8374ac110c4036c77c09ab_000000000728,0.344520,1468.249258
674,11dd74426e8374ac110c4036c77c09ab_000000000729,0.344520,176.973294
674,11dd74426e8374ac110c4036c77c09ab_000000000729,0.344520,130.563798
674,11dd74426e8374ac110c4036c77c09ab_000000000729,0.344520,1586.468843
674,11dd74426e8374ac110c4036c77c09ab_000000000729,0.344520,1535.192878
675,11dd74426e8374ac110c4036c77c09ab_000000000730,0.344520,170.089021
675,11dd74426e8374ac110c4036c77c09ab_000000000730,0.344520,130.623145
675,11dd74426e8374ac110c4036c77c09ab_000000000730,0.344520,1597.270030
675,11dd74426e8374ac110c4036c77c09ab_000000000730,0.344520,1540.652819
676,11dd74426e8374ac110c4036c77c09ab_000000000731,0.344520,173.412463
676,11dd74426e8374ac110c4036c77c09ab_000000000731,0.344520,130.860534
676,11dd74426e8374ac110c4036c77c09ab_000000000731,0.344520,1593.709199
676,11dd74426e8374ac110c4036c77c09ab_000000000731,0.344520,1585.044510
677,11dd74426e8374ac110c4036c77c09ab_000000000732,0.344520,169.851632
677,11dd74426e8374ac110c4036c77c09ab_000000000732,0.344520,130.563798
677,11dd74426e8374ac110c4036c77c09ab_000000000732,0.344520,1582.908012
677,11dd74426e8374ac110c4036c77c09ab_000000000732,0.344520,1628.961424
678,11dd74426e8374ac110c4036c77c09ab_000000000733,0.344520,171.869436
678,11dd74426e8374ac110c4036c77c09ab_000000000733,0.344520,131.513353
678,11dd74426e8374ac110c4036c77c09ab_000000000733,0.344520,1599.525223
678,11dd74426e8374ac110c4036c77c09ab_000000000733,0.344520,1629.198813
679,11dd74426e8374ac110c4036c77c09ab_000000000734,0.343351,169.643383
679,11dd74426e8374ac110c4036c77c09ab_000000000734,0.343351,134.630121
679,11dd74426e8374ac110c4036c77c09ab_000000000734,0.343351,1589.979369
679,11dd74426e8374ac110c4036c77c09ab_000000000734,0.343351,1608.723843
680,11dd74426e8374ac110c4036c77c09ab_000000000735,0.344520,173.531157
680,11dd74426e8374ac110c4036c77c09ab_000000000735,0.344520,132.997033
680,11dd74426e8374ac110c4036c77c09ab_000000000735,0.344520,1590.504451
680,11dd74426e8374ac110c4036c77c09ab_000000000735,0.344520,1628.249258
681,11dd74426e8374ac110c4036c77c09ab_000000000736,0.344520,170.563798
681,11dd74426e8374ac110c4036c77c09ab_000000000736,0.344520,156.676558
681,11dd74426e8374ac110c4036c77c09ab_000000000736,0.344520,1576.735905
681,11dd74426e8374ac110c4036c77c09ab_000000000736,0.344520,1664.569733
682,11dd74426e8374ac110c4036c77c09ab_000000000737,0.344520,165.341246
682,11dd74426e8374ac110c4036c77c09ab_000000000737,0.344520,163.204748
682,11dd74426e8374ac110c4036c77c09ab_000000000737,0.344520,1579.228487
682,11dd74426e8374ac110c4036c77c09ab_000000000737,0.344520,1665.519288
683,11dd74426e8374ac110c4036c77c09ab_000000000738,0.343351,158.443855
683,11dd74426e8374ac110c4036c77c09ab_000000000738,0.343351,124.078986
683,11dd74426e8374ac110c4036c77c09ab_000000000738,0.343351,1581.137636
683,11dd74426e8374ac110c4036c77c09ab_000000000738,0.343351,1692.661362
684,11dd74426e8374ac110c4036c77c09ab_000000000739,0.343351,159.740642
684,11dd74426e8374ac110c4036c77c09ab_000000000739,0.343351,119.068671
684,11dd74426e8374ac110c4036c77c09ab_000000000739,0.343351,1569.584439
684,11dd74426e8374ac110c4036c77c09ab_000000000739,0.343351,1777.541998
685,11dd74426e8374ac110c4036c77c09ab_000000000740,0.343351,158.325965
685,11dd74426e8374ac110c4036c77c09ab_000000000740,0.343351,107.397583
685,11dd74426e8374ac110c4036c77c09ab_000000000740,0.343351,1565.694076
685,11dd74426e8374ac110c4036c77c09ab_000000000740,0.343351,1781.550251
686,11dd74426e8374ac110c4036c77c09ab_000000000741,0.343351,157.382847
686,11dd74426e8374ac110c4036c77c09ab_000000000741,0.343351,107.692308
686,11dd74426e8374ac110c4036c77c09ab_000000000741,0.343351,1556.027115
686,11dd74426e8374ac110c4036c77c09ab_000000000741,0.343351,0.235780
686,11dd74426e8374ac110c4036c77c09ab_000000000741,0.343351,1791.688771
687,11dd74426e8374ac110c4036c77c09ab_000000000742,0.343351,156.557619
687,11dd74426e8374ac110c4036c77c09ab_000000000742,0.343351,108.576481
687,11dd74426e8374ac110c4036c77c09ab_000000000742,0.343351,1541.880342
687,11dd74426e8374ac110c4036c77c09ab_000000000742,0.343351,1794.753905
688,11dd74426e8374ac110c4036c77c09ab_000000000743,0.343351,161.155320
688,11dd74426e8374ac110c4036c77c09ab_000000000743,0.343351,108.399646
688,11dd74426e8374ac110c4036c77c09ab_000000000743,0.343351,0.235780
688,11dd74426e8374ac110c4036c77c09ab_000000000743,0.343351,1550.604185
688,11dd74426e8374ac110c4036c77c09ab_000000000743,0.343351,1872.325376
689,11dd74426e8374ac110c4036c77c09ab_000000000744,0.343351,160.094312
689,11dd74426e8374ac110c4036c77c09ab_000000000744,0.343351,104.155615
689,11dd74426e8374ac110c4036c77c09ab_000000000744,0.343351,1554.494548
689,11dd74426e8374ac110c4036c77c09ab_000000000744,0.343351,1884.821692
690,11dd74426e8374ac110c4036c77c09ab_000000000745,0.343351,162.334218
690,11dd74426e8374ac110c4036c77c09ab_000000000745,0.343351,109.637489
690,11dd74426e8374ac110c4036c77c09ab_000000000745,0.343351,1546.242263
690,11dd74426e8374ac110c4036c77c09ab_000000000745,0.343351,0.471559
690,11dd74426e8374ac110c4036c77c09ab_000000000745,0.343351,1374.476864
691,11dd74426e8374ac110c4036c77c09ab_000000000746,0.343351,162.216328
691,11dd74426e8374ac110c4036c77c09ab_000000000746,0.343351,104.214559
691,11dd74426e8374ac110c4036c77c09ab_000000000746,0.343351,1550.368406
691,11dd74426e8374ac110c4036c77c09ab_000000000746,0.343351,1333.097554
692,11dd74426e8374ac110c4036c77c09ab_000000000747,0.343351,160.447981
692,11dd74426e8374ac110c4036c77c09ab_000000000747,0.343351,116.710875
692,11dd74426e8374ac110c4036c77c09ab_000000000747,0.343351,1538.461538
692,11dd74426e8374ac110c4036c77c09ab_000000000747,0.343351,1309.048040
693,11dd74426e8374ac110c4036c77c09ab_000000000748,0.343351,160.212202
693,11dd74426e8374ac110c4036c77c09ab_000000000748,0.343351,121.898025
693,11dd74426e8374ac110c4036c77c09ab_000000000748,0.343351,1557.206012
693,11dd74426e8374ac110c4036c77c09ab_000000000748,0.343351,1269.908635
694,11dd74426e8374ac110c4036c77c09ab_000000000749,0.343351,159.976422
694,11dd74426e8374ac110c4036c77c09ab_000000000749,0.343351,122.841144
694,11dd74426e8374ac110c4036c77c09ab_000000000749,0.343351,1548.128500
694,11dd74426e8374ac110c4036c77c09ab_000000000749,0.343351,1254.111406
695,11dd74426e8374ac110c4036c77c09ab_000000000750,0.343351,158.090186
695,11dd74426e8374ac110c4036c77c09ab_000000000750,0.343351,112.466844
695,11dd74426e8374ac110c4036c77c09ab_000000000750,0.343351,1539.168877
695,11dd74426e8374ac110c4036c77c09ab_000000000750,0.343351,1240.436192
696,11dd74426e8374ac110c4036c77c09ab_000000000751,0.343351,159.622753
696,11dd74426e8374ac110c4036c77c09ab_000000000751,0.343351,110.757442
696,11dd74426e8374ac110c4036c77c09ab_000000000751,0.343351,1548.246390
696,11dd74426e8374ac110c4036c77c09ab_000000000751,0.343351,1221.338049
697,11dd74426e8374ac110c4036c77c09ab_000000000752,0.343351,161.626879
697,11dd74426e8374ac110c4036c77c09ab_000000000752,0.343351,101.738874
697,11dd74426e8374ac110c4036c77c09ab_000000000752,0.343351,1533.038609
697,11dd74426e8374ac110c4036c77c09ab_000000000752,0.343351,1211.435308
698,11dd74426e8374ac110c4036c77c09ab_000000000753,0.343351,159.858532
698,11dd74426e8374ac110c4036c77c09ab_000000000753,0.343351,101.503095
698,11dd74426e8374ac110c4036c77c09ab_000000000753,0.343351,1515.237253
698,11dd74426e8374ac110c4036c77c09ab_000000000753,0.343351,1194.341291
699,11dd74426e8374ac110c4036c77c09ab_000000000754,0.344520,163.086053
699,11dd74426e8374ac110c4036c77c09ab_000000000754,0.344520,106.943620
699,11dd74426e8374ac110c4036c77c09ab_000000000754,0.344520,1550.979228
699,11dd74426e8374ac110c4036c77c09ab_000000000754,0.344520,1186.824926
700,11dd74426e8374ac110c4036c77c09ab_000000000755,0.337676,156.100342
700,11dd74426e8374ac110c4036c77c09ab_000000000755,0.337676,102.451539
700,11dd74426e8374ac110c4036c77c09ab_000000000755,0.337676,1505.701254
700,11dd74426e8374ac110c4036c77c09ab_000000000755,0.337676,1121.208666
701,11dd74426e8374ac110c4036c77c09ab_000000000756,0.343351,161.273210
701,11dd74426e8374ac110c4036c77c09ab_000000000756,0.343351,104.627174
701,11dd74426e8374ac110c4036c77c09ab_000000000756,0.343351,1559.328028
701,11dd74426e8374ac110c4036c77c09ab_000000000756,0.343351,1143.059240
702,11dd74426e8374ac110c4036c77c09ab_000000000757,0.338788,165.050215
702,11dd74426e8374ac110c4036c77c09ab_000000000757,0.338788,111.047346
702,11dd74426e8374ac110c4036c77c09ab_000000000757,0.338788,1521.032999
702,11dd74426e8374ac110c4036c77c09ab_000000000757,0.338788,1176.470588
703,11dd74426e8374ac110c4036c77c09ab_000000000758,0.338788,164.591105
703,11dd74426e8374ac110c4036c77c09ab_000000000758,0.338788,109.555237
703,11dd74426e8374ac110c4036c77c09ab_000000000758,0.338788,1528.263989
703,11dd74426e8374ac110c4036c77c09ab_000000000758,0.338788,1154.548063
704,11dd74426e8374ac110c4036c77c09ab_000000000759,0.338788,163.098996
704,11dd74426e8374ac110c4036c77c09ab_000000000759,0.338788,110.014347
704,11dd74426e8374ac110c4036c77c09ab_000000000759,0.338788,1564.074605
704,11dd74426e8374ac110c4036c77c09ab_000000000759,0.338788,1144.447633
705,11dd74426e8374ac110c4036c77c09ab_000000000760,0.338788,161.951220
705,11dd74426e8374ac110c4036c77c09ab_000000000760,0.338788,110.243902
705,11dd74426e8374ac110c4036c77c09ab_000000000760,0.338788,1568.091822
705,11dd74426e8374ac110c4036c77c09ab_000000000760,0.338788,1135.265423
706,11dd74426e8374ac110c4036c77c09ab_000000000761,0.338788,163.672884
706,11dd74426e8374ac110c4036c77c09ab_000000000761,0.338788,117.302726
706,11dd74426e8374ac110c4036c77c09ab_000000000761,0.338788,1570.043042
706,11dd74426e8374ac110c4036c77c09ab_000000000761,0.338788,1136.757532
707,11dd74426e8374ac110c4036c77c09ab_000000000762,0.338788,162.639885
707,11dd74426e8374ac110c4036c77c09ab_000000000762,0.338788,115.466284
707,11dd74426e8374ac110c4036c77c09ab_000000000762,0.338788,1591.506456
707,11dd74426e8374ac110c4036c77c09ab_000000000762,0.338788,1089.354376
708,11dd74426e8374ac110c4036c77c09ab_000000000763,0.338788,167.173601
708,11dd74426e8374ac110c4036c77c09ab_000000000763,0.338788,1635.322812
708,11dd74426e8374ac110c4036c77c09ab_000000000763,0.338788,1673.185079
709,11dd74426e8374ac110c4036c77c09ab_000000000764,0.338788,153.113343
709,11dd74426e8374ac110c4036c77c09ab_000000000764,0.338788,1642.123386
709,11dd74426e8374ac110c4036c77c09ab_000000000764,0.338788,1612.395983
710,11dd74426e8374ac110c4036c77c09ab_000000000765,0.338788,154.720230
710,11dd74426e8374ac110c4036c77c09ab_000000000765,0.338788,1648.780488
710,11dd74426e8374ac110c4036c77c09ab_000000000765,0.338788,1609.870875
711,11dd74426e8374ac110c4036c77c09ab_000000000766,0.338788,158.622669
711,11dd74426e8374ac110c4036c77c09ab_000000000766,0.338788,1651.305595
711,11dd74426e8374ac110c4036c77c09ab_000000000766,0.338788,1621.004304
712,11dd74426e8374ac110c4036c77c09ab_000000000767,0.344520,163.086053
712,11dd74426e8374ac110c4036c77c09ab_000000000767,0.344520,1719.643917
712,11dd74426e8374ac110c4036c77c09ab_000000000767,0.344520,1660.178042
713,11dd74426e8374ac110c4036c77c09ab_000000000768,0.344520,162.848665
713,11dd74426e8374ac110c4036c77c09ab_000000000768,0.344520,1752.878338
713,11dd74426e8374ac110c4036c77c09ab_000000000768,0.344520,1693.531157
714,11dd74426e8374ac110c4036c77c09ab_000000000769,0.338788,156.212339
714,11dd74426e8374ac110c4036c77c09ab_000000000769,0.338788,1700.086083
714,11dd74426e8374ac110c4036c77c09ab_000000000769,0.338788,1657.618364
715,11dd74426e8374ac110c4036c77c09ab_000000000770,0.338788,156.786227
715,11dd74426e8374ac110c4036c77c09ab_000000000770,0.338788,1700.545194
715,11dd74426e8374ac110c4036c77c09ab_000000000770,0.338788,1678.852224
716,11dd74426e8374ac110c4036c77c09ab_000000000771,0.344520,156.913947
716,11dd74426e8374ac110c4036c77c09ab_000000000771,0.344520,1705.163205
716,11dd74426e8374ac110c4036c77c09ab_000000000771,0.344520,1743.620178
717,11dd74426e8374ac110c4036c77c09ab_000000000772,0.344520,155.608309
717,11dd74426e8374ac110c4036c77c09ab_000000000772,0.344520,1689.614243
717,11dd74426e8374ac110c4036c77c09ab_000000000772,0.344520,1735.905045
718,11dd74426e8374ac110c4036c77c09ab_000000000773,0.338788,152.998565
718,11dd74426e8374ac110c4036c77c09ab_000000000773,0.338788,1697.101865
718,11dd74426e8374ac110c4036c77c09ab_000000000773,0.338788,9.813486
718,11dd74426e8374ac110c4036c77c09ab_000000000773,0.338788,1649.354376
719,11dd74426e8374ac110c4036c77c09ab_000000000774,0.338788,150.473458
719,11dd74426e8374ac110c4036c77c09ab_000000000774,0.338788,1673.687231
719,11dd74426e8374ac110c4036c77c09ab_000000000774,0.338788,1633.859397
720,11dd74426e8374ac110c4036c77c09ab_000000000775,0.338788,159.081779
720,11dd74426e8374ac110c4036c77c09ab_000000000775,0.338788,888.378766
720,11dd74426e8374ac110c4036c77c09ab_000000000775,0.338788,13.486370
720,11dd74426e8374ac110c4036c77c09ab_000000000775,0.338788,1683.098996
721,11dd74426e8374ac110c4036c77c09ab_000000000776,0.338788,159.655667
721,11dd74426e8374ac110c4036c77c09ab_000000000776,0.338788,860.832138
721,11dd74426e8374ac110c4036c77c09ab_000000000776,0.338788,1696.757532
722,11dd74426e8374ac110c4036c77c09ab_000000000777,0.338788,155.753228
722,11dd74426e8374ac110c4036c77c09ab_000000000777,0.338788,928.091822
722,11dd74426e8374ac110c4036c77c09ab_000000000777,0.338788,1682.869440
723,11dd74426e8374ac110c4036c77c09ab_000000000778,0.338788,151.506456
723,11dd74426e8374ac110c4036c77c09ab_000000000778,0.338788,917.302726
723,11dd74426e8374ac110c4036c77c09ab_000000000778,0.338788,1694.232425
724,11dd74426e8374ac110c4036c77c09ab_000000000779,0.338788,151.621234
724,11dd74426e8374ac110c4036c77c09ab_000000000779,0.338788,925.566714
724,11dd74426e8374ac110c4036c77c09ab_000000000779,0.338788,1694.576758
725,11dd74426e8374ac110c4036c77c09ab_000000000780,0.338788,148.981349
725,11dd74426e8374ac110c4036c77c09ab_000000000780,0.338788,1076.154950
725,11dd74426e8374ac110c4036c77c09ab_000000000780,0.338788,1742.439024
726,11dd74426e8374ac110c4036c77c09ab_000000000781,0.338788,148.637016
726,11dd74426e8374ac110c4036c77c09ab_000000000781,0.338788,1055.724534
726,11dd74426e8374ac110c4036c77c09ab_000000000781,0.338788,1748.407461
727,11dd74426e8374ac110c4036c77c09ab_000000000782,0.338788,148.063128
727,11dd74426e8374ac110c4036c77c09ab_000000000782,0.338788,250.616930
727,11dd74426e8374ac110c4036c77c09ab_000000000782,0.338788,1769.182209
728,11dd74426e8374ac110c4036c77c09ab_000000000783,0.338788,145.308465
728,11dd74426e8374ac110c4036c77c09ab_000000000783,0.338788,247.116212
728,11dd74426e8374ac110c4036c77c09ab_000000000783,0.338788,1783.529412
729,11dd74426e8374ac110c4036c77c09ab_000000000784,0.338788,152.195122
729,11dd74426e8374ac110c4036c77c09ab_000000000784,0.338788,283.730273
729,11dd74426e8374ac110c4036c77c09ab_000000000784,0.338788,1782.381636
730,11dd74426e8374ac110c4036c77c09ab_000000000785,0.344520,156.913947
730,11dd74426e8374ac110c4036c77c09ab_000000000785,0.344520,312.403561
730,11dd74426e8374ac110c4036c77c09ab_000000000785,0.344520,1847.240356
731,11dd74426e8374ac110c4036c77c09ab_000000000786,0.344520,156.439169
731,11dd74426e8374ac110c4036c77c09ab_000000000786,0.344520,1858.516320
732,11dd74426e8374ac110c4036c77c09ab_000000000787,0.338788,156.786227
732,11dd74426e8374ac110c4036c77c09ab_000000000787,0.338788,1829.440459
733,11dd74426e8374ac110c4036c77c09ab_000000000788,0.338788,151.506456
733,11dd74426e8374ac110c4036c77c09ab_000000000788,0.338788,1820.258250
734,11dd74426e8374ac110c4036c77c09ab_000000000789,0.344520,158.813056
734,11dd74426e8374ac110c4036c77c09ab_000000000789,0.344520,1915.845697
735,11dd74426e8374ac110c4036c77c09ab_000000000790,0.344520,157.507418
735,11dd74426e8374ac110c4036c77c09ab_000000000790,0.344520,1918.813056
736,11dd74426e8374ac110c4036c77c09ab_000000000791,0.344520,160.593472
736,11dd74426e8374ac110c4036c77c09ab_000000000791,0.344520,1946.824926
737,11dd74426e8374ac110c4036c77c09ab_000000000792,0.344520,161.068249
737,11dd74426e8374ac110c4036c77c09ab_000000000792,0.344520,2005.103858
738,11dd74426e8374ac110c4036c77c09ab_000000000793,0.344520,159.287834
738,11dd74426e8374ac110c4036c77c09ab_000000000793,0.344520,2001.424332
739,11dd74426e8374ac110c4036c77c09ab_000000000794,0.345599,162.436548
739,11dd74426e8374ac110c4036c77c09ab_000000000794,0.345599,2013.854882
740,11dd74426e8374ac110c4036c77c09ab_000000000795,0.345599,162.078232
740,11dd74426e8374ac110c4036c77c09ab_000000000795,0.345599,2025.440430
741,11dd74426e8374ac110c4036c77c09ab_000000000796,0.345599,156.703494
741,11dd74426e8374ac110c4036c77c09ab_000000000796,0.345599,1892.146910
742,11dd74426e8374ac110c4036c77c09ab_000000000797,0.344520,701.988131
742,11dd74426e8374ac110c4036c77c09ab_000000000797,0.344520,203.649852
742,11dd74426e8374ac110c4036c77c09ab_000000000797,0.344520,1626.913947
743,11dd74426e8374ac110c4036c77c09ab_000000000798,0.344520,731.157270
743,11dd74426e8374ac110c4036c77c09ab_000000000798,0.344520,191.335312
743,11dd74426e8374ac110c4036c77c09ab_000000000798,0.344520,1497.922849
744,11dd74426e8374ac110c4036c77c09ab_000000000799,0.345599,747.088683
744,11dd74426e8374ac110c4036c77c09ab_000000000799,0.345599,196.237683
744,11dd74426e8374ac110c4036c77c09ab_000000000799,0.345599,1484.144521
745,11dd74426e8374ac110c4036c77c09ab_000000000800,0.338788,726.657102
745,11dd74426e8374ac110c4036c77c09ab_000000000800,0.338788,188.235294
745,11dd74426e8374ac110c4036c77c09ab_000000000800,0.338788,1434.720230
746,11dd74426e8374ac110c4036c77c09ab_000000000801,0.343351,758.974359
746,11dd74426e8374ac110c4036c77c09ab_000000000801,0.343351,193.928677
746,11dd74426e8374ac110c4036c77c09ab_000000000801,0.343351,1479.162983
747,11dd74426e8374ac110c4036c77c09ab_000000000802,0.343351,764.868848
747,11dd74426e8374ac110c4036c77c09ab_000000000802,0.343351,200.412614
747,11dd74426e8374ac110c4036c77c09ab_000000000802,0.343351,1472.089596
748,11dd74426e8374ac110c4036c77c09ab_000000000803,0.338788,754.318508
748,11dd74426e8374ac110c4036c77c09ab_000000000803,0.338788,192.022956
748,11dd74426e8374ac110c4036c77c09ab_000000000803,0.338788,1525.624103
749,11dd74426e8374ac110c4036c77c09ab_000000000804,0.338788,758.106169
749,11dd74426e8374ac110c4036c77c09ab_000000000804,0.338788,192.826399
749,11dd74426e8374ac110c4036c77c09ab_000000000804,0.338788,1529.067432
750,11dd74426e8374ac110c4036c77c09ab_000000000805,0.345599,792.594804
750,11dd74426e8374ac110c4036c77c09ab_000000000805,0.345599,201.015228
750,11dd74426e8374ac110c4036c77c09ab_000000000805,0.345599,1545.655420
751,11dd74426e8374ac110c4036c77c09ab_000000000806,0.345599,801.313825
751,11dd74426e8374ac110c4036c77c09ab_000000000806,0.345599,200.895790
751,11dd74426e8374ac110c4036c77c09ab_000000000806,0.345599,1552.821738
752,11dd74426e8374ac110c4036c77c09ab_000000000807,0.344520,781.127596
752,11dd74426e8374ac110c4036c77c09ab_000000000807,0.344520,202.017804
752,11dd74426e8374ac110c4036c77c09ab_000000000807,0.344520,1542.670623
753,11dd74426e8374ac110c4036c77c09ab_000000000808,0.344520,790.979228
753,11dd74426e8374ac110c4036c77c09ab_000000000808,0.344520,198.694362
753,11dd74426e8374ac110c4036c77c09ab_000000000808,0.344520,1557.982196
754,11dd74426e8374ac110c4036c77c09ab_000000000809,0.344520,796.083086
754,11dd74426e8374ac110c4036c77c09ab_000000000809,0.344520,203.916914
754,11dd74426e8374ac110c4036c77c09ab_000000000809,0.344520,1585.400593
755,11dd74426e8374ac110c4036c77c09ab_000000000810,0.344520,796.201780
755,11dd74426e8374ac110c4036c77c09ab_000000000810,0.344520,202.729970
755,11dd74426e8374ac110c4036c77c09ab_000000000810,0.344520,1617.091988
756,11dd74426e8374ac110c4036c77c09ab_000000000811,0.344520,799.525223
756,11dd74426e8374ac110c4036c77c09ab_000000000811,0.344520,204.035608
756,11dd74426e8374ac110c4036c77c09ab_000000000811,0.344520,1619.821958
757,11dd74426e8374ac110c4036c77c09ab_000000000812,0.339814,773.672055
757,11dd74426e8374ac110c4036c77c09ab_000000000812,0.339814,196.189376
757,11dd74426e8374ac110c4036c77c09ab_000000000812,0.339814,1628.406467
758,11dd74426e8374ac110c4036c77c09ab_000000000813,0.338788,778.307030
758,11dd74426e8374ac110c4036c77c09ab_000000000813,0.338788,228.522238
758,11dd74426e8374ac110c4036c77c09ab_000000000813,0.338788,1524.131994
759,11dd74426e8374ac110c4036c77c09ab_000000000814,0.345599,817.438041
759,11dd74426e8374ac110c4036c77c09ab_000000000814,0.345599,204.240072
759,11dd74426e8374ac110c4036c77c09ab_000000000814,0.345599,1579.217677
760,11dd74426e8374ac110c4036c77c09ab_000000000815,0.339814,806.697460
760,11dd74426e8374ac110c4036c77c09ab_000000000815,0.339814,190.531178
760,11dd74426e8374ac110c4036c77c09ab_000000000815,0.339814,1505.311778
761,11dd74426e8374ac110c4036c77c09ab_000000000816,0.345599,837.503732
761,11dd74426e8374ac110c4036c77c09ab_000000000816,0.345599,197.073753
761,11dd74426e8374ac110c4036c77c09ab_000000000816,0.345599,1530.486712
762,11dd74426e8374ac110c4036c77c09ab_000000000817,0.344520,835.370920
762,11dd74426e8374ac110c4036c77c09ab_000000000817,0.344520,193.709199
762,11dd74426e8374ac110c4036c77c09ab_000000000817,0.344520,1536.973294
763,11dd74426e8374ac110c4036c77c09ab_000000000818,0.344520,742.670623
763,11dd74426e8374ac110c4036c77c09ab_000000000818,0.344520,191.928783
763,11dd74426e8374ac110c4036c77c09ab_000000000818,0.344520,1538.872404
764,11dd74426e8374ac110c4036c77c09ab_000000000819,0.344520,731.869436
764,11dd74426e8374ac110c4036c77c09ab_000000000819,0.344520,185.281899
764,11dd74426e8374ac110c4036c77c09ab_000000000819,0.344520,1518.219585
765,11dd74426e8374ac110c4036c77c09ab_000000000820,0.345599,734.308749
765,11dd74426e8374ac110c4036c77c09ab_000000000820,0.345599,184.174380
765,11dd74426e8374ac110c4036c77c09ab_000000000820,0.345599,1528.456256
766,11dd74426e8374ac110c4036c77c09ab_000000000821,0.339814,703.233256
766,11dd74426e8374ac110c4036c77c09ab_000000000821,0.339814,178.290993
766,11dd74426e8374ac110c4036c77c09ab_000000000821,0.339814,1480.831409
767,11dd74426e8374ac110c4036c77c09ab_000000000822,0.338788,664.447633
767,11dd74426e8374ac110c4036c77c09ab_000000000822,0.338788,181.119082
767,11dd74426e8374ac110c4036c77c09ab_000000000822,0.338788,1526.542324
768,11dd74426e8374ac110c4036c77c09ab_000000000823,0.344520,682.136499
768,11dd74426e8374ac110c4036c77c09ab_000000000823,0.344520,185.875371
768,11dd74426e8374ac110c4036c77c09ab_000000000823,0.344520,1588.724036
769,11dd74426e8374ac110c4036c77c09ab_000000000824,0.344520,667.062315
769,11dd74426e8374ac110c4036c77c09ab_000000000824,0.344520,184.332344
769,11dd74426e8374ac110c4036c77c09ab_000000000824,0.344520,1514.302671
770,11dd74426e8374ac110c4036c77c09ab_000000000825,0.344520,784.451039
770,11dd74426e8374ac110c4036c77c09ab_000000000825,0.344520,182.670623
770,11dd74426e8374ac110c4036c77c09ab_000000000825,0.344520,1497.091988
771,11dd74426e8374ac110c4036c77c09ab_000000000826,0.322665,612.181156
771,11dd74426e8374ac110c4036c77c09ab_000000000826,0.322665,194.794378
771,11dd74426e8374ac110c4036c77c09ab_000000000826,0.322665,1176.991150
772,11dd74426e8374ac110c4036c77c09ab_000000000827,0.344520,695.905045
772,11dd74426e8374ac110c4036c77c09ab_000000000827,0.344520,195.014837
772,11dd74426e8374ac110c4036c77c09ab_000000000827,0.344520,1332.106825
773,11dd74426e8374ac110c4036c77c09ab_000000000828,0.344520,680.000000
773,11dd74426e8374ac110c4036c77c09ab_000000000828,0.344520,185.281899
773,11dd74426e8374ac110c4036c77c09ab_000000000828,0.344520,1361.543027
774,11dd74426e8374ac110c4036c77c09ab_000000000829,0.338788,762.582496
774,11dd74426e8374ac110c4036c77c09ab_000000000829,0.338788,189.038737
774,11dd74426e8374ac110c4036c77c09ab_000000000829,0.338788,1371.592539
775,11dd74426e8374ac110c4036c77c09ab_000000000830,0.333241,636.313159
775,11dd74426e8374ac110c4036c77c09ab_000000000830,0.333241,187.118268
775,11dd74426e8374ac110c4036c77c09ab_000000000830,0.333241,1335.591338
776,11dd74426e8374ac110c4036c77c09ab_000000000831,0.338788,659.282640
776,11dd74426e8374ac110c4036c77c09ab_000000000831,0.338788,194.433286
776,11dd74426e8374ac110c4036c77c09ab_000000000831,0.338788,1407.517934
777,11dd74426e8374ac110c4036c77c09ab_000000000832,0.338788,649.985653
777,11dd74426e8374ac110c4036c77c09ab_000000000832,0.338788,199.942611
777,11dd74426e8374ac110c4036c77c09ab_000000000832,0.338788,1418.307030
778,11dd74426e8374ac110c4036c77c09ab_000000000833,0.338788,758.220947
778,11dd74426e8374ac110c4036c77c09ab_000000000833,0.338788,189.842181
778,11dd74426e8374ac110c4036c77c09ab_000000000833,0.338788,1472.826399
779,11dd74426e8374ac110c4036c77c09ab_000000000834,0.338788,775.667145
779,11dd74426e8374ac110c4036c77c09ab_000000000834,0.338788,194.433286
779,11dd74426e8374ac110c4036c77c09ab_000000000834,0.338788,1497.847920
780,11dd74426e8374ac110c4036c77c09ab_000000000835,0.338788,804.591105
780,11dd74426e8374ac110c4036c77c09ab_000000000835,0.338788,185.710187
780,11dd74426e8374ac110c4036c77c09ab_000000000835,0.338788,1451.018651
781,11dd74426e8374ac110c4036c77c09ab_000000000836,0.333241,763.575791
781,11dd74426e8374ac110c4036c77c09ab_000000000836,0.333241,183.453637
781,11dd74426e8374ac110c4036c77c09ab_000000000836,0.333241,1392.892837
782,11dd74426e8374ac110c4036c77c09ab_000000000837,0.344520,819.228487
782,11dd74426e8374ac110c4036c77c09ab_000000000837,0.344520,188.724036
782,11dd74426e8374ac110c4036c77c09ab_000000000837,0.344520,1443.323442
783,11dd74426e8374ac110c4036c77c09ab_000000000838,0.344520,831.810089
783,11dd74426e8374ac110c4036c77c09ab_000000000838,0.344520,189.554896
783,11dd74426e8374ac110c4036c77c09ab_000000000838,0.344520,1484.391691
784,11dd74426e8374ac110c4036c77c09ab_000000000839,0.344520,849.851632
784,11dd74426e8374ac110c4036c77c09ab_000000000839,0.344520,185.756677
784,11dd74426e8374ac110c4036c77c09ab_000000000839,0.344520,1479.169139
785,11dd74426e8374ac110c4036c77c09ab_000000000840,0.344520,843.679525
785,11dd74426e8374ac110c4036c77c09ab_000000000840,0.344520,186.350148
785,11dd74426e8374ac110c4036c77c09ab_000000000840,0.344520,1464.451039
786,11dd74426e8374ac110c4036c77c09ab_000000000841,0.344520,846.290801
786,11dd74426e8374ac110c4036c77c09ab_000000000841,0.344520,186.587537
786,11dd74426e8374ac110c4036c77c09ab_000000000841,0.344520,1462.433234
787,11dd74426e8374ac110c4036c77c09ab_000000000842,0.343351,746.006484
787,11dd74426e8374ac110c4036c77c09ab_000000000842,0.343351,184.615385
787,11dd74426e8374ac110c4036c77c09ab_000000000842,0.343351,1377.424108
788,11dd74426e8374ac110c4036c77c09ab_000000000843,0.343351,738.933098
788,11dd74426e8374ac110c4036c77c09ab_000000000843,0.343351,181.314471
788,11dd74426e8374ac110c4036c77c09ab_000000000843,0.343351,1382.493369
789,11dd74426e8374ac110c4036c77c09ab_000000000844,0.343351,724.314766
789,11dd74426e8374ac110c4036c77c09ab_000000000844,0.343351,183.908046
789,11dd74426e8374ac110c4036c77c09ab_000000000844,0.343351,1332.390215
790,11dd74426e8374ac110c4036c77c09ab_000000000845,0.344520,680.356083
790,11dd74426e8374ac110c4036c77c09ab_000000000845,0.344520,183.145401
790,11dd74426e8374ac110c4036c77c09ab_000000000845,0.344520,1316.913947
791,11dd74426e8374ac110c4036c77c09ab_000000000846,0.343351,768.641320
791,11dd74426e8374ac110c4036c77c09ab_000000000846,0.343351,175.184203
791,11dd74426e8374ac110c4036c77c09ab_000000000846,0.343351,1316.946655
792,11dd74426e8374ac110c4036c77c09ab_000000000847,0.344520,665.163205
792,11dd74426e8374ac110c4036c77c09ab_000000000847,0.344520,178.753709
792,11dd74426e8374ac110c4036c77c09ab_000000000847,0.344520,1354.302671
793,11dd74426e8374ac110c4036c77c09ab_000000000848,0.343351,666.312997
793,11dd74426e8374ac110c4036c77c09ab_000000000848,0.343351,174.358974
793,11dd74426e8374ac110c4036c77c09ab_000000000848,0.343351,1351.959917
794,11dd74426e8374ac110c4036c77c09ab_000000000849,0.344520,249.035608
794,11dd74426e8374ac110c4036c77c09ab_000000000849,0.344520,747.477745
795,11dd74426e8374ac110c4036c77c09ab_000000000850,0.344520,228.367953
795,11dd74426e8374ac110c4036c77c09ab_000000000850,0.344520,701.721068
796,11dd74426e8374ac110c4036c77c09ab_000000000851,0.344520,228.367953
796,11dd74426e8374ac110c4036c77c09ab_000000000851,0.344520,699.347181
797,11dd74426e8374ac110c4036c77c09ab_000000000852,0.344520,228.011869
797,11dd74426e8374ac110c4036c77c09ab_000000000852,0.344520,676.795252
798,11dd74426e8374ac110c4036c77c09ab_000000000853,0.344520,227.181009
798,11dd74426e8374ac110c4036c77c09ab_000000000853,0.344520,678.338279
799,11dd74426e8374ac110c4036c77c09ab_000000000854,0.345599,232.547029
799,11dd74426e8374ac110c4036c77c09ab_000000000854,0.345599,665.512093
800,11dd74426e8374ac110c4036c77c09ab_000000000855,0.344520,228.011869
800,11dd74426e8374ac110c4036c77c09ab_000000000855,0.344520,663.738872
801,11dd74426e8374ac110c4036c77c09ab_000000000856,0.344520,241.186944
801,11dd74426e8374ac110c4036c77c09ab_000000000856,0.344520,672.878338
802,11dd74426e8374ac110c4036c77c09ab_000000000857,0.344520,246.290801
802,11dd74426e8374ac110c4036c77c09ab_000000000857,0.344520,661.839763
803,11dd74426e8374ac110c4036c77c09ab_000000000858,0.339814,235.796767
803,11dd74426e8374ac110c4036c77c09ab_000000000858,0.339814,637.875289
804,11dd74426e8374ac110c4036c77c09ab_000000000859,0.338788,233.687231
804,11dd74426e8374ac110c4036c77c09ab_000000000859,0.338788,642.754663
805,11dd74426e8374ac110c4036c77c09ab_000000000860,0.338788,237.704448
805,11dd74426e8374ac110c4036c77c09ab_000000000860,0.338788,635.408895
806,11dd74426e8374ac110c4036c77c09ab_000000000861,0.344520,240.118694
806,11dd74426e8374ac110c4036c77c09ab_000000000861,0.344520,645.697329
807,11dd74426e8374ac110c4036c77c09ab_000000000862,0.344520,246.884273
807,11dd74426e8374ac110c4036c77c09ab_000000000862,0.344520,640.237389
808,11dd74426e8374ac110c4036c77c09ab_000000000863,0.322665,220.926601
808,11dd74426e8374ac110c4036c77c09ab_000000000863,0.322665,556.168662
809,11dd74426e8374ac110c4036c77c09ab_000000000864,0.322665,221.134826
809,11dd74426e8374ac110c4036c77c09ab_000000000864,0.322665,556.064550
810,11dd74426e8374ac110c4036c77c09ab_000000000865,0.344520,256.261128
810,11dd74426e8374ac110c4036c77c09ab_000000000865,0.344520,660.890208
811,11dd74426e8374ac110c4036c77c09ab_000000000866,0.327869,232.733136
811,11dd74426e8374ac110c4036c77c09ab_000000000866,0.327869,606.073636
812,11dd74426e8374ac110c4036c77c09ab_000000000867,0.344520,268.486647
812,11dd74426e8374ac110c4036c77c09ab_000000000867,0.344520,676.557864
813,11dd74426e8374ac110c4036c77c09ab_000000000868,0.344520,270.267062
813,11dd74426e8374ac110c4036c77c09ab_000000000868,0.344520,664.925816
814,11dd74426e8374ac110c4036c77c09ab_000000000869,0.344520,265.994065
814,11dd74426e8374ac110c4036c77c09ab_000000000869,0.344520,669.436202
815,11dd74426e8374ac110c4036c77c09ab_000000000870,0.344520,269.554896
815,11dd74426e8374ac110c4036c77c09ab_000000000870,0.344520,820.652819
816,11dd74426e8374ac110c4036c77c09ab_000000000871,0.344520,267.774481
816,11dd74426e8374ac110c4036c77c09ab_000000000871,0.344520,837.982196
817,11dd74426e8374ac110c4036c77c09ab_000000000872,0.344520,277.507418
817,11dd74426e8374ac110c4036c77c09ab_000000000872,0.344520,851.513353
818,11dd74426e8374ac110c4036c77c09ab_000000000873,0.344520,281.780415
818,11dd74426e8374ac110c4036c77c09ab_000000000873,0.344520,860.059347
819,11dd74426e8374ac110c4036c77c09ab_000000000874,0.344520,275.014837
819,11dd74426e8374ac110c4036c77c09ab_000000000874,0.344520,712.640950
820,11dd74426e8374ac110c4036c77c09ab_000000000875,0.344520,267.299703
820,11dd74426e8374ac110c4036c77c09ab_000000000875,0.344520,693.649852
821,11dd74426e8374ac110c4036c77c09ab_000000000876,0.344520,272.403561
821,11dd74426e8374ac110c4036c77c09ab_000000000876,0.344520,686.053412
822,11dd74426e8374ac110c4036c77c09ab_000000000877,0.344520,267.537092
822,11dd74426e8374ac110c4036c77c09ab_000000000877,0.344520,705.281899
823,11dd74426e8374ac110c4036c77c09ab_000000000878,0.344520,267.418398
823,11dd74426e8374ac110c4036c77c09ab_000000000878,0.344520,872.403561
824,11dd74426e8374ac110c4036c77c09ab_000000000879,0.344520,275.964392
824,11dd74426e8374ac110c4036c77c09ab_000000000879,0.344520,685.578635
825,11dd74426e8374ac110c4036c77c09ab_000000000880,0.344520,271.216617
825,11dd74426e8374ac110c4036c77c09ab_000000000880,0.344520,889.970326
826,11dd74426e8374ac110c4036c77c09ab_000000000881,0.345599,275.067184
826,11dd74426e8374ac110c4036c77c09ab_000000000881,0.345599,720.453867
827,11dd74426e8374ac110c4036c77c09ab_000000000882,0.333241,244.752915
827,11dd74426e8374ac110c4036c77c09ab_000000000882,0.333241,709.827873
828,11dd74426e8374ac110c4036c77c09ab_000000000883,0.333241,241.754581
828,11dd74426e8374ac110c4036c77c09ab_000000000883,0.333241,695.835647
829,11dd74426e8374ac110c4036c77c09ab_000000000884,0.344520,266.231454
829,11dd74426e8374ac110c4036c77c09ab_000000000884,0.344520,616.023739
830,11dd74426e8374ac110c4036c77c09ab_000000000891,0.344520,211.157270
830,11dd74426e8374ac110c4036c77c09ab_000000000891,0.344520,2.359050
830,11dd74426e8374ac110c4036c77c09ab_000000000891,0.344520,808.783383
831,11dd74426e8374ac110c4036c77c09ab_000000000892,0.344520,196.320475
831,11dd74426e8374ac110c4036c77c09ab_000000000892,0.344520,779.347181
832,11dd74426e8374ac110c4036c77c09ab_000000000893,0.338788,1470.760402
833,11dd74426e8374ac110c4036c77c09ab_000000000894,0.338788,1431.736011
834,11dd74426e8374ac110c4036c77c09ab_000000000895,0.338788,1456.987088
835,11dd74426e8374ac110c4036c77c09ab_000000000896,0.344520,1484.154303
836,11dd74426e8374ac110c4036c77c09ab_000000000897,0.344520,1484.154303
837,11dd74426e8374ac110c4036c77c09ab_000000000898,0.338788,1464.791966
838,11dd74426e8374ac110c4036c77c09ab_000000000899,0.338788,1465.710187
839,11dd74426e8374ac110c4036c77c09ab_000000000900,0.338788,1535.954089
840,11dd74426e8374ac110c4036c77c09ab_000000000901,0.338788,1550.645624
841,11dd74426e8374ac110c4036c77c09ab_000000000902,0.338788,1604.131994
842,11dd74426e8374ac110c4036c77c09ab_000000000903,0.338788,1608.493544
843,11dd74426e8374ac110c4036c77c09ab_000000000904,0.338788,1621.119082
844,11dd74426e8374ac110c4036c77c09ab_000000000905,0.327869,1543.886052
845,11dd74426e8374ac110c4036c77c09ab_000000000906,0.333241,1601.998890
846,11dd74426e8374ac110c4036c77c09ab_000000000907,0.327869,1606.234883
847,11dd74426e8374ac110c4036c77c09ab_000000000908,0.327869,1611.824778
848,11dd74426e8374ac110c4036c77c09ab_000000000909,0.327869,1602.579952
849,11dd74426e8374ac110c4036c77c09ab_000000000910,0.327869,1593.550121
850,11dd74426e8374ac110c4036c77c09ab_000000000911,0.327869,1581.940339
851,11dd74426e8374ac110c4036c77c09ab_000000000912,0.333241,1643.753470
852,11dd74426e8374ac110c4036c77c09ab_000000000913,0.333241,0.166574
852,11dd74426e8374ac110c4036c77c09ab_000000000913,0.333241,1649.972238
853,11dd74426e8374ac110c4036c77c09ab_000000000914,0.344520,1283.323442
854,11dd74426e8374ac110c4036c77c09ab_000000000915,0.344520,0.593472
854,11dd74426e8374ac110c4036c77c09ab_000000000915,0.344520,1261.721068
855,11dd74426e8374ac110c4036c77c09ab_000000000916,0.333241,1201.998890
856,11dd74426e8374ac110c4036c77c09ab_000000000917,0.333241,1184.342032
857,11dd74426e8374ac110c4036c77c09ab_000000000918,0.333241,1159.578012
858,11dd74426e8374ac110c4036c77c09ab_000000000919,0.333241,1153.803443
859,11dd74426e8374ac110c4036c77c09ab_000000000920,0.338788,1181.520803
860,11dd74426e8374ac110c4036c77c09ab_000000000921,0.333241,1149.805664
861,11dd74426e8374ac110c4036c77c09ab_000000000922,0.327869,1105.724268
862,11dd74426e8374ac110c4036c77c09ab_000000000923,0.333241,1142.920600
863,11dd74426e8374ac110c4036c77c09ab_000000000924,0.333241,1143.142699
864,11dd74426e8374ac110c4036c77c09ab_000000000925,0.333241,1116.490838
865,11dd74426e8374ac110c4036c77c09ab_000000000926,0.333241,1114.936147
866,11dd74426e8374ac110c4036c77c09ab_000000000927,0.333241,1120.599667
867,11dd74426e8374ac110c4036c77c09ab_000000000928,0.333241,1093.614659
868,11dd74426e8374ac110c4036c77c09ab_000000000929,0.333241,1095.613548
869,11dd74426e8374ac110c4036c77c09ab_000000000930,0.327869,1069.174953
870,11dd74426e8374ac110c4036c77c09ab_000000000931,0.327869,1074.119860
871,11dd74426e8374ac110c4036c77c09ab_000000000932,0.327869,1071.324913
872,11dd74426e8374ac110c4036c77c09ab_000000000933,0.327869,1065.950013
873,11dd74426e8374ac110c4036c77c09ab_000000000934,0.337676,1128.620296
874,11dd74426e8374ac110c4036c77c09ab_000000000935,0.345599,1247.894894
875,11dd74426e8374ac110c4036c77c09ab_000000000936,0.345599,1282.054345
876,11dd74426e8374ac110c4036c77c09ab_000000000937,0.327869,4.084923
876,11dd74426e8374ac110c4036c77c09ab_000000000937,0.327869,874.388605
877,11dd74426e8374ac110c4036c77c09ab_000000000938,0.327869,849.019081
878,11dd74426e8374ac110c4036c77c09ab_000000000939,0.327869,1093.254501
879,11dd74426e8374ac110c4036c77c09ab_000000000940,0.327869,1126.148885
880,11dd74426e8374ac110c4036c77c09ab_000000000941,0.327869,1088.954582
881,11dd74426e8374ac110c4036c77c09ab_000000000942,0.333241,1076.290949
882,11dd74426e8374ac110c4036c77c09ab_000000000943,0.344520,1162.017804
883,11dd74426e8374ac110c4036c77c09ab_000000000944,0.344520,1167.952522
884,11dd74426e8374ac110c4036c77c09ab_000000000945,0.344520,1187.181009
885,11dd74426e8374ac110c4036c77c09ab_000000000946,0.344520,1181.958457
886,11dd74426e8374ac110c4036c77c09ab_000000000947,0.350446,1225.913417
887,11dd74426e8374ac110c4036c77c09ab_000000000948,0.344520,1195.014837
888,11dd74426e8374ac110c4036c77c09ab_000000000949,0.333241,1138.478623
889,11dd74426e8374ac110c4036c77c09ab_000000000950,0.333241,1142.920600
890,11dd74426e8374ac110c4036c77c09ab_000000000951,0.343351,1193.987622
891,11dd74426e8374ac110c4036c77c09ab_000000000952,0.343351,1192.337165
892,11dd74426e8374ac110c4036c77c09ab_000000000953,0.345599,1162.854583
893,11dd74426e8374ac110c4036c77c09ab_000000000954,0.343351,2.431477
893,11dd74426e8374ac110c4036c77c09ab_000000000954,0.343351,1116.651930
894,11dd74426e8374ac110c4036c77c09ab_000000000955,0.343351,1122.546419
895,11dd74426e8374ac110c4036c77c09ab_000000000956,0.343351,931.329207
896,11dd74426e8374ac110c4036c77c09ab_000000000957,0.343351,889.360448
897,11dd74426e8374ac110c4036c77c09ab_000000000958,0.343351,0.346301
897,11dd74426e8374ac110c4036c77c09ab_000000000958,0.343351,0.478927
897,11dd74426e8374ac110c4036c77c09ab_000000000958,0.343351,0.523136
897,11dd74426e8374ac110c4036c77c09ab_000000000958,0.343351,0.235780
897,11dd74426e8374ac110c4036c77c09ab_000000000958,0.343351,0.471559
897,11dd74426e8374ac110c4036c77c09ab_000000000958,0.343351,0.294724
897,11dd74426e8374ac110c4036c77c09ab_000000000958,0.343351,8.841733
897,11dd74426e8374ac110c4036c77c09ab_000000000958,0.343351,22.163277
897,11dd74426e8374ac110c4036c77c09ab_000000000958,0.343351,0.884173
897,11dd74426e8374ac110c4036c77c09ab_000000000958,0.343351,715.826702
898,11dd74426e8374ac110c4036c77c09ab_000000000959,0.343351,451.164162
899,11dd74426e8374ac110c4036c77c09ab_000000000960,0.343351,0.235780
899,11dd74426e8374ac110c4036c77c09ab_000000000960,0.343351,505.275567
900,11dd74426e8374ac110c4036c77c09ab_000000000961,0.343351,450.338933
901,11dd74426e8374ac110c4036c77c09ab_000000000962,0.344520,600.118694
902,11dd74426e8374ac110c4036c77c09ab_000000000963,0.343351,588.741527
903,11dd74426e8374ac110c4036c77c09ab_000000000964,0.343351,570.704391
904,11dd74426e8374ac110c4036c77c09ab_000000000965,0.343351,430.887121
905,11dd74426e8374ac110c4036c77c09ab_000000000966,0.343351,438.196286
906,11dd74426e8374ac110c4036c77c09ab_000000000967,0.344520,433.709199
907,11dd74426e8374ac110c4036c77c09ab_000000000968,0.344520,430.504451
908,11dd74426e8374ac110c4036c77c09ab_000000000969,0.343351,482.994400
909,11dd74426e8374ac110c4036c77c09ab_000000000970,0.343351,478.396699
910,11dd74426e8374ac110c4036c77c09ab_000000000971,0.343351,473.563218
911,11dd74426e8374ac110c4036c77c09ab_000000000972,0.344520,460.415430
912,11dd74426e8374ac110c4036c77c09ab_000000000973,0.344520,453.293769
913,11dd74426e8374ac110c4036c77c09ab_000000000974,0.343351,462.245800
914,11dd74426e8374ac110c4036c77c09ab_000000000975,0.343351,468.140289
915,11dd74426e8374ac110c4036c77c09ab_000000000976,0.344520,478.575668
916,11dd74426e8374ac110c4036c77c09ab_000000000977,0.344520,471.335312
917,11dd74426e8374ac110c4036c77c09ab_000000000978,0.343351,438.549956
918,11dd74426e8374ac110c4036c77c09ab_000000000979,0.343351,505.511347
919,11dd74426e8374ac110c4036c77c09ab_000000000980,0.343351,468.140289
920,11dd74426e8374ac110c4036c77c09ab_000000000981,0.338788,440.401722
921,11dd74426e8374ac110c4036c77c09ab_000000000982,0.344520,465.163205
922,11dd74426e8374ac110c4036c77c09ab_000000000983,0.339814,416.743649
923,11dd74426e8374ac110c4036c77c09ab_000000000984,0.334216,396.090478
924,11dd74426e8374ac110c4036c77c09ab_000000000985,0.334216,401.452108
925,11dd74426e8374ac110c4036c77c09ab_000000000986,0.344520,392.403561
926,11dd74426e8374ac110c4036c77c09ab_000000000987,0.344520,384.332344
927,11dd74426e8374ac110c4036c77c09ab_000000000988,0.344520,390.385757
928,11dd74426e8374ac110c4036c77c09ab_000000000989,0.344520,378.219585
929,11dd74426e8374ac110c4036c77c09ab_000000000990,0.334216,309.410779
930,11dd74426e8374ac110c4036c77c09ab_000000000991,0.334216,291.985479
931,11dd74426e8374ac110c4036c77c09ab_000000000992,0.345599,249.507316
932,11dd74426e8374ac110c4036c77c09ab_000000000993,0.345599,249.089280
933,11dd74426e8374ac110c4036c77c09ab_000000000994,0.343351,253.639847
934,11dd74426e8374ac110c4036c77c09ab_000000000995,0.344520,260.890208
935,11dd74426e8374ac110c4036c77c09ab_000000000996,0.344520,248.842730
936,11dd74426e8374ac110c4036c77c09ab_000000000997,0.343351,252.460949
937,11dd74426e8374ac110c4036c77c09ab_000000000998,0.343351,271.500147
938,11dd74426e8374ac110c4036c77c09ab_000000000999,0.344520,1044.896142
939,11dd74426e8374ac110c4036c77c09ab_000000001000,0.344520,1056.379822
940,11dd74426e8374ac110c4036c77c09ab_000000001001,0.343351,1025.641026
941,11dd74426e8374ac110c4036c77c09ab_000000001002,0.344520,1026.231454
942,11dd74426e8374ac110c4036c77c09ab_000000001003,0.343351,1024.462128
943,11dd74426e8374ac110c4036c77c09ab_000000001004,0.344520,1027.181009
944,11dd74426e8374ac110c4036c77c09ab_000000001005,0.344520,1036.913947
945,11dd74426e8374ac110c4036c77c09ab_000000001006,0.344520,1039.525223
946,11dd74426e8374ac110c4036c77c09ab_000000001007,0.344520,1046.409496
947,11dd74426e8374ac110c4036c77c09ab_000000001008,0.344520,1096.735905
948,11dd74426e8374ac110c4036c77c09ab_000000001009,0.344520,1122.611276
949,11dd74426e8374ac110c4036c77c09ab_000000001010,0.344520,1133.768546
950,11dd74426e8374ac110c4036c77c09ab_000000001011,0.344520,1124.272997
951,11dd74426e8374ac110c4036c77c09ab_000000001012,0.343351,1123.489537
952,11dd74426e8374ac110c4036c77c09ab_000000001013,0.343351,1123.489537
953,11dd74426e8374ac110c4036c77c09ab_000000001014,0.343351,1126.554671
954,11dd74426e8374ac110c4036c77c09ab_000000001015,0.328798,1021.189189
955,11dd74426e8374ac110c4036c77c09ab_000000001016,0.343351,1128.912467
956,11dd74426e8374ac110c4036c77c09ab_000000001017,0.322665,997.813639
957,11dd74426e8374ac110c4036c77c09ab_000000001018,0.322665,992.191567
958,11dd74426e8374ac110c4036c77c09ab_000000001019,0.343351,1125.375774
959,11dd74426e8374ac110c4036c77c09ab_000000001020,0.343351,1151.547303
960,11dd74426e8374ac110c4036c77c09ab_000000001021,0.344520,1161.068249
961,11dd74426e8374ac110c4036c77c09ab_000000001022,0.344520,1164.629080
962,11dd74426e8374ac110c4036c77c09ab_000000001023,0.344520,1163.442136
963,11dd74426e8374ac110c4036c77c09ab_000000001024,0.344520,1165.816024
964,11dd74426e8374ac110c4036c77c09ab_000000001025,0.344520,1154.421365
965,11dd74426e8374ac110c4036c77c09ab_000000001026,0.345599,1166.676620
966,11dd74426e8374ac110c4036c77c09ab_000000001027,0.345599,1170.498656
967,11dd74426e8374ac110c4036c77c09ab_000000001028,0.345599,1172.409675
968,11dd74426e8374ac110c4036c77c09ab_000000001029,0.344520,1114.777448
969,11dd74426e8374ac110c4036c77c09ab_000000001030,0.344520,1099.584570
970,11dd74426e8374ac110c4036c77c09ab_000000001031,0.345599,1075.664377
971,11dd74426e8374ac110c4036c77c09ab_000000001032,0.328798,952.648649
972,11dd74426e8374ac110c4036c77c09ab_000000001033,0.327869,937.167428
973,11dd74426e8374ac110c4036c77c09ab_000000001034,0.344520,875.964392
974,11dd74426e8374ac110c4036c77c09ab_000000001035,0.333241,182.176569
975,11dd74426e8374ac110c4036c77c09ab_000000001036,0.333241,738.478623
976,11dd74426e8374ac110c4036c77c09ab_000000001037,0.343351,792.219275
977,11dd74426e8374ac110c4036c77c09ab_000000001038,0.327869,732.276270
978,11dd74426e8374ac110c4036c77c09ab_000000001039,0.339814,396.420323
978,11dd74426e8374ac110c4036c77c09ab_000000001039,0.339814,14.260970
978,11dd74426e8374ac110c4036c77c09ab_000000001039,0.339814,4.965358
978,11dd74426e8374ac110c4036c77c09ab_000000001039,0.339814,333.025404
979,11dd74426e8374ac110c4036c77c09ab_000000001040,0.339814,383.949192
979,11dd74426e8374ac110c4036c77c09ab_000000001040,0.339814,0.238164
979,11dd74426e8374ac110c4036c77c09ab_000000001040,0.339814,3.392032
979,11dd74426e8374ac110c4036c77c09ab_000000001040,0.339814,319.976905
980,11dd74426e8374ac110c4036c77c09ab_000000001041,0.339814,852.886836
981,11dd74426e8374ac110c4036c77c09ab_000000001042,0.339814,893.302540
982,11dd74426e8374ac110c4036c77c09ab_000000001043,0.334216,1009.103602
983,11dd74426e8374ac110c4036c77c09ab_000000001044,0.334216,1031.667132
984,11dd74426e8374ac110c4036c77c09ab_000000001045,0.322665,978.240500
985,11dd74426e8374ac110c4036c77c09ab_000000001050,0.344520,602.967359
986,11dd74426e8374ac110c4036c77c09ab_000000001051,0.344520,593.827893
987,11dd74426e8374ac110c4036c77c09ab_000000001052,0.344520,923.857567
988,11dd74426e8374ac110c4036c77c09ab_000000001053,0.344520,930.089021
989,11dd74426e8374ac110c4036c77c09ab_000000001054,0.344520,849.139466
990,11dd74426e8374ac110c4036c77c09ab_000000001055,0.344520,885.934718
991,11dd74426e8374ac110c4036c77c09ab_000000001056,0.344520,943.382789
1020,11dd74426e8374ac110c4036c77c09ab_000000001085,0.344520,257.893175
1020,11dd74426e8374ac110c4036c77c09ab_000000001085,0.344520,188.048961
1021,11dd74426e8374ac110c4036c77c09ab_000000001086,0.344520,236.023739
1021,11dd74426e8374ac110c4036c77c09ab_000000001086,0.344520,190.385757
1022,11dd74426e8374ac110c4036c77c09ab_000000001087,0.344520,242.314540
1022,11dd74426e8374ac110c4036c77c09ab_000000001087,0.344520,201.424332
1023,11dd74426e8374ac110c4036c77c09ab_000000001088,0.344520,235.667656
1023,11dd74426e8374ac110c4036c77c09ab_000000001088,0.344520,199.406528
1024,11dd74426e8374ac110c4036c77c09ab_000000001089,0.344520,233.056380
1024,11dd74426e8374ac110c4036c77c09ab_000000001089,0.344520,204.391691
1025,11dd74426e8374ac110c4036c77c09ab_000000001090,0.344520,229.970326
1025,11dd74426e8374ac110c4036c77c09ab_000000001090,0.344520,204.020772
1026,11dd74426e8374ac110c4036c77c09ab_000000001091,0.344520,240.712166
1026,11dd74426e8374ac110c4036c77c09ab_000000001091,0.344520,196.973294
1027,11dd74426e8374ac110c4036c77c09ab_000000001092,0.328798,223.405405
1027,11dd74426e8374ac110c4036c77c09ab_000000001092,0.328798,184.432432
1028,11dd74426e8374ac110c4036c77c09ab_000000001093,0.328798,228.054054
1028,11dd74426e8374ac110c4036c77c09ab_000000001093,0.328798,185.135135
1029,11dd74426e8374ac110c4036c77c09ab_000000001094,0.338788,209.813486
1029,11dd74426e8374ac110c4036c77c09ab_000000001094,0.338788,226.126255
1030,11dd74426e8374ac110c4036c77c09ab_000000001095,0.334216,198.492041
1030,11dd74426e8374ac110c4036c77c09ab_000000001095,0.334216,199.162245
1031,11dd74426e8374ac110c4036c77c09ab_000000001096,0.334216,197.710137
1031,11dd74426e8374ac110c4036c77c09ab_000000001096,0.334216,212.733873
1032,11dd74426e8374ac110c4036c77c09ab_000000001097,0.334216,198.882994
1032,11dd74426e8374ac110c4036c77c09ab_000000001097,0.334216,215.400726
1033,11dd74426e8374ac110c4036c77c09ab_000000001098,0.334216,195.643675
1033,11dd74426e8374ac110c4036c77c09ab_000000001098,0.334216,220.245741
1034,11dd74426e8374ac110c4036c77c09ab_000000001099,0.338788,210.329986
1034,11dd74426e8374ac110c4036c77c09ab_000000001099,0.338788,219.555237
1035,11dd74426e8374ac110c4036c77c09ab_000000001100,0.338788,205.279770
1035,11dd74426e8374ac110c4036c77c09ab_000000001100,0.338788,223.443329
1036,11dd74426e8374ac110c4036c77c09ab_000000001101,0.333241,198.889506
1036,11dd74426e8374ac110c4036c77c09ab_000000001101,0.333241,214.158801
1037,11dd74426e8374ac110c4036c77c09ab_000000001102,0.333241,193.392560
1038,11dd74426e8374ac110c4036c77c09ab_000000001103,0.333241,183.009439
1039,11dd74426e8374ac110c4036c77c09ab_000000001104,0.327869,172.588014
1040,11dd74426e8374ac110c4036c77c09ab_000000001105,0.333241,182.121044
1041,11dd74426e8374ac110c4036c77c09ab_000000001106,0.338788,178.708752
1042,11dd74426e8374ac110c4036c77c09ab_000000001107,0.338788,179.282640
1043,11dd74426e8374ac110c4036c77c09ab_000000001108,0.333241,207.940033
1044,11dd74426e8374ac110c4036c77c09ab_000000001109,0.338788,218.479197
1045,11dd74426e8374ac110c4036c77c09ab_000000001110,0.338788,206.083214
1046,11dd74426e8374ac110c4036c77c09ab_000000001111,0.338788,192.309900
1047,11dd74426e8374ac110c4036c77c09ab_000000001119,0.333241,158.911716
1047,11dd74426e8374ac110c4036c77c09ab_000000001119,0.333241,91.393670
1048,11dd74426e8374ac110c4036c77c09ab_000000001120,0.333241,163.020544
1048,11dd74426e8374ac110c4036c77c09ab_000000001120,0.333241,90.741255
1049,11dd74426e8374ac110c4036c77c09ab_000000001121,0.338788,232.998565
1049,11dd74426e8374ac110c4036c77c09ab_000000001121,0.338788,497.044476
1050,11dd74426e8374ac110c4036c77c09ab_000000001122,0.338788,252.395983
1050,11dd74426e8374ac110c4036c77c09ab_000000001122,0.338788,457.847920
1051,11dd74426e8374ac110c4036c77c09ab_000000001123,0.338788,253.199426
1051,11dd74426e8374ac110c4036c77c09ab_000000001123,0.338788,510.530846
1052,11dd74426e8374ac110c4036c77c09ab_000000001124,0.337676,269.555302
1052,11dd74426e8374ac110c4036c77c09ab_000000001124,0.337676,458.152794
1053,11dd74426e8374ac110c4036c77c09ab_000000001125,0.337676,270.524515
1053,11dd74426e8374ac110c4036c77c09ab_000000001125,0.337676,461.801596
1054,11dd74426e8374ac110c4036c77c09ab_000000001126,0.337676,278.791334
1054,11dd74426e8374ac110c4036c77c09ab_000000001126,0.337676,470.467503
1055,11dd74426e8374ac110c4036c77c09ab_000000001127,0.338788,283.213773
1055,11dd74426e8374ac110c4036c77c09ab_000000001127,0.338788,367.173601
1056,11dd74426e8374ac110c4036c77c09ab_000000001128,0.338788,300.946915
1056,11dd74426e8374ac110c4036c77c09ab_000000001128,0.338788,361.319943
1057,11dd74426e8374ac110c4036c77c09ab_000000001129,0.338788,302.840746
1057,11dd74426e8374ac110c4036c77c09ab_000000001129,0.338788,367.747489
1058,11dd74426e8374ac110c4036c77c09ab_000000001130,0.338788,311.047346
1058,11dd74426e8374ac110c4036c77c09ab_000000001130,0.338788,371.764706
1059,11dd74426e8374ac110c4036c77c09ab_000000001131,0.338788,291.822095
1059,11dd74426e8374ac110c4036c77c09ab_000000001131,0.338788,365.681492
1060,11dd74426e8374ac110c4036c77c09ab_000000001132,0.338788,293.142037
1060,11dd74426e8374ac110c4036c77c09ab_000000001132,0.338788,370.272597
1061,11dd74426e8374ac110c4036c77c09ab_000000001133,0.338788,287.977044
1061,11dd74426e8374ac110c4036c77c09ab_000000001133,0.338788,374.748924
1062,11dd74426e8374ac110c4036c77c09ab_000000001134,0.337676,288.141391
1063,11dd74426e8374ac110c4036c77c09ab_000000001135,0.338788,281.721664
1064,11dd74426e8374ac110c4036c77c09ab_000000001136,0.338788,285.164993
1065,11dd74426e8374ac110c4036c77c09ab_000000001137,0.338788,284.246772
1066,11dd74426e8374ac110c4036c77c09ab_000000001138,0.343351,268.376068
1067,11dd74426e8374ac110c4036c77c09ab_000000001139,0.343351,272.207486
1068,11dd74426e8374ac110c4036c77c09ab_000000001140,0.333241,271.016102
1069,11dd74426e8374ac110c4036c77c09ab_000000001141,0.333241,285.508051
1070,11dd74426e8374ac110c4036c77c09ab_000000001142,0.344520,306.765579
1071,11dd74426e8374ac110c4036c77c09ab_000000001143,0.344520,259.287834
1072,11dd74426e8374ac110c4036c77c09ab_000000001144,0.344520,237.270030
1073,11dd74426e8374ac110c4036c77c09ab_000000001145,0.344520,252.997033
1074,11dd74426e8374ac110c4036c77c09ab_000000001146,0.344520,254.718101
1075,11dd74426e8374ac110c4036c77c09ab_000000001147,0.333241,237.257079
1076,11dd74426e8374ac110c4036c77c09ab_000000001148,0.344520,257.329377
1077,11dd74426e8374ac110c4036c77c09ab_000000001149,0.350446,297.374885
1077,11dd74426e8374ac110c4036c77c09ab_000000001149,0.350446,521.154437
1078,11dd74426e8374ac110c4036c77c09ab_000000001150,0.344520,283.264095
1078,11dd74426e8374ac110c4036c77c09ab_000000001150,0.344520,472.640950
1079,11dd74426e8374ac110c4036c77c09ab_000000001151,0.344520,278.694362
1079,11dd74426e8374ac110c4036c77c09ab_000000001151,0.344520,450.089021
1080,11dd74426e8374ac110c4036c77c09ab_000000001152,0.343351,288.653109
1080,11dd74426e8374ac110c4036c77c09ab_000000001152,0.343351,431.358680
1081,11dd74426e8374ac110c4036c77c09ab_000000001153,0.343351,289.065724
1081,11dd74426e8374ac110c4036c77c09ab_000000001153,0.343351,420.159151
1082,11dd74426e8374ac110c4036c77c09ab_000000001154,0.350446,278.661345
1082,11dd74426e8374ac110c4036c77c09ab_000000001154,0.350446,406.140620
1083,11dd74426e8374ac110c4036c77c09ab_000000001155,0.343351,265.369879
1083,11dd74426e8374ac110c4036c77c09ab_000000001155,0.343351,398.113764
1084,11dd74426e8374ac110c4036c77c09ab_000000001156,0.344520,288.249258
1084,11dd74426e8374ac110c4036c77c09ab_000000001156,0.344520,388.249258
1085,11dd74426e8374ac110c4036c77c09ab_000000001157,0.344520,305.994065
1086,11dd74426e8374ac110c4036c77c09ab_000000001158,0.345599,333.592117
1087,11dd74426e8374ac110c4036c77c09ab_000000001159,0.345599,346.610929
1088,11dd74426e8374ac110c4036c77c09ab_000000001160,0.345599,346.073455
1089,11dd74426e8374ac110c4036c77c09ab_000000001161,0.345599,336.996118
1090,11dd74426e8374ac110c4036c77c09ab_000000001162,0.345599,334.249030
1091,11dd74426e8374ac110c4036c77c09ab_000000001163,0.344520,319.762611
1092,11dd74426e8374ac110c4036c77c09ab_000000001164,0.343351,317.889773
1093,11dd74426e8374ac110c4036c77c09ab_000000001165,0.343351,314.470970
1094,11dd74426e8374ac110c4036c77c09ab_000000001166,0.344520,321.127596
1095,11dd74426e8374ac110c4036c77c09ab_000000001167,0.344520,317.329377
1096,11dd74426e8374ac110c4036c77c09ab_000000001168,0.343351,290.185676
1097,11dd74426e8374ac110c4036c77c09ab_000000001169,0.343351,292.661362
1098,11dd74426e8374ac110c4036c77c09ab_000000001170,0.343351,310.698497
1099,11dd74426e8374ac110c4036c77c09ab_000000001171,0.343351,301.974654
1100,11dd74426e8374ac110c4036c77c09ab_000000001172,0.344520,272.047478
1101,11dd74426e8374ac110c4036c77c09ab_000000001173,0.343351,302.623047
1102,11dd74426e8374ac110c4036c77c09ab_000000001174,0.343351,323.135868
1103,11dd74426e8374ac110c4036c77c09ab_000000001175,0.351581,303.708282
1104,11dd74426e8374ac110c4036c77c09ab_000000001176,0.345599,328.515975
1105,11dd74426e8374ac110c4036c77c09ab_000000001177,0.345599,276.739325
1106,11dd74426e8374ac110c4036c77c09ab_000000001178,0.345599,269.692446
1107,11dd74426e8374ac110c4036c77c09ab_000000001179,0.345599,277.037922
1108,11dd74426e8374ac110c4036c77c09ab_000000001180,0.344520,275.608309
1109,11dd74426e8374ac110c4036c77c09ab_000000001181,0.344520,225.163205
1110,11dd74426e8374ac110c4036c77c09ab_000000001182,0.344520,229.258160
1111,11dd74426e8374ac110c4036c77c09ab_000000001183,0.345599,220.901762
1112,11dd74426e8374ac110c4036c77c09ab_000000001184,0.344520,191.454006
1113,11dd74426e8374ac110c4036c77c09ab_000000001185,0.344520,186.587537
1114,11dd74426e8374ac110c4036c77c09ab_000000001186,0.345599,189.489400
1115,11dd74426e8374ac110c4036c77c09ab_000000001187,0.345599,190.743506
1116,11dd74426e8374ac110c4036c77c09ab_000000001188,0.344520,118.100890
1117,11dd74426e8374ac110c4036c77c09ab_000000001189,0.345599,135.383697
1118,11dd74426e8374ac110c4036c77c09ab_000000001190,0.345599,127.082711
1119,11dd74426e8374ac110c4036c77c09ab_000000001191,0.345599,99.970140
1120,11dd74426e8374ac110c4036c77c09ab_000000001192,0.345599,94.177366
1121,11dd74426e8374ac110c4036c77c09ab_000000001193,0.345599,116.154076
1122,11dd74426e8374ac110c4036c77c09ab_000000001194,0.345599,93.221857
1123,11dd74426e8374ac110c4036c77c09ab_000000001195,0.345599,133.472678
1124,11dd74426e8374ac110c4036c77c09ab_000000001196,0.343351,124.373711
1125,11dd74426e8374ac110c4036c77c09ab_000000001197,0.343351,135.867963
1126,11dd74426e8374ac110c4036c77c09ab_000000001198,0.344520,91.097923
1127,11dd74426e8374ac110c4036c77c09ab_000000001199,0.344520,77.685460
1128,11dd74426e8374ac110c4036c77c09ab_000000001200,0.345599,236.010749
1129,11dd74426e8374ac110c4036c77c09ab_000000001201,0.345599,0.246342
1129,11dd74426e8374ac110c4036c77c09ab_000000001201,0.345599,260.137354
1130,11dd74426e8374ac110c4036c77c09ab_000000001202,0.338788,182.496413
1130,11dd74426e8374ac110c4036c77c09ab_000000001202,0.338788,13.486370
1131,11dd74426e8374ac110c4036c77c09ab_000000001203,0.338788,224.562410
1132,11dd74426e8374ac110c4036c77c09ab_000000001204,0.338788,314.461980
1132,11dd74426e8374ac110c4036c77c09ab_000000001204,0.338788,147.901722
1133,11dd74426e8374ac110c4036c77c09ab_000000001205,0.338788,257.101865
1133,11dd74426e8374ac110c4036c77c09ab_000000001205,0.338788,142.668580
1134,11dd74426e8374ac110c4036c77c09ab_000000001206,0.338788,254.117647
1134,11dd74426e8374ac110c4036c77c09ab_000000001206,0.338788,140.200861
1135,11dd74426e8374ac110c4036c77c09ab_000000001207,0.338788,0.918221
1135,11dd74426e8374ac110c4036c77c09ab_000000001207,0.338788,234.720230
1135,11dd74426e8374ac110c4036c77c09ab_000000001207,0.338788,141.520803
1136,11dd74426e8374ac110c4036c77c09ab_000000001208,0.338788,227.144907
1136,11dd74426e8374ac110c4036c77c09ab_000000001208,0.338788,143.629842
1137,11dd74426e8374ac110c4036c77c09ab_000000001209,0.333241,215.880067
1137,11dd74426e8374ac110c4036c77c09ab_000000001209,0.333241,139.200444
1138,11dd74426e8374ac110c4036c77c09ab_000000001210,0.327869,206.718624
1138,11dd74426e8374ac110c4036c77c09ab_000000001210,0.327869,135.124966
1139,11dd74426e8374ac110c4036c77c09ab_000000001211,0.333241,205.774570
1139,11dd74426e8374ac110c4036c77c09ab_000000001211,0.333241,132.537479
1140,11dd74426e8374ac110c4036c77c09ab_000000001212,0.333241,193.059411
1140,11dd74426e8374ac110c4036c77c09ab_000000001212,0.333241,125.222099
1141,11dd74426e8374ac110c4036c77c09ab_000000001213,0.327869,179.951626
1141,11dd74426e8374ac110c4036c77c09ab_000000001213,0.327869,119.269014
1142,11dd74426e8374ac110c4036c77c09ab_000000001214,0.327869,178.876646
1142,11dd74426e8374ac110c4036c77c09ab_000000001214,0.327869,108.949207
1143,11dd74426e8374ac110c4036c77c09ab_000000001215,0.327869,175.114217
1143,11dd74426e8374ac110c4036c77c09ab_000000001215,0.327869,107.175490
1144,11dd74426e8374ac110c4036c77c09ab_000000001216,0.333241,173.681288
1144,11dd74426e8374ac110c4036c77c09ab_000000001216,0.333241,104.608551
1145,11dd74426e8374ac110c4036c77c09ab_000000001217,0.333241,170.682954
1145,11dd74426e8374ac110c4036c77c09ab_000000001217,0.333241,104.441977
1146,11dd74426e8374ac110c4036c77c09ab_000000001218,0.338788,178.421808
1146,11dd74426e8374ac110c4036c77c09ab_000000001218,0.338788,101.406026
1147,11dd74426e8374ac110c4036c77c09ab_000000001219,0.337676,183.124287
1147,11dd74426e8374ac110c4036c77c09ab_000000001219,0.337676,103.648803
1148,11dd74426e8374ac110c4036c77c09ab_000000001220,0.337676,181.299886
1148,11dd74426e8374ac110c4036c77c09ab_000000001220,0.337676,102.964652
1149,11dd74426e8374ac110c4036c77c09ab_000000001221,0.337676,175.598632
1149,11dd74426e8374ac110c4036c77c09ab_000000001221,0.337676,98.973774
1150,11dd74426e8374ac110c4036c77c09ab_000000001222,0.337676,171.436716
1150,11dd74426e8374ac110c4036c77c09ab_000000001222,0.337676,98.061574
1151,11dd74426e8374ac110c4036c77c09ab_000000001223,0.338788,168.608321
1151,11dd74426e8374ac110c4036c77c09ab_000000001223,0.338788,98.536585
1152,11dd74426e8374ac110c4036c77c09ab_000000001224,0.337676,167.502851
1152,11dd74426e8374ac110c4036c77c09ab_000000001224,0.337676,95.838084
1153,11dd74426e8374ac110c4036c77c09ab_000000001225,0.337676,167.958951
1153,11dd74426e8374ac110c4036c77c09ab_000000001225,0.337676,92.873432
1154,11dd74426e8374ac110c4036c77c09ab_000000001226,0.344520,170.801187
1154,11dd74426e8374ac110c4036c77c09ab_000000001226,0.344520,86.172107
1155,11dd74426e8374ac110c4036c77c09ab_000000001227,0.344520,169.910979
1155,11dd74426e8374ac110c4036c77c09ab_000000001227,0.344520,83.976261
1156,11dd74426e8374ac110c4036c77c09ab_000000001228,0.337676,162.029647
1156,11dd74426e8374ac110c4036c77c09ab_000000001228,0.337676,76.282782
1157,11dd74426e8374ac110c4036c77c09ab_000000001229,0.337676,158.437856
1157,11dd74426e8374ac110c4036c77c09ab_000000001229,0.337676,74.401368
1158,11dd74426e8374ac110c4036c77c09ab_000000001230,0.337676,155.416192
1158,11dd74426e8374ac110c4036c77c09ab_000000001230,0.337676,72.919042
1159,11dd74426e8374ac110c4036c77c09ab_000000001231,0.338788,158.909613
1159,11dd74426e8374ac110c4036c77c09ab_000000001231,0.338788,71.111908
