instance_id,frame_id,frame_name,speed_nm_per_s
1,1,11dd74426e8374ac110c4036c77c09ab_000000000001,39.079527
1,2,11dd74426e8374ac110c4036c77c09ab_000000000002,40.911331
1,3,11dd74426e8374ac110c4036c77c09ab_000000000003,26.309305
1,4,11dd74426e8374ac110c4036c77c09ab_000000000004,224.433489
1,5,11dd74426e8374ac110c4036c77c09ab_000000000005,15.915851
1,6,11dd74426e8374ac110c4036c77c09ab_000000000006,60.598415
1,7,11dd74426e8374ac110c4036c77c09ab_000000000007,105.058960
1,8,11dd74426e8374ac110c4036c77c09ab_000000000008,67.089334
1,9,11dd74426e8374ac110c4036c77c09ab_000000000009,230.141833
1,10,11dd74426e8374ac110c4036c77c09ab_000000000010,22.493539
1,11,11dd74426e8374ac110c4036c77c09ab_000000000011,66.935685
1,12,11dd74426e8374ac110c4036c77c09ab_000000000012,75.632732
1,13,11dd74426e8374ac110c4036c77c09ab_000000000013,211.358673
1,14,11dd74426e8374ac110c4036c77c09ab_000000000014,46.124960
1,15,11dd74426e8374ac110c4036c77c09ab_000000000015,19.934116
1,16,11dd74426e8374ac110c4036c77c09ab_000000000016,52.993425
1,17,11dd74426e8374ac110c4036c77c09ab_000000000017,190.723267
1,18,11dd74426e8374ac110c4036c77c09ab_000000000018,9.848077
1,19,11dd74426e8374ac110c4036c77c09ab_000000000019,41.251625
1,20,11dd74426e8374ac110c4036c77c09ab_000000000020,234.576981
1,21,11dd74426e8374ac110c4036c77c09ab_000000000021,5.283344
1,22,11dd74426e8374ac110c4036c77c09ab_000000000022,57.032028
1,23,11dd74426e8374ac110c4036c77c09ab_000000000023,18.958081
1,24,11dd74426e8374ac110c4036c77c09ab_000000000024,10.472059
1,25,11dd74426e8374ac110c4036c77c09ab_000000000025,47.526380
1,26,11dd74426e8374ac110c4036c77c09ab_000000000026,7.537673
1,27,11dd74426e8374ac110c4036c77c09ab_000000000027,62.720166
1,28,11dd74426e8374ac110c4036c77c09ab_000000000028,22.266032
1,29,11dd74426e8374ac110c4036c77c09ab_000000000029,9.788992
1,30,11dd74426e8374ac110c4036c77c09ab_000000000030,56.910405
1,31,11dd74426e8374ac110c4036c77c09ab_000000000031,104.688310
1,32,11dd74426e8374ac110c4036c77c09ab_000000000032,63.724928
1,33,11dd74426e8374ac110c4036c77c09ab_000000000033,36.780003
1,34,11dd74426e8374ac110c4036c77c09ab_000000000034,149.516235
1,35,11dd74426e8374ac110c4036c77c09ab_000000000035,32.076189
1,36,11dd74426e8374ac110c4036c77c09ab_000000000036,45.308616
1,37,11dd74426e8374ac110c4036c77c09ab_000000000037,50.581194
1,38,11dd74426e8374ac110c4036c77c09ab_000000000038,17.810235
1,39,11dd74426e8374ac110c4036c77c09ab_000000000039,20.692688
1,40,11dd74426e8374ac110c4036c77c09ab_000000000040,20.473202
1,41,11dd74426e8374ac110c4036c77c09ab_000000000041,162.545532
1,42,11dd74426e8374ac110c4036c77c09ab_000000000042,54.379117
2,1,11dd74426e8374ac110c4036c77c09ab_000000000001,74.358592
2,2,11dd74426e8374ac110c4036c77c09ab_000000000002,31.192295
2,3,11dd74426e8374ac110c4036c77c09ab_000000000003,26.364475
2,4,11dd74426e8374ac110c4036c77c09ab_000000000004,230.579005
2,5,11dd74426e8374ac110c4036c77c09ab_000000000005,46.029154
2,6,11dd74426e8374ac110c4036c77c09ab_000000000006,124.201005
2,7,11dd74426e8374ac110c4036c77c09ab_000000000007,81.480186
2,8,11dd74426e8374ac110c4036c77c09ab_000000000008,19.050274
2,9,11dd74426e8374ac110c4036c77c09ab_000000000009,250.834482
2,10,11dd74426e8374ac110c4036c77c09ab_000000000010,38.690875
2,11,11dd74426e8374ac110c4036c77c09ab_000000000011,82.359705
2,12,11dd74426e8374ac110c4036c77c09ab_000000000012,72.964243
2,13,11dd74426e8374ac110c4036c77c09ab_000000000013,259.451934
2,14,11dd74426e8374ac110c4036c77c09ab_000000000014,180.879197
2,15,11dd74426e8374ac110c4036c77c09ab_000000000015,111.931942
2,16,11dd74426e8374ac110c4036c77c09ab_000000000016,8.881120
2,17,11dd74426e8374ac110c4036c77c09ab_000000000017,193.073659
2,18,11dd74426e8374ac110c4036c77c09ab_000000000018,19.648616
2,19,11dd74426e8374ac110c4036c77c09ab_000000000019,25.312018
2,20,11dd74426e8374ac110c4036c77c09ab_000000000020,200.594222
2,21,11dd74426e8374ac110c4036c77c09ab_000000000021,41.218627
2,22,11dd74426e8374ac110c4036c77c09ab_000000000022,63.283718
2,23,11dd74426e8374ac110c4036c77c09ab_000000000023,20.541509
2,24,11dd74426e8374ac110c4036c77c09ab_000000000024,42.182064
2,25,11dd74426e8374ac110c4036c77c09ab_000000000025,42.309081
2,26,11dd74426e8374ac110c4036c77c09ab_000000000026,25.921970
2,27,11dd74426e8374ac110c4036c77c09ab_000000000027,44.894947
2,28,11dd74426e8374ac110c4036c77c09ab_000000000028,55.358644
2,29,11dd74426e8374ac110c4036c77c09ab_000000000029,31.273842
2,30,11dd74426e8374ac110c4036c77c09ab_000000000030,68.833244
2,31,11dd74426e8374ac110c4036c77c09ab_000000000031,128.887164
2,32,11dd74426e8374ac110c4036c77c09ab_000000000032,144.894913
2,33,11dd74426e8374ac110c4036c77c09ab_000000000033,23.945180
2,34,11dd74426e8374ac110c4036c77c09ab_000000000034,114.588848
2,35,11dd74426e8374ac110c4036c77c09ab_000000000035,99.612070
2,36,11dd74426e8374ac110c4036c77c09ab_000000000036,54.083210
2,37,11dd74426e8374ac110c4036c77c09ab_000000000037,80.572596
2,38,11dd74426e8374ac110c4036c77c09ab_000000000038,64.302026
2,39,11dd74426e8374ac110c4036c77c09ab_000000000039,12.854378
2,40,11dd74426e8374ac110c4036c77c09ab_000000000040,9.023823
2,41,11dd74426e8374ac110c4036c77c09ab_000000000041,158.029846
2,42,11dd74426e8374ac110c4036c77c09ab_000000000042,34.049627
3,1,11dd74426e8374ac110c4036c77c09ab_000000000001,121.164978
3,2,11dd74426e8374ac110c4036c77c09ab_000000000002,132.428743
3,3,11dd74426e8374ac110c4036c77c09ab_000000000003,30.841819
3,4,11dd74426e8374ac110c4036c77c09ab_000000000004,149.324434
3,5,11dd74426e8374ac110c4036c77c09ab_000000000005,30.110371
3,6,11dd74426e8374ac110c4036c77c09ab_000000000006,144.132870
3,7,11dd74426e8374ac110c4036c77c09ab_000000000007,89.677472
3,8,11dd74426e8374ac110c4036c77c09ab_000000000008,75.994326
3,9,11dd74426e8374ac110c4036c77c09ab_000000000009,184.398687
3,10,11dd74426e8374ac110c4036c77c09ab_000000000010,61.006947
3,11,11dd74426e8374ac110c4036c77c09ab_000000000011,45.674550
3,12,11dd74426e8374ac110c4036c77c09ab_000000000012,38.744784
3,13,11dd74426e8374ac110c4036c77c09ab_000000000013,161.511509
3,14,11dd74426e8374ac110c4036c77c09ab_000000000014,119.727325
3,15,11dd74426e8374ac110c4036c77c09ab_000000000015,150.124784
3,16,11dd74426e8374ac110c4036c77c09ab_000000000016,16.244499
3,17,11dd74426e8374ac110c4036c77c09ab_000000000017,178.784293
3,18,11dd74426e8374ac110c4036c77c09ab_000000000018,3.698692
3,19,11dd74426e8374ac110c4036c77c09ab_000000000019,78.596823
3,20,11dd74426e8374ac110c4036c77c09ab_000000000020,229.743976
3,21,11dd74426e8374ac110c4036c77c09ab_000000000021,41.238121
3,22,11dd74426e8374ac110c4036c77c09ab_000000000022,57.747268
3,23,11dd74426e8374ac110c4036c77c09ab_000000000023,90.950656
3,24,11dd74426e8374ac110c4036c77c09ab_000000000024,34.568840
3,25,11dd74426e8374ac110c4036c77c09ab_000000000025,54.554860
3,26,11dd74426e8374ac110c4036c77c09ab_000000000026,92.064746
3,27,11dd74426e8374ac110c4036c77c09ab_000000000027,113.127397
3,28,11dd74426e8374ac110c4036c77c09ab_000000000028,103.027006
3,29,11dd74426e8374ac110c4036c77c09ab_000000000029,38.723519
3,30,11dd74426e8374ac110c4036c77c09ab_000000000030,51.071653
3,31,11dd74426e8374ac110c4036c77c09ab_000000000031,59.867590
3,32,11dd74426e8374ac110c4036c77c09ab_000000000032,76.787332
3,33,11dd74426e8374ac110c4036c77c09ab_000000000033,35.911031
3,34,11dd74426e8374ac110c4036c77c09ab_000000000034,179.925902
3,35,11dd74426e8374ac110c4036c77c09ab_000000000035,75.337246
3,36,11dd74426e8374ac110c4036c77c09ab_000000000036,6.154893
3,37,11dd74426e8374ac110c4036c77c09ab_000000000037,68.055600
3,38,11dd74426e8374ac110c4036c77c09ab_000000000038,59.274080
3,39,11dd74426e8374ac110c4036c77c09ab_000000000039,19.411921
3,40,11dd74426e8374ac110c4036c77c09ab_000000000040,34.718801
3,41,11dd74426e8374ac110c4036c77c09ab_000000000041,200.705563
3,42,11dd74426e8374ac110c4036c77c09ab_000000000042,76.040723
4,1,11dd74426e8374ac110c4036c77c09ab_000000000001,121.638459
4,2,11dd74426e8374ac110c4036c77c09ab_000000000002,45.303177
4,3,11dd74426e8374ac110c4036c77c09ab_000000000003,162.469193
4,4,11dd74426e8374ac110c4036c77c09ab_000000000004,415.238527
4,5,11dd74426e8374ac110c4036c77c09ab_000000000005,93.951091
4,6,11dd74426e8374ac110c4036c77c09ab_000000000006,79.265958
4,7,11dd74426e8374ac110c4036c77c09ab_000000000007,123.300563
4,8,11dd74426e8374ac110c4036c77c09ab_000000000008,94.157188
4,9,11dd74426e8374ac110c4036c77c09ab_000000000009,145.357476
4,10,11dd74426e8374ac110c4036c77c09ab_000000000010,31.786451
4,11,11dd74426e8374ac110c4036c77c09ab_000000000011,88.553322
4,12,11dd74426e8374ac110c4036c77c09ab_000000000012,17.154120
4,13,11dd74426e8374ac110c4036c77c09ab_000000000013,132.589896
4,14,11dd74426e8374ac110c4036c77c09ab_000000000014,60.432225
4,15,11dd74426e8374ac110c4036c77c09ab_000000000015,106.783896
4,16,11dd74426e8374ac110c4036c77c09ab_000000000016,100.947656
4,17,11dd74426e8374ac110c4036c77c09ab_000000000017,186.662967
4,18,11dd74426e8374ac110c4036c77c09ab_000000000018,77.318421
4,19,11dd74426e8374ac110c4036c77c09ab_000000000019,68.495367
4,20,11dd74426e8374ac110c4036c77c09ab_000000000020,244.900465
4,21,11dd74426e8374ac110c4036c77c09ab_000000000021,78.164394
4,22,11dd74426e8374ac110c4036c77c09ab_000000000022,53.224641
4,23,11dd74426e8374ac110c4036c77c09ab_000000000023,107.292083
4,24,11dd74426e8374ac110c4036c77c09ab_000000000024,65.363050
4,25,11dd74426e8374ac110c4036c77c09ab_000000000025,84.230976
4,26,11dd74426e8374ac110c4036c77c09ab_000000000026,64.760292
4,27,11dd74426e8374ac110c4036c77c09ab_000000000027,27.420943
4,28,11dd74426e8374ac110c4036c77c09ab_000000000028,47.542378
4,29,11dd74426e8374ac110c4036c77c09ab_000000000029,56.667072
4,30,11dd74426e8374ac110c4036c77c09ab_000000000030,41.638878
4,31,11dd74426e8374ac110c4036c77c09ab_000000000031,21.807253
4,32,11dd74426e8374ac110c4036c77c09ab_000000000032,55.553975
4,33,11dd74426e8374ac110c4036c77c09ab_000000000033,36.705147
4,34,11dd74426e8374ac110c4036c77c09ab_000000000034,301.796800
4,35,11dd74426e8374ac110c4036c77c09ab_000000000035,87.347888
4,36,11dd74426e8374ac110c4036c77c09ab_000000000036,67.072359
4,37,11dd74426e8374ac110c4036c77c09ab_000000000037,134.249003
4,38,11dd74426e8374ac110c4036c77c09ab_000000000038,72.296708
4,39,11dd74426e8374ac110c4036c77c09ab_000000000039,25.590699
4,40,11dd74426e8374ac110c4036c77c09ab_000000000040,61.306000
4,41,11dd74426e8374ac110c4036c77c09ab_000000000041,309.739714
4,42,11dd74426e8374ac110c4036c77c09ab_000000000042,147.567632
5,44,11dd74426e8374ac110c4036c77c09ab_000000000044,63.462544
5,45,11dd74426e8374ac110c4036c77c09ab_000000000045,22.801309
5,46,11dd74426e8374ac110c4036c77c09ab_000000000046,83.092674
5,47,11dd74426e8374ac110c4036c77c09ab_000000000047,79.888445
5,48,11dd74426e8374ac110c4036c77c09ab_000000000048,12.809883
5,49,11dd74426e8374ac110c4036c77c09ab_000000000049,202.143546
5,50,11dd74426e8374ac110c4036c77c09ab_000000000050,283.598553
5,51,11dd74426e8374ac110c4036c77c09ab_000000000051,6.106243
5,52,11dd74426e8374ac110c4036c77c09ab_000000000052,51.741566
6,44,11dd74426e8374ac110c4036c77c09ab_000000000044,78.037256
6,45,11dd74426e8374ac110c4036c77c09ab_000000000045,49.531339
6,46,11dd74426e8374ac110c4036c77c09ab_000000000046,54.746934
6,47,11dd74426e8374ac110c4036c77c09ab_000000000047,121.146941
6,48,11dd74426e8374ac110c4036c77c09ab_000000000048,48.304427
6,49,11dd74426e8374ac110c4036c77c09ab_000000000049,248.683891
6,50,11dd74426e8374ac110c4036c77c09ab_000000000050,324.418433
6,51,11dd74426e8374ac110c4036c77c09ab_000000000051,6.971583
6,52,11dd74426e8374ac110c4036c77c09ab_000000000052,92.784057
7,44,11dd74426e8374ac110c4036c77c09ab_000000000044,111.702969
7,45,11dd74426e8374ac110c4036c77c09ab_000000000045,94.133346
7,46,11dd74426e8374ac110c4036c77c09ab_000000000046,60.036698
7,47,11dd74426e8374ac110c4036c77c09ab_000000000047,121.501673
7,48,11dd74426e8374ac110c4036c77c09ab_000000000048,20.380073
7,49,11dd74426e8374ac110c4036c77c09ab_000000000049,238.962056
7,50,11dd74426e8374ac110c4036c77c09ab_000000000050,324.785533
7,51,11dd74426e8374ac110c4036c77c09ab_000000000051,46.909455
7,52,11dd74426e8374ac110c4036c77c09ab_000000000052,50.613208
8,54,11dd74426e8374ac110c4036c77c09ab_000000000060,92.088323
8,55,11dd74426e8374ac110c4036c77c09ab_000000000061,23.219343
8,56,11dd74426e8374ac110c4036c77c09ab_000000000062,7.056084
9,54,11dd74426e8374ac110c4036c77c09ab_000000000060,159.244913
9,55,11dd74426e8374ac110c4036c77c09ab_000000000061,32.065980
9,56,11dd74426e8374ac110c4036c77c09ab_000000000062,56.365549
10,54,11dd74426e8374ac110c4036c77c09ab_000000000060,97.498771
10,55,11dd74426e8374ac110c4036c77c09ab_000000000061,26.315793
10,56,11dd74426e8374ac110c4036c77c09ab_000000000062,48.292318
11,54,11dd74426e8374ac110c4036c77c09ab_000000000060,127.301974
11,55,11dd74426e8374ac110c4036c77c09ab_000000000061,73.763031
11,56,11dd74426e8374ac110c4036c77c09ab_000000000062,101.532615
12,58,11dd74426e8374ac110c4036c77c09ab_000000000064,28.598051
12,59,11dd74426e8374ac110c4036c77c09ab_000000000065,32.537660
12,60,11dd74426e8374ac110c4036c77c09ab_000000000066,58.542037
12,61,11dd74426e8374ac110c4036c77c09ab_000000000067,24.712343
12,62,11dd74426e8374ac110c4036c77c09ab_000000000068,7.496775
12,63,11dd74426e8374ac110c4036c77c09ab_000000000069,56.958351
12,64,11dd74426e8374ac110c4036c77c09ab_000000000070,21.972777
12,65,11dd74426e8374ac110c4036c77c09ab_000000000071,16.828070
12,66,11dd74426e8374ac110c4036c77c09ab_000000000072,10.873245
12,67,11dd74426e8374ac110c4036c77c09ab_000000000073,232.220691
12,68,11dd74426e8374ac110c4036c77c09ab_000000000074,50.471739
12,69,11dd74426e8374ac110c4036c77c09ab_000000000075,10.405864
12,70,11dd74426e8374ac110c4036c77c09ab_000000000076,365.692999
12,71,11dd74426e8374ac110c4036c77c09ab_000000000077,52.567235
12,72,11dd74426e8374ac110c4036c77c09ab_000000000078,33.239436
12,73,11dd74426e8374ac110c4036c77c09ab_000000000079,37.512412
12,74,11dd74426e8374ac110c4036c77c09ab_000000000080,214.289357
12,75,11dd74426e8374ac110c4036c77c09ab_000000000081,38.614250
12,76,11dd74426e8374ac110c4036c77c09ab_000000000082,68.003304
12,77,11dd74426e8374ac110c4036c77c09ab_000000000083,77.905905
12,78,11dd74426e8374ac110c4036c77c09ab_000000000084,47.132649
12,79,11dd74426e8374ac110c4036c77c09ab_000000000085,7.047707
12,80,11dd74426e8374ac110c4036c77c09ab_000000000086,35.085120
12,81,11dd74426e8374ac110c4036c77c09ab_000000000087,30.085251
12,82,11dd74426e8374ac110c4036c77c09ab_000000000088,4.516070
12,83,11dd74426e8374ac110c4036c77c09ab_000000000089,36.357860
12,84,11dd74426e8374ac110c4036c77c09ab_000000000090,32.240495
12,85,11dd74426e8374ac110c4036c77c09ab_000000000091,23.255718
12,86,11dd74426e8374ac110c4036c77c09ab_000000000092,225.267004
12,87,11dd74426e8374ac110c4036c77c09ab_000000000093,5.394304
12,88,11dd74426e8374ac110c4036c77c09ab_000000000094,272.169090
12,89,11dd74426e8374ac110c4036c77c09ab_000000000095,9.087480
12,90,11dd74426e8374ac110c4036c77c09ab_000000000096,10.512137
12,91,11dd74426e8374ac110c4036c77c09ab_000000000097,49.099438
12,92,11dd74426e8374ac110c4036c77c09ab_000000000098,74.008517
12,93,11dd74426e8374ac110c4036c77c09ab_000000000099,10.872510
12,94,11dd74426e8374ac110c4036c77c09ab_000000000100,33.510599
12,95,11dd74426e8374ac110c4036c77c09ab_000000000101,215.156129
12,96,11dd74426e8374ac110c4036c77c09ab_000000000102,25.276440
12,97,11dd74426e8374ac110c4036c77c09ab_000000000103,395.969833
12,98,11dd74426e8374ac110c4036c77c09ab_000000000104,122.979172
12,99,11dd74426e8374ac110c4036c77c09ab_000000000105,286.569387
12,100,11dd74426e8374ac110c4036c77c09ab_000000000106,183.882901
12,101,11dd74426e8374ac110c4036c77c09ab_000000000107,17.282357
12,102,11dd74426e8374ac110c4036c77c09ab_000000000108,86.112930
12,103,11dd74426e8374ac110c4036c77c09ab_000000000109,9.471853
12,104,11dd74426e8374ac110c4036c77c09ab_000000000110,231.634598
12,105,11dd74426e8374ac110c4036c77c09ab_000000000111,249.477756
12,106,11dd74426e8374ac110c4036c77c09ab_000000000112,36.835323
13,58,11dd74426e8374ac110c4036c77c09ab_000000000064,13.283971
13,59,11dd74426e8374ac110c4036c77c09ab_000000000065,22.037419
13,60,11dd74426e8374ac110c4036c77c09ab_000000000066,40.248521
13,61,11dd74426e8374ac110c4036c77c09ab_000000000067,45.860109
13,62,11dd74426e8374ac110c4036c77c09ab_000000000068,54.699643
13,63,11dd74426e8374ac110c4036c77c09ab_000000000069,85.102088
13,64,11dd74426e8374ac110c4036c77c09ab_000000000070,63.555888
13,65,11dd74426e8374ac110c4036c77c09ab_000000000071,5.017448
13,66,11dd74426e8374ac110c4036c77c09ab_000000000072,25.154379
13,67,11dd74426e8374ac110c4036c77c09ab_000000000073,225.646108
13,68,11dd74426e8374ac110c4036c77c09ab_000000000074,58.642901
13,69,11dd74426e8374ac110c4036c77c09ab_000000000075,95.867016
13,70,11dd74426e8374ac110c4036c77c09ab_000000000076,299.124409
13,71,11dd74426e8374ac110c4036c77c09ab_000000000077,23.063228
13,72,11dd74426e8374ac110c4036c77c09ab_000000000078,43.930901
13,73,11dd74426e8374ac110c4036c77c09ab_000000000079,76.493085
13,74,11dd74426e8374ac110c4036c77c09ab_000000000080,220.136334
13,75,11dd74426e8374ac110c4036c77c09ab_000000000081,89.124113
13,76,11dd74426e8374ac110c4036c77c09ab_000000000082,69.509344
13,77,11dd74426e8374ac110c4036c77c09ab_000000000083,34.454407
13,78,11dd74426e8374ac110c4036c77c09ab_000000000084,77.255194
13,79,11dd74426e8374ac110c4036c77c09ab_000000000085,37.594713
13,80,11dd74426e8374ac110c4036c77c09ab_000000000086,17.491802
13,81,11dd74426e8374ac110c4036c77c09ab_000000000087,55.425670
13,82,11dd74426e8374ac110c4036c77c09ab_000000000088,28.971934
13,83,11dd74426e8374ac110c4036c77c09ab_000000000089,38.438828
13,84,11dd74426e8374ac110c4036c77c09ab_000000000090,57.539067
13,85,11dd74426e8374ac110c4036c77c09ab_000000000091,58.022875
13,86,11dd74426e8374ac110c4036c77c09ab_000000000092,216.701012
13,87,11dd74426e8374ac110c4036c77c09ab_000000000093,29.744107
13,88,11dd74426e8374ac110c4036c77c09ab_000000000094,164.691998
13,89,11dd74426e8374ac110c4036c77c09ab_000000000095,48.785341
13,90,11dd74426e8374ac110c4036c77c09ab_000000000096,98.283259
13,91,11dd74426e8374ac110c4036c77c09ab_000000000097,26.651899
13,92,11dd74426e8374ac110c4036c77c09ab_000000000098,46.483481
13,93,11dd74426e8374ac110c4036c77c09ab_000000000099,162.318240
13,94,11dd74426e8374ac110c4036c77c09ab_000000000100,106.357036
13,95,11dd74426e8374ac110c4036c77c09ab_000000000101,269.534085
13,96,11dd74426e8374ac110c4036c77c09ab_000000000102,17.419284
13,97,11dd74426e8374ac110c4036c77c09ab_000000000103,313.083493
13,98,11dd74426e8374ac110c4036c77c09ab_000000000104,37.770757
13,99,11dd74426e8374ac110c4036c77c09ab_000000000105,178.984234
13,100,11dd74426e8374ac110c4036c77c09ab_000000000106,190.041613
13,101,11dd74426e8374ac110c4036c77c09ab_000000000107,19.884673
13,102,11dd74426e8374ac110c4036c77c09ab_000000000108,88.901766
13,103,11dd74426e8374ac110c4036c77c09ab_000000000109,13.316345
13,104,11dd74426e8374ac110c4036c77c09ab_000000000110,196.495728
13,105,11dd74426e8374ac110c4036c77c09ab_000000000111,201.570847
13,106,11dd74426e8374ac110c4036c77c09ab_000000000112,40.624230
14,58,11dd74426e8374ac110c4036c77c09ab_000000000064,45.424409
14,59,11dd74426e8374ac110c4036c77c09ab_000000000065,50.910181
14,60,11dd74426e8374ac110c4036c77c09ab_000000000066,48.925826
14,61,11dd74426e8374ac110c4036c77c09ab_000000000067,88.856403
14,62,11dd74426e8374ac110c4036c77c09ab_000000000068,45.688040
14,63,11dd74426e8374ac110c4036c77c09ab_000000000069,20.762272
14,64,11dd74426e8374ac110c4036c77c09ab_000000000070,27.071863
14,65,11dd74426e8374ac110c4036c77c09ab_000000000071,50.260043
14,66,11dd74426e8374ac110c4036c77c09ab_000000000072,21.595489
14,67,11dd74426e8374ac110c4036c77c09ab_000000000073,195.487360
14,68,11dd74426e8374ac110c4036c77c09ab_000000000074,127.664185
14,69,11dd74426e8374ac110c4036c77c09ab_000000000075,86.409014
14,70,11dd74426e8374ac110c4036c77c09ab_000000000076,242.971433
14,71,11dd74426e8374ac110c4036c77c09ab_000000000077,63.568182
14,72,11dd74426e8374ac110c4036c77c09ab_000000000078,18.453567
14,73,11dd74426e8374ac110c4036c77c09ab_000000000079,56.848504
14,74,11dd74426e8374ac110c4036c77c09ab_000000000080,203.826957
14,75,11dd74426e8374ac110c4036c77c09ab_000000000081,139.444592
14,76,11dd74426e8374ac110c4036c77c09ab_000000000082,31.852795
14,77,11dd74426e8374ac110c4036c77c09ab_000000000083,27.273993
14,78,11dd74426e8374ac110c4036c77c09ab_000000000084,20.256236
14,79,11dd74426e8374ac110c4036c77c09ab_000000000085,56.146911
14,80,11dd74426e8374ac110c4036c77c09ab_000000000086,33.478277
14,81,11dd74426e8374ac110c4036c77c09ab_000000000087,33.590532
14,82,11dd74426e8374ac110c4036c77c09ab_000000000088,63.240519
14,83,11dd74426e8374ac110c4036c77c09ab_000000000089,66.517393
14,84,11dd74426e8374ac110c4036c77c09ab_000000000090,25.043110
14,85,11dd74426e8374ac110c4036c77c09ab_000000000091,26.110885
14,86,11dd74426e8374ac110c4036c77c09ab_000000000092,105.442144
14,87,11dd74426e8374ac110c4036c77c09ab_000000000093,74.326740
14,88,11dd74426e8374ac110c4036c77c09ab_000000000094,248.233384
14,89,11dd74426e8374ac110c4036c77c09ab_000000000095,86.548440
14,90,11dd74426e8374ac110c4036c77c09ab_000000000096,115.932184
14,91,11dd74426e8374ac110c4036c77c09ab_000000000097,88.303835
14,92,11dd74426e8374ac110c4036c77c09ab_000000000098,46.502707
14,93,11dd74426e8374ac110c4036c77c09ab_000000000099,28.351088
14,94,11dd74426e8374ac110c4036c77c09ab_000000000100,29.163676
14,95,11dd74426e8374ac110c4036c77c09ab_000000000101,181.674486
14,96,11dd74426e8374ac110c4036c77c09ab_000000000102,24.398959
14,97,11dd74426e8374ac110c4036c77c09ab_000000000103,377.035824
14,98,11dd74426e8374ac110c4036c77c09ab_000000000104,57.040790
14,99,11dd74426e8374ac110c4036c77c09ab_000000000105,201.287872
14,100,11dd74426e8374ac110c4036c77c09ab_000000000106,135.214290
14,101,11dd74426e8374ac110c4036c77c09ab_000000000107,45.501229
14,102,11dd74426e8374ac110c4036c77c09ab_000000000108,104.172118
14,103,11dd74426e8374ac110c4036c77c09ab_000000000109,44.948694
14,104,11dd74426e8374ac110c4036c77c09ab_000000000110,239.330720
14,105,11dd74426e8374ac110c4036c77c09ab_000000000111,197.411236
14,106,11dd74426e8374ac110c4036c77c09ab_000000000112,23.170238
15,108,11dd74426e8374ac110c4036c77c09ab_000000000114,6.449773
15,109,11dd74426e8374ac110c4036c77c09ab_000000000115,190.573120
15,110,11dd74426e8374ac110c4036c77c09ab_000000000116,1.305534
15,111,11dd74426e8374ac110c4036c77c09ab_000000000117,235.482746
15,112,11dd74426e8374ac110c4036c77c09ab_000000000118,34.809453
15,113,11dd74426e8374ac110c4036c77c09ab_000000000119,31.816347
15,114,11dd74426e8374ac110c4036c77c09ab_000000000120,39.362692
16,108,11dd74426e8374ac110c4036c77c09ab_000000000114,59.813431
16,109,11dd74426e8374ac110c4036c77c09ab_000000000115,174.859444
16,110,11dd74426e8374ac110c4036c77c09ab_000000000116,1.997364
16,111,11dd74426e8374ac110c4036c77c09ab_000000000117,245.996877
16,112,11dd74426e8374ac110c4036c77c09ab_000000000118,31.851459
16,113,11dd74426e8374ac110c4036c77c09ab_000000000119,22.611525
16,114,11dd74426e8374ac110c4036c77c09ab_000000000120,28.619713
17,116,11dd74426e8374ac110c4036c77c09ab_000000000122,58.657103
17,117,11dd74426e8374ac110c4036c77c09ab_000000000123,31.060095
17,118,11dd74426e8374ac110c4036c77c09ab_000000000124,224.024444
17,119,11dd74426e8374ac110c4036c77c09ab_000000000125,29.522173
17,120,11dd74426e8374ac110c4036c77c09ab_000000000126,112.915931
17,121,11dd74426e8374ac110c4036c77c09ab_000000000127,207.285631
17,122,11dd74426e8374ac110c4036c77c09ab_000000000128,15.046573
17,123,11dd74426e8374ac110c4036c77c09ab_000000000129,25.734447
17,124,11dd74426e8374ac110c4036c77c09ab_000000000130,10.409029
17,125,11dd74426e8374ac110c4036c77c09ab_000000000131,51.556075
17,126,11dd74426e8374ac110c4036c77c09ab_000000000132,20.794304
17,127,11dd74426e8374ac110c4036c77c09ab_000000000133,67.551526
17,128,11dd74426e8374ac110c4036c77c09ab_000000000134,21.186023
17,129,11dd74426e8374ac110c4036c77c09ab_000000000135,30.284160
17,130,11dd74426e8374ac110c4036c77c09ab_000000000136,65.210140
17,131,11dd74426e8374ac110c4036c77c09ab_000000000137,29.798896
17,132,11dd74426e8374ac110c4036c77c09ab_000000000138,244.108728
17,133,11dd74426e8374ac110c4036c77c09ab_000000000139,24.505032
17,134,11dd74426e8374ac110c4036c77c09ab_000000000140,247.817109
17,135,11dd74426e8374ac110c4036c77c09ab_000000000141,17.002166
17,136,11dd74426e8374ac110c4036c77c09ab_000000000142,27.841005
17,137,11dd74426e8374ac110c4036c77c09ab_000000000143,211.026240
17,138,11dd74426e8374ac110c4036c77c09ab_000000000144,10.734334
17,139,11dd74426e8374ac110c4036c77c09ab_000000000145,14.903775
17,140,11dd74426e8374ac110c4036c77c09ab_000000000146,11.042805
17,141,11dd74426e8374ac110c4036c77c09ab_000000000147,76.759052
17,142,11dd74426e8374ac110c4036c77c09ab_000000000148,49.408646
17,143,11dd74426e8374ac110c4036c77c09ab_000000000149,214.347636
17,144,11dd74426e8374ac110c4036c77c09ab_000000000150,370.053044
17,145,11dd74426e8374ac110c4036c77c09ab_000000000151,46.597545
18,116,11dd74426e8374ac110c4036c77c09ab_000000000122,83.323322
18,117,11dd74426e8374ac110c4036c77c09ab_000000000123,50.997984
18,118,11dd74426e8374ac110c4036c77c09ab_000000000124,199.696675
18,119,11dd74426e8374ac110c4036c77c09ab_000000000125,19.340526
18,120,11dd74426e8374ac110c4036c77c09ab_000000000126,67.496842
18,121,11dd74426e8374ac110c4036c77c09ab_000000000127,206.737121
18,122,11dd74426e8374ac110c4036c77c09ab_000000000128,26.272887
18,123,11dd74426e8374ac110c4036c77c09ab_000000000129,67.224711
18,124,11dd74426e8374ac110c4036c77c09ab_000000000130,20.061837
18,125,11dd74426e8374ac110c4036c77c09ab_000000000131,56.259160
18,126,11dd74426e8374ac110c4036c77c09ab_000000000132,17.659363
18,127,11dd74426e8374ac110c4036c77c09ab_000000000133,79.266148
18,128,11dd74426e8374ac110c4036c77c09ab_000000000134,21.417769
18,129,11dd74426e8374ac110c4036c77c09ab_000000000135,30.810666
18,130,11dd74426e8374ac110c4036c77c09ab_000000000136,73.802874
18,131,11dd74426e8374ac110c4036c77c09ab_000000000137,30.251339
18,132,11dd74426e8374ac110c4036c77c09ab_000000000138,234.071128
18,133,11dd74426e8374ac110c4036c77c09ab_000000000139,35.579576
18,134,11dd74426e8374ac110c4036c77c09ab_000000000140,228.621713
18,135,11dd74426e8374ac110c4036c77c09ab_000000000141,43.152229
18,136,11dd74426e8374ac110c4036c77c09ab_000000000142,11.386756
18,137,11dd74426e8374ac110c4036c77c09ab_000000000143,241.642347
18,138,11dd74426e8374ac110c4036c77c09ab_000000000144,71.781054
18,139,11dd74426e8374ac110c4036c77c09ab_000000000145,24.417914
18,140,11dd74426e8374ac110c4036c77c09ab_000000000146,16.826820
18,141,11dd74426e8374ac110c4036c77c09ab_000000000147,28.079560
18,142,11dd74426e8374ac110c4036c77c09ab_000000000148,58.022593
18,143,11dd74426e8374ac110c4036c77c09ab_000000000149,260.121641
18,144,11dd74426e8374ac110c4036c77c09ab_000000000150,336.949506
18,145,11dd74426e8374ac110c4036c77c09ab_000000000151,67.622897
19,116,11dd74426e8374ac110c4036c77c09ab_000000000122,70.603590
19,117,11dd74426e8374ac110c4036c77c09ab_000000000123,22.798148
19,118,11dd74426e8374ac110c4036c77c09ab_000000000124,199.293749
19,119,11dd74426e8374ac110c4036c77c09ab_000000000125,16.198679
19,120,11dd74426e8374ac110c4036c77c09ab_000000000126,89.092294
19,121,11dd74426e8374ac110c4036c77c09ab_000000000127,151.252167
19,122,11dd74426e8374ac110c4036c77c09ab_000000000128,6.018685
19,123,11dd74426e8374ac110c4036c77c09ab_000000000129,78.206388
19,124,11dd74426e8374ac110c4036c77c09ab_000000000130,6.946542
19,125,11dd74426e8374ac110c4036c77c09ab_000000000131,74.139887
19,126,11dd74426e8374ac110c4036c77c09ab_000000000132,36.046205
19,127,11dd74426e8374ac110c4036c77c09ab_000000000133,34.195410
19,128,11dd74426e8374ac110c4036c77c09ab_000000000134,48.049977
19,129,11dd74426e8374ac110c4036c77c09ab_000000000135,36.986443
19,130,11dd74426e8374ac110c4036c77c09ab_000000000136,78.270728
19,131,11dd74426e8374ac110c4036c77c09ab_000000000137,22.807342
19,132,11dd74426e8374ac110c4036c77c09ab_000000000138,179.313028
19,133,11dd74426e8374ac110c4036c77c09ab_000000000139,26.925026
19,134,11dd74426e8374ac110c4036c77c09ab_000000000140,167.267238
19,135,11dd74426e8374ac110c4036c77c09ab_000000000141,26.109618
19,136,11dd74426e8374ac110c4036c77c09ab_000000000142,22.788464
19,137,11dd74426e8374ac110c4036c77c09ab_000000000143,200.121750
19,138,11dd74426e8374ac110c4036c77c09ab_000000000144,16.632729
19,139,11dd74426e8374ac110c4036c77c09ab_000000000145,32.036660
19,140,11dd74426e8374ac110c4036c77c09ab_000000000146,20.369519
19,141,11dd74426e8374ac110c4036c77c09ab_000000000147,10.055262
19,142,11dd74426e8374ac110c4036c77c09ab_000000000148,32.238422
19,143,11dd74426e8374ac110c4036c77c09ab_000000000149,171.219502
19,144,11dd74426e8374ac110c4036c77c09ab_000000000150,323.906845
19,145,11dd74426e8374ac110c4036c77c09ab_000000000151,93.800652
20,116,11dd74426e8374ac110c4036c77c09ab_000000000122,176.971628
20,117,11dd74426e8374ac110c4036c77c09ab_000000000123,8.292193
20,118,11dd74426e8374ac110c4036c77c09ab_000000000124,202.398110
20,119,11dd74426e8374ac110c4036c77c09ab_000000000125,44.256279
20,120,11dd74426e8374ac110c4036c77c09ab_000000000126,44.270509
20,121,11dd74426e8374ac110c4036c77c09ab_000000000127,256.844845
20,122,11dd74426e8374ac110c4036c77c09ab_000000000128,35.306399
20,123,11dd74426e8374ac110c4036c77c09ab_000000000129,93.252657
20,124,11dd74426e8374ac110c4036c77c09ab_000000000130,11.878740
20,125,11dd74426e8374ac110c4036c77c09ab_000000000131,44.045672
20,126,11dd74426e8374ac110c4036c77c09ab_000000000132,18.117962
20,127,11dd74426e8374ac110c4036c77c09ab_000000000133,45.287670
20,128,11dd74426e8374ac110c4036c77c09ab_000000000134,42.645396
20,129,11dd74426e8374ac110c4036c77c09ab_000000000135,45.995459
20,130,11dd74426e8374ac110c4036c77c09ab_000000000136,37.481023
20,131,11dd74426e8374ac110c4036c77c09ab_000000000137,9.264259
20,132,11dd74426e8374ac110c4036c77c09ab_000000000138,253.719246
20,133,11dd74426e8374ac110c4036c77c09ab_000000000139,68.505360
20,134,11dd74426e8374ac110c4036c77c09ab_000000000140,233.090007
20,135,11dd74426e8374ac110c4036c77c09ab_000000000141,27.752737
20,136,11dd74426e8374ac110c4036c77c09ab_000000000142,45.716087
20,137,11dd74426e8374ac110c4036c77c09ab_000000000143,180.298365
20,138,11dd74426e8374ac110c4036c77c09ab_000000000144,18.140839
20,139,11dd74426e8374ac110c4036c77c09ab_000000000145,5.807970
20,140,11dd74426e8374ac110c4036c77c09ab_000000000146,25.884810
20,141,11dd74426e8374ac110c4036c77c09ab_000000000147,28.575049
20,142,11dd74426e8374ac110c4036c77c09ab_000000000148,50.206224
20,143,11dd74426e8374ac110c4036c77c09ab_000000000149,242.907253
20,144,11dd74426e8374ac110c4036c77c09ab_000000000150,342.448278
20,145,11dd74426e8374ac110c4036c77c09ab_000000000151,81.694778
26,148,11dd74426e8374ac110c4036c77c09ab_000000000154,14.009339
26,149,11dd74426e8374ac110c4036c77c09ab_000000000155,17.730605
26,150,11dd74426e8374ac110c4036c77c09ab_000000000156,19.585146
26,151,11dd74426e8374ac110c4036c77c09ab_000000000157,29.962270
26,152,11dd74426e8374ac110c4036c77c09ab_000000000158,69.958037
26,153,11dd74426e8374ac110c4036c77c09ab_000000000159,105.452872
27,148,11dd74426e8374ac110c4036c77c09ab_000000000154,20.070320
27,149,11dd74426e8374ac110c4036c77c09ab_000000000155,24.449748
27,150,11dd74426e8374ac110c4036c77c09ab_000000000156,13.471614
27,151,11dd74426e8374ac110c4036c77c09ab_000000000157,30.751220
27,152,11dd74426e8374ac110c4036c77c09ab_000000000158,80.677457
27,153,11dd74426e8374ac110c4036c77c09ab_000000000159,113.694498
28,148,11dd74426e8374ac110c4036c77c09ab_000000000154,114.708144
28,149,11dd74426e8374ac110c4036c77c09ab_000000000155,122.540792
28,150,11dd74426e8374ac110c4036c77c09ab_000000000156,66.259398
28,151,11dd74426e8374ac110c4036c77c09ab_000000000157,61.564696
28,152,11dd74426e8374ac110c4036c77c09ab_000000000158,48.585566
28,153,11dd74426e8374ac110c4036c77c09ab_000000000159,58.497270
29,148,11dd74426e8374ac110c4036c77c09ab_000000000154,29.238471
29,149,11dd74426e8374ac110c4036c77c09ab_000000000155,108.198368
29,150,11dd74426e8374ac110c4036c77c09ab_000000000156,81.962871
29,151,11dd74426e8374ac110c4036c77c09ab_000000000157,63.982420
29,152,11dd74426e8374ac110c4036c77c09ab_000000000158,19.850296
29,153,11dd74426e8374ac110c4036c77c09ab_000000000159,38.531970
35,156,11dd74426e8374ac110c4036c77c09ab_000000000162,77.531978
35,157,11dd74426e8374ac110c4036c77c09ab_000000000163,207.316745
35,158,11dd74426e8374ac110c4036c77c09ab_000000000164,243.510413
35,159,11dd74426e8374ac110c4036c77c09ab_000000000165,55.494205
35,160,11dd74426e8374ac110c4036c77c09ab_000000000166,66.270614
35,161,11dd74426e8374ac110c4036c77c09ab_000000000167,63.808227
35,162,11dd74426e8374ac110c4036c77c09ab_000000000168,304.649152
35,163,11dd74426e8374ac110c4036c77c09ab_000000000169,278.214644
35,164,11dd74426e8374ac110c4036c77c09ab_000000000170,248.979301
35,165,11dd74426e8374ac110c4036c77c09ab_000000000171,37.456362
35,166,11dd74426e8374ac110c4036c77c09ab_000000000172,52.692323
35,167,11dd74426e8374ac110c4036c77c09ab_000000000173,60.174659
35,168,11dd74426e8374ac110c4036c77c09ab_000000000174,7.395839
36,156,11dd74426e8374ac110c4036c77c09ab_000000000162,40.943678
36,157,11dd74426e8374ac110c4036c77c09ab_000000000163,257.903305
36,158,11dd74426e8374ac110c4036c77c09ab_000000000164,251.354070
36,159,11dd74426e8374ac110c4036c77c09ab_000000000165,85.074158
36,160,11dd74426e8374ac110c4036c77c09ab_000000000166,86.083581
36,161,11dd74426e8374ac110c4036c77c09ab_000000000167,5.810697
36,162,11dd74426e8374ac110c4036c77c09ab_000000000168,340.485980
36,163,11dd74426e8374ac110c4036c77c09ab_000000000169,166.828253
36,164,11dd74426e8374ac110c4036c77c09ab_000000000170,195.646531
36,165,11dd74426e8374ac110c4036c77c09ab_000000000171,157.689815
36,166,11dd74426e8374ac110c4036c77c09ab_000000000172,65.896665
36,167,11dd74426e8374ac110c4036c77c09ab_000000000173,17.416480
36,168,11dd74426e8374ac110c4036c77c09ab_000000000174,13.410717
37,156,11dd74426e8374ac110c4036c77c09ab_000000000162,34.808308
37,157,11dd74426e8374ac110c4036c77c09ab_000000000163,246.893357
37,158,11dd74426e8374ac110c4036c77c09ab_000000000164,189.792997
37,159,11dd74426e8374ac110c4036c77c09ab_000000000165,16.802345
37,160,11dd74426e8374ac110c4036c77c09ab_000000000166,65.422047
37,161,11dd74426e8374ac110c4036c77c09ab_000000000167,64.556834
37,162,11dd74426e8374ac110c4036c77c09ab_000000000168,218.435700
37,163,11dd74426e8374ac110c4036c77c09ab_000000000169,162.341168
37,164,11dd74426e8374ac110c4036c77c09ab_000000000170,162.724849
37,165,11dd74426e8374ac110c4036c77c09ab_000000000171,321.753867
37,166,11dd74426e8374ac110c4036c77c09ab_000000000172,99.263833
37,167,11dd74426e8374ac110c4036c77c09ab_000000000173,72.853869
37,168,11dd74426e8374ac110c4036c77c09ab_000000000174,23.632719
38,156,11dd74426e8374ac110c4036c77c09ab_000000000162,47.307036
38,157,11dd74426e8374ac110c4036c77c09ab_000000000163,292.301318
38,158,11dd74426e8374ac110c4036c77c09ab_000000000164,258.058705
38,159,11dd74426e8374ac110c4036c77c09ab_000000000165,90.908081
38,160,11dd74426e8374ac110c4036c77c09ab_000000000166,67.289606
38,161,11dd74426e8374ac110c4036c77c09ab_000000000167,64.375241
38,162,11dd74426e8374ac110c4036c77c09ab_000000000168,294.203289
38,163,11dd74426e8374ac110c4036c77c09ab_000000000169,184.967255
38,164,11dd74426e8374ac110c4036c77c09ab_000000000170,188.153476
38,165,11dd74426e8374ac110c4036c77c09ab_000000000171,52.121118
38,166,11dd74426e8374ac110c4036c77c09ab_000000000172,55.905270
38,167,11dd74426e8374ac110c4036c77c09ab_000000000173,23.696956
38,168,11dd74426e8374ac110c4036c77c09ab_000000000174,69.796202
39,170,11dd74426e8374ac110c4036c77c09ab_000000000176,54.977123
39,171,11dd74426e8374ac110c4036c77c09ab_000000000177,41.534852
39,172,11dd74426e8374ac110c4036c77c09ab_000000000178,56.984009
39,173,11dd74426e8374ac110c4036c77c09ab_000000000179,15.425886
39,174,11dd74426e8374ac110c4036c77c09ab_000000000180,220.060057
39,175,11dd74426e8374ac110c4036c77c09ab_000000000181,10.694225
39,176,11dd74426e8374ac110c4036c77c09ab_000000000182,89.748609
39,177,11dd74426e8374ac110c4036c77c09ab_000000000183,48.687578
39,178,11dd74426e8374ac110c4036c77c09ab_000000000184,176.802765
39,179,11dd74426e8374ac110c4036c77c09ab_000000000185,35.409166
39,180,11dd74426e8374ac110c4036c77c09ab_000000000186,37.420749
39,181,11dd74426e8374ac110c4036c77c09ab_000000000187,232.605116
39,182,11dd74426e8374ac110c4036c77c09ab_000000000188,12.650773
39,183,11dd74426e8374ac110c4036c77c09ab_000000000189,71.802504
39,184,11dd74426e8374ac110c4036c77c09ab_000000000190,21.747192
39,185,11dd74426e8374ac110c4036c77c09ab_000000000191,245.351526
39,186,11dd74426e8374ac110c4036c77c09ab_000000000192,12.250098
39,187,11dd74426e8374ac110c4036c77c09ab_000000000193,361.609288
39,188,11dd74426e8374ac110c4036c77c09ab_000000000194,180.733942
39,189,11dd74426e8374ac110c4036c77c09ab_000000000195,14.947939
39,190,11dd74426e8374ac110c4036c77c09ab_000000000196,44.027912
39,191,11dd74426e8374ac110c4036c77c09ab_000000000197,10.700738
39,192,11dd74426e8374ac110c4036c77c09ab_000000000198,47.643185
39,193,11dd74426e8374ac110c4036c77c09ab_000000000199,39.292095
39,194,11dd74426e8374ac110c4036c77c09ab_000000000200,80.719669
39,195,11dd74426e8374ac110c4036c77c09ab_000000000201,58.148050
39,196,11dd74426e8374ac110c4036c77c09ab_000000000202,65.999378
39,197,11dd74426e8374ac110c4036c77c09ab_000000000203,108.926721
39,198,11dd74426e8374ac110c4036c77c09ab_000000000204,29.798600
39,199,11dd74426e8374ac110c4036c77c09ab_000000000205,228.510489
39,200,11dd74426e8374ac110c4036c77c09ab_000000000206,56.486747
39,201,11dd74426e8374ac110c4036c77c09ab_000000000207,202.462223
39,202,11dd74426e8374ac110c4036c77c09ab_000000000208,28.197700
39,203,11dd74426e8374ac110c4036c77c09ab_000000000209,196.261114
39,204,11dd74426e8374ac110c4036c77c09ab_000000000210,157.695409
39,205,11dd74426e8374ac110c4036c77c09ab_000000000211,19.734833
39,206,11dd74426e8374ac110c4036c77c09ab_000000000212,146.111354
39,207,11dd74426e8374ac110c4036c77c09ab_000000000213,19.205404
39,208,11dd74426e8374ac110c4036c77c09ab_000000000214,163.172745
39,209,11dd74426e8374ac110c4036c77c09ab_000000000215,49.475732
39,210,11dd74426e8374ac110c4036c77c09ab_000000000216,76.791004
39,211,11dd74426e8374ac110c4036c77c09ab_000000000217,17.156639
39,212,11dd74426e8374ac110c4036c77c09ab_000000000218,4.540884
39,213,11dd74426e8374ac110c4036c77c09ab_000000000219,75.037570
39,214,11dd74426e8374ac110c4036c77c09ab_000000000220,36.070746
39,215,11dd74426e8374ac110c4036c77c09ab_000000000221,21.818018
39,216,11dd74426e8374ac110c4036c77c09ab_000000000222,199.163348
39,217,11dd74426e8374ac110c4036c77c09ab_000000000223,411.552604
39,218,11dd74426e8374ac110c4036c77c09ab_000000000224,247.856432
39,219,11dd74426e8374ac110c4036c77c09ab_000000000225,37.057379
39,220,11dd74426e8374ac110c4036c77c09ab_000000000226,45.283873
39,221,11dd74426e8374ac110c4036c77c09ab_000000000227,45.605907
39,222,11dd74426e8374ac110c4036c77c09ab_000000000228,15.730658
39,223,11dd74426e8374ac110c4036c77c09ab_000000000229,58.022339
39,224,11dd74426e8374ac110c4036c77c09ab_000000000230,23.472840
39,225,11dd74426e8374ac110c4036c77c09ab_000000000231,51.503320
39,226,11dd74426e8374ac110c4036c77c09ab_000000000232,63.197428
39,227,11dd74426e8374ac110c4036c77c09ab_000000000233,133.506635
39,228,11dd74426e8374ac110c4036c77c09ab_000000000234,17.609279
39,229,11dd74426e8374ac110c4036c77c09ab_000000000235,42.261756
39,230,11dd74426e8374ac110c4036c77c09ab_000000000236,37.978488
39,231,11dd74426e8374ac110c4036c77c09ab_000000000237,38.950227
39,232,11dd74426e8374ac110c4036c77c09ab_000000000238,22.694156
39,233,11dd74426e8374ac110c4036c77c09ab_000000000239,22.351929
39,234,11dd74426e8374ac110c4036c77c09ab_000000000240,74.579010
39,235,11dd74426e8374ac110c4036c77c09ab_000000000241,4.555084
40,170,11dd74426e8374ac110c4036c77c09ab_000000000176,106.088181
40,171,11dd74426e8374ac110c4036c77c09ab_000000000177,43.203443
40,172,11dd74426e8374ac110c4036c77c09ab_000000000178,45.351791
40,173,11dd74426e8374ac110c4036c77c09ab_000000000179,40.703870
40,174,11dd74426e8374ac110c4036c77c09ab_000000000180,229.762803
40,175,11dd74426e8374ac110c4036c77c09ab_000000000181,8.618096
40,176,11dd74426e8374ac110c4036c77c09ab_000000000182,148.582773
40,177,11dd74426e8374ac110c4036c77c09ab_000000000183,27.925808
40,178,11dd74426e8374ac110c4036c77c09ab_000000000184,180.232839
40,179,11dd74426e8374ac110c4036c77c09ab_000000000185,10.674781
40,180,11dd74426e8374ac110c4036c77c09ab_000000000186,83.917156
40,181,11dd74426e8374ac110c4036c77c09ab_000000000187,308.106096
40,182,11dd74426e8374ac110c4036c77c09ab_000000000188,17.432500
40,183,11dd74426e8374ac110c4036c77c09ab_000000000189,45.086340
40,184,11dd74426e8374ac110c4036c77c09ab_000000000190,11.610740
40,185,11dd74426e8374ac110c4036c77c09ab_000000000191,217.013160
40,186,11dd74426e8374ac110c4036c77c09ab_000000000192,35.911048
40,187,11dd74426e8374ac110c4036c77c09ab_000000000193,485.113396
40,188,11dd74426e8374ac110c4036c77c09ab_000000000194,233.767270
40,189,11dd74426e8374ac110c4036c77c09ab_000000000195,45.548618
40,190,11dd74426e8374ac110c4036c77c09ab_000000000196,19.888787
40,191,11dd74426e8374ac110c4036c77c09ab_000000000197,45.590514
40,192,11dd74426e8374ac110c4036c77c09ab_000000000198,14.347373
40,193,11dd74426e8374ac110c4036c77c09ab_000000000199,42.624315
40,194,11dd74426e8374ac110c4036c77c09ab_000000000200,25.628925
40,195,11dd74426e8374ac110c4036c77c09ab_000000000201,63.050171
40,196,11dd74426e8374ac110c4036c77c09ab_000000000202,55.793045
40,197,11dd74426e8374ac110c4036c77c09ab_000000000203,58.540116
40,198,11dd74426e8374ac110c4036c77c09ab_000000000204,30.087376
40,199,11dd74426e8374ac110c4036c77c09ab_000000000205,261.070981
40,200,11dd74426e8374ac110c4036c77c09ab_000000000206,51.692966
40,201,11dd74426e8374ac110c4036c77c09ab_000000000207,266.200094
40,202,11dd74426e8374ac110c4036c77c09ab_000000000208,3.592823
40,203,11dd74426e8374ac110c4036c77c09ab_000000000209,293.190058
40,204,11dd74426e8374ac110c4036c77c09ab_000000000210,296.288299
40,205,11dd74426e8374ac110c4036c77c09ab_000000000211,20.148042
40,206,11dd74426e8374ac110c4036c77c09ab_000000000212,147.896806
40,207,11dd74426e8374ac110c4036c77c09ab_000000000213,19.770362
40,208,11dd74426e8374ac110c4036c77c09ab_000000000214,240.348968
40,209,11dd74426e8374ac110c4036c77c09ab_000000000215,35.278073
40,210,11dd74426e8374ac110c4036c77c09ab_000000000216,31.208712
40,211,11dd74426e8374ac110c4036c77c09ab_000000000217,66.554018
40,212,11dd74426e8374ac110c4036c77c09ab_000000000218,8.898902
40,213,11dd74426e8374ac110c4036c77c09ab_000000000219,21.762793
40,214,11dd74426e8374ac110c4036c77c09ab_000000000220,44.074845
40,215,11dd74426e8374ac110c4036c77c09ab_000000000221,36.543331
40,216,11dd74426e8374ac110c4036c77c09ab_000000000222,223.841940
40,217,11dd74426e8374ac110c4036c77c09ab_000000000223,479.601770
40,218,11dd74426e8374ac110c4036c77c09ab_000000000224,284.617259
40,219,11dd74426e8374ac110c4036c77c09ab_000000000225,29.761227
40,220,11dd74426e8374ac110c4036c77c09ab_000000000226,59.882869
40,221,11dd74426e8374ac110c4036c77c09ab_000000000227,47.894682
40,222,11dd74426e8374ac110c4036c77c09ab_000000000228,4.705656
40,223,11dd74426e8374ac110c4036c77c09ab_000000000229,5.249924
40,224,11dd74426e8374ac110c4036c77c09ab_000000000230,83.354377
40,225,11dd74426e8374ac110c4036c77c09ab_000000000231,91.277369
40,226,11dd74426e8374ac110c4036c77c09ab_000000000232,41.427939
40,227,11dd74426e8374ac110c4036c77c09ab_000000000233,196.032470
40,228,11dd74426e8374ac110c4036c77c09ab_000000000234,64.149472
40,229,11dd74426e8374ac110c4036c77c09ab_000000000235,16.897598
40,230,11dd74426e8374ac110c4036c77c09ab_000000000236,19.514222
40,231,11dd74426e8374ac110c4036c77c09ab_000000000237,21.964212
40,232,11dd74426e8374ac110c4036c77c09ab_000000000238,23.353716
40,233,11dd74426e8374ac110c4036c77c09ab_000000000239,33.663928
40,234,11dd74426e8374ac110c4036c77c09ab_000000000240,57.002526
40,235,11dd74426e8374ac110c4036c77c09ab_000000000241,38.247216
41,170,11dd74426e8374ac110c4036c77c09ab_000000000176,67.664397
41,171,11dd74426e8374ac110c4036c77c09ab_000000000177,77.844586
41,172,11dd74426e8374ac110c4036c77c09ab_000000000178,93.891573
41,173,11dd74426e8374ac110c4036c77c09ab_000000000179,76.257652
41,174,11dd74426e8374ac110c4036c77c09ab_000000000180,313.183552
41,175,11dd74426e8374ac110c4036c77c09ab_000000000181,15.697710
41,176,11dd74426e8374ac110c4036c77c09ab_000000000182,97.625150
41,177,11dd74426e8374ac110c4036c77c09ab_000000000183,39.725716
41,178,11dd74426e8374ac110c4036c77c09ab_000000000184,274.779174
41,179,11dd74426e8374ac110c4036c77c09ab_000000000185,24.280911
41,180,11dd74426e8374ac110c4036c77c09ab_000000000186,55.610390
41,181,11dd74426e8374ac110c4036c77c09ab_000000000187,242.877802
41,182,11dd74426e8374ac110c4036c77c09ab_000000000188,47.977815
41,183,11dd74426e8374ac110c4036c77c09ab_000000000189,44.741469
41,184,11dd74426e8374ac110c4036c77c09ab_000000000190,66.493617
41,185,11dd74426e8374ac110c4036c77c09ab_000000000191,122.082398
41,186,11dd74426e8374ac110c4036c77c09ab_000000000192,55.491488
41,187,11dd74426e8374ac110c4036c77c09ab_000000000193,459.224177
41,188,11dd74426e8374ac110c4036c77c09ab_000000000194,319.672344
41,189,11dd74426e8374ac110c4036c77c09ab_000000000195,18.039958
41,190,11dd74426e8374ac110c4036c77c09ab_000000000196,42.111798
41,191,11dd74426e8374ac110c4036c77c09ab_000000000197,66.119942
41,192,11dd74426e8374ac110c4036c77c09ab_000000000198,53.972647
41,193,11dd74426e8374ac110c4036c77c09ab_000000000199,28.863724
41,194,11dd74426e8374ac110c4036c77c09ab_000000000200,133.121649
41,195,11dd74426e8374ac110c4036c77c09ab_000000000201,136.341287
41,196,11dd74426e8374ac110c4036c77c09ab_000000000202,105.593403
41,197,11dd74426e8374ac110c4036c77c09ab_000000000203,13.770655
41,198,11dd74426e8374ac110c4036c77c09ab_000000000204,75.891944
41,199,11dd74426e8374ac110c4036c77c09ab_000000000205,403.260357
41,200,11dd74426e8374ac110c4036c77c09ab_000000000206,44.229951
41,201,11dd74426e8374ac110c4036c77c09ab_000000000207,253.818276
41,202,11dd74426e8374ac110c4036c77c09ab_000000000208,12.669391
41,203,11dd74426e8374ac110c4036c77c09ab_000000000209,196.148133
41,204,11dd74426e8374ac110c4036c77c09ab_000000000210,199.319266
41,205,11dd74426e8374ac110c4036c77c09ab_000000000211,28.850922
41,206,11dd74426e8374ac110c4036c77c09ab_000000000212,153.865085
41,207,11dd74426e8374ac110c4036c77c09ab_000000000213,13.564229
41,208,11dd74426e8374ac110c4036c77c09ab_000000000214,226.072701
41,209,11dd74426e8374ac110c4036c77c09ab_000000000215,86.385711
41,210,11dd74426e8374ac110c4036c77c09ab_000000000216,97.187534
41,211,11dd74426e8374ac110c4036c77c09ab_000000000217,76.824914
41,212,11dd74426e8374ac110c4036c77c09ab_000000000218,42.276565
41,213,11dd74426e8374ac110c4036c77c09ab_000000000219,135.256665
41,214,11dd74426e8374ac110c4036c77c09ab_000000000220,26.859238
41,215,11dd74426e8374ac110c4036c77c09ab_000000000221,41.293149
41,216,11dd74426e8374ac110c4036c77c09ab_000000000222,239.981179
41,217,11dd74426e8374ac110c4036c77c09ab_000000000223,469.788425
41,218,11dd74426e8374ac110c4036c77c09ab_000000000224,240.442008
41,219,11dd74426e8374ac110c4036c77c09ab_000000000225,21.544855
41,220,11dd74426e8374ac110c4036c77c09ab_000000000226,24.496154
41,221,11dd74426e8374ac110c4036c77c09ab_000000000227,53.876714
41,222,11dd74426e8374ac110c4036c77c09ab_000000000228,59.626586
41,223,11dd74426e8374ac110c4036c77c09ab_000000000229,8.366378
41,224,11dd74426e8374ac110c4036c77c09ab_000000000230,30.669812
41,225,11dd74426e8374ac110c4036c77c09ab_000000000231,24.826896
41,226,11dd74426e8374ac110c4036c77c09ab_000000000232,29.701775
41,227,11dd74426e8374ac110c4036c77c09ab_000000000233,183.354074
41,228,11dd74426e8374ac110c4036c77c09ab_000000000234,7.166555
41,229,11dd74426e8374ac110c4036c77c09ab_000000000235,39.154130
41,230,11dd74426e8374ac110c4036c77c09ab_000000000236,83.588582
41,231,11dd74426e8374ac110c4036c77c09ab_000000000237,55.172406
41,232,11dd74426e8374ac110c4036c77c09ab_000000000238,62.232577
41,233,11dd74426e8374ac110c4036c77c09ab_000000000239,14.532161
41,234,11dd74426e8374ac110c4036c77c09ab_000000000240,62.835484
41,235,11dd74426e8374ac110c4036c77c09ab_000000000241,118.011202
42,170,11dd74426e8374ac110c4036c77c09ab_000000000176,95.547631
42,171,11dd74426e8374ac110c4036c77c09ab_000000000177,76.827346
42,172,11dd74426e8374ac110c4036c77c09ab_000000000178,39.077521
42,173,11dd74426e8374ac110c4036c77c09ab_000000000179,75.241906
42,174,11dd74426e8374ac110c4036c77c09ab_000000000180,192.702588
42,175,11dd74426e8374ac110c4036c77c09ab_000000000181,14.430998
42,176,11dd74426e8374ac110c4036c77c09ab_000000000182,113.477148
42,177,11dd74426e8374ac110c4036c77c09ab_000000000183,51.527151
42,178,11dd74426e8374ac110c4036c77c09ab_000000000184,106.744932
42,179,11dd74426e8374ac110c4036c77c09ab_000000000185,34.014302
42,180,11dd74426e8374ac110c4036c77c09ab_000000000186,63.449074
42,181,11dd74426e8374ac110c4036c77c09ab_000000000187,198.802157
42,182,11dd74426e8374ac110c4036c77c09ab_000000000188,54.851863
42,183,11dd74426e8374ac110c4036c77c09ab_000000000189,13.817063
42,184,11dd74426e8374ac110c4036c77c09ab_000000000190,23.407226
42,185,11dd74426e8374ac110c4036c77c09ab_000000000191,164.321522
42,186,11dd74426e8374ac110c4036c77c09ab_000000000192,11.115729
42,187,11dd74426e8374ac110c4036c77c09ab_000000000193,363.727969
42,188,11dd74426e8374ac110c4036c77c09ab_000000000194,192.784528
42,189,11dd74426e8374ac110c4036c77c09ab_000000000195,16.933641
42,190,11dd74426e8374ac110c4036c77c09ab_000000000196,72.341013
42,191,11dd74426e8374ac110c4036c77c09ab_000000000197,10.062471
42,192,11dd74426e8374ac110c4036c77c09ab_000000000198,43.220361
42,193,11dd74426e8374ac110c4036c77c09ab_000000000199,57.851056
42,194,11dd74426e8374ac110c4036c77c09ab_000000000200,21.682719
42,195,11dd74426e8374ac110c4036c77c09ab_000000000201,40.697492
42,196,11dd74426e8374ac110c4036c77c09ab_000000000202,50.141429
42,197,11dd74426e8374ac110c4036c77c09ab_000000000203,104.512635
42,198,11dd74426e8374ac110c4036c77c09ab_000000000204,85.844250
42,199,11dd74426e8374ac110c4036c77c09ab_000000000205,267.355163
42,200,11dd74426e8374ac110c4036c77c09ab_000000000206,49.622144
42,201,11dd74426e8374ac110c4036c77c09ab_000000000207,185.272658
42,202,11dd74426e8374ac110c4036c77c09ab_000000000208,43.720959
42,203,11dd74426e8374ac110c4036c77c09ab_000000000209,266.396115
42,204,11dd74426e8374ac110c4036c77c09ab_000000000210,193.100841
42,205,11dd74426e8374ac110c4036c77c09ab_000000000211,28.167031
42,206,11dd74426e8374ac110c4036c77c09ab_000000000212,140.607398
42,207,11dd74426e8374ac110c4036c77c09ab_000000000213,20.998154
42,208,11dd74426e8374ac110c4036c77c09ab_000000000214,170.698676
42,209,11dd74426e8374ac110c4036c77c09ab_000000000215,54.472064
42,210,11dd74426e8374ac110c4036c77c09ab_000000000216,24.080854
42,211,11dd74426e8374ac110c4036c77c09ab_000000000217,48.279120
42,212,11dd74426e8374ac110c4036c77c09ab_000000000218,15.257915
42,213,11dd74426e8374ac110c4036c77c09ab_000000000219,114.561528
42,214,11dd74426e8374ac110c4036c77c09ab_000000000220,14.374004
42,215,11dd74426e8374ac110c4036c77c09ab_000000000221,43.596180
42,216,11dd74426e8374ac110c4036c77c09ab_000000000222,207.184501
42,217,11dd74426e8374ac110c4036c77c09ab_000000000223,336.032554
42,218,11dd74426e8374ac110c4036c77c09ab_000000000224,188.412846
42,219,11dd74426e8374ac110c4036c77c09ab_000000000225,16.514105
42,220,11dd74426e8374ac110c4036c77c09ab_000000000226,45.711043
42,221,11dd74426e8374ac110c4036c77c09ab_000000000227,27.331618
42,222,11dd74426e8374ac110c4036c77c09ab_000000000228,15.622573
42,223,11dd74426e8374ac110c4036c77c09ab_000000000229,30.699115
42,224,11dd74426e8374ac110c4036c77c09ab_000000000230,76.693455
42,225,11dd74426e8374ac110c4036c77c09ab_000000000231,93.531795
42,226,11dd74426e8374ac110c4036c77c09ab_000000000232,24.450271
42,227,11dd74426e8374ac110c4036c77c09ab_000000000233,87.785544
42,228,11dd74426e8374ac110c4036c77c09ab_000000000234,28.375801
42,229,11dd74426e8374ac110c4036c77c09ab_000000000235,24.209759
42,230,11dd74426e8374ac110c4036c77c09ab_000000000236,54.589717
42,231,11dd74426e8374ac110c4036c77c09ab_000000000237,36.177411
42,232,11dd74426e8374ac110c4036c77c09ab_000000000238,58.277330
42,233,11dd74426e8374ac110c4036c77c09ab_000000000239,60.235864
42,234,11dd74426e8374ac110c4036c77c09ab_000000000240,35.417337
42,235,11dd74426e8374ac110c4036c77c09ab_000000000241,15.928448
43,170,11dd74426e8374ac110c4036c77c09ab_000000000176,119.657522
43,171,11dd74426e8374ac110c4036c77c09ab_000000000177,110.849854
43,172,11dd74426e8374ac110c4036c77c09ab_000000000178,68.574825
43,173,11dd74426e8374ac110c4036c77c09ab_000000000179,122.338068
43,174,11dd74426e8374ac110c4036c77c09ab_000000000180,346.878391
43,175,11dd74426e8374ac110c4036c77c09ab_000000000181,82.020750
43,176,11dd74426e8374ac110c4036c77c09ab_000000000182,199.882232
43,177,11dd74426e8374ac110c4036c77c09ab_000000000183,80.158217
43,178,11dd74426e8374ac110c4036c77c09ab_000000000184,144.715590
43,179,11dd74426e8374ac110c4036c77c09ab_000000000185,32.712761
43,180,11dd74426e8374ac110c4036c77c09ab_000000000186,11.474839
43,181,11dd74426e8374ac110c4036c77c09ab_000000000187,232.321150
43,182,11dd74426e8374ac110c4036c77c09ab_000000000188,20.689062
43,183,11dd74426e8374ac110c4036c77c09ab_000000000189,22.579495
43,184,11dd74426e8374ac110c4036c77c09ab_000000000190,41.132930
43,185,11dd74426e8374ac110c4036c77c09ab_000000000191,138.202809
43,186,11dd74426e8374ac110c4036c77c09ab_000000000192,18.925535
43,187,11dd74426e8374ac110c4036c77c09ab_000000000193,372.812095
43,188,11dd74426e8374ac110c4036c77c09ab_000000000194,207.324300
43,189,11dd74426e8374ac110c4036c77c09ab_000000000195,41.012952
43,190,11dd74426e8374ac110c4036c77c09ab_000000000196,72.904294
43,191,11dd74426e8374ac110c4036c77c09ab_000000000197,71.841884
43,192,11dd74426e8374ac110c4036c77c09ab_000000000198,24.666023
43,193,11dd74426e8374ac110c4036c77c09ab_000000000199,15.779872
43,194,11dd74426e8374ac110c4036c77c09ab_000000000200,57.022638
43,195,11dd74426e8374ac110c4036c77c09ab_000000000201,60.715121
43,196,11dd74426e8374ac110c4036c77c09ab_000000000202,59.822694
43,197,11dd74426e8374ac110c4036c77c09ab_000000000203,18.004632
43,198,11dd74426e8374ac110c4036c77c09ab_000000000204,33.999349
43,199,11dd74426e8374ac110c4036c77c09ab_000000000205,315.773970
43,200,11dd74426e8374ac110c4036c77c09ab_000000000206,53.919086
43,201,11dd74426e8374ac110c4036c77c09ab_000000000207,213.427253
43,202,11dd74426e8374ac110c4036c77c09ab_000000000208,24.352874
43,203,11dd74426e8374ac110c4036c77c09ab_000000000209,325.161028
43,204,11dd74426e8374ac110c4036c77c09ab_000000000210,275.614085
43,205,11dd74426e8374ac110c4036c77c09ab_000000000211,57.045553
43,206,11dd74426e8374ac110c4036c77c09ab_000000000212,159.648927
43,207,11dd74426e8374ac110c4036c77c09ab_000000000213,25.727129
43,208,11dd74426e8374ac110c4036c77c09ab_000000000214,249.637328
43,209,11dd74426e8374ac110c4036c77c09ab_000000000215,18.919306
43,210,11dd74426e8374ac110c4036c77c09ab_000000000216,25.991193
43,211,11dd74426e8374ac110c4036c77c09ab_000000000217,129.553987
43,212,11dd74426e8374ac110c4036c77c09ab_000000000218,47.563509
43,213,11dd74426e8374ac110c4036c77c09ab_000000000219,162.016005
43,214,11dd74426e8374ac110c4036c77c09ab_000000000220,38.739985
43,215,11dd74426e8374ac110c4036c77c09ab_000000000221,57.557939
43,216,11dd74426e8374ac110c4036c77c09ab_000000000222,226.314706
43,217,11dd74426e8374ac110c4036c77c09ab_000000000223,573.958053
43,218,11dd74426e8374ac110c4036c77c09ab_000000000224,346.688543
43,219,11dd74426e8374ac110c4036c77c09ab_000000000225,14.769523
43,220,11dd74426e8374ac110c4036c77c09ab_000000000226,73.779545
43,221,11dd74426e8374ac110c4036c77c09ab_000000000227,46.367114
43,222,11dd74426e8374ac110c4036c77c09ab_000000000228,23.269492
43,223,11dd74426e8374ac110c4036c77c09ab_000000000229,56.684785
43,224,11dd74426e8374ac110c4036c77c09ab_000000000230,130.916381
43,225,11dd74426e8374ac110c4036c77c09ab_000000000231,33.160762
43,226,11dd74426e8374ac110c4036c77c09ab_000000000232,73.256919
43,227,11dd74426e8374ac110c4036c77c09ab_000000000233,185.864659
43,228,11dd74426e8374ac110c4036c77c09ab_000000000234,64.309060
43,229,11dd74426e8374ac110c4036c77c09ab_000000000235,72.391200
43,230,11dd74426e8374ac110c4036c77c09ab_000000000236,24.492324
43,231,11dd74426e8374ac110c4036c77c09ab_000000000237,57.567785
43,232,11dd74426e8374ac110c4036c77c09ab_000000000238,50.207701
43,233,11dd74426e8374ac110c4036c77c09ab_000000000239,55.459719
43,234,11dd74426e8374ac110c4036c77c09ab_000000000240,45.686292
43,235,11dd74426e8374ac110c4036c77c09ab_000000000241,33.117074
44,170,11dd74426e8374ac110c4036c77c09ab_000000000176,55.537100
44,171,11dd74426e8374ac110c4036c77c09ab_000000000177,29.245264
44,172,11dd74426e8374ac110c4036c77c09ab_000000000178,24.099881
44,173,11dd74426e8374ac110c4036c77c09ab_000000000179,30.617820
44,174,11dd74426e8374ac110c4036c77c09ab_000000000180,194.991265
44,175,11dd74426e8374ac110c4036c77c09ab_000000000181,14.823680
44,176,11dd74426e8374ac110c4036c77c09ab_000000000182,82.838296
44,177,11dd74426e8374ac110c4036c77c09ab_000000000183,35.186987
44,178,11dd74426e8374ac110c4036c77c09ab_000000000184,183.278610
44,179,11dd74426e8374ac110c4036c77c09ab_000000000185,16.325897
44,180,11dd74426e8374ac110c4036c77c09ab_000000000186,11.346564
44,181,11dd74426e8374ac110c4036c77c09ab_000000000187,217.031650
44,182,11dd74426e8374ac110c4036c77c09ab_000000000188,8.611409
44,183,11dd74426e8374ac110c4036c77c09ab_000000000189,42.990129
44,184,11dd74426e8374ac110c4036c77c09ab_000000000190,13.352483
44,185,11dd74426e8374ac110c4036c77c09ab_000000000191,258.828865
44,186,11dd74426e8374ac110c4036c77c09ab_000000000192,22.166522
44,187,11dd74426e8374ac110c4036c77c09ab_000000000193,423.627167
44,188,11dd74426e8374ac110c4036c77c09ab_000000000194,272.787602
44,189,11dd74426e8374ac110c4036c77c09ab_000000000195,27.504655
44,190,11dd74426e8374ac110c4036c77c09ab_000000000196,17.943552
44,191,11dd74426e8374ac110c4036c77c09ab_000000000197,12.031322
44,192,11dd74426e8374ac110c4036c77c09ab_000000000198,33.884157
44,193,11dd74426e8374ac110c4036c77c09ab_000000000199,41.833751
44,194,11dd74426e8374ac110c4036c77c09ab_000000000200,20.690850
44,195,11dd74426e8374ac110c4036c77c09ab_000000000201,37.331190
44,196,11dd74426e8374ac110c4036c77c09ab_000000000202,29.883485
44,197,11dd74426e8374ac110c4036c77c09ab_000000000203,40.805241
44,198,11dd74426e8374ac110c4036c77c09ab_000000000204,34.777739
44,199,11dd74426e8374ac110c4036c77c09ab_000000000205,302.268710
44,200,11dd74426e8374ac110c4036c77c09ab_000000000206,49.452316
44,201,11dd74426e8374ac110c4036c77c09ab_000000000207,220.798205
44,202,11dd74426e8374ac110c4036c77c09ab_000000000208,55.209115
44,203,11dd74426e8374ac110c4036c77c09ab_000000000209,197.800021
44,204,11dd74426e8374ac110c4036c77c09ab_000000000210,170.795607
44,205,11dd74426e8374ac110c4036c77c09ab_000000000211,23.678524
44,206,11dd74426e8374ac110c4036c77c09ab_000000000212,169.961274
44,207,11dd74426e8374ac110c4036c77c09ab_000000000213,29.736781
44,208,11dd74426e8374ac110c4036c77c09ab_000000000214,178.623581
44,209,11dd74426e8374ac110c4036c77c09ab_000000000215,67.202420
44,210,11dd74426e8374ac110c4036c77c09ab_000000000216,32.646793
44,211,11dd74426e8374ac110c4036c77c09ab_000000000217,59.305176
44,212,11dd74426e8374ac110c4036c77c09ab_000000000218,41.282742
44,213,11dd74426e8374ac110c4036c77c09ab_000000000219,132.429537
44,214,11dd74426e8374ac110c4036c77c09ab_000000000220,27.930329
44,215,11dd74426e8374ac110c4036c77c09ab_000000000221,57.852824
44,216,11dd74426e8374ac110c4036c77c09ab_000000000222,244.219171
44,217,11dd74426e8374ac110c4036c77c09ab_000000000223,503.476008
44,218,11dd74426e8374ac110c4036c77c09ab_000000000224,241.408839
44,219,11dd74426e8374ac110c4036c77c09ab_000000000225,31.829180
44,220,11dd74426e8374ac110c4036c77c09ab_000000000226,36.850751
44,221,11dd74426e8374ac110c4036c77c09ab_000000000227,47.220725
44,222,11dd74426e8374ac110c4036c77c09ab_000000000228,60.295378
44,223,11dd74426e8374ac110c4036c77c09ab_000000000229,71.780127
44,224,11dd74426e8374ac110c4036c77c09ab_000000000230,65.738870
44,225,11dd74426e8374ac110c4036c77c09ab_000000000231,62.839242
44,226,11dd74426e8374ac110c4036c77c09ab_000000000232,22.799142
44,227,11dd74426e8374ac110c4036c77c09ab_000000000233,219.063813
44,228,11dd74426e8374ac110c4036c77c09ab_000000000234,4.392070
44,229,11dd74426e8374ac110c4036c77c09ab_000000000235,68.742870
44,230,11dd74426e8374ac110c4036c77c09ab_000000000236,19.560259
44,231,11dd74426e8374ac110c4036c77c09ab_000000000237,40.462178
44,232,11dd74426e8374ac110c4036c77c09ab_000000000238,59.043653
44,233,11dd74426e8374ac110c4036c77c09ab_000000000239,20.765977
44,234,11dd74426e8374ac110c4036c77c09ab_000000000240,66.152349
44,235,11dd74426e8374ac110c4036c77c09ab_000000000241,30.007689
45,237,11dd74426e8374ac110c4036c77c09ab_000000000243,104.543788
45,238,11dd74426e8374ac110c4036c77c09ab_000000000244,458.887262
45,239,11dd74426e8374ac110c4036c77c09ab_000000000245,221.230918
45,240,11dd74426e8374ac110c4036c77c09ab_000000000246,159.685075
45,241,11dd74426e8374ac110c4036c77c09ab_000000000247,11.922639
45,242,11dd74426e8374ac110c4036c77c09ab_000000000248,16.348753
45,243,11dd74426e8374ac110c4036c77c09ab_000000000249,43.316804
45,244,11dd74426e8374ac110c4036c77c09ab_000000000250,43.900880
45,245,11dd74426e8374ac110c4036c77c09ab_000000000251,194.798234
45,246,11dd74426e8374ac110c4036c77c09ab_000000000252,189.392447
45,247,11dd74426e8374ac110c4036c77c09ab_000000000253,152.577948
45,248,11dd74426e8374ac110c4036c77c09ab_000000000254,29.929484
45,249,11dd74426e8374ac110c4036c77c09ab_000000000255,59.868170
45,250,11dd74426e8374ac110c4036c77c09ab_000000000256,227.345636
45,251,11dd74426e8374ac110c4036c77c09ab_000000000257,45.956545
45,252,11dd74426e8374ac110c4036c77c09ab_000000000258,31.395469
45,253,11dd74426e8374ac110c4036c77c09ab_000000000259,108.537343
45,254,11dd74426e8374ac110c4036c77c09ab_000000000260,123.439132
45,255,11dd74426e8374ac110c4036c77c09ab_000000000261,43.495984
45,256,11dd74426e8374ac110c4036c77c09ab_000000000262,85.816727
45,257,11dd74426e8374ac110c4036c77c09ab_000000000263,192.424149
45,258,11dd74426e8374ac110c4036c77c09ab_000000000264,216.552638
45,259,11dd74426e8374ac110c4036c77c09ab_000000000265,9.399253
45,260,11dd74426e8374ac110c4036c77c09ab_000000000266,6.741692
45,261,11dd74426e8374ac110c4036c77c09ab_000000000267,188.495478
45,262,11dd74426e8374ac110c4036c77c09ab_000000000268,40.019828
45,263,11dd74426e8374ac110c4036c77c09ab_000000000269,23.066843
45,264,11dd74426e8374ac110c4036c77c09ab_000000000270,97.856059
45,265,11dd74426e8374ac110c4036c77c09ab_000000000271,77.939853
45,266,11dd74426e8374ac110c4036c77c09ab_000000000272,34.717610
45,267,11dd74426e8374ac110c4036c77c09ab_000000000273,24.649044
45,268,11dd74426e8374ac110c4036c77c09ab_000000000274,27.737243
45,269,11dd74426e8374ac110c4036c77c09ab_000000000275,35.021334
45,270,11dd74426e8374ac110c4036c77c09ab_000000000276,221.159176
45,271,11dd74426e8374ac110c4036c77c09ab_000000000277,47.501689
45,272,11dd74426e8374ac110c4036c77c09ab_000000000278,63.380534
45,273,11dd74426e8374ac110c4036c77c09ab_000000000279,172.579290
45,274,11dd74426e8374ac110c4036c77c09ab_000000000280,15.871711
45,275,11dd74426e8374ac110c4036c77c09ab_000000000281,33.338616
45,276,11dd74426e8374ac110c4036c77c09ab_000000000282,25.356834
45,277,11dd74426e8374ac110c4036c77c09ab_000000000283,231.985160
45,278,11dd74426e8374ac110c4036c77c09ab_000000000284,11.793423
45,279,11dd74426e8374ac110c4036c77c09ab_000000000285,66.865767
45,280,11dd74426e8374ac110c4036c77c09ab_000000000286,106.657095
45,281,11dd74426e8374ac110c4036c77c09ab_000000000287,25.680402
45,282,11dd74426e8374ac110c4036c77c09ab_000000000288,64.654556
45,283,11dd74426e8374ac110c4036c77c09ab_000000000289,21.649088
45,284,11dd74426e8374ac110c4036c77c09ab_000000000290,224.759959
45,285,11dd74426e8374ac110c4036c77c09ab_000000000291,79.868149
45,286,11dd74426e8374ac110c4036c77c09ab_000000000292,224.160566
46,237,11dd74426e8374ac110c4036c77c09ab_000000000243,191.550928
46,238,11dd74426e8374ac110c4036c77c09ab_000000000244,501.712752
46,239,11dd74426e8374ac110c4036c77c09ab_000000000245,215.796255
46,240,11dd74426e8374ac110c4036c77c09ab_000000000246,262.003775
46,241,11dd74426e8374ac110c4036c77c09ab_000000000247,14.993252
46,242,11dd74426e8374ac110c4036c77c09ab_000000000248,23.415257
46,243,11dd74426e8374ac110c4036c77c09ab_000000000249,9.332640
46,244,11dd74426e8374ac110c4036c77c09ab_000000000250,24.269993
46,245,11dd74426e8374ac110c4036c77c09ab_000000000251,244.094892
46,246,11dd74426e8374ac110c4036c77c09ab_000000000252,255.390604
46,247,11dd74426e8374ac110c4036c77c09ab_000000000253,262.754762
46,248,11dd74426e8374ac110c4036c77c09ab_000000000254,18.527808
46,249,11dd74426e8374ac110c4036c77c09ab_000000000255,106.831984
46,250,11dd74426e8374ac110c4036c77c09ab_000000000256,168.393014
46,251,11dd74426e8374ac110c4036c77c09ab_000000000257,36.930584
46,252,11dd74426e8374ac110c4036c77c09ab_000000000258,43.908947
46,253,11dd74426e8374ac110c4036c77c09ab_000000000259,181.173161
46,254,11dd74426e8374ac110c4036c77c09ab_000000000260,196.723282
46,255,11dd74426e8374ac110c4036c77c09ab_000000000261,108.510732
46,256,11dd74426e8374ac110c4036c77c09ab_000000000262,32.588420
46,257,11dd74426e8374ac110c4036c77c09ab_000000000263,90.134732
46,258,11dd74426e8374ac110c4036c77c09ab_000000000264,323.948953
46,259,11dd74426e8374ac110c4036c77c09ab_000000000265,31.738453
46,260,11dd74426e8374ac110c4036c77c09ab_000000000266,14.677452
46,261,11dd74426e8374ac110c4036c77c09ab_000000000267,229.617065
46,262,11dd74426e8374ac110c4036c77c09ab_000000000268,53.634231
46,263,11dd74426e8374ac110c4036c77c09ab_000000000269,22.482831
46,264,11dd74426e8374ac110c4036c77c09ab_000000000270,40.404141
46,265,11dd74426e8374ac110c4036c77c09ab_000000000271,9.051071
46,266,11dd74426e8374ac110c4036c77c09ab_000000000272,38.456336
46,267,11dd74426e8374ac110c4036c77c09ab_000000000273,32.958594
46,268,11dd74426e8374ac110c4036c77c09ab_000000000274,48.933378
46,269,11dd74426e8374ac110c4036c77c09ab_000000000275,75.518920
46,270,11dd74426e8374ac110c4036c77c09ab_000000000276,197.721965
46,271,11dd74426e8374ac110c4036c77c09ab_000000000277,82.964639
46,272,11dd74426e8374ac110c4036c77c09ab_000000000278,100.446167
46,273,11dd74426e8374ac110c4036c77c09ab_000000000279,194.308615
46,274,11dd74426e8374ac110c4036c77c09ab_000000000280,24.745389
46,275,11dd74426e8374ac110c4036c77c09ab_000000000281,49.180219
46,276,11dd74426e8374ac110c4036c77c09ab_000000000282,11.322365
46,277,11dd74426e8374ac110c4036c77c09ab_000000000283,362.312959
46,278,11dd74426e8374ac110c4036c77c09ab_000000000284,95.585755
46,279,11dd74426e8374ac110c4036c77c09ab_000000000285,47.361655
46,280,11dd74426e8374ac110c4036c77c09ab_000000000286,63.340543
46,281,11dd74426e8374ac110c4036c77c09ab_000000000287,71.175116
46,282,11dd74426e8374ac110c4036c77c09ab_000000000288,53.360335
46,283,11dd74426e8374ac110c4036c77c09ab_000000000289,29.966253
46,284,11dd74426e8374ac110c4036c77c09ab_000000000290,237.822038
46,285,11dd74426e8374ac110c4036c77c09ab_000000000291,64.026619
46,286,11dd74426e8374ac110c4036c77c09ab_000000000292,189.689795
47,237,11dd74426e8374ac110c4036c77c09ab_000000000243,176.971146
47,238,11dd74426e8374ac110c4036c77c09ab_000000000244,507.776187
47,239,11dd74426e8374ac110c4036c77c09ab_000000000245,250.305407
47,240,11dd74426e8374ac110c4036c77c09ab_000000000246,277.484412
47,241,11dd74426e8374ac110c4036c77c09ab_000000000247,33.855558
47,242,11dd74426e8374ac110c4036c77c09ab_000000000248,25.146599
47,243,11dd74426e8374ac110c4036c77c09ab_000000000249,28.571397
47,244,11dd74426e8374ac110c4036c77c09ab_000000000250,65.808852
47,245,11dd74426e8374ac110c4036c77c09ab_000000000251,240.169844
47,246,11dd74426e8374ac110c4036c77c09ab_000000000252,216.633428
47,247,11dd74426e8374ac110c4036c77c09ab_000000000253,166.452370
47,248,11dd74426e8374ac110c4036c77c09ab_000000000254,20.505556
47,249,11dd74426e8374ac110c4036c77c09ab_000000000255,34.976510
47,250,11dd74426e8374ac110c4036c77c09ab_000000000256,126.722374
47,251,11dd74426e8374ac110c4036c77c09ab_000000000257,14.701029
47,252,11dd74426e8374ac110c4036c77c09ab_000000000258,38.703192
47,253,11dd74426e8374ac110c4036c77c09ab_000000000259,244.779619
47,254,11dd74426e8374ac110c4036c77c09ab_000000000260,216.022319
47,255,11dd74426e8374ac110c4036c77c09ab_000000000261,93.632830
47,256,11dd74426e8374ac110c4036c77c09ab_000000000262,121.362506
47,257,11dd74426e8374ac110c4036c77c09ab_000000000263,236.332967
47,258,11dd74426e8374ac110c4036c77c09ab_000000000264,321.646817
47,259,11dd74426e8374ac110c4036c77c09ab_000000000265,78.299502
47,260,11dd74426e8374ac110c4036c77c09ab_000000000266,44.337947
47,261,11dd74426e8374ac110c4036c77c09ab_000000000267,332.858816
47,262,11dd74426e8374ac110c4036c77c09ab_000000000268,37.573944
47,263,11dd74426e8374ac110c4036c77c09ab_000000000269,49.509074
47,264,11dd74426e8374ac110c4036c77c09ab_000000000270,19.980471
47,265,11dd74426e8374ac110c4036c77c09ab_000000000271,71.819239
47,266,11dd74426e8374ac110c4036c77c09ab_000000000272,90.362428
47,267,11dd74426e8374ac110c4036c77c09ab_000000000273,72.704489
47,268,11dd74426e8374ac110c4036c77c09ab_000000000274,82.134678
47,269,11dd74426e8374ac110c4036c77c09ab_000000000275,43.980312
47,270,11dd74426e8374ac110c4036c77c09ab_000000000276,201.313839
47,271,11dd74426e8374ac110c4036c77c09ab_000000000277,22.141680
47,272,11dd74426e8374ac110c4036c77c09ab_000000000278,11.768759
47,273,11dd74426e8374ac110c4036c77c09ab_000000000279,259.050147
47,274,11dd74426e8374ac110c4036c77c09ab_000000000280,17.328633
47,275,11dd74426e8374ac110c4036c77c09ab_000000000281,45.799347
47,276,11dd74426e8374ac110c4036c77c09ab_000000000282,29.609045
47,277,11dd74426e8374ac110c4036c77c09ab_000000000283,227.565383
47,278,11dd74426e8374ac110c4036c77c09ab_000000000284,22.206589
47,279,11dd74426e8374ac110c4036c77c09ab_000000000285,60.137034
47,280,11dd74426e8374ac110c4036c77c09ab_000000000286,105.014711
47,281,11dd74426e8374ac110c4036c77c09ab_000000000287,85.885961
47,282,11dd74426e8374ac110c4036c77c09ab_000000000288,100.813606
47,283,11dd74426e8374ac110c4036c77c09ab_000000000289,23.533249
47,284,11dd74426e8374ac110c4036c77c09ab_000000000290,300.133247
47,285,11dd74426e8374ac110c4036c77c09ab_000000000291,58.914756
47,286,11dd74426e8374ac110c4036c77c09ab_000000000292,234.489719
48,237,11dd74426e8374ac110c4036c77c09ab_000000000243,60.307068
48,238,11dd74426e8374ac110c4036c77c09ab_000000000244,410.453509
48,239,11dd74426e8374ac110c4036c77c09ab_000000000245,165.545911
48,240,11dd74426e8374ac110c4036c77c09ab_000000000246,234.315850
48,241,11dd74426e8374ac110c4036c77c09ab_000000000247,34.968425
48,242,11dd74426e8374ac110c4036c77c09ab_000000000248,28.006740
48,243,11dd74426e8374ac110c4036c77c09ab_000000000249,18.173755
48,244,11dd74426e8374ac110c4036c77c09ab_000000000250,14.952491
48,245,11dd74426e8374ac110c4036c77c09ab_000000000251,216.872252
48,246,11dd74426e8374ac110c4036c77c09ab_000000000252,187.393719
48,247,11dd74426e8374ac110c4036c77c09ab_000000000253,189.019705
48,248,11dd74426e8374ac110c4036c77c09ab_000000000254,33.552581
48,249,11dd74426e8374ac110c4036c77c09ab_000000000255,10.996178
48,250,11dd74426e8374ac110c4036c77c09ab_000000000256,257.804265
48,251,11dd74426e8374ac110c4036c77c09ab_000000000257,75.721952
48,252,11dd74426e8374ac110c4036c77c09ab_000000000258,101.631475
48,253,11dd74426e8374ac110c4036c77c09ab_000000000259,241.583459
48,254,11dd74426e8374ac110c4036c77c09ab_000000000260,178.935370
48,255,11dd74426e8374ac110c4036c77c09ab_000000000261,58.584573
48,256,11dd74426e8374ac110c4036c77c09ab_000000000262,51.936284
48,257,11dd74426e8374ac110c4036c77c09ab_000000000263,56.782393
48,258,11dd74426e8374ac110c4036c77c09ab_000000000264,284.474888
48,259,11dd74426e8374ac110c4036c77c09ab_000000000265,14.603132
48,260,11dd74426e8374ac110c4036c77c09ab_000000000266,48.711303
48,261,11dd74426e8374ac110c4036c77c09ab_000000000267,279.855576
48,262,11dd74426e8374ac110c4036c77c09ab_000000000268,34.506488
48,263,11dd74426e8374ac110c4036c77c09ab_000000000269,4.618905
48,264,11dd74426e8374ac110c4036c77c09ab_000000000270,19.354001
48,265,11dd74426e8374ac110c4036c77c09ab_000000000271,40.013405
48,266,11dd74426e8374ac110c4036c77c09ab_000000000272,78.467750
48,267,11dd74426e8374ac110c4036c77c09ab_000000000273,73.804193
48,268,11dd74426e8374ac110c4036c77c09ab_000000000274,47.539865
48,269,11dd74426e8374ac110c4036c77c09ab_000000000275,73.512633
48,270,11dd74426e8374ac110c4036c77c09ab_000000000276,264.885656
48,271,11dd74426e8374ac110c4036c77c09ab_000000000277,66.835752
48,272,11dd74426e8374ac110c4036c77c09ab_000000000278,57.356843
48,273,11dd74426e8374ac110c4036c77c09ab_000000000279,171.346960
48,274,11dd74426e8374ac110c4036c77c09ab_000000000280,22.081837
48,275,11dd74426e8374ac110c4036c77c09ab_000000000281,46.360654
48,276,11dd74426e8374ac110c4036c77c09ab_000000000282,14.486195
48,277,11dd74426e8374ac110c4036c77c09ab_000000000283,235.802747
48,278,11dd74426e8374ac110c4036c77c09ab_000000000284,57.272794
48,279,11dd74426e8374ac110c4036c77c09ab_000000000285,106.989451
48,280,11dd74426e8374ac110c4036c77c09ab_000000000286,45.065841
48,281,11dd74426e8374ac110c4036c77c09ab_000000000287,22.884827
48,282,11dd74426e8374ac110c4036c77c09ab_000000000288,32.872374
48,283,11dd74426e8374ac110c4036c77c09ab_000000000289,6.784744
48,284,11dd74426e8374ac110c4036c77c09ab_000000000290,261.728977
48,285,11dd74426e8374ac110c4036c77c09ab_000000000291,47.439839
48,286,11dd74426e8374ac110c4036c77c09ab_000000000292,172.841029
60,290,11dd74426e8374ac110c4036c77c09ab_000000000296,45.911836
60,291,11dd74426e8374ac110c4036c77c09ab_000000000297,149.145898
60,292,11dd74426e8374ac110c4036c77c09ab_000000000298,245.471201
60,293,11dd74426e8374ac110c4036c77c09ab_000000000299,22.692002
60,294,11dd74426e8374ac110c4036c77c09ab_000000000300,178.351965
60,295,11dd74426e8374ac110c4036c77c09ab_000000000301,45.110713
60,296,11dd74426e8374ac110c4036c77c09ab_000000000302,68.044527
60,297,11dd74426e8374ac110c4036c77c09ab_000000000303,16.294431
60,298,11dd74426e8374ac110c4036c77c09ab_000000000304,183.748148
60,299,11dd74426e8374ac110c4036c77c09ab_000000000305,80.899016
60,300,11dd74426e8374ac110c4036c77c09ab_000000000306,76.366427
60,301,11dd74426e8374ac110c4036c77c09ab_000000000307,179.275615
60,302,11dd74426e8374ac110c4036c77c09ab_000000000308,38.953910
60,303,11dd74426e8374ac110c4036c77c09ab_000000000309,37.363097
60,304,11dd74426e8374ac110c4036c77c09ab_000000000310,48.707840
60,305,11dd74426e8374ac110c4036c77c09ab_000000000311,19.026428
60,306,11dd74426e8374ac110c4036c77c09ab_000000000312,186.388857
60,307,11dd74426e8374ac110c4036c77c09ab_000000000313,334.088484
60,308,11dd74426e8374ac110c4036c77c09ab_000000000314,9.862709
60,309,11dd74426e8374ac110c4036c77c09ab_000000000315,9.761581
60,310,11dd74426e8374ac110c4036c77c09ab_000000000316,30.427288
60,311,11dd74426e8374ac110c4036c77c09ab_000000000317,256.403003
60,312,11dd74426e8374ac110c4036c77c09ab_000000000318,226.915114
60,313,11dd74426e8374ac110c4036c77c09ab_000000000319,41.398616
60,314,11dd74426e8374ac110c4036c77c09ab_000000000320,47.238629
60,315,11dd74426e8374ac110c4036c77c09ab_000000000321,34.361483
60,316,11dd74426e8374ac110c4036c77c09ab_000000000322,46.300602
60,317,11dd74426e8374ac110c4036c77c09ab_000000000323,60.992540
60,318,11dd74426e8374ac110c4036c77c09ab_000000000324,27.598331
60,319,11dd74426e8374ac110c4036c77c09ab_000000000325,45.071266
60,320,11dd74426e8374ac110c4036c77c09ab_000000000326,89.719522
60,321,11dd74426e8374ac110c4036c77c09ab_000000000327,163.455760
60,322,11dd74426e8374ac110c4036c77c09ab_000000000328,41.956850
60,323,11dd74426e8374ac110c4036c77c09ab_000000000329,38.781756
60,324,11dd74426e8374ac110c4036c77c09ab_000000000330,276.563915
60,325,11dd74426e8374ac110c4036c77c09ab_000000000331,19.607483
60,326,11dd74426e8374ac110c4036c77c09ab_000000000332,185.688596
60,327,11dd74426e8374ac110c4036c77c09ab_000000000333,197.602744
60,328,11dd74426e8374ac110c4036c77c09ab_000000000334,68.075516
60,329,11dd74426e8374ac110c4036c77c09ab_000000000335,57.785197
60,330,11dd74426e8374ac110c4036c77c09ab_000000000336,60.581641
60,331,11dd74426e8374ac110c4036c77c09ab_000000000337,86.537558
60,332,11dd74426e8374ac110c4036c77c09ab_000000000338,59.463191
61,290,11dd74426e8374ac110c4036c77c09ab_000000000296,14.226610
61,291,11dd74426e8374ac110c4036c77c09ab_000000000297,99.700886
61,292,11dd74426e8374ac110c4036c77c09ab_000000000298,381.110908
61,293,11dd74426e8374ac110c4036c77c09ab_000000000299,36.096586
61,294,11dd74426e8374ac110c4036c77c09ab_000000000300,295.099747
61,295,11dd74426e8374ac110c4036c77c09ab_000000000301,6.846024
61,296,11dd74426e8374ac110c4036c77c09ab_000000000302,25.347268
61,297,11dd74426e8374ac110c4036c77c09ab_000000000303,38.483061
61,298,11dd74426e8374ac110c4036c77c09ab_000000000304,138.839889
61,299,11dd74426e8374ac110c4036c77c09ab_000000000305,77.168590
61,300,11dd74426e8374ac110c4036c77c09ab_000000000306,53.459643
61,301,11dd74426e8374ac110c4036c77c09ab_000000000307,263.028352
61,302,11dd74426e8374ac110c4036c77c09ab_000000000308,40.019680
61,303,11dd74426e8374ac110c4036c77c09ab_000000000309,46.933400
61,304,11dd74426e8374ac110c4036c77c09ab_000000000310,41.549323
61,305,11dd74426e8374ac110c4036c77c09ab_000000000311,30.072434
61,306,11dd74426e8374ac110c4036c77c09ab_000000000312,206.039087
61,307,11dd74426e8374ac110c4036c77c09ab_000000000313,467.510895
61,308,11dd74426e8374ac110c4036c77c09ab_000000000314,18.350346
61,309,11dd74426e8374ac110c4036c77c09ab_000000000315,24.974935
61,310,11dd74426e8374ac110c4036c77c09ab_000000000316,29.805279
61,311,11dd74426e8374ac110c4036c77c09ab_000000000317,302.363537
61,312,11dd74426e8374ac110c4036c77c09ab_000000000318,262.165863
61,313,11dd74426e8374ac110c4036c77c09ab_000000000319,24.281859
61,314,11dd74426e8374ac110c4036c77c09ab_000000000320,16.951061
61,315,11dd74426e8374ac110c4036c77c09ab_000000000321,46.012162
61,316,11dd74426e8374ac110c4036c77c09ab_000000000322,24.749643
61,317,11dd74426e8374ac110c4036c77c09ab_000000000323,46.982395
61,318,11dd74426e8374ac110c4036c77c09ab_000000000324,60.242663
61,319,11dd74426e8374ac110c4036c77c09ab_000000000325,49.024041
61,320,11dd74426e8374ac110c4036c77c09ab_000000000326,11.386206
61,321,11dd74426e8374ac110c4036c77c09ab_000000000327,172.375478
61,322,11dd74426e8374ac110c4036c77c09ab_000000000328,187.120375
61,323,11dd74426e8374ac110c4036c77c09ab_000000000329,65.421038
61,324,11dd74426e8374ac110c4036c77c09ab_000000000330,341.011797
61,325,11dd74426e8374ac110c4036c77c09ab_000000000331,63.479354
61,326,11dd74426e8374ac110c4036c77c09ab_000000000332,221.565079
61,327,11dd74426e8374ac110c4036c77c09ab_000000000333,273.753789
61,328,11dd74426e8374ac110c4036c77c09ab_000000000334,98.901856
61,329,11dd74426e8374ac110c4036c77c09ab_000000000335,6.093042
61,330,11dd74426e8374ac110c4036c77c09ab_000000000336,25.369036
61,331,11dd74426e8374ac110c4036c77c09ab_000000000337,48.710654
61,332,11dd74426e8374ac110c4036c77c09ab_000000000338,145.524957
62,290,11dd74426e8374ac110c4036c77c09ab_000000000296,22.490456
62,291,11dd74426e8374ac110c4036c77c09ab_000000000297,142.286743
62,292,11dd74426e8374ac110c4036c77c09ab_000000000298,396.885643
62,293,11dd74426e8374ac110c4036c77c09ab_000000000299,55.314342
62,294,11dd74426e8374ac110c4036c77c09ab_000000000300,253.703984
62,295,11dd74426e8374ac110c4036c77c09ab_000000000301,55.302802
62,296,11dd74426e8374ac110c4036c77c09ab_000000000302,68.612417
62,297,11dd74426e8374ac110c4036c77c09ab_000000000303,23.201020
62,298,11dd74426e8374ac110c4036c77c09ab_000000000304,187.299647
62,299,11dd74426e8374ac110c4036c77c09ab_000000000305,35.641366
62,300,11dd74426e8374ac110c4036c77c09ab_000000000306,82.249597
62,301,11dd74426e8374ac110c4036c77c09ab_000000000307,256.278398
62,302,11dd74426e8374ac110c4036c77c09ab_000000000308,43.210663
62,303,11dd74426e8374ac110c4036c77c09ab_000000000309,87.439777
62,304,11dd74426e8374ac110c4036c77c09ab_000000000310,81.144954
62,305,11dd74426e8374ac110c4036c77c09ab_000000000311,43.188720
62,306,11dd74426e8374ac110c4036c77c09ab_000000000312,184.817644
62,307,11dd74426e8374ac110c4036c77c09ab_000000000313,334.422470
62,308,11dd74426e8374ac110c4036c77c09ab_000000000314,48.376650
62,309,11dd74426e8374ac110c4036c77c09ab_000000000315,41.916450
62,310,11dd74426e8374ac110c4036c77c09ab_000000000316,76.782143
62,311,11dd74426e8374ac110c4036c77c09ab_000000000317,304.067006
62,312,11dd74426e8374ac110c4036c77c09ab_000000000318,229.326329
62,313,11dd74426e8374ac110c4036c77c09ab_000000000319,13.288606
62,314,11dd74426e8374ac110c4036c77c09ab_000000000320,103.415080
62,315,11dd74426e8374ac110c4036c77c09ab_000000000321,38.154518
62,316,11dd74426e8374ac110c4036c77c09ab_000000000322,31.147419
62,317,11dd74426e8374ac110c4036c77c09ab_000000000323,65.307494
62,318,11dd74426e8374ac110c4036c77c09ab_000000000324,88.101407
62,319,11dd74426e8374ac110c4036c77c09ab_000000000325,47.573070
62,320,11dd74426e8374ac110c4036c77c09ab_000000000326,85.117723
62,321,11dd74426e8374ac110c4036c77c09ab_000000000327,235.647034
62,322,11dd74426e8374ac110c4036c77c09ab_000000000328,44.045103
62,323,11dd74426e8374ac110c4036c77c09ab_000000000329,9.082504
62,324,11dd74426e8374ac110c4036c77c09ab_000000000330,356.538631
62,325,11dd74426e8374ac110c4036c77c09ab_000000000331,111.262141
62,326,11dd74426e8374ac110c4036c77c09ab_000000000332,156.665464
62,327,11dd74426e8374ac110c4036c77c09ab_000000000333,139.145151
62,328,11dd74426e8374ac110c4036c77c09ab_000000000334,63.711540
62,329,11dd74426e8374ac110c4036c77c09ab_000000000335,53.846101
62,330,11dd74426e8374ac110c4036c77c09ab_000000000336,90.950712
62,331,11dd74426e8374ac110c4036c77c09ab_000000000337,54.590236
62,332,11dd74426e8374ac110c4036c77c09ab_000000000338,82.600385
63,290,11dd74426e8374ac110c4036c77c09ab_000000000296,35.989426
64,292,11dd74426e8374ac110c4036c77c09ab_000000000298,274.585175
64,293,11dd74426e8374ac110c4036c77c09ab_000000000299,53.428734
64,294,11dd74426e8374ac110c4036c77c09ab_000000000300,177.730320
64,295,11dd74426e8374ac110c4036c77c09ab_000000000301,25.240632
64,296,11dd74426e8374ac110c4036c77c09ab_000000000302,31.426967
64,297,11dd74426e8374ac110c4036c77c09ab_000000000303,28.571507
64,298,11dd74426e8374ac110c4036c77c09ab_000000000304,220.876747
64,299,11dd74426e8374ac110c4036c77c09ab_000000000305,34.361098
64,300,11dd74426e8374ac110c4036c77c09ab_000000000306,61.669676
64,301,11dd74426e8374ac110c4036c77c09ab_000000000307,144.014884
64,302,11dd74426e8374ac110c4036c77c09ab_000000000308,49.139803
64,303,11dd74426e8374ac110c4036c77c09ab_000000000309,18.111563
64,304,11dd74426e8374ac110c4036c77c09ab_000000000310,22.955444
64,305,11dd74426e8374ac110c4036c77c09ab_000000000311,70.882807
64,306,11dd74426e8374ac110c4036c77c09ab_000000000312,147.730020
64,307,11dd74426e8374ac110c4036c77c09ab_000000000313,307.050919
64,308,11dd74426e8374ac110c4036c77c09ab_000000000314,43.251632
64,309,11dd74426e8374ac110c4036c77c09ab_000000000315,67.520695
64,310,11dd74426e8374ac110c4036c77c09ab_000000000316,32.194854
64,311,11dd74426e8374ac110c4036c77c09ab_000000000317,196.812087
64,312,11dd74426e8374ac110c4036c77c09ab_000000000318,203.457817
64,313,11dd74426e8374ac110c4036c77c09ab_000000000319,2.063098
64,314,11dd74426e8374ac110c4036c77c09ab_000000000320,52.953845
64,315,11dd74426e8374ac110c4036c77c09ab_000000000321,34.483960
64,316,11dd74426e8374ac110c4036c77c09ab_000000000322,43.112204
64,317,11dd74426e8374ac110c4036c77c09ab_000000000323,25.852069
64,318,11dd74426e8374ac110c4036c77c09ab_000000000324,45.007784
64,319,11dd74426e8374ac110c4036c77c09ab_000000000325,59.996665
64,320,11dd74426e8374ac110c4036c77c09ab_000000000326,46.913895
64,321,11dd74426e8374ac110c4036c77c09ab_000000000327,115.514251
64,322,11dd74426e8374ac110c4036c77c09ab_000000000328,154.646207
64,323,11dd74426e8374ac110c4036c77c09ab_000000000329,15.014869
64,324,11dd74426e8374ac110c4036c77c09ab_000000000330,222.259224
64,325,11dd74426e8374ac110c4036c77c09ab_000000000331,82.498336
64,326,11dd74426e8374ac110c4036c77c09ab_000000000332,170.214875
64,327,11dd74426e8374ac110c4036c77c09ab_000000000333,173.791378
64,328,11dd74426e8374ac110c4036c77c09ab_000000000334,39.765672
64,329,11dd74426e8374ac110c4036c77c09ab_000000000335,48.564151
64,330,11dd74426e8374ac110c4036c77c09ab_000000000336,34.742212
64,331,11dd74426e8374ac110c4036c77c09ab_000000000337,56.485959
64,332,11dd74426e8374ac110c4036c77c09ab_000000000338,67.954599
65,335,11dd74426e8374ac110c4036c77c09ab_000000000375,36.743670
65,336,11dd74426e8374ac110c4036c77c09ab_000000000376,127.197826
65,337,11dd74426e8374ac110c4036c77c09ab_000000000377,44.874962
65,338,11dd74426e8374ac110c4036c77c09ab_000000000378,375.401394
65,339,11dd74426e8374ac110c4036c77c09ab_000000000379,13.747741
65,340,11dd74426e8374ac110c4036c77c09ab_000000000380,217.038957
65,341,11dd74426e8374ac110c4036c77c09ab_000000000381,52.322074
65,342,11dd74426e8374ac110c4036c77c09ab_000000000382,458.942925
65,343,11dd74426e8374ac110c4036c77c09ab_000000000383,175.472534
65,344,11dd74426e8374ac110c4036c77c09ab_000000000384,108.665065
65,345,11dd74426e8374ac110c4036c77c09ab_000000000385,83.538585
65,346,11dd74426e8374ac110c4036c77c09ab_000000000386,34.865106
65,347,11dd74426e8374ac110c4036c77c09ab_000000000387,84.818478
65,348,11dd74426e8374ac110c4036c77c09ab_000000000388,31.301288
65,349,11dd74426e8374ac110c4036c77c09ab_000000000389,27.962690
65,350,11dd74426e8374ac110c4036c77c09ab_000000000390,185.342831
65,351,11dd74426e8374ac110c4036c77c09ab_000000000391,108.264598
65,352,11dd74426e8374ac110c4036c77c09ab_000000000392,62.536619
65,353,11dd74426e8374ac110c4036c77c09ab_000000000393,81.243974
65,354,11dd74426e8374ac110c4036c77c09ab_000000000394,1275.604177
65,355,11dd74426e8374ac110c4036c77c09ab_000000000395,212.202676
65,356,11dd74426e8374ac110c4036c77c09ab_000000000396,56.864031
65,357,11dd74426e8374ac110c4036c77c09ab_000000000397,251.758671
65,358,11dd74426e8374ac110c4036c77c09ab_000000000398,64.479588
65,359,11dd74426e8374ac110c4036c77c09ab_000000000399,34.190537
65,360,11dd74426e8374ac110c4036c77c09ab_000000000400,14.755804
65,361,11dd74426e8374ac110c4036c77c09ab_000000000401,137.271409
65,362,11dd74426e8374ac110c4036c77c09ab_000000000402,132.915562
65,363,11dd74426e8374ac110c4036c77c09ab_000000000403,252.530167
65,364,11dd74426e8374ac110c4036c77c09ab_000000000404,36.801429
65,365,11dd74426e8374ac110c4036c77c09ab_000000000405,63.273946
65,366,11dd74426e8374ac110c4036c77c09ab_000000000406,82.426693
65,367,11dd74426e8374ac110c4036c77c09ab_000000000407,116.954869
65,368,11dd74426e8374ac110c4036c77c09ab_000000000408,79.242733
65,369,11dd74426e8374ac110c4036c77c09ab_000000000409,59.399105
65,370,11dd74426e8374ac110c4036c77c09ab_000000000410,220.172389
65,371,11dd74426e8374ac110c4036c77c09ab_000000000411,37.453654
65,372,11dd74426e8374ac110c4036c77c09ab_000000000412,227.610574
65,373,11dd74426e8374ac110c4036c77c09ab_000000000413,226.618529
65,374,11dd74426e8374ac110c4036c77c09ab_000000000414,304.938732
65,375,11dd74426e8374ac110c4036c77c09ab_000000000415,118.250080
65,376,11dd74426e8374ac110c4036c77c09ab_000000000416,70.472011
65,377,11dd74426e8374ac110c4036c77c09ab_000000000417,67.072897
65,378,11dd74426e8374ac110c4036c77c09ab_000000000418,11.674738
65,379,11dd74426e8374ac110c4036c77c09ab_000000000419,150.733387
65,380,11dd74426e8374ac110c4036c77c09ab_000000000420,11.932618
65,381,11dd74426e8374ac110c4036c77c09ab_000000000421,42.479154
65,382,11dd74426e8374ac110c4036c77c09ab_000000000422,189.491776
65,383,11dd74426e8374ac110c4036c77c09ab_000000000423,135.919378
65,384,11dd74426e8374ac110c4036c77c09ab_000000000424,281.869470
65,385,11dd74426e8374ac110c4036c77c09ab_000000000425,90.361358
65,386,11dd74426e8374ac110c4036c77c09ab_000000000426,441.040569
65,387,11dd74426e8374ac110c4036c77c09ab_000000000427,83.224865
65,388,11dd74426e8374ac110c4036c77c09ab_000000000428,167.455614
65,389,11dd74426e8374ac110c4036c77c09ab_000000000429,276.931240
65,390,11dd74426e8374ac110c4036c77c09ab_000000000430,44.843527
65,391,11dd74426e8374ac110c4036c77c09ab_000000000431,52.449510
65,392,11dd74426e8374ac110c4036c77c09ab_000000000432,45.892873
65,393,11dd74426e8374ac110c4036c77c09ab_000000000433,112.107562
65,394,11dd74426e8374ac110c4036c77c09ab_000000000434,11.913708
65,395,11dd74426e8374ac110c4036c77c09ab_000000000435,35.518246
65,396,11dd74426e8374ac110c4036c77c09ab_000000000436,150.810432
65,397,11dd74426e8374ac110c4036c77c09ab_000000000437,22.944668
65,398,11dd74426e8374ac110c4036c77c09ab_000000000438,109.424005
65,399,11dd74426e8374ac110c4036c77c09ab_000000000439,23.428971
65,400,11dd74426e8374ac110c4036c77c09ab_000000000440,157.780823
65,401,11dd74426e8374ac110c4036c77c09ab_000000000441,39.861738
65,402,11dd74426e8374ac110c4036c77c09ab_000000000442,54.549765
65,403,11dd74426e8374ac110c4036c77c09ab_000000000443,71.621989
65,404,11dd74426e8374ac110c4036c77c09ab_000000000444,20.948783
65,405,11dd74426e8374ac110c4036c77c09ab_000000000445,128.531542
65,406,11dd74426e8374ac110c4036c77c09ab_000000000446,43.336882
65,407,11dd74426e8374ac110c4036c77c09ab_000000000447,24.032869
65,408,11dd74426e8374ac110c4036c77c09ab_000000000448,69.052957
66,335,11dd74426e8374ac110c4036c77c09ab_000000000375,83.134761
66,336,11dd74426e8374ac110c4036c77c09ab_000000000376,142.939259
66,337,11dd74426e8374ac110c4036c77c09ab_000000000377,69.174966
66,338,11dd74426e8374ac110c4036c77c09ab_000000000378,516.830787
66,339,11dd74426e8374ac110c4036c77c09ab_000000000379,52.641988
66,340,11dd74426e8374ac110c4036c77c09ab_000000000380,337.417157
66,341,11dd74426e8374ac110c4036c77c09ab_000000000381,88.037172
66,342,11dd74426e8374ac110c4036c77c09ab_000000000382,495.107308
66,343,11dd74426e8374ac110c4036c77c09ab_000000000383,260.363535
66,344,11dd74426e8374ac110c4036c77c09ab_000000000384,89.355070
66,345,11dd74426e8374ac110c4036c77c09ab_000000000385,52.071339
66,346,11dd74426e8374ac110c4036c77c09ab_000000000386,53.941415
66,347,11dd74426e8374ac110c4036c77c09ab_000000000387,269.985426
66,348,11dd74426e8374ac110c4036c77c09ab_000000000388,115.030382
66,349,11dd74426e8374ac110c4036c77c09ab_000000000389,53.089467
66,350,11dd74426e8374ac110c4036c77c09ab_000000000390,186.496289
66,351,11dd74426e8374ac110c4036c77c09ab_000000000391,355.618470
66,352,11dd74426e8374ac110c4036c77c09ab_000000000392,43.878500
66,353,11dd74426e8374ac110c4036c77c09ab_000000000393,25.744388
67,355,11dd74426e8374ac110c4036c77c09ab_000000000395,40.362093
67,356,11dd74426e8374ac110c4036c77c09ab_000000000396,88.176732
67,357,11dd74426e8374ac110c4036c77c09ab_000000000397,291.931869
67,358,11dd74426e8374ac110c4036c77c09ab_000000000398,126.732036
67,359,11dd74426e8374ac110c4036c77c09ab_000000000399,74.526998
67,360,11dd74426e8374ac110c4036c77c09ab_000000000400,81.062307
67,361,11dd74426e8374ac110c4036c77c09ab_000000000401,51.154497
67,362,11dd74426e8374ac110c4036c77c09ab_000000000402,166.197599
67,363,11dd74426e8374ac110c4036c77c09ab_000000000403,334.433405
67,364,11dd74426e8374ac110c4036c77c09ab_000000000404,44.302016
67,365,11dd74426e8374ac110c4036c77c09ab_000000000405,74.301354
67,366,11dd74426e8374ac110c4036c77c09ab_000000000406,60.332908
67,367,11dd74426e8374ac110c4036c77c09ab_000000000407,53.263129
67,368,11dd74426e8374ac110c4036c77c09ab_000000000408,59.447398
67,369,11dd74426e8374ac110c4036c77c09ab_000000000409,94.893166
67,370,11dd74426e8374ac110c4036c77c09ab_000000000410,397.947681
67,371,11dd74426e8374ac110c4036c77c09ab_000000000411,35.829599
67,372,11dd74426e8374ac110c4036c77c09ab_000000000412,265.823014
67,373,11dd74426e8374ac110c4036c77c09ab_000000000413,339.556005
67,374,11dd74426e8374ac110c4036c77c09ab_000000000414,500.377141
67,375,11dd74426e8374ac110c4036c77c09ab_000000000415,278.543819
67,376,11dd74426e8374ac110c4036c77c09ab_000000000416,45.926123
67,377,11dd74426e8374ac110c4036c77c09ab_000000000417,35.810651
67,378,11dd74426e8374ac110c4036c77c09ab_000000000418,30.334875
67,379,11dd74426e8374ac110c4036c77c09ab_000000000419,155.796983
67,380,11dd74426e8374ac110c4036c77c09ab_000000000420,55.278615
67,381,11dd74426e8374ac110c4036c77c09ab_000000000421,105.297585
67,382,11dd74426e8374ac110c4036c77c09ab_000000000422,269.242947
67,383,11dd74426e8374ac110c4036c77c09ab_000000000423,195.308766
67,384,11dd74426e8374ac110c4036c77c09ab_000000000424,359.421242
67,385,11dd74426e8374ac110c4036c77c09ab_000000000425,298.148785
67,386,11dd74426e8374ac110c4036c77c09ab_000000000426,657.224071
67,387,11dd74426e8374ac110c4036c77c09ab_000000000427,68.901492
67,388,11dd74426e8374ac110c4036c77c09ab_000000000428,10.903593
67,389,11dd74426e8374ac110c4036c77c09ab_000000000429,500.478309
67,390,11dd74426e8374ac110c4036c77c09ab_000000000430,63.178557
67,391,11dd74426e8374ac110c4036c77c09ab_000000000431,64.894664
67,392,11dd74426e8374ac110c4036c77c09ab_000000000432,111.901201
67,393,11dd74426e8374ac110c4036c77c09ab_000000000433,105.458672
67,394,11dd74426e8374ac110c4036c77c09ab_000000000434,54.476255
67,395,11dd74426e8374ac110c4036c77c09ab_000000000435,23.510121
67,396,11dd74426e8374ac110c4036c77c09ab_000000000436,253.210946
67,397,11dd74426e8374ac110c4036c77c09ab_000000000437,111.597144
67,398,11dd74426e8374ac110c4036c77c09ab_000000000438,314.480855
67,399,11dd74426e8374ac110c4036c77c09ab_000000000439,84.561305
67,400,11dd74426e8374ac110c4036c77c09ab_000000000440,211.087596
67,401,11dd74426e8374ac110c4036c77c09ab_000000000441,89.632495
67,402,11dd74426e8374ac110c4036c77c09ab_000000000442,87.377501
67,403,11dd74426e8374ac110c4036c77c09ab_000000000443,84.796469
67,404,11dd74426e8374ac110c4036c77c09ab_000000000444,18.641996
67,405,11dd74426e8374ac110c4036c77c09ab_000000000445,156.142442
67,406,11dd74426e8374ac110c4036c77c09ab_000000000446,95.180049
67,407,11dd74426e8374ac110c4036c77c09ab_000000000447,151.185106
67,408,11dd74426e8374ac110c4036c77c09ab_000000000448,56.797750
82,414,11dd74426e8374ac110c4036c77c09ab_000000000454,30.513051
82,415,11dd74426e8374ac110c4036c77c09ab_000000000455,106.703249
82,416,11dd74426e8374ac110c4036c77c09ab_000000000456,61.029870
82,417,11dd74426e8374ac110c4036c77c09ab_000000000457,176.155838
82,418,11dd74426e8374ac110c4036c77c09ab_000000000458,135.634586
82,419,11dd74426e8374ac110c4036c77c09ab_000000000459,39.603331
82,420,11dd74426e8374ac110c4036c77c09ab_000000000460,203.630708
82,421,11dd74426e8374ac110c4036c77c09ab_000000000461,127.962821
82,422,11dd74426e8374ac110c4036c77c09ab_000000000462,60.039940
82,423,11dd74426e8374ac110c4036c77c09ab_000000000463,0.752016
82,424,11dd74426e8374ac110c4036c77c09ab_000000000464,81.332062
82,425,11dd74426e8374ac110c4036c77c09ab_000000000465,37.863595
82,426,11dd74426e8374ac110c4036c77c09ab_000000000466,217.310675
82,427,11dd74426e8374ac110c4036c77c09ab_000000000467,7.595879
82,428,11dd74426e8374ac110c4036c77c09ab_000000000468,81.484839
82,429,11dd74426e8374ac110c4036c77c09ab_000000000469,51.609705
82,430,11dd74426e8374ac110c4036c77c09ab_000000000470,118.069145
82,431,11dd74426e8374ac110c4036c77c09ab_000000000471,326.118097
82,432,11dd74426e8374ac110c4036c77c09ab_000000000472,457.923874
82,433,11dd74426e8374ac110c4036c77c09ab_000000000473,80.582255
82,434,11dd74426e8374ac110c4036c77c09ab_000000000474,197.421847
82,435,11dd74426e8374ac110c4036c77c09ab_000000000475,406.325868
82,436,11dd74426e8374ac110c4036c77c09ab_000000000476,31.771675
82,437,11dd74426e8374ac110c4036c77c09ab_000000000477,100.561845
82,438,11dd74426e8374ac110c4036c77c09ab_000000000478,28.962733
82,439,11dd74426e8374ac110c4036c77c09ab_000000000479,8.011342
82,440,11dd74426e8374ac110c4036c77c09ab_000000000480,183.433453
82,441,11dd74426e8374ac110c4036c77c09ab_000000000481,9.439391
82,442,11dd74426e8374ac110c4036c77c09ab_000000000482,55.370847
82,443,11dd74426e8374ac110c4036c77c09ab_000000000483,71.101578
82,444,11dd74426e8374ac110c4036c77c09ab_000000000484,31.792208
82,445,11dd74426e8374ac110c4036c77c09ab_000000000485,177.103998
82,446,11dd74426e8374ac110c4036c77c09ab_000000000486,18.408516
82,447,11dd74426e8374ac110c4036c77c09ab_000000000487,42.080124
82,448,11dd74426e8374ac110c4036c77c09ab_000000000488,57.626216
82,449,11dd74426e8374ac110c4036c77c09ab_000000000489,58.372565
82,450,11dd74426e8374ac110c4036c77c09ab_000000000490,60.975486
82,451,11dd74426e8374ac110c4036c77c09ab_000000000491,43.529804
82,452,11dd74426e8374ac110c4036c77c09ab_000000000492,28.382609
82,453,11dd74426e8374ac110c4036c77c09ab_000000000493,152.722905
82,454,11dd74426e8374ac110c4036c77c09ab_000000000494,25.243539
82,455,11dd74426e8374ac110c4036c77c09ab_000000000495,16.676989
82,456,11dd74426e8374ac110c4036c77c09ab_000000000496,175.343084
82,457,11dd74426e8374ac110c4036c77c09ab_000000000497,16.617822
82,458,11dd74426e8374ac110c4036c77c09ab_000000000498,18.460919
82,459,11dd74426e8374ac110c4036c77c09ab_000000000499,11.272883
83,414,11dd74426e8374ac110c4036c77c09ab_000000000454,120.327265
83,415,11dd74426e8374ac110c4036c77c09ab_000000000455,132.352030
83,416,11dd74426e8374ac110c4036c77c09ab_000000000456,158.109793
83,417,11dd74426e8374ac110c4036c77c09ab_000000000457,172.975757
83,418,11dd74426e8374ac110c4036c77c09ab_000000000458,240.357547
83,419,11dd74426e8374ac110c4036c77c09ab_000000000459,32.198573
83,420,11dd74426e8374ac110c4036c77c09ab_000000000460,43.298248
83,421,11dd74426e8374ac110c4036c77c09ab_000000000461,140.398142
83,422,11dd74426e8374ac110c4036c77c09ab_000000000462,107.198666
83,423,11dd74426e8374ac110c4036c77c09ab_000000000463,77.053156
83,424,11dd74426e8374ac110c4036c77c09ab_000000000464,66.412976
83,425,11dd74426e8374ac110c4036c77c09ab_000000000465,94.428086
83,426,11dd74426e8374ac110c4036c77c09ab_000000000466,77.142892
83,427,11dd74426e8374ac110c4036c77c09ab_000000000467,21.088608
83,428,11dd74426e8374ac110c4036c77c09ab_000000000468,123.812658
83,429,11dd74426e8374ac110c4036c77c09ab_000000000469,126.166294
83,430,11dd74426e8374ac110c4036c77c09ab_000000000470,269.938871
83,431,11dd74426e8374ac110c4036c77c09ab_000000000471,412.086666
83,432,11dd74426e8374ac110c4036c77c09ab_000000000472,590.069502
83,433,11dd74426e8374ac110c4036c77c09ab_000000000473,117.851355
83,434,11dd74426e8374ac110c4036c77c09ab_000000000474,233.424981
83,435,11dd74426e8374ac110c4036c77c09ab_000000000475,387.312012
83,436,11dd74426e8374ac110c4036c77c09ab_000000000476,23.697808
83,437,11dd74426e8374ac110c4036c77c09ab_000000000477,37.440627
83,438,11dd74426e8374ac110c4036c77c09ab_000000000478,8.748743
83,439,11dd74426e8374ac110c4036c77c09ab_000000000479,8.245588
83,440,11dd74426e8374ac110c4036c77c09ab_000000000480,280.628679
83,441,11dd74426e8374ac110c4036c77c09ab_000000000481,59.825798
83,442,11dd74426e8374ac110c4036c77c09ab_000000000482,91.260868
83,443,11dd74426e8374ac110c4036c77c09ab_000000000483,55.328592
83,444,11dd74426e8374ac110c4036c77c09ab_000000000484,37.193015
83,445,11dd74426e8374ac110c4036c77c09ab_000000000485,234.761997
83,446,11dd74426e8374ac110c4036c77c09ab_000000000486,49.906788
83,447,11dd74426e8374ac110c4036c77c09ab_000000000487,22.548082
83,448,11dd74426e8374ac110c4036c77c09ab_000000000488,15.314524
83,449,11dd74426e8374ac110c4036c77c09ab_000000000489,131.510179
83,450,11dd74426e8374ac110c4036c77c09ab_000000000490,109.350111
83,451,11dd74426e8374ac110c4036c77c09ab_000000000491,28.771154
83,452,11dd74426e8374ac110c4036c77c09ab_000000000492,44.870183
83,453,11dd74426e8374ac110c4036c77c09ab_000000000493,198.140551
83,454,11dd74426e8374ac110c4036c77c09ab_000000000494,43.690105
83,455,11dd74426e8374ac110c4036c77c09ab_000000000495,70.514152
83,456,11dd74426e8374ac110c4036c77c09ab_000000000496,151.855650
83,457,11dd74426e8374ac110c4036c77c09ab_000000000497,16.380782
83,458,11dd74426e8374ac110c4036c77c09ab_000000000498,95.074283
83,459,11dd74426e8374ac110c4036c77c09ab_000000000499,119.033597
84,414,11dd74426e8374ac110c4036c77c09ab_000000000454,10.568844
84,415,11dd74426e8374ac110c4036c77c09ab_000000000455,60.826723
84,416,11dd74426e8374ac110c4036c77c09ab_000000000456,23.416688
84,417,11dd74426e8374ac110c4036c77c09ab_000000000457,283.722771
84,418,11dd74426e8374ac110c4036c77c09ab_000000000458,259.763141
84,419,11dd74426e8374ac110c4036c77c09ab_000000000459,19.882452
84,420,11dd74426e8374ac110c4036c77c09ab_000000000460,166.158870
84,421,11dd74426e8374ac110c4036c77c09ab_000000000461,84.134598
84,422,11dd74426e8374ac110c4036c77c09ab_000000000462,107.498767
84,423,11dd74426e8374ac110c4036c77c09ab_000000000463,5.408937
84,424,11dd74426e8374ac110c4036c77c09ab_000000000464,105.913767
84,425,11dd74426e8374ac110c4036c77c09ab_000000000465,170.122318
84,426,11dd74426e8374ac110c4036c77c09ab_000000000466,66.643338
84,427,11dd74426e8374ac110c4036c77c09ab_000000000467,44.380447
84,428,11dd74426e8374ac110c4036c77c09ab_000000000468,65.471512
84,429,11dd74426e8374ac110c4036c77c09ab_000000000469,99.629985
84,430,11dd74426e8374ac110c4036c77c09ab_000000000470,319.760812
84,431,11dd74426e8374ac110c4036c77c09ab_000000000471,305.533171
84,432,11dd74426e8374ac110c4036c77c09ab_000000000472,369.214148
84,433,11dd74426e8374ac110c4036c77c09ab_000000000473,12.572070
84,434,11dd74426e8374ac110c4036c77c09ab_000000000474,243.762894
84,435,11dd74426e8374ac110c4036c77c09ab_000000000475,338.716027
84,436,11dd74426e8374ac110c4036c77c09ab_000000000476,23.199071
84,437,11dd74426e8374ac110c4036c77c09ab_000000000477,44.740053
84,438,11dd74426e8374ac110c4036c77c09ab_000000000478,33.425025
84,439,11dd74426e8374ac110c4036c77c09ab_000000000479,17.423396
84,440,11dd74426e8374ac110c4036c77c09ab_000000000480,172.836691
84,441,11dd74426e8374ac110c4036c77c09ab_000000000481,27.890576
84,442,11dd74426e8374ac110c4036c77c09ab_000000000482,57.078537
84,443,11dd74426e8374ac110c4036c77c09ab_000000000483,92.700209
84,444,11dd74426e8374ac110c4036c77c09ab_000000000484,139.736761
84,445,11dd74426e8374ac110c4036c77c09ab_000000000485,56.941222
84,446,11dd74426e8374ac110c4036c77c09ab_000000000486,21.717399
84,447,11dd74426e8374ac110c4036c77c09ab_000000000487,27.169547
84,448,11dd74426e8374ac110c4036c77c09ab_000000000488,3.074790
84,449,11dd74426e8374ac110c4036c77c09ab_000000000489,75.747700
84,450,11dd74426e8374ac110c4036c77c09ab_000000000490,14.919524
84,451,11dd74426e8374ac110c4036c77c09ab_000000000491,89.752632
84,452,11dd74426e8374ac110c4036c77c09ab_000000000492,60.895522
84,453,11dd74426e8374ac110c4036c77c09ab_000000000493,66.216189
84,454,11dd74426e8374ac110c4036c77c09ab_000000000494,38.557564
84,455,11dd74426e8374ac110c4036c77c09ab_000000000495,67.933982
84,456,11dd74426e8374ac110c4036c77c09ab_000000000496,130.650495
84,457,11dd74426e8374ac110c4036c77c09ab_000000000497,103.141963
84,458,11dd74426e8374ac110c4036c77c09ab_000000000498,121.441039
84,459,11dd74426e8374ac110c4036c77c09ab_000000000499,26.311227
85,461,11dd74426e8374ac110c4036c77c09ab_000000000501,126.748941
85,462,11dd74426e8374ac110c4036c77c09ab_000000000502,15.944742
85,463,11dd74426e8374ac110c4036c77c09ab_000000000503,81.103468
85,464,11dd74426e8374ac110c4036c77c09ab_000000000504,61.035614
85,465,11dd74426e8374ac110c4036c77c09ab_000000000505,141.351109
85,466,11dd74426e8374ac110c4036c77c09ab_000000000506,154.436203
85,467,11dd74426e8374ac110c4036c77c09ab_000000000507,371.255810
85,468,11dd74426e8374ac110c4036c77c09ab_000000000508,175.857909
85,469,11dd74426e8374ac110c4036c77c09ab_000000000509,28.473464
85,470,11dd74426e8374ac110c4036c77c09ab_000000000510,23.250317
85,471,11dd74426e8374ac110c4036c77c09ab_000000000511,39.139224
85,472,11dd74426e8374ac110c4036c77c09ab_000000000512,205.322522
85,473,11dd74426e8374ac110c4036c77c09ab_000000000513,33.548598
85,474,11dd74426e8374ac110c4036c77c09ab_000000000514,144.629448
85,475,11dd74426e8374ac110c4036c77c09ab_000000000515,127.060384
85,476,11dd74426e8374ac110c4036c77c09ab_000000000516,40.465969
85,477,11dd74426e8374ac110c4036c77c09ab_000000000517,64.220045
86,461,11dd74426e8374ac110c4036c77c09ab_000000000501,225.228930
86,462,11dd74426e8374ac110c4036c77c09ab_000000000502,39.498133
86,463,11dd74426e8374ac110c4036c77c09ab_000000000503,173.000635
86,464,11dd74426e8374ac110c4036c77c09ab_000000000504,107.031741
86,465,11dd74426e8374ac110c4036c77c09ab_000000000505,156.281494
86,466,11dd74426e8374ac110c4036c77c09ab_000000000506,159.739176
86,467,11dd74426e8374ac110c4036c77c09ab_000000000507,414.184279
86,468,11dd74426e8374ac110c4036c77c09ab_000000000508,254.888638
86,469,11dd74426e8374ac110c4036c77c09ab_000000000509,27.890635
86,470,11dd74426e8374ac110c4036c77c09ab_000000000510,20.174587
86,471,11dd74426e8374ac110c4036c77c09ab_000000000511,37.779616
86,472,11dd74426e8374ac110c4036c77c09ab_000000000512,208.915426
86,473,11dd74426e8374ac110c4036c77c09ab_000000000513,76.047792
86,474,11dd74426e8374ac110c4036c77c09ab_000000000514,512.933807
86,475,11dd74426e8374ac110c4036c77c09ab_000000000515,211.674466
86,476,11dd74426e8374ac110c4036c77c09ab_000000000516,118.786037
86,477,11dd74426e8374ac110c4036c77c09ab_000000000517,50.464907
91,480,11dd74426e8374ac110c4036c77c09ab_000000000520,61.045004
91,481,11dd74426e8374ac110c4036c77c09ab_000000000521,20.643042
91,482,11dd74426e8374ac110c4036c77c09ab_000000000522,22.088129
91,483,11dd74426e8374ac110c4036c77c09ab_000000000523,192.842705
91,484,11dd74426e8374ac110c4036c77c09ab_000000000524,56.417085
91,485,11dd74426e8374ac110c4036c77c09ab_000000000525,22.627780
91,486,11dd74426e8374ac110c4036c77c09ab_000000000526,191.734592
91,487,11dd74426e8374ac110c4036c77c09ab_000000000527,19.602723
91,488,11dd74426e8374ac110c4036c77c09ab_000000000528,50.521502
91,489,11dd74426e8374ac110c4036c77c09ab_000000000529,24.750470
91,490,11dd74426e8374ac110c4036c77c09ab_000000000530,20.712145
91,491,11dd74426e8374ac110c4036c77c09ab_000000000531,17.711090
91,492,11dd74426e8374ac110c4036c77c09ab_000000000532,36.858739
91,493,11dd74426e8374ac110c4036c77c09ab_000000000533,51.722674
91,494,11dd74426e8374ac110c4036c77c09ab_000000000534,14.805003
91,495,11dd74426e8374ac110c4036c77c09ab_000000000535,502.220233
91,496,11dd74426e8374ac110c4036c77c09ab_000000000536,466.811221
91,497,11dd74426e8374ac110c4036c77c09ab_000000000537,48.804963
91,498,11dd74426e8374ac110c4036c77c09ab_000000000538,208.868060
91,499,11dd74426e8374ac110c4036c77c09ab_000000000539,44.814696
91,500,11dd74426e8374ac110c4036c77c09ab_000000000540,169.469660
91,501,11dd74426e8374ac110c4036c77c09ab_000000000541,112.075118
91,502,11dd74426e8374ac110c4036c77c09ab_000000000542,82.259488
91,503,11dd74426e8374ac110c4036c77c09ab_000000000543,98.901137
92,480,11dd74426e8374ac110c4036c77c09ab_000000000520,108.200979
92,481,11dd74426e8374ac110c4036c77c09ab_000000000521,20.780575
92,482,11dd74426e8374ac110c4036c77c09ab_000000000522,30.999077
92,483,11dd74426e8374ac110c4036c77c09ab_000000000523,134.872343
92,484,11dd74426e8374ac110c4036c77c09ab_000000000524,41.887455
92,485,11dd74426e8374ac110c4036c77c09ab_000000000525,19.016554
92,486,11dd74426e8374ac110c4036c77c09ab_000000000526,178.401032
92,487,11dd74426e8374ac110c4036c77c09ab_000000000527,37.796728
92,488,11dd74426e8374ac110c4036c77c09ab_000000000528,169.969127
92,489,11dd74426e8374ac110c4036c77c09ab_000000000529,26.315656
92,490,11dd74426e8374ac110c4036c77c09ab_000000000530,150.470290
92,491,11dd74426e8374ac110c4036c77c09ab_000000000531,52.525282
92,492,11dd74426e8374ac110c4036c77c09ab_000000000532,59.861593
92,493,11dd74426e8374ac110c4036c77c09ab_000000000533,104.099947
92,494,11dd74426e8374ac110c4036c77c09ab_000000000534,113.734435
92,495,11dd74426e8374ac110c4036c77c09ab_000000000535,876.853484
92,496,11dd74426e8374ac110c4036c77c09ab_000000000536,860.797222
92,497,11dd74426e8374ac110c4036c77c09ab_000000000537,23.581141
92,498,11dd74426e8374ac110c4036c77c09ab_000000000538,309.281743
92,499,11dd74426e8374ac110c4036c77c09ab_000000000539,50.833438
92,500,11dd74426e8374ac110c4036c77c09ab_000000000540,316.291685
92,501,11dd74426e8374ac110c4036c77c09ab_000000000541,245.824636
92,502,11dd74426e8374ac110c4036c77c09ab_000000000542,139.228508
92,503,11dd74426e8374ac110c4036c77c09ab_000000000543,84.810936
93,505,11dd74426e8374ac110c4036c77c09ab_000000000554,597.262178
93,506,11dd74426e8374ac110c4036c77c09ab_000000000555,190.268359
93,507,11dd74426e8374ac110c4036c77c09ab_000000000556,605.648203
93,508,11dd74426e8374ac110c4036c77c09ab_000000000557,41.836885
93,509,11dd74426e8374ac110c4036c77c09ab_000000000558,38.534689
93,510,11dd74426e8374ac110c4036c77c09ab_000000000559,64.536837
93,511,11dd74426e8374ac110c4036c77c09ab_000000000560,36.191624
93,512,11dd74426e8374ac110c4036c77c09ab_000000000561,232.050025
93,513,11dd74426e8374ac110c4036c77c09ab_000000000562,290.627821
93,514,11dd74426e8374ac110c4036c77c09ab_000000000563,167.215295
93,515,11dd74426e8374ac110c4036c77c09ab_000000000564,70.455839
93,516,11dd74426e8374ac110c4036c77c09ab_000000000565,66.133568
93,517,11dd74426e8374ac110c4036c77c09ab_000000000566,6.735154
93,518,11dd74426e8374ac110c4036c77c09ab_000000000567,78.058152
93,519,11dd74426e8374ac110c4036c77c09ab_000000000568,234.236769
93,520,11dd74426e8374ac110c4036c77c09ab_000000000569,47.143949
93,521,11dd74426e8374ac110c4036c77c09ab_000000000570,48.454498
93,522,11dd74426e8374ac110c4036c77c09ab_000000000571,92.022344
93,523,11dd74426e8374ac110c4036c77c09ab_000000000572,84.294988
93,524,11dd74426e8374ac110c4036c77c09ab_000000000573,24.033219
93,525,11dd74426e8374ac110c4036c77c09ab_000000000574,82.461531
93,526,11dd74426e8374ac110c4036c77c09ab_000000000575,251.509360
93,527,11dd74426e8374ac110c4036c77c09ab_000000000576,12.831811
93,528,11dd74426e8374ac110c4036c77c09ab_000000000577,85.875747
93,529,11dd74426e8374ac110c4036c77c09ab_000000000578,42.020401
93,530,11dd74426e8374ac110c4036c77c09ab_000000000579,47.115105
93,531,11dd74426e8374ac110c4036c77c09ab_000000000580,44.459218
94,505,11dd74426e8374ac110c4036c77c09ab_000000000554,234.187594
94,506,11dd74426e8374ac110c4036c77c09ab_000000000555,121.934812
94,507,11dd74426e8374ac110c4036c77c09ab_000000000556,337.178057
94,508,11dd74426e8374ac110c4036c77c09ab_000000000557,77.253380
94,509,11dd74426e8374ac110c4036c77c09ab_000000000558,48.079928
94,510,11dd74426e8374ac110c4036c77c09ab_000000000559,13.730936
94,511,11dd74426e8374ac110c4036c77c09ab_000000000560,46.106569
94,512,11dd74426e8374ac110c4036c77c09ab_000000000561,131.337950
94,513,11dd74426e8374ac110c4036c77c09ab_000000000562,214.924252
94,514,11dd74426e8374ac110c4036c77c09ab_000000000563,120.062353
94,515,11dd74426e8374ac110c4036c77c09ab_000000000564,82.968199
94,516,11dd74426e8374ac110c4036c77c09ab_000000000565,11.304696
94,517,11dd74426e8374ac110c4036c77c09ab_000000000566,59.430415
94,518,11dd74426e8374ac110c4036c77c09ab_000000000567,10.827160
94,519,11dd74426e8374ac110c4036c77c09ab_000000000568,179.129978
94,520,11dd74426e8374ac110c4036c77c09ab_000000000569,71.329850
94,521,11dd74426e8374ac110c4036c77c09ab_000000000570,43.466886
94,522,11dd74426e8374ac110c4036c77c09ab_000000000571,22.002673
94,523,11dd74426e8374ac110c4036c77c09ab_000000000572,79.732464
94,524,11dd74426e8374ac110c4036c77c09ab_000000000573,48.740445
94,525,11dd74426e8374ac110c4036c77c09ab_000000000574,39.817698
94,526,11dd74426e8374ac110c4036c77c09ab_000000000575,168.968028
94,527,11dd74426e8374ac110c4036c77c09ab_000000000576,40.060323
94,528,11dd74426e8374ac110c4036c77c09ab_000000000577,9.854441
94,529,11dd74426e8374ac110c4036c77c09ab_000000000578,11.035667
94,530,11dd74426e8374ac110c4036c77c09ab_000000000579,32.953251
94,531,11dd74426e8374ac110c4036c77c09ab_000000000580,21.647448
95,505,11dd74426e8374ac110c4036c77c09ab_000000000554,317.202042
95,506,11dd74426e8374ac110c4036c77c09ab_000000000555,154.351177
95,507,11dd74426e8374ac110c4036c77c09ab_000000000556,426.457554
95,508,11dd74426e8374ac110c4036c77c09ab_000000000557,181.790741
95,509,11dd74426e8374ac110c4036c77c09ab_000000000558,147.873812
95,510,11dd74426e8374ac110c4036c77c09ab_000000000559,23.800204
95,511,11dd74426e8374ac110c4036c77c09ab_000000000560,50.817622
95,512,11dd74426e8374ac110c4036c77c09ab_000000000561,227.406044
95,513,11dd74426e8374ac110c4036c77c09ab_000000000562,273.760385
95,514,11dd74426e8374ac110c4036c77c09ab_000000000563,137.824309
95,515,11dd74426e8374ac110c4036c77c09ab_000000000564,69.020279
95,516,11dd74426e8374ac110c4036c77c09ab_000000000565,62.773750
95,517,11dd74426e8374ac110c4036c77c09ab_000000000566,44.466331
95,518,11dd74426e8374ac110c4036c77c09ab_000000000567,78.860439
95,519,11dd74426e8374ac110c4036c77c09ab_000000000568,195.093921
95,520,11dd74426e8374ac110c4036c77c09ab_000000000569,46.640204
95,521,11dd74426e8374ac110c4036c77c09ab_000000000570,50.614629
95,522,11dd74426e8374ac110c4036c77c09ab_000000000571,117.929857
95,523,11dd74426e8374ac110c4036c77c09ab_000000000572,90.000884
95,524,11dd74426e8374ac110c4036c77c09ab_000000000573,53.424575
95,525,11dd74426e8374ac110c4036c77c09ab_000000000574,171.211155
95,526,11dd74426e8374ac110c4036c77c09ab_000000000575,89.707190
95,527,11dd74426e8374ac110c4036c77c09ab_000000000576,100.136004
95,528,11dd74426e8374ac110c4036c77c09ab_000000000577,133.383326
95,529,11dd74426e8374ac110c4036c77c09ab_000000000578,69.603249
95,530,11dd74426e8374ac110c4036c77c09ab_000000000579,5.480206
95,531,11dd74426e8374ac110c4036c77c09ab_000000000580,85.164468
96,505,11dd74426e8374ac110c4036c77c09ab_000000000554,372.393961
96,506,11dd74426e8374ac110c4036c77c09ab_000000000555,136.628590
96,507,11dd74426e8374ac110c4036c77c09ab_000000000556,415.277711
96,508,11dd74426e8374ac110c4036c77c09ab_000000000557,63.537722
96,509,11dd74426e8374ac110c4036c77c09ab_000000000558,13.888263
96,510,11dd74426e8374ac110c4036c77c09ab_000000000559,88.852643
96,511,11dd74426e8374ac110c4036c77c09ab_000000000560,38.219509
96,512,11dd74426e8374ac110c4036c77c09ab_000000000561,288.072736
96,513,11dd74426e8374ac110c4036c77c09ab_000000000562,272.987319
96,514,11dd74426e8374ac110c4036c77c09ab_000000000563,140.397547
96,515,11dd74426e8374ac110c4036c77c09ab_000000000564,35.528223
96,516,11dd74426e8374ac110c4036c77c09ab_000000000565,76.654633
96,517,11dd74426e8374ac110c4036c77c09ab_000000000566,136.421775
96,518,11dd74426e8374ac110c4036c77c09ab_000000000567,130.090684
96,519,11dd74426e8374ac110c4036c77c09ab_000000000568,151.373226
96,520,11dd74426e8374ac110c4036c77c09ab_000000000569,51.705471
96,521,11dd74426e8374ac110c4036c77c09ab_000000000570,16.113988
96,522,11dd74426e8374ac110c4036c77c09ab_000000000571,24.322054
96,523,11dd74426e8374ac110c4036c77c09ab_000000000572,141.995175
96,524,11dd74426e8374ac110c4036c77c09ab_000000000573,45.172029
96,525,11dd74426e8374ac110c4036c77c09ab_000000000574,69.355963
96,526,11dd74426e8374ac110c4036c77c09ab_000000000575,235.409934
96,527,11dd74426e8374ac110c4036c77c09ab_000000000576,46.238086
96,528,11dd74426e8374ac110c4036c77c09ab_000000000577,45.397171
96,529,11dd74426e8374ac110c4036c77c09ab_000000000578,55.762954
96,530,11dd74426e8374ac110c4036c77c09ab_000000000579,186.142920
96,531,11dd74426e8374ac110c4036c77c09ab_000000000580,25.239820
97,505,11dd74426e8374ac110c4036c77c09ab_000000000554,160.389103
97,506,11dd74426e8374ac110c4036c77c09ab_000000000555,201.367223
97,507,11dd74426e8374ac110c4036c77c09ab_000000000556,435.575499
97,508,11dd74426e8374ac110c4036c77c09ab_000000000557,52.070218
97,509,11dd74426e8374ac110c4036c77c09ab_000000000558,8.692308
97,510,11dd74426e8374ac110c4036c77c09ab_000000000559,10.428727
97,511,11dd74426e8374ac110c4036c77c09ab_000000000560,27.654170
97,512,11dd74426e8374ac110c4036c77c09ab_000000000561,141.590195
97,513,11dd74426e8374ac110c4036c77c09ab_000000000562,241.643065
97,514,11dd74426e8374ac110c4036c77c09ab_000000000563,185.138138
97,515,11dd74426e8374ac110c4036c77c09ab_000000000564,70.582198
97,516,11dd74426e8374ac110c4036c77c09ab_000000000565,17.791438
97,517,11dd74426e8374ac110c4036c77c09ab_000000000566,44.626191
97,518,11dd74426e8374ac110c4036c77c09ab_000000000567,89.535782
97,519,11dd74426e8374ac110c4036c77c09ab_000000000568,238.155420
97,520,11dd74426e8374ac110c4036c77c09ab_000000000569,56.731322
97,521,11dd74426e8374ac110c4036c77c09ab_000000000570,37.884742
97,522,11dd74426e8374ac110c4036c77c09ab_000000000571,37.052567
97,523,11dd74426e8374ac110c4036c77c09ab_000000000572,158.607274
97,524,11dd74426e8374ac110c4036c77c09ab_000000000573,35.425965
97,525,11dd74426e8374ac110c4036c77c09ab_000000000574,86.920768
97,526,11dd74426e8374ac110c4036c77c09ab_000000000575,213.381608
97,527,11dd74426e8374ac110c4036c77c09ab_000000000576,66.514864
97,528,11dd74426e8374ac110c4036c77c09ab_000000000577,14.120397
97,529,11dd74426e8374ac110c4036c77c09ab_000000000578,26.397825
97,530,11dd74426e8374ac110c4036c77c09ab_000000000579,19.138056
97,531,11dd74426e8374ac110c4036c77c09ab_000000000580,41.265379
104,534,11dd74426e8374ac110c4036c77c09ab_000000000583,40.189975
105,534,11dd74426e8374ac110c4036c77c09ab_000000000583,23.427069
106,534,11dd74426e8374ac110c4036c77c09ab_000000000583,77.787271
107,534,11dd74426e8374ac110c4036c77c09ab_000000000583,28.388211
108,534,11dd74426e8374ac110c4036c77c09ab_000000000583,23.039778
115,538,11dd74426e8374ac110c4036c77c09ab_000000000593,85.810339
115,539,11dd74426e8374ac110c4036c77c09ab_000000000594,34.697504
115,540,11dd74426e8374ac110c4036c77c09ab_000000000595,223.173764
115,541,11dd74426e8374ac110c4036c77c09ab_000000000596,149.430697
115,542,11dd74426e8374ac110c4036c77c09ab_000000000597,177.092911
115,543,11dd74426e8374ac110c4036c77c09ab_000000000598,308.639078
116,538,11dd74426e8374ac110c4036c77c09ab_000000000593,45.651581
116,539,11dd74426e8374ac110c4036c77c09ab_000000000594,11.458766
116,540,11dd74426e8374ac110c4036c77c09ab_000000000595,147.280018
116,541,11dd74426e8374ac110c4036c77c09ab_000000000596,19.838570
116,542,11dd74426e8374ac110c4036c77c09ab_000000000597,185.836044
116,543,11dd74426e8374ac110c4036c77c09ab_000000000598,180.654998
117,538,11dd74426e8374ac110c4036c77c09ab_000000000593,90.330642
117,539,11dd74426e8374ac110c4036c77c09ab_000000000594,68.293609
117,540,11dd74426e8374ac110c4036c77c09ab_000000000595,200.277628
117,541,11dd74426e8374ac110c4036c77c09ab_000000000596,67.838496
117,542,11dd74426e8374ac110c4036c77c09ab_000000000597,212.633224
117,543,11dd74426e8374ac110c4036c77c09ab_000000000598,57.868179
119,538,11dd74426e8374ac110c4036c77c09ab_000000000593,141.477214
119,539,11dd74426e8374ac110c4036c77c09ab_000000000594,94.709056
119,540,11dd74426e8374ac110c4036c77c09ab_000000000595,184.959259
119,541,11dd74426e8374ac110c4036c77c09ab_000000000596,15.023949
119,542,11dd74426e8374ac110c4036c77c09ab_000000000597,202.078476
119,543,11dd74426e8374ac110c4036c77c09ab_000000000598,209.576960
120,539,11dd74426e8374ac110c4036c77c09ab_000000000594,53.802031
120,540,11dd74426e8374ac110c4036c77c09ab_000000000595,169.990465
120,541,11dd74426e8374ac110c4036c77c09ab_000000000596,45.172952
120,542,11dd74426e8374ac110c4036c77c09ab_000000000597,170.662874
120,543,11dd74426e8374ac110c4036c77c09ab_000000000598,180.313656
121,545,11dd74426e8374ac110c4036c77c09ab_000000000600,193.313698
121,546,11dd74426e8374ac110c4036c77c09ab_000000000601,39.671158
121,547,11dd74426e8374ac110c4036c77c09ab_000000000602,207.285259
121,548,11dd74426e8374ac110c4036c77c09ab_000000000603,14.121902
121,549,11dd74426e8374ac110c4036c77c09ab_000000000604,36.230671
121,550,11dd74426e8374ac110c4036c77c09ab_000000000605,833.840324
121,551,11dd74426e8374ac110c4036c77c09ab_000000000606,39.058811
121,552,11dd74426e8374ac110c4036c77c09ab_000000000607,547.416641
121,553,11dd74426e8374ac110c4036c77c09ab_000000000608,69.830989
121,554,11dd74426e8374ac110c4036c77c09ab_000000000609,783.484075
121,555,11dd74426e8374ac110c4036c77c09ab_000000000610,321.408654
121,556,11dd74426e8374ac110c4036c77c09ab_000000000611,684.913772
121,557,11dd74426e8374ac110c4036c77c09ab_000000000612,250.373071
121,558,11dd74426e8374ac110c4036c77c09ab_000000000613,39.661317
121,559,11dd74426e8374ac110c4036c77c09ab_000000000614,13.771333
121,560,11dd74426e8374ac110c4036c77c09ab_000000000615,53.769450
121,561,11dd74426e8374ac110c4036c77c09ab_000000000616,148.637017
121,562,11dd74426e8374ac110c4036c77c09ab_000000000617,42.138026
121,563,11dd74426e8374ac110c4036c77c09ab_000000000618,57.778518
121,564,11dd74426e8374ac110c4036c77c09ab_000000000619,53.656620
121,565,11dd74426e8374ac110c4036c77c09ab_000000000620,55.062009
121,566,11dd74426e8374ac110c4036c77c09ab_000000000621,47.854977
121,567,11dd74426e8374ac110c4036c77c09ab_000000000622,27.348614
121,568,11dd74426e8374ac110c4036c77c09ab_000000000623,37.037607
121,569,11dd74426e8374ac110c4036c77c09ab_000000000624,114.871928
121,570,11dd74426e8374ac110c4036c77c09ab_000000000625,103.940887
121,571,11dd74426e8374ac110c4036c77c09ab_000000000626,14.114982
121,572,11dd74426e8374ac110c4036c77c09ab_000000000627,73.432077
122,545,11dd74426e8374ac110c4036c77c09ab_000000000600,90.839000
122,546,11dd74426e8374ac110c4036c77c09ab_000000000601,15.373731
122,547,11dd74426e8374ac110c4036c77c09ab_000000000602,223.318985
122,548,11dd74426e8374ac110c4036c77c09ab_000000000603,26.401862
122,549,11dd74426e8374ac110c4036c77c09ab_000000000604,59.118179
122,550,11dd74426e8374ac110c4036c77c09ab_000000000605,703.510476
122,551,11dd74426e8374ac110c4036c77c09ab_000000000606,11.898162
122,552,11dd74426e8374ac110c4036c77c09ab_000000000607,431.926078
122,553,11dd74426e8374ac110c4036c77c09ab_000000000608,27.856447
123,545,11dd74426e8374ac110c4036c77c09ab_000000000600,150.742810
123,546,11dd74426e8374ac110c4036c77c09ab_000000000601,10.958383
123,547,11dd74426e8374ac110c4036c77c09ab_000000000602,137.243024
123,548,11dd74426e8374ac110c4036c77c09ab_000000000603,36.563080
123,549,11dd74426e8374ac110c4036c77c09ab_000000000604,73.434284
123,550,11dd74426e8374ac110c4036c77c09ab_000000000605,599.618312
123,551,11dd74426e8374ac110c4036c77c09ab_000000000606,10.374869
123,552,11dd74426e8374ac110c4036c77c09ab_000000000607,389.650236
123,553,11dd74426e8374ac110c4036c77c09ab_000000000608,18.794625
123,554,11dd74426e8374ac110c4036c77c09ab_000000000609,734.613473
123,555,11dd74426e8374ac110c4036c77c09ab_000000000610,295.741210
123,556,11dd74426e8374ac110c4036c77c09ab_000000000611,571.811265
123,557,11dd74426e8374ac110c4036c77c09ab_000000000612,170.029626
123,558,11dd74426e8374ac110c4036c77c09ab_000000000613,7.564638
123,559,11dd74426e8374ac110c4036c77c09ab_000000000614,23.387163
123,560,11dd74426e8374ac110c4036c77c09ab_000000000615,26.462050
123,561,11dd74426e8374ac110c4036c77c09ab_000000000616,47.282126
123,562,11dd74426e8374ac110c4036c77c09ab_000000000617,8.642855
123,563,11dd74426e8374ac110c4036c77c09ab_000000000618,89.576428
123,564,11dd74426e8374ac110c4036c77c09ab_000000000619,22.542870
123,565,11dd74426e8374ac110c4036c77c09ab_000000000620,28.923423
123,566,11dd74426e8374ac110c4036c77c09ab_000000000621,50.358935
123,567,11dd74426e8374ac110c4036c77c09ab_000000000622,55.192486
123,568,11dd74426e8374ac110c4036c77c09ab_000000000623,50.766367
123,569,11dd74426e8374ac110c4036c77c09ab_000000000624,29.957831
123,570,11dd74426e8374ac110c4036c77c09ab_000000000625,90.955994
123,571,11dd74426e8374ac110c4036c77c09ab_000000000626,45.008050
123,572,11dd74426e8374ac110c4036c77c09ab_000000000627,72.058428
124,545,11dd74426e8374ac110c4036c77c09ab_000000000600,114.110457
124,546,11dd74426e8374ac110c4036c77c09ab_000000000601,41.908491
124,547,11dd74426e8374ac110c4036c77c09ab_000000000602,64.103659
124,548,11dd74426e8374ac110c4036c77c09ab_000000000603,56.823659
124,549,11dd74426e8374ac110c4036c77c09ab_000000000604,72.741488
124,550,11dd74426e8374ac110c4036c77c09ab_000000000605,577.009969
124,551,11dd74426e8374ac110c4036c77c09ab_000000000606,15.777194
124,552,11dd74426e8374ac110c4036c77c09ab_000000000607,348.179410
124,553,11dd74426e8374ac110c4036c77c09ab_000000000608,56.069128
124,554,11dd74426e8374ac110c4036c77c09ab_000000000609,674.324327
124,555,11dd74426e8374ac110c4036c77c09ab_000000000610,209.983035
124,556,11dd74426e8374ac110c4036c77c09ab_000000000611,632.514671
124,557,11dd74426e8374ac110c4036c77c09ab_000000000612,173.321164
124,558,11dd74426e8374ac110c4036c77c09ab_000000000613,58.885438
124,559,11dd74426e8374ac110c4036c77c09ab_000000000614,35.146603
124,560,11dd74426e8374ac110c4036c77c09ab_000000000615,56.993853
124,561,11dd74426e8374ac110c4036c77c09ab_000000000616,73.798360
124,562,11dd74426e8374ac110c4036c77c09ab_000000000617,61.322209
124,563,11dd74426e8374ac110c4036c77c09ab_000000000618,54.867140
124,564,11dd74426e8374ac110c4036c77c09ab_000000000619,59.954220
124,565,11dd74426e8374ac110c4036c77c09ab_000000000620,54.134919
124,566,11dd74426e8374ac110c4036c77c09ab_000000000621,48.093163
124,567,11dd74426e8374ac110c4036c77c09ab_000000000622,10.320226
124,568,11dd74426e8374ac110c4036c77c09ab_000000000623,93.767513
124,569,11dd74426e8374ac110c4036c77c09ab_000000000624,10.649201
124,570,11dd74426e8374ac110c4036c77c09ab_000000000625,55.426103
124,571,11dd74426e8374ac110c4036c77c09ab_000000000626,120.391993
124,572,11dd74426e8374ac110c4036c77c09ab_000000000627,68.530161
125,555,11dd74426e8374ac110c4036c77c09ab_000000000610,517.992492
125,556,11dd74426e8374ac110c4036c77c09ab_000000000611,791.754179
125,557,11dd74426e8374ac110c4036c77c09ab_000000000612,149.369918
125,558,11dd74426e8374ac110c4036c77c09ab_000000000613,21.854146
125,559,11dd74426e8374ac110c4036c77c09ab_000000000614,39.193084
125,560,11dd74426e8374ac110c4036c77c09ab_000000000615,38.830165
125,561,11dd74426e8374ac110c4036c77c09ab_000000000616,16.495846
125,562,11dd74426e8374ac110c4036c77c09ab_000000000617,41.215681
125,563,11dd74426e8374ac110c4036c77c09ab_000000000618,137.274452
125,564,11dd74426e8374ac110c4036c77c09ab_000000000619,27.696261
125,565,11dd74426e8374ac110c4036c77c09ab_000000000620,65.334116
125,566,11dd74426e8374ac110c4036c77c09ab_000000000621,1.876602
125,567,11dd74426e8374ac110c4036c77c09ab_000000000622,91.121064
125,568,11dd74426e8374ac110c4036c77c09ab_000000000623,54.259382
125,569,11dd74426e8374ac110c4036c77c09ab_000000000624,54.483487
125,570,11dd74426e8374ac110c4036c77c09ab_000000000625,26.871203
125,571,11dd74426e8374ac110c4036c77c09ab_000000000626,56.339287
125,572,11dd74426e8374ac110c4036c77c09ab_000000000627,45.961611
126,574,11dd74426e8374ac110c4036c77c09ab_000000000629,47.777033
126,575,11dd74426e8374ac110c4036c77c09ab_000000000630,44.738269
127,574,11dd74426e8374ac110c4036c77c09ab_000000000629,165.198365
127,575,11dd74426e8374ac110c4036c77c09ab_000000000630,182.260956
128,574,11dd74426e8374ac110c4036c77c09ab_000000000629,16.925171
128,575,11dd74426e8374ac110c4036c77c09ab_000000000630,194.562026
129,574,11dd74426e8374ac110c4036c77c09ab_000000000629,20.250378
129,575,11dd74426e8374ac110c4036c77c09ab_000000000630,17.215844
130,574,11dd74426e8374ac110c4036c77c09ab_000000000629,58.243246
130,575,11dd74426e8374ac110c4036c77c09ab_000000000630,43.995610
131,577,11dd74426e8374ac110c4036c77c09ab_000000000632,98.992195
131,578,11dd74426e8374ac110c4036c77c09ab_000000000633,63.047155
131,579,11dd74426e8374ac110c4036c77c09ab_000000000634,118.851779
131,580,11dd74426e8374ac110c4036c77c09ab_000000000635,78.107210
131,581,11dd74426e8374ac110c4036c77c09ab_000000000636,69.025341
131,582,11dd74426e8374ac110c4036c77c09ab_000000000637,58.792066
131,583,11dd74426e8374ac110c4036c77c09ab_000000000638,42.280255
131,584,11dd74426e8374ac110c4036c77c09ab_000000000639,143.162582
131,585,11dd74426e8374ac110c4036c77c09ab_000000000640,72.593711
131,586,11dd74426e8374ac110c4036c77c09ab_000000000641,307.784029
131,587,11dd74426e8374ac110c4036c77c09ab_000000000642,58.698389
131,588,11dd74426e8374ac110c4036c77c09ab_000000000643,13.917533
131,589,11dd74426e8374ac110c4036c77c09ab_000000000644,84.730928
131,590,11dd74426e8374ac110c4036c77c09ab_000000000645,168.233904
131,591,11dd74426e8374ac110c4036c77c09ab_000000000646,202.953836
131,592,11dd74426e8374ac110c4036c77c09ab_000000000647,251.064430
131,593,11dd74426e8374ac110c4036c77c09ab_000000000648,91.858409
131,594,11dd74426e8374ac110c4036c77c09ab_000000000649,27.144897
131,595,11dd74426e8374ac110c4036c77c09ab_000000000650,210.413580
131,596,11dd74426e8374ac110c4036c77c09ab_000000000651,173.478164
131,597,11dd74426e8374ac110c4036c77c09ab_000000000652,40.082560
132,577,11dd74426e8374ac110c4036c77c09ab_000000000632,80.388766
132,578,11dd74426e8374ac110c4036c77c09ab_000000000633,36.741327
132,579,11dd74426e8374ac110c4036c77c09ab_000000000634,496.800895
132,580,11dd74426e8374ac110c4036c77c09ab_000000000635,100.717889
132,581,11dd74426e8374ac110c4036c77c09ab_000000000636,17.584899
132,582,11dd74426e8374ac110c4036c77c09ab_000000000637,84.580495
132,583,11dd74426e8374ac110c4036c77c09ab_000000000638,45.409780
132,584,11dd74426e8374ac110c4036c77c09ab_000000000639,122.406830
132,585,11dd74426e8374ac110c4036c77c09ab_000000000640,61.251348
132,586,11dd74426e8374ac110c4036c77c09ab_000000000641,105.131199
132,587,11dd74426e8374ac110c4036c77c09ab_000000000642,51.157097
132,588,11dd74426e8374ac110c4036c77c09ab_000000000643,51.311781
132,589,11dd74426e8374ac110c4036c77c09ab_000000000644,14.614989
132,590,11dd74426e8374ac110c4036c77c09ab_000000000645,111.630561
132,591,11dd74426e8374ac110c4036c77c09ab_000000000646,122.956433
132,592,11dd74426e8374ac110c4036c77c09ab_000000000647,75.985572
132,593,11dd74426e8374ac110c4036c77c09ab_000000000648,93.933499
132,594,11dd74426e8374ac110c4036c77c09ab_000000000649,40.146048
132,595,11dd74426e8374ac110c4036c77c09ab_000000000650,238.256872
132,596,11dd74426e8374ac110c4036c77c09ab_000000000651,116.914718
132,597,11dd74426e8374ac110c4036c77c09ab_000000000652,60.585224
133,577,11dd74426e8374ac110c4036c77c09ab_000000000632,26.720651
133,578,11dd74426e8374ac110c4036c77c09ab_000000000633,6.407205
133,579,11dd74426e8374ac110c4036c77c09ab_000000000634,36.539764
133,580,11dd74426e8374ac110c4036c77c09ab_000000000635,25.022061
133,581,11dd74426e8374ac110c4036c77c09ab_000000000636,78.585300
133,582,11dd74426e8374ac110c4036c77c09ab_000000000637,19.361287
133,583,11dd74426e8374ac110c4036c77c09ab_000000000638,5.782324
133,584,11dd74426e8374ac110c4036c77c09ab_000000000639,67.394570
133,585,11dd74426e8374ac110c4036c77c09ab_000000000640,34.493445
133,586,11dd74426e8374ac110c4036c77c09ab_000000000641,132.644983
133,587,11dd74426e8374ac110c4036c77c09ab_000000000642,36.673713
133,588,11dd74426e8374ac110c4036c77c09ab_000000000643,48.159095
133,589,11dd74426e8374ac110c4036c77c09ab_000000000644,31.904389
133,590,11dd74426e8374ac110c4036c77c09ab_000000000645,104.622422
133,591,11dd74426e8374ac110c4036c77c09ab_000000000646,90.980840
133,592,11dd74426e8374ac110c4036c77c09ab_000000000647,124.908240
133,593,11dd74426e8374ac110c4036c77c09ab_000000000648,108.781907
133,594,11dd74426e8374ac110c4036c77c09ab_000000000649,25.756766
133,595,11dd74426e8374ac110c4036c77c09ab_000000000650,161.972244
134,577,11dd74426e8374ac110c4036c77c09ab_000000000632,96.724515
134,578,11dd74426e8374ac110c4036c77c09ab_000000000633,176.681381
134,579,11dd74426e8374ac110c4036c77c09ab_000000000634,62.437583
134,580,11dd74426e8374ac110c4036c77c09ab_000000000635,50.290124
134,581,11dd74426e8374ac110c4036c77c09ab_000000000636,88.386986
134,582,11dd74426e8374ac110c4036c77c09ab_000000000637,57.767000
134,583,11dd74426e8374ac110c4036c77c09ab_000000000638,96.442275
134,584,11dd74426e8374ac110c4036c77c09ab_000000000639,203.855449
134,585,11dd74426e8374ac110c4036c77c09ab_000000000640,29.629318
134,586,11dd74426e8374ac110c4036c77c09ab_000000000641,230.712096
134,587,11dd74426e8374ac110c4036c77c09ab_000000000642,29.509959
134,588,11dd74426e8374ac110c4036c77c09ab_000000000643,85.025189
134,589,11dd74426e8374ac110c4036c77c09ab_000000000644,84.446692
134,590,11dd74426e8374ac110c4036c77c09ab_000000000645,111.814948
134,591,11dd74426e8374ac110c4036c77c09ab_000000000646,119.118862
134,592,11dd74426e8374ac110c4036c77c09ab_000000000647,130.280589
134,593,11dd74426e8374ac110c4036c77c09ab_000000000648,132.159104
134,594,11dd74426e8374ac110c4036c77c09ab_000000000649,52.275598
134,595,11dd74426e8374ac110c4036c77c09ab_000000000650,235.172794
134,596,11dd74426e8374ac110c4036c77c09ab_000000000651,156.970279
134,597,11dd74426e8374ac110c4036c77c09ab_000000000652,40.225063
135,597,11dd74426e8374ac110c4036c77c09ab_000000000652,27.551368
136,599,11dd74426e8374ac110c4036c77c09ab_000000000654,21.730933
136,600,11dd74426e8374ac110c4036c77c09ab_000000000655,39.604222
137,599,11dd74426e8374ac110c4036c77c09ab_000000000654,34.442070
137,600,11dd74426e8374ac110c4036c77c09ab_000000000655,23.755244
138,599,11dd74426e8374ac110c4036c77c09ab_000000000654,20.662267
138,600,11dd74426e8374ac110c4036c77c09ab_000000000655,8.429928
143,603,11dd74426e8374ac110c4036c77c09ab_000000000658,124.852991
143,604,11dd74426e8374ac110c4036c77c09ab_000000000659,180.765929
143,605,11dd74426e8374ac110c4036c77c09ab_000000000660,202.077893
143,606,11dd74426e8374ac110c4036c77c09ab_000000000661,33.543443
143,607,11dd74426e8374ac110c4036c77c09ab_000000000662,495.875073
143,608,11dd74426e8374ac110c4036c77c09ab_000000000663,84.347405
143,609,11dd74426e8374ac110c4036c77c09ab_000000000664,188.361651
143,610,11dd74426e8374ac110c4036c77c09ab_000000000665,68.787909
143,611,11dd74426e8374ac110c4036c77c09ab_000000000666,66.396741
143,612,11dd74426e8374ac110c4036c77c09ab_000000000667,123.490274
143,613,11dd74426e8374ac110c4036c77c09ab_000000000668,29.154643
143,614,11dd74426e8374ac110c4036c77c09ab_000000000669,25.256833
143,615,11dd74426e8374ac110c4036c77c09ab_000000000670,35.112494
143,616,11dd74426e8374ac110c4036c77c09ab_000000000671,39.637378
143,617,11dd74426e8374ac110c4036c77c09ab_000000000672,28.137144
143,618,11dd74426e8374ac110c4036c77c09ab_000000000673,21.558605
143,619,11dd74426e8374ac110c4036c77c09ab_000000000674,35.303190
143,620,11dd74426e8374ac110c4036c77c09ab_000000000675,17.779418
143,621,11dd74426e8374ac110c4036c77c09ab_000000000676,463.527941
143,622,11dd74426e8374ac110c4036c77c09ab_000000000677,6.659800
143,623,11dd74426e8374ac110c4036c77c09ab_000000000678,77.506116
143,624,11dd74426e8374ac110c4036c77c09ab_000000000679,41.659383
143,625,11dd74426e8374ac110c4036c77c09ab_000000000680,323.008172
143,626,11dd74426e8374ac110c4036c77c09ab_000000000681,77.288897
143,627,11dd74426e8374ac110c4036c77c09ab_000000000682,67.273671
143,628,11dd74426e8374ac110c4036c77c09ab_000000000683,128.015796
143,629,11dd74426e8374ac110c4036c77c09ab_000000000684,92.311646
143,630,11dd74426e8374ac110c4036c77c09ab_000000000685,188.706688
143,631,11dd74426e8374ac110c4036c77c09ab_000000000686,189.923929
143,632,11dd74426e8374ac110c4036c77c09ab_000000000687,194.453705
143,633,11dd74426e8374ac110c4036c77c09ab_000000000688,65.910453
143,634,11dd74426e8374ac110c4036c77c09ab_000000000689,19.752097
144,603,11dd74426e8374ac110c4036c77c09ab_000000000658,171.671273
144,604,11dd74426e8374ac110c4036c77c09ab_000000000659,210.639037
144,605,11dd74426e8374ac110c4036c77c09ab_000000000660,210.493505
144,606,11dd74426e8374ac110c4036c77c09ab_000000000661,94.189554
144,607,11dd74426e8374ac110c4036c77c09ab_000000000662,319.335507
144,608,11dd74426e8374ac110c4036c77c09ab_000000000663,57.633420
144,609,11dd74426e8374ac110c4036c77c09ab_000000000664,139.403841
144,610,11dd74426e8374ac110c4036c77c09ab_000000000665,5.201552
144,611,11dd74426e8374ac110c4036c77c09ab_000000000666,82.284862
144,612,11dd74426e8374ac110c4036c77c09ab_000000000667,59.136763
144,613,11dd74426e8374ac110c4036c77c09ab_000000000668,26.725939
144,614,11dd74426e8374ac110c4036c77c09ab_000000000669,22.062184
144,615,11dd74426e8374ac110c4036c77c09ab_000000000670,10.491381
144,616,11dd74426e8374ac110c4036c77c09ab_000000000671,74.704908
144,617,11dd74426e8374ac110c4036c77c09ab_000000000672,79.577781
144,618,11dd74426e8374ac110c4036c77c09ab_000000000673,16.920866
144,619,11dd74426e8374ac110c4036c77c09ab_000000000674,34.246009
144,620,11dd74426e8374ac110c4036c77c09ab_000000000675,30.268538
144,621,11dd74426e8374ac110c4036c77c09ab_000000000676,390.830578
144,622,11dd74426e8374ac110c4036c77c09ab_000000000677,46.713738
144,623,11dd74426e8374ac110c4036c77c09ab_000000000678,22.508361
144,624,11dd74426e8374ac110c4036c77c09ab_000000000679,13.112814
144,625,11dd74426e8374ac110c4036c77c09ab_000000000680,289.979380
144,626,11dd74426e8374ac110c4036c77c09ab_000000000681,67.306007
144,627,11dd74426e8374ac110c4036c77c09ab_000000000682,12.546557
144,628,11dd74426e8374ac110c4036c77c09ab_000000000683,80.645712
144,629,11dd74426e8374ac110c4036c77c09ab_000000000684,14.498878
144,630,11dd74426e8374ac110c4036c77c09ab_000000000685,191.470750
144,631,11dd74426e8374ac110c4036c77c09ab_000000000686,146.227307
144,632,11dd74426e8374ac110c4036c77c09ab_000000000687,179.536228
144,633,11dd74426e8374ac110c4036c77c09ab_000000000688,46.428471
144,634,11dd74426e8374ac110c4036c77c09ab_000000000689,25.914422
145,603,11dd74426e8374ac110c4036c77c09ab_000000000658,165.841514
145,604,11dd74426e8374ac110c4036c77c09ab_000000000659,113.330161
145,605,11dd74426e8374ac110c4036c77c09ab_000000000660,339.279179
145,606,11dd74426e8374ac110c4036c77c09ab_000000000661,9.547468
145,607,11dd74426e8374ac110c4036c77c09ab_000000000662,478.234387
145,608,11dd74426e8374ac110c4036c77c09ab_000000000663,42.081305
145,609,11dd74426e8374ac110c4036c77c09ab_000000000664,321.148848
145,610,11dd74426e8374ac110c4036c77c09ab_000000000665,27.335605
145,611,11dd74426e8374ac110c4036c77c09ab_000000000666,21.372519
145,612,11dd74426e8374ac110c4036c77c09ab_000000000667,16.285825
145,613,11dd74426e8374ac110c4036c77c09ab_000000000668,139.309433
145,614,11dd74426e8374ac110c4036c77c09ab_000000000669,49.837073
145,615,11dd74426e8374ac110c4036c77c09ab_000000000670,26.768157
145,616,11dd74426e8374ac110c4036c77c09ab_000000000671,78.444256
145,617,11dd74426e8374ac110c4036c77c09ab_000000000672,12.513178
145,618,11dd74426e8374ac110c4036c77c09ab_000000000673,63.546536
145,619,11dd74426e8374ac110c4036c77c09ab_000000000674,44.759213
145,620,11dd74426e8374ac110c4036c77c09ab_000000000675,51.891481
145,621,11dd74426e8374ac110c4036c77c09ab_000000000676,289.004346
145,622,11dd74426e8374ac110c4036c77c09ab_000000000677,80.917598
145,623,11dd74426e8374ac110c4036c77c09ab_000000000678,148.251628
145,624,11dd74426e8374ac110c4036c77c09ab_000000000679,25.985167
145,625,11dd74426e8374ac110c4036c77c09ab_000000000680,232.616070
145,626,11dd74426e8374ac110c4036c77c09ab_000000000681,63.658146
145,627,11dd74426e8374ac110c4036c77c09ab_000000000682,28.196840
145,628,11dd74426e8374ac110c4036c77c09ab_000000000683,95.373219
145,629,11dd74426e8374ac110c4036c77c09ab_000000000684,60.027836
145,630,11dd74426e8374ac110c4036c77c09ab_000000000685,180.474490
145,631,11dd74426e8374ac110c4036c77c09ab_000000000686,88.240793
145,632,11dd74426e8374ac110c4036c77c09ab_000000000687,33.771089
145,633,11dd74426e8374ac110c4036c77c09ab_000000000688,96.575038
145,634,11dd74426e8374ac110c4036c77c09ab_000000000689,55.966702
146,636,11dd74426e8374ac110c4036c77c09ab_000000000691,8.228518
147,636,11dd74426e8374ac110c4036c77c09ab_000000000691,18.045265
148,636,11dd74426e8374ac110c4036c77c09ab_000000000691,24.452634
149,636,11dd74426e8374ac110c4036c77c09ab_000000000691,63.234357
150,638,11dd74426e8374ac110c4036c77c09ab_000000000693,251.209374
150,639,11dd74426e8374ac110c4036c77c09ab_000000000694,698.206376
150,640,11dd74426e8374ac110c4036c77c09ab_000000000695,460.790718
150,641,11dd74426e8374ac110c4036c77c09ab_000000000696,24.824210
150,642,11dd74426e8374ac110c4036c77c09ab_000000000697,7.296651
150,643,11dd74426e8374ac110c4036c77c09ab_000000000698,19.424313
151,638,11dd74426e8374ac110c4036c77c09ab_000000000693,233.471739
151,639,11dd74426e8374ac110c4036c77c09ab_000000000694,601.597449
151,640,11dd74426e8374ac110c4036c77c09ab_000000000695,374.853680
151,641,11dd74426e8374ac110c4036c77c09ab_000000000696,39.023126
151,642,11dd74426e8374ac110c4036c77c09ab_000000000697,38.237987
151,643,11dd74426e8374ac110c4036c77c09ab_000000000698,12.989602
152,638,11dd74426e8374ac110c4036c77c09ab_000000000693,274.114280
152,639,11dd74426e8374ac110c4036c77c09ab_000000000694,548.472212
152,640,11dd74426e8374ac110c4036c77c09ab_000000000695,361.006180
152,641,11dd74426e8374ac110c4036c77c09ab_000000000696,42.445771
152,642,11dd74426e8374ac110c4036c77c09ab_000000000697,66.199820
152,643,11dd74426e8374ac110c4036c77c09ab_000000000698,55.673054
153,645,11dd74426e8374ac110c4036c77c09ab_000000000700,116.548577
153,646,11dd74426e8374ac110c4036c77c09ab_000000000701,451.786401
153,647,11dd74426e8374ac110c4036c77c09ab_000000000702,98.200357
153,648,11dd74426e8374ac110c4036c77c09ab_000000000703,358.023976
153,649,11dd74426e8374ac110c4036c77c09ab_000000000704,109.062593
153,650,11dd74426e8374ac110c4036c77c09ab_000000000705,67.036761
153,651,11dd74426e8374ac110c4036c77c09ab_000000000706,189.521521
153,652,11dd74426e8374ac110c4036c77c09ab_000000000707,86.491273
153,653,11dd74426e8374ac110c4036c77c09ab_000000000708,399.556819
153,654,11dd74426e8374ac110c4036c77c09ab_000000000709,77.519070
153,655,11dd74426e8374ac110c4036c77c09ab_000000000710,386.718310
153,656,11dd74426e8374ac110c4036c77c09ab_000000000711,48.140263
153,657,11dd74426e8374ac110c4036c77c09ab_000000000712,181.508039
153,658,11dd74426e8374ac110c4036c77c09ab_000000000713,17.336526
153,659,11dd74426e8374ac110c4036c77c09ab_000000000714,152.042916
153,660,11dd74426e8374ac110c4036c77c09ab_000000000715,163.213341
153,661,11dd74426e8374ac110c4036c77c09ab_000000000716,6.830582
153,662,11dd74426e8374ac110c4036c77c09ab_000000000717,141.852066
153,663,11dd74426e8374ac110c4036c77c09ab_000000000718,101.256825
153,664,11dd74426e8374ac110c4036c77c09ab_000000000719,78.204422
153,665,11dd74426e8374ac110c4036c77c09ab_000000000720,27.210578
153,666,11dd74426e8374ac110c4036c77c09ab_000000000721,34.939232
153,667,11dd74426e8374ac110c4036c77c09ab_000000000722,18.436009
153,668,11dd74426e8374ac110c4036c77c09ab_000000000723,65.492344
153,669,11dd74426e8374ac110c4036c77c09ab_000000000724,39.881446
153,670,11dd74426e8374ac110c4036c77c09ab_000000000725,41.547614
153,671,11dd74426e8374ac110c4036c77c09ab_000000000726,16.491595
153,672,11dd74426e8374ac110c4036c77c09ab_000000000727,48.459612
153,673,11dd74426e8374ac110c4036c77c09ab_000000000728,14.425395
153,674,11dd74426e8374ac110c4036c77c09ab_000000000729,37.642649
153,675,11dd74426e8374ac110c4036c77c09ab_000000000730,19.255043
153,676,11dd74426e8374ac110c4036c77c09ab_000000000731,37.297198
153,677,11dd74426e8374ac110c4036c77c09ab_000000000732,105.169187
153,678,11dd74426e8374ac110c4036c77c09ab_000000000733,45.963114
153,679,11dd74426e8374ac110c4036c77c09ab_000000000734,71.211164
153,680,11dd74426e8374ac110c4036c77c09ab_000000000735,76.480097
153,681,11dd74426e8374ac110c4036c77c09ab_000000000736,17.783428
153,682,11dd74426e8374ac110c4036c77c09ab_000000000737,117.375685
153,683,11dd74426e8374ac110c4036c77c09ab_000000000738,96.185685
153,684,11dd74426e8374ac110c4036c77c09ab_000000000739,37.028328
153,685,11dd74426e8374ac110c4036c77c09ab_000000000740,41.977735
154,645,11dd74426e8374ac110c4036c77c09ab_000000000700,66.855375
154,646,11dd74426e8374ac110c4036c77c09ab_000000000701,465.574122
154,647,11dd74426e8374ac110c4036c77c09ab_000000000702,83.575176
154,648,11dd74426e8374ac110c4036c77c09ab_000000000703,319.123011
154,649,11dd74426e8374ac110c4036c77c09ab_000000000704,100.452619
154,650,11dd74426e8374ac110c4036c77c09ab_000000000705,45.614886
154,651,11dd74426e8374ac110c4036c77c09ab_000000000706,187.498363
154,652,11dd74426e8374ac110c4036c77c09ab_000000000707,102.150528
154,653,11dd74426e8374ac110c4036c77c09ab_000000000708,378.163036
154,654,11dd74426e8374ac110c4036c77c09ab_000000000709,31.951875
154,655,11dd74426e8374ac110c4036c77c09ab_000000000710,430.206394
154,656,11dd74426e8374ac110c4036c77c09ab_000000000711,46.502880
154,657,11dd74426e8374ac110c4036c77c09ab_000000000712,163.442557
154,658,11dd74426e8374ac110c4036c77c09ab_000000000713,40.510932
154,659,11dd74426e8374ac110c4036c77c09ab_000000000714,167.270164
154,660,11dd74426e8374ac110c4036c77c09ab_000000000715,215.875785
154,661,11dd74426e8374ac110c4036c77c09ab_000000000716,24.861978
154,662,11dd74426e8374ac110c4036c77c09ab_000000000717,195.253363
154,663,11dd74426e8374ac110c4036c77c09ab_000000000718,55.263918
154,664,11dd74426e8374ac110c4036c77c09ab_000000000719,46.263992
154,665,11dd74426e8374ac110c4036c77c09ab_000000000720,15.368290
154,666,11dd74426e8374ac110c4036c77c09ab_000000000721,11.402336
154,667,11dd74426e8374ac110c4036c77c09ab_000000000722,2.697815
154,668,11dd74426e8374ac110c4036c77c09ab_000000000723,121.267681
154,669,11dd74426e8374ac110c4036c77c09ab_000000000724,47.035348
154,670,11dd74426e8374ac110c4036c77c09ab_000000000725,23.372887
154,671,11dd74426e8374ac110c4036c77c09ab_000000000726,56.269801
154,672,11dd74426e8374ac110c4036c77c09ab_000000000727,104.302397
154,673,11dd74426e8374ac110c4036c77c09ab_000000000728,58.718500
154,674,11dd74426e8374ac110c4036c77c09ab_000000000729,14.544613
154,675,11dd74426e8374ac110c4036c77c09ab_000000000730,41.242779
154,676,11dd74426e8374ac110c4036c77c09ab_000000000731,37.558793
154,677,11dd74426e8374ac110c4036c77c09ab_000000000732,82.863582
154,678,11dd74426e8374ac110c4036c77c09ab_000000000733,51.363638
154,679,11dd74426e8374ac110c4036c77c09ab_000000000734,68.711211
154,680,11dd74426e8374ac110c4036c77c09ab_000000000735,27.242421
154,681,11dd74426e8374ac110c4036c77c09ab_000000000736,68.350403
154,682,11dd74426e8374ac110c4036c77c09ab_000000000737,20.384807
154,683,11dd74426e8374ac110c4036c77c09ab_000000000738,34.731107
154,684,11dd74426e8374ac110c4036c77c09ab_000000000739,31.402192
154,685,11dd74426e8374ac110c4036c77c09ab_000000000740,18.193605
155,645,11dd74426e8374ac110c4036c77c09ab_000000000700,120.139934
155,646,11dd74426e8374ac110c4036c77c09ab_000000000701,373.192862
155,647,11dd74426e8374ac110c4036c77c09ab_000000000702,123.430255
155,648,11dd74426e8374ac110c4036c77c09ab_000000000703,331.432654
155,649,11dd74426e8374ac110c4036c77c09ab_000000000704,73.629299
155,650,11dd74426e8374ac110c4036c77c09ab_000000000705,67.509320
155,651,11dd74426e8374ac110c4036c77c09ab_000000000706,130.545694
155,652,11dd74426e8374ac110c4036c77c09ab_000000000707,183.201624
155,653,11dd74426e8374ac110c4036c77c09ab_000000000708,381.661368
155,654,11dd74426e8374ac110c4036c77c09ab_000000000709,124.347958
155,655,11dd74426e8374ac110c4036c77c09ab_000000000710,200.766189
155,656,11dd74426e8374ac110c4036c77c09ab_000000000711,131.013712
155,657,11dd74426e8374ac110c4036c77c09ab_000000000712,154.354189
155,658,11dd74426e8374ac110c4036c77c09ab_000000000713,30.640198
155,659,11dd74426e8374ac110c4036c77c09ab_000000000714,78.629043
155,660,11dd74426e8374ac110c4036c77c09ab_000000000715,231.734739
155,661,11dd74426e8374ac110c4036c77c09ab_000000000716,50.786377
155,662,11dd74426e8374ac110c4036c77c09ab_000000000717,73.295951
155,663,11dd74426e8374ac110c4036c77c09ab_000000000718,214.007727
155,664,11dd74426e8374ac110c4036c77c09ab_000000000719,12.502541
155,665,11dd74426e8374ac110c4036c77c09ab_000000000720,68.131143
155,666,11dd74426e8374ac110c4036c77c09ab_000000000721,36.630803
155,667,11dd74426e8374ac110c4036c77c09ab_000000000722,115.353411
155,668,11dd74426e8374ac110c4036c77c09ab_000000000723,158.661627
155,669,11dd74426e8374ac110c4036c77c09ab_000000000724,121.466705
155,670,11dd74426e8374ac110c4036c77c09ab_000000000725,146.185537
155,671,11dd74426e8374ac110c4036c77c09ab_000000000726,247.049856
155,672,11dd74426e8374ac110c4036c77c09ab_000000000727,94.430365
155,673,11dd74426e8374ac110c4036c77c09ab_000000000728,56.874316
155,674,11dd74426e8374ac110c4036c77c09ab_000000000729,43.768029
155,675,11dd74426e8374ac110c4036c77c09ab_000000000730,109.033185
155,676,11dd74426e8374ac110c4036c77c09ab_000000000731,9.835945
155,677,11dd74426e8374ac110c4036c77c09ab_000000000732,79.155619
155,678,11dd74426e8374ac110c4036c77c09ab_000000000733,219.733874
155,679,11dd74426e8374ac110c4036c77c09ab_000000000734,22.830914
155,680,11dd74426e8374ac110c4036c77c09ab_000000000735,4.860864
155,681,11dd74426e8374ac110c4036c77c09ab_000000000736,92.335851
155,682,11dd74426e8374ac110c4036c77c09ab_000000000737,49.082009
155,683,11dd74426e8374ac110c4036c77c09ab_000000000738,137.075920
155,684,11dd74426e8374ac110c4036c77c09ab_000000000739,86.272958
155,685,11dd74426e8374ac110c4036c77c09ab_000000000740,33.599460
156,645,11dd74426e8374ac110c4036c77c09ab_000000000700,47.812127
156,646,11dd74426e8374ac110c4036c77c09ab_000000000701,264.617021
156,647,11dd74426e8374ac110c4036c77c09ab_000000000702,11.492609
156,648,11dd74426e8374ac110c4036c77c09ab_000000000703,324.478481
156,649,11dd74426e8374ac110c4036c77c09ab_000000000704,60.662552
156,650,11dd74426e8374ac110c4036c77c09ab_000000000705,53.164013
156,651,11dd74426e8374ac110c4036c77c09ab_000000000706,136.316681
156,652,11dd74426e8374ac110c4036c77c09ab_000000000707,96.717010
156,653,11dd74426e8374ac110c4036c77c09ab_000000000708,391.707480
156,654,11dd74426e8374ac110c4036c77c09ab_000000000709,25.442182
156,655,11dd74426e8374ac110c4036c77c09ab_000000000710,471.487973
156,656,11dd74426e8374ac110c4036c77c09ab_000000000711,170.388853
156,657,11dd74426e8374ac110c4036c77c09ab_000000000712,147.805617
156,658,11dd74426e8374ac110c4036c77c09ab_000000000713,43.102931
156,659,11dd74426e8374ac110c4036c77c09ab_000000000714,229.124482
156,660,11dd74426e8374ac110c4036c77c09ab_000000000715,200.927715
156,661,11dd74426e8374ac110c4036c77c09ab_000000000716,13.412218
156,662,11dd74426e8374ac110c4036c77c09ab_000000000717,46.773093
156,663,11dd74426e8374ac110c4036c77c09ab_000000000718,113.637916
156,664,11dd74426e8374ac110c4036c77c09ab_000000000719,130.795276
156,665,11dd74426e8374ac110c4036c77c09ab_000000000720,41.761788
156,666,11dd74426e8374ac110c4036c77c09ab_000000000721,39.762038
156,667,11dd74426e8374ac110c4036c77c09ab_000000000722,140.450993
156,668,11dd74426e8374ac110c4036c77c09ab_000000000723,179.225268
156,669,11dd74426e8374ac110c4036c77c09ab_000000000724,166.007866
156,670,11dd74426e8374ac110c4036c77c09ab_000000000725,81.083265
156,671,11dd74426e8374ac110c4036c77c09ab_000000000726,60.834139
156,672,11dd74426e8374ac110c4036c77c09ab_000000000727,44.248212
156,673,11dd74426e8374ac110c4036c77c09ab_000000000728,7.699474
156,674,11dd74426e8374ac110c4036c77c09ab_000000000729,48.343683
156,675,11dd74426e8374ac110c4036c77c09ab_000000000730,56.511933
156,676,11dd74426e8374ac110c4036c77c09ab_000000000731,65.531270
156,677,11dd74426e8374ac110c4036c77c09ab_000000000732,32.687769
156,678,11dd74426e8374ac110c4036c77c09ab_000000000733,110.071600
156,679,11dd74426e8374ac110c4036c77c09ab_000000000734,187.865089
156,680,11dd74426e8374ac110c4036c77c09ab_000000000735,58.251414
156,681,11dd74426e8374ac110c4036c77c09ab_000000000736,211.212778
156,682,11dd74426e8374ac110c4036c77c09ab_000000000737,145.189112
156,683,11dd74426e8374ac110c4036c77c09ab_000000000738,73.440604
156,684,11dd74426e8374ac110c4036c77c09ab_000000000739,69.265687
156,685,11dd74426e8374ac110c4036c77c09ab_000000000740,120.303022
180,692,11dd74426e8374ac110c4036c77c09ab_000000000747,46.047141
180,693,11dd74426e8374ac110c4036c77c09ab_000000000748,87.181308
180,694,11dd74426e8374ac110c4036c77c09ab_000000000749,86.215734
180,695,11dd74426e8374ac110c4036c77c09ab_000000000750,96.128341
180,696,11dd74426e8374ac110c4036c77c09ab_000000000751,29.337044
180,697,11dd74426e8374ac110c4036c77c09ab_000000000752,18.614007
180,698,11dd74426e8374ac110c4036c77c09ab_000000000753,49.792687
180,699,11dd74426e8374ac110c4036c77c09ab_000000000754,73.661151
180,700,11dd74426e8374ac110c4036c77c09ab_000000000755,202.117057
180,701,11dd74426e8374ac110c4036c77c09ab_000000000756,165.821721
180,702,11dd74426e8374ac110c4036c77c09ab_000000000757,105.743133
180,703,11dd74426e8374ac110c4036c77c09ab_000000000758,32.042963
180,704,11dd74426e8374ac110c4036c77c09ab_000000000759,68.558017
180,705,11dd74426e8374ac110c4036c77c09ab_000000000760,5.437108
180,706,11dd74426e8374ac110c4036c77c09ab_000000000761,66.530851
180,707,11dd74426e8374ac110c4036c77c09ab_000000000762,46.563347
181,692,11dd74426e8374ac110c4036c77c09ab_000000000747,25.895966
181,693,11dd74426e8374ac110c4036c77c09ab_000000000748,138.516636
181,694,11dd74426e8374ac110c4036c77c09ab_000000000749,51.617483
181,695,11dd74426e8374ac110c4036c77c09ab_000000000750,17.890981
181,696,11dd74426e8374ac110c4036c77c09ab_000000000751,77.689522
181,697,11dd74426e8374ac110c4036c77c09ab_000000000752,21.144455
181,698,11dd74426e8374ac110c4036c77c09ab_000000000753,20.038021
181,699,11dd74426e8374ac110c4036c77c09ab_000000000754,54.127731
181,700,11dd74426e8374ac110c4036c77c09ab_000000000755,176.470869
181,701,11dd74426e8374ac110c4036c77c09ab_000000000756,102.887309
181,702,11dd74426e8374ac110c4036c77c09ab_000000000757,66.151022
181,703,11dd74426e8374ac110c4036c77c09ab_000000000758,42.254210
181,704,11dd74426e8374ac110c4036c77c09ab_000000000759,46.516275
181,705,11dd74426e8374ac110c4036c77c09ab_000000000760,16.539741
181,706,11dd74426e8374ac110c4036c77c09ab_000000000761,52.391244
181,707,11dd74426e8374ac110c4036c77c09ab_000000000762,4.295631
182,692,11dd74426e8374ac110c4036c77c09ab_000000000747,44.967910
182,693,11dd74426e8374ac110c4036c77c09ab_000000000748,177.018024
182,694,11dd74426e8374ac110c4036c77c09ab_000000000749,55.118582
182,695,11dd74426e8374ac110c4036c77c09ab_000000000750,28.139940
182,696,11dd74426e8374ac110c4036c77c09ab_000000000751,97.419554
182,697,11dd74426e8374ac110c4036c77c09ab_000000000752,79.766563
182,698,11dd74426e8374ac110c4036c77c09ab_000000000753,71.789342
182,699,11dd74426e8374ac110c4036c77c09ab_000000000754,25.906802
182,700,11dd74426e8374ac110c4036c77c09ab_000000000755,114.196920
182,701,11dd74426e8374ac110c4036c77c09ab_000000000756,185.941419
182,702,11dd74426e8374ac110c4036c77c09ab_000000000757,15.647944
182,703,11dd74426e8374ac110c4036c77c09ab_000000000758,175.900784
182,704,11dd74426e8374ac110c4036c77c09ab_000000000759,317.851752
182,705,11dd74426e8374ac110c4036c77c09ab_000000000760,56.552903
182,706,11dd74426e8374ac110c4036c77c09ab_000000000761,22.350473
182,707,11dd74426e8374ac110c4036c77c09ab_000000000762,58.770484
183,692,11dd74426e8374ac110c4036c77c09ab_000000000747,162.986182
183,693,11dd74426e8374ac110c4036c77c09ab_000000000748,146.069906
183,694,11dd74426e8374ac110c4036c77c09ab_000000000749,48.195935
183,695,11dd74426e8374ac110c4036c77c09ab_000000000750,80.751734
183,696,11dd74426e8374ac110c4036c77c09ab_000000000751,47.527262
183,697,11dd74426e8374ac110c4036c77c09ab_000000000752,31.701032
183,698,11dd74426e8374ac110c4036c77c09ab_000000000753,105.769510
183,699,11dd74426e8374ac110c4036c77c09ab_000000000754,111.413366
183,700,11dd74426e8374ac110c4036c77c09ab_000000000755,197.880446
183,701,11dd74426e8374ac110c4036c77c09ab_000000000756,114.304077
183,702,11dd74426e8374ac110c4036c77c09ab_000000000757,54.077031
183,703,11dd74426e8374ac110c4036c77c09ab_000000000758,127.098040
183,704,11dd74426e8374ac110c4036c77c09ab_000000000759,76.027712
183,705,11dd74426e8374ac110c4036c77c09ab_000000000760,32.690943
183,706,11dd74426e8374ac110c4036c77c09ab_000000000761,11.837699
183,707,11dd74426e8374ac110c4036c77c09ab_000000000762,8.626163
184,709,11dd74426e8374ac110c4036c77c09ab_000000000764,197.292148
184,710,11dd74426e8374ac110c4036c77c09ab_000000000765,15.603489
184,711,11dd74426e8374ac110c4036c77c09ab_000000000766,81.221120
184,712,11dd74426e8374ac110c4036c77c09ab_000000000767,168.303136
184,713,11dd74426e8374ac110c4036c77c09ab_000000000768,32.120548
184,714,11dd74426e8374ac110c4036c77c09ab_000000000769,323.582463
184,715,11dd74426e8374ac110c4036c77c09ab_000000000770,55.107488
184,716,11dd74426e8374ac110c4036c77c09ab_000000000771,270.528189
184,717,11dd74426e8374ac110c4036c77c09ab_000000000772,58.416725
185,709,11dd74426e8374ac110c4036c77c09ab_000000000764,607.075766
185,710,11dd74426e8374ac110c4036c77c09ab_000000000765,19.738397
185,711,11dd74426e8374ac110c4036c77c09ab_000000000766,37.821368
185,712,11dd74426e8374ac110c4036c77c09ab_000000000767,84.422351
185,713,11dd74426e8374ac110c4036c77c09ab_000000000768,104.931401
185,714,11dd74426e8374ac110c4036c77c09ab_000000000769,137.310384
185,715,11dd74426e8374ac110c4036c77c09ab_000000000770,19.865075
185,716,11dd74426e8374ac110c4036c77c09ab_000000000771,151.031868
185,717,11dd74426e8374ac110c4036c77c09ab_000000000772,63.530483
186,709,11dd74426e8374ac110c4036c77c09ab_000000000764,467.014080
186,710,11dd74426e8374ac110c4036c77c09ab_000000000765,44.038286
186,711,11dd74426e8374ac110c4036c77c09ab_000000000766,181.720245
186,712,11dd74426e8374ac110c4036c77c09ab_000000000767,81.913304
186,713,11dd74426e8374ac110c4036c77c09ab_000000000768,58.771753
186,714,11dd74426e8374ac110c4036c77c09ab_000000000769,219.668119
186,715,11dd74426e8374ac110c4036c77c09ab_000000000770,60.330749
186,716,11dd74426e8374ac110c4036c77c09ab_000000000771,144.143751
186,717,11dd74426e8374ac110c4036c77c09ab_000000000772,76.214401
198,722,11dd74426e8374ac110c4036c77c09ab_000000000777,43.752189
198,723,11dd74426e8374ac110c4036c77c09ab_000000000778,55.893572
198,724,11dd74426e8374ac110c4036c77c09ab_000000000779,33.978778
198,725,11dd74426e8374ac110c4036c77c09ab_000000000780,9.299311
198,726,11dd74426e8374ac110c4036c77c09ab_000000000781,14.285739
198,727,11dd74426e8374ac110c4036c77c09ab_000000000782,25.256394
198,728,11dd74426e8374ac110c4036c77c09ab_000000000783,30.883710
198,729,11dd74426e8374ac110c4036c77c09ab_000000000784,8.106618
198,730,11dd74426e8374ac110c4036c77c09ab_000000000785,173.852955
199,722,11dd74426e8374ac110c4036c77c09ab_000000000777,54.605120
199,723,11dd74426e8374ac110c4036c77c09ab_000000000778,342.110102
199,724,11dd74426e8374ac110c4036c77c09ab_000000000779,83.964495
199,725,11dd74426e8374ac110c4036c77c09ab_000000000780,79.549779
199,726,11dd74426e8374ac110c4036c77c09ab_000000000781,118.856988
199,727,11dd74426e8374ac110c4036c77c09ab_000000000782,1453.269484
199,728,11dd74426e8374ac110c4036c77c09ab_000000000783,40.691680
199,729,11dd74426e8374ac110c4036c77c09ab_000000000784,10.554197
199,730,11dd74426e8374ac110c4036c77c09ab_000000000785,115.439033
200,722,11dd74426e8374ac110c4036c77c09ab_000000000777,83.798942
200,723,11dd74426e8374ac110c4036c77c09ab_000000000778,40.333239
200,724,11dd74426e8374ac110c4036c77c09ab_000000000779,130.796086
200,725,11dd74426e8374ac110c4036c77c09ab_000000000780,74.347002
200,726,11dd74426e8374ac110c4036c77c09ab_000000000781,50.368917
200,727,11dd74426e8374ac110c4036c77c09ab_000000000782,37.937425
200,728,11dd74426e8374ac110c4036c77c09ab_000000000783,104.586207
200,729,11dd74426e8374ac110c4036c77c09ab_000000000784,149.229732
200,730,11dd74426e8374ac110c4036c77c09ab_000000000785,220.612694
201,732,11dd74426e8374ac110c4036c77c09ab_000000000787,259.745474
201,733,11dd74426e8374ac110c4036c77c09ab_000000000788,55.394456
201,734,11dd74426e8374ac110c4036c77c09ab_000000000789,224.314863
201,735,11dd74426e8374ac110c4036c77c09ab_000000000790,40.577886
201,736,11dd74426e8374ac110c4036c77c09ab_000000000791,51.529385
201,737,11dd74426e8374ac110c4036c77c09ab_000000000792,16.483458
201,738,11dd74426e8374ac110c4036c77c09ab_000000000793,21.428851
201,739,11dd74426e8374ac110c4036c77c09ab_000000000794,23.264498
201,740,11dd74426e8374ac110c4036c77c09ab_000000000795,29.423923
201,741,11dd74426e8374ac110c4036c77c09ab_000000000796,18.251633
202,732,11dd74426e8374ac110c4036c77c09ab_000000000787,130.669061
202,733,11dd74426e8374ac110c4036c77c09ab_000000000788,79.276445
202,734,11dd74426e8374ac110c4036c77c09ab_000000000789,10.695685
202,735,11dd74426e8374ac110c4036c77c09ab_000000000790,59.943057
202,736,11dd74426e8374ac110c4036c77c09ab_000000000791,187.089790
202,737,11dd74426e8374ac110c4036c77c09ab_000000000792,171.477012
202,738,11dd74426e8374ac110c4036c77c09ab_000000000793,70.452415
202,739,11dd74426e8374ac110c4036c77c09ab_000000000794,105.661442
202,740,11dd74426e8374ac110c4036c77c09ab_000000000795,42.536970
202,741,11dd74426e8374ac110c4036c77c09ab_000000000796,93.514727
203,743,11dd74426e8374ac110c4036c77c09ab_000000000798,91.767369
203,744,11dd74426e8374ac110c4036c77c09ab_000000000799,19.094160
203,745,11dd74426e8374ac110c4036c77c09ab_000000000800,227.243810
203,746,11dd74426e8374ac110c4036c77c09ab_000000000801,194.328073
203,747,11dd74426e8374ac110c4036c77c09ab_000000000802,109.600277
203,748,11dd74426e8374ac110c4036c77c09ab_000000000803,41.286159
203,749,11dd74426e8374ac110c4036c77c09ab_000000000804,94.704538
203,750,11dd74426e8374ac110c4036c77c09ab_000000000805,211.186035
203,751,11dd74426e8374ac110c4036c77c09ab_000000000806,25.457949
203,752,11dd74426e8374ac110c4036c77c09ab_000000000807,85.667272
203,753,11dd74426e8374ac110c4036c77c09ab_000000000808,58.077165
203,754,11dd74426e8374ac110c4036c77c09ab_000000000809,31.204955
203,755,11dd74426e8374ac110c4036c77c09ab_000000000810,83.851429
203,756,11dd74426e8374ac110c4036c77c09ab_000000000811,72.289639
203,757,11dd74426e8374ac110c4036c77c09ab_000000000812,157.193111
203,758,11dd74426e8374ac110c4036c77c09ab_000000000813,116.219438
203,759,11dd74426e8374ac110c4036c77c09ab_000000000814,223.371557
203,760,11dd74426e8374ac110c4036c77c09ab_000000000815,196.475867
203,761,11dd74426e8374ac110c4036c77c09ab_000000000816,189.353173
203,762,11dd74426e8374ac110c4036c77c09ab_000000000817,31.095895
203,763,11dd74426e8374ac110c4036c77c09ab_000000000818,48.885650
203,764,11dd74426e8374ac110c4036c77c09ab_000000000819,65.982849
203,765,11dd74426e8374ac110c4036c77c09ab_000000000820,115.808867
203,766,11dd74426e8374ac110c4036c77c09ab_000000000821,143.195973
203,767,11dd74426e8374ac110c4036c77c09ab_000000000822,92.955274
203,768,11dd74426e8374ac110c4036c77c09ab_000000000823,170.185155
203,769,11dd74426e8374ac110c4036c77c09ab_000000000824,77.355859
203,770,11dd74426e8374ac110c4036c77c09ab_000000000825,83.441874
203,771,11dd74426e8374ac110c4036c77c09ab_000000000826,635.638517
203,772,11dd74426e8374ac110c4036c77c09ab_000000000827,675.836403
203,773,11dd74426e8374ac110c4036c77c09ab_000000000828,53.930839
203,774,11dd74426e8374ac110c4036c77c09ab_000000000829,209.943015
203,775,11dd74426e8374ac110c4036c77c09ab_000000000830,159.339673
203,776,11dd74426e8374ac110c4036c77c09ab_000000000831,100.372949
203,777,11dd74426e8374ac110c4036c77c09ab_000000000832,47.489033
203,778,11dd74426e8374ac110c4036c77c09ab_000000000833,74.082596
203,779,11dd74426e8374ac110c4036c77c09ab_000000000834,43.675241
203,780,11dd74426e8374ac110c4036c77c09ab_000000000835,35.261100
203,781,11dd74426e8374ac110c4036c77c09ab_000000000836,201.761213
203,782,11dd74426e8374ac110c4036c77c09ab_000000000837,398.792417
203,783,11dd74426e8374ac110c4036c77c09ab_000000000838,72.591042
203,784,11dd74426e8374ac110c4036c77c09ab_000000000839,69.645390
203,785,11dd74426e8374ac110c4036c77c09ab_000000000840,160.505681
203,786,11dd74426e8374ac110c4036c77c09ab_000000000841,32.462652
203,787,11dd74426e8374ac110c4036c77c09ab_000000000842,79.978140
203,788,11dd74426e8374ac110c4036c77c09ab_000000000843,40.699134
203,789,11dd74426e8374ac110c4036c77c09ab_000000000844,128.715344
203,790,11dd74426e8374ac110c4036c77c09ab_000000000845,28.342396
203,791,11dd74426e8374ac110c4036c77c09ab_000000000846,59.889230
203,792,11dd74426e8374ac110c4036c77c09ab_000000000847,65.423913
203,793,11dd74426e8374ac110c4036c77c09ab_000000000848,20.390273
204,743,11dd74426e8374ac110c4036c77c09ab_000000000798,74.039090
204,744,11dd74426e8374ac110c4036c77c09ab_000000000799,105.317984
204,745,11dd74426e8374ac110c4036c77c09ab_000000000800,322.342988
204,746,11dd74426e8374ac110c4036c77c09ab_000000000801,198.817780
204,747,11dd74426e8374ac110c4036c77c09ab_000000000802,46.324586
204,748,11dd74426e8374ac110c4036c77c09ab_000000000803,153.116073
204,749,11dd74426e8374ac110c4036c77c09ab_000000000804,38.823901
204,750,11dd74426e8374ac110c4036c77c09ab_000000000805,263.555887
204,751,11dd74426e8374ac110c4036c77c09ab_000000000806,12.795571
204,752,11dd74426e8374ac110c4036c77c09ab_000000000807,38.056833
204,753,11dd74426e8374ac110c4036c77c09ab_000000000808,22.335891
204,754,11dd74426e8374ac110c4036c77c09ab_000000000809,11.930869
204,755,11dd74426e8374ac110c4036c77c09ab_000000000810,35.704846
204,756,11dd74426e8374ac110c4036c77c09ab_000000000811,40.031212
204,757,11dd74426e8374ac110c4036c77c09ab_000000000812,308.371046
204,758,11dd74426e8374ac110c4036c77c09ab_000000000813,8.636022
204,759,11dd74426e8374ac110c4036c77c09ab_000000000814,276.726222
204,760,11dd74426e8374ac110c4036c77c09ab_000000000815,219.686074
204,761,11dd74426e8374ac110c4036c77c09ab_000000000816,199.217050
204,762,11dd74426e8374ac110c4036c77c09ab_000000000817,21.968942
204,763,11dd74426e8374ac110c4036c77c09ab_000000000818,27.986450
204,764,11dd74426e8374ac110c4036c77c09ab_000000000819,30.983008
204,765,11dd74426e8374ac110c4036c77c09ab_000000000820,34.500405
204,766,11dd74426e8374ac110c4036c77c09ab_000000000821,172.597447
204,767,11dd74426e8374ac110c4036c77c09ab_000000000822,82.160443
204,768,11dd74426e8374ac110c4036c77c09ab_000000000823,247.931872
204,769,11dd74426e8374ac110c4036c77c09ab_000000000824,45.433908
204,770,11dd74426e8374ac110c4036c77c09ab_000000000825,25.859578
204,771,11dd74426e8374ac110c4036c77c09ab_000000000826,850.030298
204,772,11dd74426e8374ac110c4036c77c09ab_000000000827,795.691299
204,773,11dd74426e8374ac110c4036c77c09ab_000000000828,77.301657
204,774,11dd74426e8374ac110c4036c77c09ab_000000000829,224.836770
204,775,11dd74426e8374ac110c4036c77c09ab_000000000830,200.351466
204,776,11dd74426e8374ac110c4036c77c09ab_000000000831,176.394612
204,777,11dd74426e8374ac110c4036c77c09ab_000000000832,56.789043
204,778,11dd74426e8374ac110c4036c77c09ab_000000000833,20.778061
204,779,11dd74426e8374ac110c4036c77c09ab_000000000834,44.793100
204,780,11dd74426e8374ac110c4036c77c09ab_000000000835,24.445546
204,781,11dd74426e8374ac110c4036c77c09ab_000000000836,252.437118
204,782,11dd74426e8374ac110c4036c77c09ab_000000000837,500.727200
204,783,11dd74426e8374ac110c4036c77c09ab_000000000838,75.655847
204,784,11dd74426e8374ac110c4036c77c09ab_000000000839,33.670456
204,785,11dd74426e8374ac110c4036c77c09ab_000000000840,31.913143
204,786,11dd74426e8374ac110c4036c77c09ab_000000000841,65.358060
204,787,11dd74426e8374ac110c4036c77c09ab_000000000842,25.537946
204,788,11dd74426e8374ac110c4036c77c09ab_000000000843,9.482896
204,789,11dd74426e8374ac110c4036c77c09ab_000000000844,61.413166
204,790,11dd74426e8374ac110c4036c77c09ab_000000000845,29.092981
204,791,11dd74426e8374ac110c4036c77c09ab_000000000846,24.773067
204,792,11dd74426e8374ac110c4036c77c09ab_000000000847,46.202023
204,793,11dd74426e8374ac110c4036c77c09ab_000000000848,86.348865
205,743,11dd74426e8374ac110c4036c77c09ab_000000000798,276.495788
205,744,11dd74426e8374ac110c4036c77c09ab_000000000799,19.263725
205,745,11dd74426e8374ac110c4036c77c09ab_000000000800,171.362821
205,746,11dd74426e8374ac110c4036c77c09ab_000000000801,113.426368
205,747,11dd74426e8374ac110c4036c77c09ab_000000000802,70.990759
205,748,11dd74426e8374ac110c4036c77c09ab_000000000803,130.883030
205,749,11dd74426e8374ac110c4036c77c09ab_000000000804,29.375089
205,750,11dd74426e8374ac110c4036c77c09ab_000000000805,279.257232
205,751,11dd74426e8374ac110c4036c77c09ab_000000000806,18.241846
205,752,11dd74426e8374ac110c4036c77c09ab_000000000807,239.116279
205,753,11dd74426e8374ac110c4036c77c09ab_000000000808,160.036800
205,754,11dd74426e8374ac110c4036c77c09ab_000000000809,47.557865
205,755,11dd74426e8374ac110c4036c77c09ab_000000000810,48.385037
205,756,11dd74426e8374ac110c4036c77c09ab_000000000811,36.977180
205,757,11dd74426e8374ac110c4036c77c09ab_000000000812,236.839882
205,758,11dd74426e8374ac110c4036c77c09ab_000000000813,40.817026
205,759,11dd74426e8374ac110c4036c77c09ab_000000000814,142.186153
205,760,11dd74426e8374ac110c4036c77c09ab_000000000815,53.239275
205,761,11dd74426e8374ac110c4036c77c09ab_000000000816,151.582920
205,762,11dd74426e8374ac110c4036c77c09ab_000000000817,87.285544
205,763,11dd74426e8374ac110c4036c77c09ab_000000000818,57.721605
205,764,11dd74426e8374ac110c4036c77c09ab_000000000819,22.461362
205,765,11dd74426e8374ac110c4036c77c09ab_000000000820,154.173096
205,766,11dd74426e8374ac110c4036c77c09ab_000000000821,146.584542
205,767,11dd74426e8374ac110c4036c77c09ab_000000000822,147.079500
205,768,11dd74426e8374ac110c4036c77c09ab_000000000823,99.289141
205,769,11dd74426e8374ac110c4036c77c09ab_000000000824,268.296805
205,770,11dd74426e8374ac110c4036c77c09ab_000000000825,126.915022
205,771,11dd74426e8374ac110c4036c77c09ab_000000000826,722.349176
205,772,11dd74426e8374ac110c4036c77c09ab_000000000827,589.663212
205,773,11dd74426e8374ac110c4036c77c09ab_000000000828,166.220837
205,774,11dd74426e8374ac110c4036c77c09ab_000000000829,216.529829
205,775,11dd74426e8374ac110c4036c77c09ab_000000000830,139.771711
205,776,11dd74426e8374ac110c4036c77c09ab_000000000831,290.941896
205,777,11dd74426e8374ac110c4036c77c09ab_000000000832,90.821160
205,778,11dd74426e8374ac110c4036c77c09ab_000000000833,80.064745
205,779,11dd74426e8374ac110c4036c77c09ab_000000000834,28.792317
205,780,11dd74426e8374ac110c4036c77c09ab_000000000835,42.506410
205,781,11dd74426e8374ac110c4036c77c09ab_000000000836,167.320813
205,782,11dd74426e8374ac110c4036c77c09ab_000000000837,403.149607
205,783,11dd74426e8374ac110c4036c77c09ab_000000000838,27.382656
205,784,11dd74426e8374ac110c4036c77c09ab_000000000839,37.523901
205,785,11dd74426e8374ac110c4036c77c09ab_000000000840,40.692210
205,786,11dd74426e8374ac110c4036c77c09ab_000000000841,34.432361
205,787,11dd74426e8374ac110c4036c77c09ab_000000000842,142.335526
205,788,11dd74426e8374ac110c4036c77c09ab_000000000843,62.342148
205,789,11dd74426e8374ac110c4036c77c09ab_000000000844,108.908930
205,790,11dd74426e8374ac110c4036c77c09ab_000000000845,122.144817
205,791,11dd74426e8374ac110c4036c77c09ab_000000000846,166.458130
205,792,11dd74426e8374ac110c4036c77c09ab_000000000847,185.446764
205,793,11dd74426e8374ac110c4036c77c09ab_000000000848,85.577007
206,795,11dd74426e8374ac110c4036c77c09ab_000000000850,57.970434
206,796,11dd74426e8374ac110c4036c77c09ab_000000000851,60.323900
206,797,11dd74426e8374ac110c4036c77c09ab_000000000852,36.039723
206,798,11dd74426e8374ac110c4036c77c09ab_000000000853,35.656791
206,799,11dd74426e8374ac110c4036c77c09ab_000000000854,70.439005
206,800,11dd74426e8374ac110c4036c77c09ab_000000000855,13.724038
206,801,11dd74426e8374ac110c4036c77c09ab_000000000856,53.902311
206,802,11dd74426e8374ac110c4036c77c09ab_000000000857,12.198832
206,803,11dd74426e8374ac110c4036c77c09ab_000000000858,174.133767
206,804,11dd74426e8374ac110c4036c77c09ab_000000000859,31.406306
206,805,11dd74426e8374ac110c4036c77c09ab_000000000860,72.525890
206,806,11dd74426e8374ac110c4036c77c09ab_000000000861,250.093837
206,807,11dd74426e8374ac110c4036c77c09ab_000000000862,86.251067
206,808,11dd74426e8374ac110c4036c77c09ab_000000000863,781.382823
206,809,11dd74426e8374ac110c4036c77c09ab_000000000864,92.688095
206,810,11dd74426e8374ac110c4036c77c09ab_000000000865,724.280294
206,811,11dd74426e8374ac110c4036c77c09ab_000000000866,612.939467
206,812,11dd74426e8374ac110c4036c77c09ab_000000000867,608.752211
206,813,11dd74426e8374ac110c4036c77c09ab_000000000868,11.758459
206,814,11dd74426e8374ac110c4036c77c09ab_000000000869,39.685073
206,815,11dd74426e8374ac110c4036c77c09ab_000000000870,22.638291
206,816,11dd74426e8374ac110c4036c77c09ab_000000000871,29.652115
206,817,11dd74426e8374ac110c4036c77c09ab_000000000872,39.396440
206,818,11dd74426e8374ac110c4036c77c09ab_000000000873,41.614368
206,819,11dd74426e8374ac110c4036c77c09ab_000000000874,28.665206
206,820,11dd74426e8374ac110c4036c77c09ab_000000000875,51.544878
206,821,11dd74426e8374ac110c4036c77c09ab_000000000876,78.512711
206,822,11dd74426e8374ac110c4036c77c09ab_000000000877,73.592157
206,823,11dd74426e8374ac110c4036c77c09ab_000000000878,9.659145
206,824,11dd74426e8374ac110c4036c77c09ab_000000000879,43.118249
206,825,11dd74426e8374ac110c4036c77c09ab_000000000880,58.849476
206,826,11dd74426e8374ac110c4036c77c09ab_000000000881,65.869727
206,827,11dd74426e8374ac110c4036c77c09ab_000000000882,490.065756
206,828,11dd74426e8374ac110c4036c77c09ab_000000000883,11.853248
206,829,11dd74426e8374ac110c4036c77c09ab_000000000884,478.550536
207,795,11dd74426e8374ac110c4036c77c09ab_000000000850,188.257062
207,796,11dd74426e8374ac110c4036c77c09ab_000000000851,24.642479
207,797,11dd74426e8374ac110c4036c77c09ab_000000000852,36.065164
207,798,11dd74426e8374ac110c4036c77c09ab_000000000853,25.933890
207,799,11dd74426e8374ac110c4036c77c09ab_000000000854,65.310632
207,800,11dd74426e8374ac110c4036c77c09ab_000000000855,72.912208
207,801,11dd74426e8374ac110c4036c77c09ab_000000000856,27.964612
207,802,11dd74426e8374ac110c4036c77c09ab_000000000857,24.533120
207,803,11dd74426e8374ac110c4036c77c09ab_000000000858,104.394791
207,804,11dd74426e8374ac110c4036c77c09ab_000000000859,93.096465
207,805,11dd74426e8374ac110c4036c77c09ab_000000000860,106.702480
207,806,11dd74426e8374ac110c4036c77c09ab_000000000861,184.956660
207,807,11dd74426e8374ac110c4036c77c09ab_000000000862,116.361340
207,808,11dd74426e8374ac110c4036c77c09ab_000000000863,607.207680
207,809,11dd74426e8374ac110c4036c77c09ab_000000000864,62.173903
207,810,11dd74426e8374ac110c4036c77c09ab_000000000865,613.122176
207,811,11dd74426e8374ac110c4036c77c09ab_000000000866,476.043457
207,812,11dd74426e8374ac110c4036c77c09ab_000000000867,406.418282
207,813,11dd74426e8374ac110c4036c77c09ab_000000000868,83.783044
207,814,11dd74426e8374ac110c4036c77c09ab_000000000869,32.842445
207,815,11dd74426e8374ac110c4036c77c09ab_000000000870,42.841685
207,816,11dd74426e8374ac110c4036c77c09ab_000000000871,103.995379
207,817,11dd74426e8374ac110c4036c77c09ab_000000000872,69.759909
207,818,11dd74426e8374ac110c4036c77c09ab_000000000873,62.338157
207,819,11dd74426e8374ac110c4036c77c09ab_000000000874,69.861819
207,820,11dd74426e8374ac110c4036c77c09ab_000000000875,43.436901
207,821,11dd74426e8374ac110c4036c77c09ab_000000000876,31.069962
207,822,11dd74426e8374ac110c4036c77c09ab_000000000877,30.670793
207,823,11dd74426e8374ac110c4036c77c09ab_000000000878,112.741694
207,824,11dd74426e8374ac110c4036c77c09ab_000000000879,99.615953
207,825,11dd74426e8374ac110c4036c77c09ab_000000000880,58.416981
207,826,11dd74426e8374ac110c4036c77c09ab_000000000881,67.017940
207,827,11dd74426e8374ac110c4036c77c09ab_000000000882,324.423678
207,828,11dd74426e8374ac110c4036c77c09ab_000000000883,70.464874
207,829,11dd74426e8374ac110c4036c77c09ab_000000000884,295.611848
213,833,11dd74426e8374ac110c4036c77c09ab_000000000894,81.240942
213,834,11dd74426e8374ac110c4036c77c09ab_000000000895,31.095477
213,835,11dd74426e8374ac110c4036c77c09ab_000000000896,203.969763
213,836,11dd74426e8374ac110c4036c77c09ab_000000000897,143.007215
213,837,11dd74426e8374ac110c4036c77c09ab_000000000898,226.979826
213,838,11dd74426e8374ac110c4036c77c09ab_000000000899,95.155901
213,839,11dd74426e8374ac110c4036c77c09ab_000000000900,89.696453
213,840,11dd74426e8374ac110c4036c77c09ab_000000000901,98.678991
213,841,11dd74426e8374ac110c4036c77c09ab_000000000902,115.288758
213,842,11dd74426e8374ac110c4036c77c09ab_000000000903,35.602808
213,843,11dd74426e8374ac110c4036c77c09ab_000000000904,68.500848
213,844,11dd74426e8374ac110c4036c77c09ab_000000000905,340.388397
213,845,11dd74426e8374ac110c4036c77c09ab_000000000906,202.249033
213,846,11dd74426e8374ac110c4036c77c09ab_000000000907,76.645815
213,847,11dd74426e8374ac110c4036c77c09ab_000000000908,52.801610
213,848,11dd74426e8374ac110c4036c77c09ab_000000000909,7.474309
213,849,11dd74426e8374ac110c4036c77c09ab_000000000910,97.281190
213,850,11dd74426e8374ac110c4036c77c09ab_000000000911,13.793051
213,851,11dd74426e8374ac110c4036c77c09ab_000000000912,193.351494
219,856,11dd74426e8374ac110c4036c77c09ab_000000000917,83.220804
219,857,11dd74426e8374ac110c4036c77c09ab_000000000918,68.290077
219,858,11dd74426e8374ac110c4036c77c09ab_000000000919,20.989557
219,859,11dd74426e8374ac110c4036c77c09ab_000000000920,155.805257
219,860,11dd74426e8374ac110c4036c77c09ab_000000000921,175.968530
219,861,11dd74426e8374ac110c4036c77c09ab_000000000922,98.421450
219,862,11dd74426e8374ac110c4036c77c09ab_000000000923,1219.102191
219,863,11dd74426e8374ac110c4036c77c09ab_000000000924,155.683901
219,864,11dd74426e8374ac110c4036c77c09ab_000000000925,83.984669
219,865,11dd74426e8374ac110c4036c77c09ab_000000000926,82.548406
219,866,11dd74426e8374ac110c4036c77c09ab_000000000927,34.164248
219,867,11dd74426e8374ac110c4036c77c09ab_000000000928,116.510243
219,868,11dd74426e8374ac110c4036c77c09ab_000000000929,154.663788
219,869,11dd74426e8374ac110c4036c77c09ab_000000000930,118.982176
219,870,11dd74426e8374ac110c4036c77c09ab_000000000931,96.765416
219,871,11dd74426e8374ac110c4036c77c09ab_000000000932,66.099649
219,872,11dd74426e8374ac110c4036c77c09ab_000000000933,75.962638
219,873,11dd74426e8374ac110c4036c77c09ab_000000000934,239.355382
219,874,11dd74426e8374ac110c4036c77c09ab_000000000935,209.106661
219,875,11dd74426e8374ac110c4036c77c09ab_000000000936,36.446227
222,878,11dd74426e8374ac110c4036c77c09ab_000000000939,258.428667
222,879,11dd74426e8374ac110c4036c77c09ab_000000000940,14.921933
222,880,11dd74426e8374ac110c4036c77c09ab_000000000941,125.514662
222,881,11dd74426e8374ac110c4036c77c09ab_000000000942,182.706089
222,882,11dd74426e8374ac110c4036c77c09ab_000000000943,343.141808
222,883,11dd74426e8374ac110c4036c77c09ab_000000000944,9.267773
222,884,11dd74426e8374ac110c4036c77c09ab_000000000945,52.999568
222,885,11dd74426e8374ac110c4036c77c09ab_000000000946,121.566725
222,886,11dd74426e8374ac110c4036c77c09ab_000000000947,63.031031
222,887,11dd74426e8374ac110c4036c77c09ab_000000000948,224.461002
222,888,11dd74426e8374ac110c4036c77c09ab_000000000949,256.420816
222,889,11dd74426e8374ac110c4036c77c09ab_000000000950,62.037629
222,890,11dd74426e8374ac110c4036c77c09ab_000000000951,374.861918
222,891,11dd74426e8374ac110c4036c77c09ab_000000000952,47.129323
222,892,11dd74426e8374ac110c4036c77c09ab_000000000953,80.851922
225,895,11dd74426e8374ac110c4036c77c09ab_000000000956,50.318182
225,896,11dd74426e8374ac110c4036c77c09ab_000000000957,25.333435
239,901,11dd74426e8374ac110c4036c77c09ab_000000000962,204.889394
239,902,11dd74426e8374ac110c4036c77c09ab_000000000963,55.225446
239,903,11dd74426e8374ac110c4036c77c09ab_000000000964,72.377139
239,904,11dd74426e8374ac110c4036c77c09ab_000000000965,319.782597
239,905,11dd74426e8374ac110c4036c77c09ab_000000000966,69.190176
239,906,11dd74426e8374ac110c4036c77c09ab_000000000967,10.662402
239,907,11dd74426e8374ac110c4036c77c09ab_000000000968,34.633179
239,908,11dd74426e8374ac110c4036c77c09ab_000000000969,20.337791
239,909,11dd74426e8374ac110c4036c77c09ab_000000000970,5.852687
239,910,11dd74426e8374ac110c4036c77c09ab_000000000971,30.472144
239,911,11dd74426e8374ac110c4036c77c09ab_000000000972,74.820448
239,912,11dd74426e8374ac110c4036c77c09ab_000000000973,71.510320
239,913,11dd74426e8374ac110c4036c77c09ab_000000000974,44.703747
239,914,11dd74426e8374ac110c4036c77c09ab_000000000975,41.747229
239,915,11dd74426e8374ac110c4036c77c09ab_000000000976,51.716057
239,916,11dd74426e8374ac110c4036c77c09ab_000000000977,61.672003
239,917,11dd74426e8374ac110c4036c77c09ab_000000000978,189.676921
239,918,11dd74426e8374ac110c4036c77c09ab_000000000979,62.396080
239,919,11dd74426e8374ac110c4036c77c09ab_000000000980,39.576716
239,920,11dd74426e8374ac110c4036c77c09ab_000000000981,117.689332
239,921,11dd74426e8374ac110c4036c77c09ab_000000000982,184.143351
239,922,11dd74426e8374ac110c4036c77c09ab_000000000983,207.095020
239,923,11dd74426e8374ac110c4036c77c09ab_000000000984,219.692369
239,924,11dd74426e8374ac110c4036c77c09ab_000000000985,50.854601
239,925,11dd74426e8374ac110c4036c77c09ab_000000000986,296.739987
239,926,11dd74426e8374ac110c4036c77c09ab_000000000987,34.989823
239,927,11dd74426e8374ac110c4036c77c09ab_000000000988,71.612002
239,928,11dd74426e8374ac110c4036c77c09ab_000000000989,22.656049
239,929,11dd74426e8374ac110c4036c77c09ab_000000000990,390.708431
239,930,11dd74426e8374ac110c4036c77c09ab_000000000991,36.455973
239,931,11dd74426e8374ac110c4036c77c09ab_000000000992,220.333032
239,932,11dd74426e8374ac110c4036c77c09ab_000000000993,117.844014
239,933,11dd74426e8374ac110c4036c77c09ab_000000000994,78.239227
239,934,11dd74426e8374ac110c4036c77c09ab_000000000995,13.406722
239,935,11dd74426e8374ac110c4036c77c09ab_000000000996,24.536948
239,936,11dd74426e8374ac110c4036c77c09ab_000000000997,605.594192
239,937,11dd74426e8374ac110c4036c77c09ab_000000000998,20.474892
239,938,11dd74426e8374ac110c4036c77c09ab_000000000999,869.573852
239,939,11dd74426e8374ac110c4036c77c09ab_000000001000,36.764342
239,940,11dd74426e8374ac110c4036c77c09ab_000000001001,40.326141
239,941,11dd74426e8374ac110c4036c77c09ab_000000001002,36.732233
239,942,11dd74426e8374ac110c4036c77c09ab_000000001003,157.792545
239,943,11dd74426e8374ac110c4036c77c09ab_000000001004,5.534743
239,944,11dd74426e8374ac110c4036c77c09ab_000000001005,155.332056
239,945,11dd74426e8374ac110c4036c77c09ab_000000001006,167.615424
239,946,11dd74426e8374ac110c4036c77c09ab_000000001007,86.391632
239,947,11dd74426e8374ac110c4036c77c09ab_000000001008,50.692996
239,948,11dd74426e8374ac110c4036c77c09ab_000000001009,167.140347
239,949,11dd74426e8374ac110c4036c77c09ab_000000001010,17.513749
239,950,11dd74426e8374ac110c4036c77c09ab_000000001011,35.588692
239,951,11dd74426e8374ac110c4036c77c09ab_000000001012,66.848570
239,952,11dd74426e8374ac110c4036c77c09ab_000000001013,79.052613
239,953,11dd74426e8374ac110c4036c77c09ab_000000001014,30.088331
239,954,11dd74426e8374ac110c4036c77c09ab_000000001015,316.747984
239,955,11dd74426e8374ac110c4036c77c09ab_000000001016,430.980634
239,956,11dd74426e8374ac110c4036c77c09ab_000000001017,553.816914
239,957,11dd74426e8374ac110c4036c77c09ab_000000001018,63.929627
239,958,11dd74426e8374ac110c4036c77c09ab_000000001019,610.215569
239,959,11dd74426e8374ac110c4036c77c09ab_000000001020,47.537535
239,960,11dd74426e8374ac110c4036c77c09ab_000000001021,53.491392
239,961,11dd74426e8374ac110c4036c77c09ab_000000001022,70.629788
239,962,11dd74426e8374ac110c4036c77c09ab_000000001023,107.212134
239,963,11dd74426e8374ac110c4036c77c09ab_000000001024,35.477015
239,964,11dd74426e8374ac110c4036c77c09ab_000000001025,58.461157
239,965,11dd74426e8374ac110c4036c77c09ab_000000001026,165.784822
239,966,11dd74426e8374ac110c4036c77c09ab_000000001027,227.859343
239,967,11dd74426e8374ac110c4036c77c09ab_000000001028,9.875775
239,968,11dd74426e8374ac110c4036c77c09ab_000000001029,37.614628
239,969,11dd74426e8374ac110c4036c77c09ab_000000001030,109.910436
239,970,11dd74426e8374ac110c4036c77c09ab_000000001031,63.566249
239,971,11dd74426e8374ac110c4036c77c09ab_000000001032,429.536181
239,972,11dd74426e8374ac110c4036c77c09ab_000000001033,22.070718
239,973,11dd74426e8374ac110c4036c77c09ab_000000001034,401.823821
239,974,11dd74426e8374ac110c4036c77c09ab_000000001035,1415.158406
239,975,11dd74426e8374ac110c4036c77c09ab_000000001036,1189.907995
239,976,11dd74426e8374ac110c4036c77c09ab_000000001037,213.374496
239,977,11dd74426e8374ac110c4036c77c09ab_000000001038,430.013034
240,979,11dd74426e8374ac110c4036c77c09ab_000000001040,21.080969
241,979,11dd74426e8374ac110c4036c77c09ab_000000001040,135.111256
242,979,11dd74426e8374ac110c4036c77c09ab_000000001040,283.373214
243,979,11dd74426e8374ac110c4036c77c09ab_000000001040,150.712203
244,981,11dd74426e8374ac110c4036c77c09ab_000000001042,121.245124
244,982,11dd74426e8374ac110c4036c77c09ab_000000001043,103.538452
244,983,11dd74426e8374ac110c4036c77c09ab_000000001044,197.612542
244,984,11dd74426e8374ac110c4036c77c09ab_000000001045,180.741152
244,985,11dd74426e8374ac110c4036c77c09ab_000000001050,127.336697
244,986,11dd74426e8374ac110c4036c77c09ab_000000001051,38.843422
244,987,11dd74426e8374ac110c4036c77c09ab_000000001052,1017.410502
244,988,11dd74426e8374ac110c4036c77c09ab_000000001053,94.051567
244,989,11dd74426e8374ac110c4036c77c09ab_000000001054,54.640816
244,990,11dd74426e8374ac110c4036c77c09ab_000000001055,13.497921
244,991,11dd74426e8374ac110c4036c77c09ab_000000001056,122.525804
245,1021,11dd74426e8374ac110c4036c77c09ab_000000001086,111.860480
245,1022,11dd74426e8374ac110c4036c77c09ab_000000001087,59.812873
245,1023,11dd74426e8374ac110c4036c77c09ab_000000001088,48.126699
245,1024,11dd74426e8374ac110c4036c77c09ab_000000001089,5.363268
245,1025,11dd74426e8374ac110c4036c77c09ab_000000001090,57.181183
245,1026,11dd74426e8374ac110c4036c77c09ab_000000001091,7.206098
245,1027,11dd74426e8374ac110c4036c77c09ab_000000001092,407.937949
245,1028,11dd74426e8374ac110c4036c77c09ab_000000001093,0.851506
245,1029,11dd74426e8374ac110c4036c77c09ab_000000001094,286.931140
245,1030,11dd74426e8374ac110c4036c77c09ab_000000001095,101.217505
245,1031,11dd74426e8374ac110c4036c77c09ab_000000001096,33.330905
245,1032,11dd74426e8374ac110c4036c77c09ab_000000001097,33.493964
245,1033,11dd74426e8374ac110c4036c77c09ab_000000001098,32.494186
245,1034,11dd74426e8374ac110c4036c77c09ab_000000001099,71.297658
245,1035,11dd74426e8374ac110c4036c77c09ab_000000001100,27.932713
245,1036,11dd74426e8374ac110c4036c77c09ab_000000001101,123.300034
246,1021,11dd74426e8374ac110c4036c77c09ab_000000001086,134.201778
246,1022,11dd74426e8374ac110c4036c77c09ab_000000001087,19.888868
246,1023,11dd74426e8374ac110c4036c77c09ab_000000001088,24.384466
246,1024,11dd74426e8374ac110c4036c77c09ab_000000001089,27.650116
246,1025,11dd74426e8374ac110c4036c77c09ab_000000001090,39.943158
246,1026,11dd74426e8374ac110c4036c77c09ab_000000001091,47.299184
246,1027,11dd74426e8374ac110c4036c77c09ab_000000001092,215.184645
246,1028,11dd74426e8374ac110c4036c77c09ab_000000001093,2.449988
246,1029,11dd74426e8374ac110c4036c77c09ab_000000001094,188.268643
246,1030,11dd74426e8374ac110c4036c77c09ab_000000001095,77.614546
246,1031,11dd74426e8374ac110c4036c77c09ab_000000001096,70.614353
246,1032,11dd74426e8374ac110c4036c77c09ab_000000001097,52.157827
246,1033,11dd74426e8374ac110c4036c77c09ab_000000001098,36.549309
246,1034,11dd74426e8374ac110c4036c77c09ab_000000001099,71.400361
246,1035,11dd74426e8374ac110c4036c77c09ab_000000001100,37.583822
246,1036,11dd74426e8374ac110c4036c77c09ab_000000001101,47.455825
247,1038,11dd74426e8374ac110c4036c77c09ab_000000001103,88.306392
247,1039,11dd74426e8374ac110c4036c77c09ab_000000001104,121.080143
247,1040,11dd74426e8374ac110c4036c77c09ab_000000001105,147.687217
247,1041,11dd74426e8374ac110c4036c77c09ab_000000001106,182.125006
247,1042,11dd74426e8374ac110c4036c77c09ab_000000001107,42.285461
247,1043,11dd74426e8374ac110c4036c77c09ab_000000001108,116.417198
247,1044,11dd74426e8374ac110c4036c77c09ab_000000001109,180.856214
247,1045,11dd74426e8374ac110c4036c77c09ab_000000001110,18.092290
247,1046,11dd74426e8374ac110c4036c77c09ab_000000001111,60.008970
248,1048,11dd74426e8374ac110c4036c77c09ab_000000001120,55.005087
248,1049,11dd74426e8374ac110c4036c77c09ab_000000001121,382.949142
248,1050,11dd74426e8374ac110c4036c77c09ab_000000001122,108.589327
248,1051,11dd74426e8374ac110c4036c77c09ab_000000001123,39.425634
248,1052,11dd74426e8374ac110c4036c77c09ab_000000001124,31.278329
248,1053,11dd74426e8374ac110c4036c77c09ab_000000001125,5.769266
248,1054,11dd74426e8374ac110c4036c77c09ab_000000001126,45.458912
248,1055,11dd74426e8374ac110c4036c77c09ab_000000001127,43.332115
248,1056,11dd74426e8374ac110c4036c77c09ab_000000001128,24.992389
248,1057,11dd74426e8374ac110c4036c77c09ab_000000001129,93.039749
248,1058,11dd74426e8374ac110c4036c77c09ab_000000001130,73.247186
248,1059,11dd74426e8374ac110c4036c77c09ab_000000001131,35.306940
248,1060,11dd74426e8374ac110c4036c77c09ab_000000001132,36.450353
248,1061,11dd74426e8374ac110c4036c77c09ab_000000001133,35.893792
249,1048,11dd74426e8374ac110c4036c77c09ab_000000001120,48.074353
250,1050,11dd74426e8374ac110c4036c77c09ab_000000001122,144.322819
250,1051,11dd74426e8374ac110c4036c77c09ab_000000001123,73.529821
250,1052,11dd74426e8374ac110c4036c77c09ab_000000001124,115.286384
250,1053,11dd74426e8374ac110c4036c77c09ab_000000001125,22.503363
250,1054,11dd74426e8374ac110c4036c77c09ab_000000001126,85.435876
250,1055,11dd74426e8374ac110c4036c77c09ab_000000001127,20.522651
250,1056,11dd74426e8374ac110c4036c77c09ab_000000001128,47.074440
250,1057,11dd74426e8374ac110c4036c77c09ab_000000001129,10.607217
250,1058,11dd74426e8374ac110c4036c77c09ab_000000001130,48.255208
250,1059,11dd74426e8374ac110c4036c77c09ab_000000001131,31.067740
250,1060,11dd74426e8374ac110c4036c77c09ab_000000001132,91.498495
250,1061,11dd74426e8374ac110c4036c77c09ab_000000001133,56.767139
251,1063,11dd74426e8374ac110c4036c77c09ab_000000001135,73.278242
251,1064,11dd74426e8374ac110c4036c77c09ab_000000001136,74.551919
251,1065,11dd74426e8374ac110c4036c77c09ab_000000001137,10.369875
251,1066,11dd74426e8374ac110c4036c77c09ab_000000001138,115.045681
251,1067,11dd74426e8374ac110c4036c77c09ab_000000001139,29.411703
251,1068,11dd74426e8374ac110c4036c77c09ab_000000001140,291.403781
251,1069,11dd74426e8374ac110c4036c77c09ab_000000001141,62.452363
251,1070,11dd74426e8374ac110c4036c77c09ab_000000001142,296.401099
251,1071,11dd74426e8374ac110c4036c77c09ab_000000001143,83.830635
251,1072,11dd74426e8374ac110c4036c77c09ab_000000001144,43.201010
251,1073,11dd74426e8374ac110c4036c77c09ab_000000001145,52.735825
251,1074,11dd74426e8374ac110c4036c77c09ab_000000001146,67.383016
251,1075,11dd74426e8374ac110c4036c77c09ab_000000001147,292.524615
251,1076,11dd74426e8374ac110c4036c77c09ab_000000001148,230.880151
252,1078,11dd74426e8374ac110c4036c77c09ab_000000001150,102.824448
252,1079,11dd74426e8374ac110c4036c77c09ab_000000001151,44.572543
252,1080,11dd74426e8374ac110c4036c77c09ab_000000001152,113.872435
252,1081,11dd74426e8374ac110c4036c77c09ab_000000001153,82.918957
252,1082,11dd74426e8374ac110c4036c77c09ab_000000001154,134.397117
252,1083,11dd74426e8374ac110c4036c77c09ab_000000001155,194.091961
252,1084,11dd74426e8374ac110c4036c77c09ab_000000001156,81.983486
253,1078,11dd74426e8374ac110c4036c77c09ab_000000001150,278.102823
253,1079,11dd74426e8374ac110c4036c77c09ab_000000001151,112.041037
253,1080,11dd74426e8374ac110c4036c77c09ab_000000001152,16.253698
253,1081,11dd74426e8374ac110c4036c77c09ab_000000001153,182.822007
253,1082,11dd74426e8374ac110c4036c77c09ab_000000001154,170.693720
253,1083,11dd74426e8374ac110c4036c77c09ab_000000001155,272.299586
253,1084,11dd74426e8374ac110c4036c77c09ab_000000001156,40.986406
254,1086,11dd74426e8374ac110c4036c77c09ab_000000001158,45.703694
254,1087,11dd74426e8374ac110c4036c77c09ab_000000001159,87.144433
254,1088,11dd74426e8374ac110c4036c77c09ab_000000001160,25.180041
254,1089,11dd74426e8374ac110c4036c77c09ab_000000001161,83.278734
254,1090,11dd74426e8374ac110c4036c77c09ab_000000001162,29.964517
254,1091,11dd74426e8374ac110c4036c77c09ab_000000001163,30.668403
254,1092,11dd74426e8374ac110c4036c77c09ab_000000001164,146.222339
254,1093,11dd74426e8374ac110c4036c77c09ab_000000001165,40.551734
254,1094,11dd74426e8374ac110c4036c77c09ab_000000001166,192.892789
254,1095,11dd74426e8374ac110c4036c77c09ab_000000001167,144.250040
254,1096,11dd74426e8374ac110c4036c77c09ab_000000001168,11.515578
254,1097,11dd74426e8374ac110c4036c77c09ab_000000001169,106.384256
254,1098,11dd74426e8374ac110c4036c77c09ab_000000001170,56.439893
254,1099,11dd74426e8374ac110c4036c77c09ab_000000001171,16.240264
254,1100,11dd74426e8374ac110c4036c77c09ab_000000001172,47.715845
254,1101,11dd74426e8374ac110c4036c77c09ab_000000001173,14.480933
254,1102,11dd74426e8374ac110c4036c77c09ab_000000001174,49.897488
254,1103,11dd74426e8374ac110c4036c77c09ab_000000001175,287.013815
254,1104,11dd74426e8374ac110c4036c77c09ab_000000001176,239.222438
254,1105,11dd74426e8374ac110c4036c77c09ab_000000001177,38.396035
254,1106,11dd74426e8374ac110c4036c77c09ab_000000001178,89.076742
254,1107,11dd74426e8374ac110c4036c77c09ab_000000001179,0.116933
254,1108,11dd74426e8374ac110c4036c77c09ab_000000001180,64.246820
254,1109,11dd74426e8374ac110c4036c77c09ab_000000001181,86.314095
254,1110,11dd74426e8374ac110c4036c77c09ab_000000001182,93.169074
254,1111,11dd74426e8374ac110c4036c77c09ab_000000001183,56.347287
254,1112,11dd74426e8374ac110c4036c77c09ab_000000001184,26.028934
254,1113,11dd74426e8374ac110c4036c77c09ab_000000001185,19.363547
254,1114,11dd74426e8374ac110c4036c77c09ab_000000001186,118.027478
254,1115,11dd74426e8374ac110c4036c77c09ab_000000001187,28.336113
254,1116,11dd74426e8374ac110c4036c77c09ab_000000001188,89.180031
254,1117,11dd74426e8374ac110c4036c77c09ab_000000001189,59.930332
254,1118,11dd74426e8374ac110c4036c77c09ab_000000001190,46.165909
254,1119,11dd74426e8374ac110c4036c77c09ab_000000001191,116.636125
254,1120,11dd74426e8374ac110c4036c77c09ab_000000001192,56.400412
254,1121,11dd74426e8374ac110c4036c77c09ab_000000001193,33.846472
254,1122,11dd74426e8374ac110c4036c77c09ab_000000001194,55.103637
254,1123,11dd74426e8374ac110c4036c77c09ab_000000001195,82.843021
254,1124,11dd74426e8374ac110c4036c77c09ab_000000001196,138.067771
254,1125,11dd74426e8374ac110c4036c77c09ab_000000001197,40.204365
254,1126,11dd74426e8374ac110c4036c77c09ab_000000001198,152.113948
254,1127,11dd74426e8374ac110c4036c77c09ab_000000001199,51.037554
254,1128,11dd74426e8374ac110c4036c77c09ab_000000001200,398.694070
255,1130,11dd74426e8374ac110c4036c77c09ab_000000001202,167.059608
256,1130,11dd74426e8374ac110c4036c77c09ab_000000001202,163.561868
258,1133,11dd74426e8374ac110c4036c77c09ab_000000001205,114.225129
258,1134,11dd74426e8374ac110c4036c77c09ab_000000001206,13.726374
259,1133,11dd74426e8374ac110c4036c77c09ab_000000001205,28.778788
259,1134,11dd74426e8374ac110c4036c77c09ab_000000001206,66.513016
263,1137,11dd74426e8374ac110c4036c77c09ab_000000001209,224.721307
263,1138,11dd74426e8374ac110c4036c77c09ab_000000001210,173.411686
263,1139,11dd74426e8374ac110c4036c77c09ab_000000001211,158.742318
263,1140,11dd74426e8374ac110c4036c77c09ab_000000001212,76.380802
263,1141,11dd74426e8374ac110c4036c77c09ab_000000001213,102.600792
263,1142,11dd74426e8374ac110c4036c77c09ab_000000001214,18.796553
263,1143,11dd74426e8374ac110c4036c77c09ab_000000001215,17.403092
263,1144,11dd74426e8374ac110c4036c77c09ab_000000001216,109.367405
263,1145,11dd74426e8374ac110c4036c77c09ab_000000001217,20.590840
263,1146,11dd74426e8374ac110c4036c77c09ab_000000001218,243.422025
263,1147,11dd74426e8374ac110c4036c77c09ab_000000001219,37.570392
263,1148,11dd74426e8374ac110c4036c77c09ab_000000001220,30.318694
263,1149,11dd74426e8374ac110c4036c77c09ab_000000001221,46.070028
263,1150,11dd74426e8374ac110c4036c77c09ab_000000001222,27.608343
263,1151,11dd74426e8374ac110c4036c77c09ab_000000001223,80.727344
263,1152,11dd74426e8374ac110c4036c77c09ab_000000001224,92.153323
263,1153,11dd74426e8374ac110c4036c77c09ab_000000001225,14.252219
263,1154,11dd74426e8374ac110c4036c77c09ab_000000001226,152.949598
263,1155,11dd74426e8374ac110c4036c77c09ab_000000001227,23.885544
263,1156,11dd74426e8374ac110c4036c77c09ab_000000001228,164.778991
263,1157,11dd74426e8374ac110c4036c77c09ab_000000001229,67.876537
263,1158,11dd74426e8374ac110c4036c77c09ab_000000001230,107.203217
263,1159,11dd74426e8374ac110c4036c77c09ab_000000001231,15.673271
264,1137,11dd74426e8374ac110c4036c77c09ab_000000001209,133.019045
264,1138,11dd74426e8374ac110c4036c77c09ab_000000001210,103.596275
264,1139,11dd74426e8374ac110c4036c77c09ab_000000001211,104.962840
264,1140,11dd74426e8374ac110c4036c77c09ab_000000001212,29.718925
264,1141,11dd74426e8374ac110c4036c77c09ab_000000001213,107.252422
264,1142,11dd74426e8374ac110c4036c77c09ab_000000001214,50.408609
264,1143,11dd74426e8374ac110c4036c77c09ab_000000001215,3.402419
264,1144,11dd74426e8374ac110c4036c77c09ab_000000001216,105.892674
264,1145,11dd74426e8374ac110c4036c77c09ab_000000001217,36.559734
264,1146,11dd74426e8374ac110c4036c77c09ab_000000001218,119.302032
264,1147,11dd74426e8374ac110c4036c77c09ab_000000001219,74.907728
264,1148,11dd74426e8374ac110c4036c77c09ab_000000001220,51.417879
264,1149,11dd74426e8374ac110c4036c77c09ab_000000001221,23.031777
264,1150,11dd74426e8374ac110c4036c77c09ab_000000001222,50.452701
264,1151,11dd74426e8374ac110c4036c77c09ab_000000001223,99.199483
264,1152,11dd74426e8374ac110c4036c77c09ab_000000001224,32.592251
264,1153,11dd74426e8374ac110c4036c77c09ab_000000001225,19.760246
264,1154,11dd74426e8374ac110c4036c77c09ab_000000001226,86.464495
264,1155,11dd74426e8374ac110c4036c77c09ab_000000001227,45.718223
264,1156,11dd74426e8374ac110c4036c77c09ab_000000001228,72.403301
264,1157,11dd74426e8374ac110c4036c77c09ab_000000001229,27.273619
264,1158,11dd74426e8374ac110c4036c77c09ab_000000001230,12.057286
264,1159,11dd74426e8374ac110c4036c77c09ab_000000001231,34.681466
