instance_id,frame_id,frame_name,nm_per_pixel,area_nm2,cx_nm,cy_nm
1,0,11dd74426e8374ac110c4036c77c09ab_000000000000,0.398252,418.794607,289.029639,217.709387
1,1,11dd74426e8374ac110c4036c77c09ab_000000000001,0.398252,426.724822,288.986178,216.407461
1,2,11dd74426e8374ac110c4036c77c09ab_000000000002,0.398252,426.011102,288.030850,217.380630
1,3,11dd74426e8374ac110c4036c77c09ab_000000000003,0.398252,425.297383,288.819283,216.996623
1,4,11dd74426e8374ac110c4036c77c09ab_000000000004,0.390658,393.285006,283.151644,212.113492
1,5,11dd74426e8374ac110c4036c77c09ab_000000000005,0.390658,393.742846,283.473775,212.535027
1,6,11dd74426e8374ac110c4036c77c09ab_000000000006,0.392232,364.692308,284.887725,213.977570
1,7,11dd74426e8374ac110c4036c77c09ab_000000000007,0.390658,348.798169,282.608648,211.318704
1,8,11dd74426e8374ac110c4036c77c09ab_000000000008,0.390658,350.934758,284.707098,212.091746
1,9,11dd74426e8374ac110c4036c77c09ab_000000000009,0.398252,342.585250,291.109667,216.317548
1,10,11dd74426e8374ac110c4036c77c09ab_000000000010,0.398252,340.602696,290.454560,216.682256
1,11,11dd74426e8374ac110c4036c77c09ab_000000000011,0.398252,343.219667,292.676008,216.473990
1,12,11dd74426e8374ac110c4036c77c09ab_000000000012,0.398252,342.585250,290.195833,216.021631
1,13,11dd74426e8374ac110c4036c77c09ab_000000000013,0.390658,321.175124,283.853393,212.954131
1,14,11dd74426e8374ac110c4036c77c09ab_000000000014,0.390658,335.062953,282.317133,213.015839
1,15,11dd74426e8374ac110c4036c77c09ab_000000000015,0.390658,338.038916,282.171924,213.664249
1,16,11dd74426e8374ac110c4036c77c09ab_000000000016,0.390658,336.818008,283.716386,212.806943
1,17,11dd74426e8374ac110c4036c77c09ab_000000000017,0.383342,326.083762,278.957139,208.591894
1,18,11dd74426e8374ac110c4036c77c09ab_000000000018,0.383342,321.307862,279.209923,208.382465
1,19,11dd74426e8374ac110c4036c77c09ab_000000000019,0.383342,318.515797,277.957418,208.949920
1,20,11dd74426e8374ac110c4036c77c09ab_000000000020,0.390658,338.038916,284.484850,213.254921
1,21,11dd74426e8374ac110c4036c77c09ab_000000000021,0.390658,339.641358,284.606668,213.382104
1,22,11dd74426e8374ac110c4036c77c09ab_000000000022,0.390658,338.420450,285.568148,211.742100
1,23,11dd74426e8374ac110c4036c77c09ab_000000000023,0.390658,327.355971,285.668912,212.365951
1,24,11dd74426e8374ac110c4036c77c09ab_000000000024,0.390658,327.966425,285.950794,212.571842
1,25,11dd74426e8374ac110c4036c77c09ab_000000000025,0.390658,312.399847,284.400395,212.897406
1,26,11dd74426e8374ac110c4036c77c09ab_000000000026,0.390658,308.813430,284.547917,213.100794
1,27,11dd74426e8374ac110c4036c77c09ab_000000000027,0.390658,305.990080,286.228432,211.857099
1,28,11dd74426e8374ac110c4036c77c09ab_000000000028,0.390658,302.708890,285.802104,212.464640
1,29,11dd74426e8374ac110c4036c77c09ab_000000000029,0.390658,304.158718,286.076260,212.287695
1,30,11dd74426e8374ac110c4036c77c09ab_000000000030,0.390658,292.789012,284.196601,212.031684
1,31,11dd74426e8374ac110c4036c77c09ab_000000000031,0.390658,289.431515,287.631548,212.646927
1,32,11dd74426e8374ac110c4036c77c09ab_000000000032,0.390658,294.849294,285.659827,211.856741
1,33,11dd74426e8374ac110c4036c77c09ab_000000000033,0.390658,292.712705,284.590764,212.456891
1,34,11dd74426e8374ac110c4036c77c09ab_000000000034,0.383342,270.536370,281.260066,208.749405
1,35,11dd74426e8374ac110c4036c77c09ab_000000000035,0.383342,273.622337,280.205455,208.573340
1,36,11dd74426e8374ac110c4036c77c09ab_000000000036,0.383342,268.038207,279.613457,207.183914
1,37,11dd74426e8374ac110c4036c77c09ab_000000000037,0.383342,259.955915,279.736854,208.865432
1,38,11dd74426e8374ac110c4036c77c09ab_000000000038,0.383342,260.543718,280.188843,209.250341
1,39,11dd74426e8374ac110c4036c77c09ab_000000000039,0.383342,257.384276,280.865868,209.118427
1,40,11dd74426e8374ac110c4036c77c09ab_000000000040,0.383342,257.972079,280.190224,209.022358
1,41,11dd74426e8374ac110c4036c77c09ab_000000000041,0.390658,267.684090,284.363389,212.477993
1,42,11dd74426e8374ac110c4036c77c09ab_000000000042,0.390658,267.226250,282.555238,212.350547
2,0,11dd74426e8374ac110c4036c77c09ab_000000000000,0.398252,459.952419,342.857451,236.476942
2,1,11dd74426e8374ac110c4036c77c09ab_000000000001,0.398252,446.312450,344.701747,234.821004
2,2,11dd74426e8374ac110c4036c77c09ab_000000000002,0.398252,502.458366,345.693900,235.131968
2,3,11dd74426e8374ac110c4036c77c09ab_000000000003,0.398252,509.436955,344.841611,235.346261
2,4,11dd74426e8374ac110c4036c77c09ab_000000000004,0.390658,411.446013,338.258069,231.380021
2,5,11dd74426e8374ac110c4036c77c09ab_000000000005,0.390658,422.128958,336.726053,231.296234
2,6,11dd74426e8374ac110c4036c77c09ab_000000000006,0.392232,432.153846,340.087882,233.712427
2,7,11dd74426e8374ac110c4036c77c09ab_000000000007,0.390658,432.964517,337.727305,232.369160
2,8,11dd74426e8374ac110c4036c77c09ab_000000000008,0.390658,436.169401,337.094250,232.418946
2,9,11dd74426e8374ac110c4036c77c09ab_000000000009,0.398252,445.836638,344.205974,236.815786
2,10,11dd74426e8374ac110c4036c77c09ab_000000000010,0.398252,437.589215,345.046473,237.793987
2,11,11dd74426e8374ac110c4036c77c09ab_000000000011,0.398252,445.995242,347.791040,237.858450
2,12,11dd74426e8374ac110c4036c77c09ab_000000000012,0.398252,437.113402,345.645188,236.713622
2,13,11dd74426e8374ac110c4036c77c09ab_000000000013,0.390658,488.973674,337.529663,233.724803
2,14,11dd74426e8374ac110c4036c77c09ab_000000000014,0.390658,456.924838,332.439261,230.493650
2,15,11dd74426e8374ac110c4036c77c09ab_000000000015,0.390658,458.145746,336.030766,231.504558
2,16,11dd74426e8374ac110c4036c77c09ab_000000000016,0.390658,452.041206,336.265485,231.324155
2,17,11dd74426e8374ac110c4036c77c09ab_000000000017,0.383342,434.386481,331.035020,227.574275
2,18,11dd74426e8374ac110c4036c77c09ab_000000000018,0.383342,428.655400,330.391219,227.694631
2,19,11dd74426e8374ac110c4036c77c09ab_000000000019,0.383342,430.712711,331.190986,227.963442
2,20,11dd74426e8374ac110c4036c77c09ab_000000000020,0.390658,435.406333,336.578913,231.923137
2,21,11dd74426e8374ac110c4036c77c09ab_000000000021,0.390658,433.269744,335.329137,231.352339
2,22,11dd74426e8374ac110c4036c77c09ab_000000000022,0.390658,438.611217,337.434168,231.488916
2,23,11dd74426e8374ac110c4036c77c09ab_000000000023,0.390658,411.140786,337.592038,230.822647
2,24,11dd74426e8374ac110c4036c77c09ab_000000000024,0.390658,409.767264,336.229910,231.171411
2,25,11dd74426e8374ac110c4036c77c09ab_000000000025,0.390658,398.321251,337.639726,231.134358
2,26,11dd74426e8374ac110c4036c77c09ab_000000000026,0.390658,399.084319,336.777461,231.078611
2,27,11dd74426e8374ac110c4036c77c09ab_000000000027,0.390658,402.594430,338.020012,231.912622
2,28,11dd74426e8374ac110c4036c77c09ab_000000000028,0.390658,401.068295,336.496819,230.871003
2,29,11dd74426e8374ac110c4036c77c09ab_000000000029,0.390658,389.698588,337.333213,231.493232
2,30,11dd74426e8374ac110c4036c77c09ab_000000000030,0.390658,392.979779,335.773730,229.810237
2,31,11dd74426e8374ac110c4036c77c09ab_000000000031,0.390658,398.473865,340.069964,229.816508
2,32,11dd74426e8374ac110c4036c77c09ab_000000000032,0.390658,404.120565,335.255245,229.434744
2,33,11dd74426e8374ac110c4036c77c09ab_000000000033,0.390658,408.698970,336.053394,229.440848
2,34,11dd74426e8374ac110c4036c77c09ab_000000000034,0.383342,399.632623,333.007577,227.135950
2,35,11dd74426e8374ac110c4036c77c09ab_000000000035,0.383342,410.874357,329.707760,226.766787
2,36,11dd74426e8374ac110c4036c77c09ab_000000000036,0.383342,395.297575,331.247561,225.829233
2,37,11dd74426e8374ac110c4036c77c09ab_000000000037,0.383342,398.236591,328.622920,226.398911
2,38,11dd74426e8374ac110c4036c77c09ab_000000000038,0.383342,404.996326,330.736540,226.042850
2,39,11dd74426e8374ac110c4036c77c09ab_000000000039,0.383342,407.935342,330.384832,225.798115
2,40,11dd74426e8374ac110c4036c77c09ab_000000000040,0.383342,414.107274,330.337242,226.095120
2,41,11dd74426e8374ac110c4036c77c09ab_000000000041,0.390658,427.623045,333.692351,230.156092
2,42,11dd74426e8374ac110c4036c77c09ab_000000000042,0.390658,428.233499,334.717327,229.668628
3,0,11dd74426e8374ac110c4036c77c09ab_000000000000,0.398252,963.243458,297.230086,159.784778
3,1,11dd74426e8374ac110c4036c77c09ab_000000000001,0.398252,933.386201,300.551004,157.486154
3,2,11dd74426e8374ac110c4036c77c09ab_000000000002,0.398252,946.471055,296.292163,156.325017
3,3,11dd74426e8374ac110c4036c77c09ab_000000000003,0.398252,951.308485,297.315794,156.420350
3,4,11dd74426e8374ac110c4036c77c09ab_000000000004,0.390658,906.066387,292.602968,154.818916
3,5,11dd74426e8374ac110c4036c77c09ab_000000000005,0.390658,911.407860,291.600859,154.762811
3,6,11dd74426e8374ac110c4036c77c09ab_000000000006,0.392232,894.000000,296.381850,154.288827
3,7,11dd74426e8374ac110c4036c77c09ab_000000000007,0.390658,891.415490,293.392915,154.245459
3,8,11dd74426e8374ac110c4036c77c09ab_000000000008,0.390658,887.676459,294.325210,156.600803
3,9,11dd74426e8374ac110c4036c77c09ab_000000000009,0.398252,922.442506,300.356813,157.784333
3,10,11dd74426e8374ac110c4036c77c09ab_000000000010,0.398252,926.328311,298.328900,157.632825
3,11,11dd74426e8374ac110c4036c77c09ab_000000000011,0.398252,919.191118,297.741075,159.037255
3,12,11dd74426e8374ac110c4036c77c09ab_000000000012,0.398252,919.349722,298.650340,158.120090
3,13,11dd74426e8374ac110c4036c77c09ab_000000000013,0.390658,861.808470,294.184365,155.113519
3,14,11dd74426e8374ac110c4036c77c09ab_000000000014,0.390658,755.379626,296.011973,158.661366
3,15,11dd74426e8374ac110c4036c77c09ab_000000000015,0.390658,745.822205,293.094176,154.595892
3,16,11dd74426e8374ac110c4036c77c09ab_000000000016,0.390658,748.569248,293.429683,154.170876
3,17,11dd74426e8374ac110c4036c77c09ab_000000000017,0.383342,714.915503,288.038689,151.630689
3,18,11dd74426e8374ac110c4036c77c09ab_000000000018,0.383342,710.433505,288.133097,151.551396
3,19,11dd74426e8374ac110c4036c77c09ab_000000000019,0.383342,705.878031,285.601929,152.227438
3,20,11dd74426e8374ac110c4036c77c09ab_000000000020,0.390658,751.239985,292.877054,154.618997
3,21,11dd74426e8374ac110c4036c77c09ab_000000000021,0.390658,754.444868,294.240016,154.440478
3,22,11dd74426e8374ac110c4036c77c09ab_000000000022,0.390658,678.519649,296.126065,154.825306
3,23,11dd74426e8374ac110c4036c77c09ab_000000000023,0.390658,684.242655,293.397565,156.146828
3,24,11dd74426e8374ac110c4036c77c09ab_000000000024,0.390658,686.913392,293.516975,155.000737
3,25,11dd74426e8374ac110c4036c77c09ab_000000000025,0.390658,646.699733,293.525416,156.819213
3,26,11dd74426e8374ac110c4036c77c09ab_000000000026,0.390658,640.824113,291.065540,154.984357
3,27,11dd74426e8374ac110c4036c77c09ab_000000000027,0.390658,643.418543,294.788568,154.385315
3,28,11dd74426e8374ac110c4036c77c09ab_000000000028,0.390658,637.237696,291.477872,155.298142
3,29,11dd74426e8374ac110c4036c77c09ab_000000000029,0.390658,620.908050,290.636875,156.277349
3,30,11dd74426e8374ac110c4036c77c09ab_000000000030,0.390658,586.341091,292.260904,155.766805
3,31,11dd74426e8374ac110c4036c77c09ab_000000000031,0.390658,582.754674,291.227440,154.059668
3,32,11dd74426e8374ac110c4036c77c09ab_000000000032,0.390658,575.429225,290.258497,156.428758
3,33,11dd74426e8374ac110c4036c77c09ab_000000000033,0.390658,575.810759,291.080252,157.299166
3,34,11dd74426e8374ac110c4036c77c09ab_000000000034,0.383342,557.825129,285.980287,154.143105
3,35,11dd74426e8374ac110c4036c77c09ab_000000000035,0.383342,568.552535,287.336255,152.029415
3,36,11dd74426e8374ac110c4036c77c09ab_000000000036,0.383342,575.826598,287.143063,151.960358
3,37,11dd74426e8374ac110c4036c77c09ab_000000000037,0.383342,575.459221,284.902607,152.316079
3,38,11dd74426e8374ac110c4036c77c09ab_000000000038,0.383342,577.296106,286.877340,152.381076
3,39,11dd74426e8374ac110c4036c77c09ab_000000000039,0.383342,567.670830,286.693554,153.001491
3,40,11dd74426e8374ac110c4036c77c09ab_000000000040,0.383342,573.108009,286.093694,152.011797
3,41,11dd74426e8374ac110c4036c77c09ab_000000000041,0.390658,600.381534,292.124470,154.908056
3,42,11dd74426e8374ac110c4036c77c09ab_000000000042,0.390658,590.690576,289.974135,153.566148
4,0,11dd74426e8374ac110c4036c77c09ab_000000000000,0.398252,777.319588,360.012457,178.274367
4,1,11dd74426e8374ac110c4036c77c09ab_000000000001,0.398252,760.348929,359.589120,174.241912
4,2,11dd74426e8374ac110c4036c77c09ab_000000000002,0.398252,828.865979,358.298230,175.025508
4,3,11dd74426e8374ac110c4036c77c09ab_000000000003,0.398252,841.078509,363.713785,174.995172
4,4,11dd74426e8374ac110c4036c77c09ab_000000000004,0.390658,780.923312,350.457255,171.014523
4,5,11dd74426e8374ac110c4036c77c09ab_000000000005,0.390658,771.613888,353.353259,172.206466
4,6,11dd74426e8374ac110c4036c77c09ab_000000000006,0.392232,790.384615,355.001877,174.271235
4,7,11dd74426e8374ac110c4036c77c09ab_000000000007,0.390658,847.157573,350.891905,174.290729
4,8,11dd74426e8374ac110c4036c77c09ab_000000000008,0.390658,843.800076,353.323311,176.275397
4,9,11dd74426e8374ac110c4036c77c09ab_000000000009,0.398252,982.791435,357.829074,178.057120
4,10,11dd74426e8374ac110c4036c77c09ab_000000000010,0.398252,976.209358,357.080894,177.306874
4,11,11dd74426e8374ac110c4036c77c09ab_000000000011,0.398252,979.540048,356.222626,180.131120
4,12,11dd74426e8374ac110c4036c77c09ab_000000000012,0.398252,979.857256,355.651257,180.108805
4,13,11dd74426e8374ac110c4036c77c09ab_000000000013,0.390658,970.621900,353.497633,176.249359
4,14,11dd74426e8374ac110c4036c77c09ab_000000000014,0.390658,1072.491415,354.180664,178.144433
4,15,11dd74426e8374ac110c4036c77c09ab_000000000015,0.390658,1060.663869,353.635904,174.626904
4,16,11dd74426e8374ac110c4036c77c09ab_000000000016,0.390658,1069.362839,350.548601,173.288524
4,17,11dd74426e8374ac110c4036c77c09ab_000000000017,0.383342,1038.207201,345.037493,170.400237
4,18,11dd74426e8374ac110c4036c77c09ab_000000000018,0.383342,1039.088905,346.989554,168.717432
4,19,11dd74426e8374ac110c4036c77c09ab_000000000019,0.383342,1037.031594,345.426239,170.381449
4,20,11dd74426e8374ac110c4036c77c09ab_000000000020,0.390658,1045.249905,352.617842,174.244234
4,21,11dd74426e8374ac110c4036c77c09ab_000000000021,0.390658,1064.402900,350.027469,174.524399
4,22,11dd74426e8374ac110c4036c77c09ab_000000000022,0.390658,1025.715376,351.037853,173.066061
4,23,11dd74426e8374ac110c4036c77c09ab_000000000023,0.390658,988.172453,354.460257,172.027887
4,24,11dd74426e8374ac110c4036c77c09ab_000000000024,0.390658,993.361312,353.650997,174.050789
4,25,11dd74426e8374ac110c4036c77c09ab_000000000025,0.390658,1062.800458,351.655528,172.075623
4,26,11dd74426e8374ac110c4036c77c09ab_000000000026,0.390658,1056.695918,353.770121,172.509653
4,27,11dd74426e8374ac110c4036c77c09ab_000000000027,0.390658,1059.137734,354.658376,172.294116
4,28,11dd74426e8374ac110c4036c77c09ab_000000000028,0.390658,1062.647844,353.118444,172.668322
4,29,11dd74426e8374ac110c4036c77c09ab_000000000029,0.390658,1062.190004,354.927549,173.211544
4,30,11dd74426e8374ac110c4036c77c09ab_000000000030,0.390658,1089.660435,354.811740,171.828422
4,31,11dd74426e8374ac110c4036c77c09ab_000000000031,0.390658,1085.387257,354.354319,171.263477
4,32,11dd74426e8374ac110c4036c77c09ab_000000000032,0.390658,1065.547501,355.870121,172.327199
4,33,11dd74426e8374ac110c4036c77c09ab_000000000033,0.390658,1077.146127,356.413141,173.423600
4,34,11dd74426e8374ac110c4036c77c09ab_000000000034,0.383342,1042.909625,347.465549,168.825551
4,35,11dd74426e8374ac110c4036c77c09ab_000000000035,0.383342,1050.551065,344.946337,167.365769
4,36,11dd74426e8374ac110c4036c77c09ab_000000000036,0.383342,1055.988244,347.145614,166.963604
4,37,11dd74426e8374ac110c4036c77c09ab_000000000037,0.383342,1035.709037,343.666714,169.778313
4,38,11dd74426e8374ac110c4036c77c09ab_000000000038,0.383342,1016.311536,345.304526,168.010505
4,39,11dd74426e8374ac110c4036c77c09ab_000000000039,0.383342,1019.250551,345.139037,167.173689
4,40,11dd74426e8374ac110c4036c77c09ab_000000000040,0.383342,1038.795004,345.644185,165.193574
4,41,11dd74426e8374ac110c4036c77c09ab_000000000041,0.390658,1060.358642,354.963100,169.638387
4,42,11dd74426e8374ac110c4036c77c09ab_000000000042,0.390658,1063.639832,350.182860,168.478610
5,43,11dd74426e8374ac110c4036c77c09ab_000000000043,0.390658,275.543686,283.663357,213.620519
5,44,11dd74426e8374ac110c4036c77c09ab_000000000044,0.390658,277.909195,284.972910,215.281864
5,45,11dd74426e8374ac110c4036c77c09ab_000000000045,0.390658,276.306753,284.350966,214.844997
5,46,11dd74426e8374ac110c4036c77c09ab_000000000046,0.390658,295.001908,281.920562,213.516584
5,47,11dd74426e8374ac110c4036c77c09ab_000000000047,0.390658,294.620374,284.483801,214.238457
5,48,11dd74426e8374ac110c4036c77c09ab_000000000048,0.390658,298.054178,284.062742,214.167497
5,49,11dd74426e8374ac110c4036c77c09ab_000000000049,0.383342,287.509184,278.717082,210.065527
5,50,11dd74426e8374ac110c4036c77c09ab_000000000050,0.392232,296.384615,286.829615,214.918506
5,51,11dd74426e8374ac110c4036c77c09ab_000000000051,0.392232,300.153846,286.878141,214.720834
5,52,11dd74426e8374ac110c4036c77c09ab_000000000052,0.390658,295.230828,285.155458,214.804605
6,43,11dd74426e8374ac110c4036c77c09ab_000000000043,0.390658,372.605876,335.150809,232.576363
6,44,11dd74426e8374ac110c4036c77c09ab_000000000044,0.390658,381.991606,337.341440,233.979074
6,45,11dd74426e8374ac110c4036c77c09ab_000000000045,0.390658,392.064098,335.724468,234.312768
6,46,11dd74426e8374ac110c4036c77c09ab_000000000046,0.390658,379.549790,334.393123,233.064662
6,47,11dd74426e8374ac110c4036c77c09ab_000000000047,0.390658,388.859214,338.431199,233.029325
6,48,11dd74426e8374ac110c4036c77c09ab_000000000048,0.390658,394.963754,336.993701,233.754703
6,49,11dd74426e8374ac110c4036c77c09ab_000000000049,0.383342,381.484203,330.339347,228.811548
6,50,11dd74426e8374ac110c4036c77c09ab_000000000050,0.392232,403.076923,339.761556,234.118472
6,51,11dd74426e8374ac110c4036c77c09ab_000000000051,0.392232,402.461538,339.529195,234.115073
6,52,11dd74426e8374ac110c4036c77c09ab_000000000052,0.390658,405.036246,336.542003,233.313758
7,43,11dd74426e8374ac110c4036c77c09ab_000000000043,0.390658,905.265166,355.053755,175.402473
7,44,11dd74426e8374ac110c4036c77c09ab_000000000044,0.390658,895.993895,354.898984,171.682259
7,45,11dd74426e8374ac110c4036c77c09ab_000000000045,0.390658,899.504006,351.776011,171.377808
7,46,11dd74426e8374ac110c4036c77c09ab_000000000046,0.390658,878.595956,350.273514,170.055917
7,47,11dd74426e8374ac110c4036c77c09ab_000000000047,0.390658,881.037772,354.108155,171.359174
7,48,11dd74426e8374ac110c4036c77c09ab_000000000048,0.390658,875.238459,353.683591,170.828851
7,49,11dd74426e8374ac110c4036c77c09ab_000000000049,0.383342,843.864805,346.504645,167.377713
7,50,11dd74426e8374ac110c4036c77c09ab_000000000050,0.392232,881.538462,356.023587,172.534846
7,51,11dd74426e8374ac110c4036c77c09ab_000000000051,0.392232,880.615385,355.102186,171.271510
7,52,11dd74426e8374ac110c4036c77c09ab_000000000052,0.390658,866.081648,356.057605,172.662015
8,53,11dd74426e8374ac110c4036c77c09ab_000000000059,0.390658,269.954216,287.634099,214.981837
8,54,11dd74426e8374ac110c4036c77c09ab_000000000060,0.390658,275.467379,284.800805,213.800755
8,55,11dd74426e8374ac110c4036c77c09ab_000000000061,0.390658,274.093857,284.121207,213.430364
8,56,11dd74426e8374ac110c4036c77c09ab_000000000062,0.390658,159.633728,284.352683,213.388661
9,53,11dd74426e8374ac110c4036c77c09ab_000000000059,0.390658,276.001526,340.841170,234.944702
9,54,11dd74426e8374ac110c4036c77c09ab_000000000060,0.390658,245.707745,335.733839,233.498405
9,55,11dd74426e8374ac110c4036c77c09ab_000000000061,0.390658,238.000763,334.666182,233.549240
9,56,11dd74426e8374ac110c4036c77c09ab_000000000062,0.390658,286.302938,336.218084,234.608337
10,53,11dd74426e8374ac110c4036c77c09ab_000000000059,0.390658,340.175506,294.024682,156.007401
10,54,11dd74426e8374ac110c4036c77c09ab_000000000060,0.390658,307.974056,296.404085,153.793654
10,55,11dd74426e8374ac110c4036c77c09ab_000000000061,0.390658,310.339565,297.265659,153.958451
10,56,11dd74426e8374ac110c4036c77c09ab_000000000062,0.390658,374.055704,298.305704,152.729800
11,53,11dd74426e8374ac110c4036c77c09ab_000000000059,0.390658,743.113316,347.979115,175.718643
11,54,11dd74426e8374ac110c4036c77c09ab_000000000060,0.390658,738.038916,350.282837,172.155035
11,55,11dd74426e8374ac110c4036c77c09ab_000000000061,0.390658,741.549027,348.196857,170.853410
11,56,11dd74426e8374ac110c4036c77c09ab_000000000062,0.390658,747.500954,351.423408,171.875013
12,57,11dd74426e8374ac110c4036c77c09ab_000000000063,0.390658,295.612362,334.986262,234.228146
12,58,11dd74426e8374ac110c4036c77c09ab_000000000064,0.390658,229.530713,334.092881,234.560697
12,59,11dd74426e8374ac110c4036c77c09ab_000000000065,0.390658,229.378100,335.080446,234.112313
12,60,11dd74426e8374ac110c4036c77c09ab_000000000066,0.390658,242.960702,336.613105,235.320171
12,61,11dd74426e8374ac110c4036c77c09ab_000000000067,0.390658,254.559329,335.797860,235.202144
12,62,11dd74426e8374ac110c4036c77c09ab_000000000068,0.390658,249.904617,335.999579,235.054646
12,63,11dd74426e8374ac110c4036c77c09ab_000000000069,0.390658,251.659672,337.191986,236.532107
12,64,11dd74426e8374ac110c4036c77c09ab_000000000070,0.390658,243.952690,337.802985,236.935998
12,65,11dd74426e8374ac110c4036c77c09ab_000000000071,0.390658,241.587180,338.059473,236.437137
12,66,11dd74426e8374ac110c4036c77c09ab_000000000072,0.390658,241.892407,338.337135,236.670091
12,67,11dd74426e8374ac110c4036c77c09ab_000000000073,0.383342,242.174871,331.686565,232.709260
12,68,11dd74426e8374ac110c4036c77c09ab_000000000074,0.383342,230.418810,330.058018,232.287032
12,69,11dd74426e8374ac110c4036c77c09ab_000000000075,0.383342,225.863336,330.256193,232.002357
12,70,11dd74426e8374ac110c4036c77c09ab_000000000076,0.390658,236.169401,341.457319,236.811223
12,71,11dd74426e8374ac110c4036c77c09ab_000000000077,0.390658,233.727585,339.706583,236.883852
12,72,11dd74426e8374ac110c4036c77c09ab_000000000078,0.390658,208.012209,340.759671,236.539427
12,73,11dd74426e8374ac110c4036c77c09ab_000000000079,0.390658,206.028233,342.007707,236.616514
12,74,11dd74426e8374ac110c4036c77c09ab_000000000080,0.383342,199.559148,336.113711,232.581300
12,75,11dd74426e8374ac110c4036c77c09ab_000000000081,0.383342,184.129317,334.854163,232.316208
12,76,11dd74426e8374ac110c4036c77c09ab_000000000082,0.383342,181.043350,336.999884,233.047070
12,77,11dd74426e8374ac110c4036c77c09ab_000000000083,0.383342,173.695812,334.468388,232.468080
12,78,11dd74426e8374ac110c4036c77c09ab_000000000084,0.383342,170.242469,335.986967,232.870865
12,79,11dd74426e8374ac110c4036c77c09ab_000000000085,0.383342,182.512858,335.805030,233.019485
12,80,11dd74426e8374ac110c4036c77c09ab_000000000086,0.383342,180.749449,336.400585,234.025990
12,81,11dd74426e8374ac110c4036c77c09ab_000000000087,0.383342,183.982366,337.360039,234.317778
12,82,11dd74426e8374ac110c4036c77c09ab_000000000088,0.383342,184.937546,337.332968,234.465860
12,83,11dd74426e8374ac110c4036c77c09ab_000000000089,0.383342,181.925055,337.708238,233.313495
12,84,11dd74426e8374ac110c4036c77c09ab_000000000090,0.383342,193.387215,336.769818,233.837244
12,85,11dd74426e8374ac110c4036c77c09ab_000000000091,0.383342,193.387215,336.859126,233.067215
12,86,11dd74426e8374ac110c4036c77c09ab_000000000092,0.376288,184.000000,330.589570,228.934873
12,87,11dd74426e8374ac110c4036c77c09ab_000000000093,0.376288,183.079646,330.734399,229.041439
12,88,11dd74426e8374ac110c4036c77c09ab_000000000094,0.383342,194.048494,338.285543,234.070048
12,89,11dd74426e8374ac110c4036c77c09ab_000000000095,0.383342,191.109478,338.419399,233.798311
12,90,11dd74426e8374ac110c4036c77c09ab_000000000096,0.383342,190.595151,338.432993,233.448170
12,91,11dd74426e8374ac110c4036c77c09ab_000000000097,0.383342,173.401910,339.598624,234.597049
12,92,11dd74426e8374ac110c4036c77c09ab_000000000098,0.383342,168.258633,337.990128,232.726597
12,93,11dd74426e8374ac110c4036c77c09ab_000000000099,0.383342,169.654666,337.970521,233.088484
12,94,11dd74426e8374ac110c4036c77c09ab_000000000100,0.383342,179.132990,338.823915,232.367753
12,95,11dd74426e8374ac110c4036c77c09ab_000000000101,0.376288,172.672566,332.613314,228.781087
12,96,11dd74426e8374ac110c4036c77c09ab_000000000102,0.376288,165.168142,333.422780,228.547308
12,97,11dd74426e8374ac110c4036c77c09ab_000000000103,0.390658,182.373140,343.612565,236.936690
12,98,11dd74426e8374ac110c4036c77c09ab_000000000104,0.390658,177.871042,347.090526,239.106505
12,99,11dd74426e8374ac110c4036c77c09ab_000000000105,0.383342,170.903747,339.172465,233.763192
12,100,11dd74426e8374ac110c4036c77c09ab_000000000106,0.390658,174.132011,343.380493,238.219918
12,101,11dd74426e8374ac110c4036c77c09ab_000000000107,0.390658,175.963373,343.499760,237.656321
12,102,11dd74426e8374ac110c4036c77c09ab_000000000108,0.390658,165.509348,346.012163,239.044558
12,103,11dd74426e8374ac110c4036c77c09ab_000000000109,0.390658,157.268218,345.785432,238.824837
12,104,11dd74426e8374ac110c4036c77c09ab_000000000110,0.383342,148.714181,338.859058,235.412866
12,105,11dd74426e8374ac110c4036c77c09ab_000000000111,0.390658,154.979016,345.908848,239.823656
12,106,11dd74426e8374ac110c4036c77c09ab_000000000112,0.390658,153.910721,344.721424,239.511207
13,57,11dd74426e8374ac110c4036c77c09ab_000000000063,0.390658,380.007631,295.473030,152.970075
13,58,11dd74426e8374ac110c4036c77c09ab_000000000064,0.390658,391.301030,295.818694,153.246819
13,59,11dd74426e8374ac110c4036c77c09ab_000000000065,0.390658,399.771080,295.530613,152.571084
13,60,11dd74426e8374ac110c4036c77c09ab_000000000066,0.390658,429.225486,296.830842,152.901750
13,61,11dd74426e8374ac110c4036c77c09ab_000000000067,0.390658,469.210225,298.168316,153.642019
13,62,11dd74426e8374ac110c4036c77c09ab_000000000068,0.390658,465.242274,296.581745,152.743523
13,63,11dd74426e8374ac110c4036c77c09ab_000000000069,0.390658,442.502862,294.765773,154.922816
13,64,11dd74426e8374ac110c4036c77c09ab_000000000070,0.390658,449.217856,296.614149,153.887599
13,65,11dd74426e8374ac110c4036c77c09ab_000000000071,0.390658,457.153758,296.759144,153.804241
13,66,11dd74426e8374ac110c4036c77c09ab_000000000072,0.390658,455.322396,296.778028,154.642507
13,67,11dd74426e8374ac110c4036c77c09ab_000000000073,0.383342,417.634093,290.615505,150.330103
13,68,11dd74426e8374ac110c4036c77c09ab_000000000074,0.383342,406.171932,291.332025,152.148811
13,69,11dd74426e8374ac110c4036c77c09ab_000000000075,0.383342,406.906686,288.520018,150.630829
13,70,11dd74426e8374ac110c4036c77c09ab_000000000076,0.390658,418.008394,297.862089,154.115486
13,71,11dd74426e8374ac110c4036c77c09ab_000000000077,0.390658,416.253338,298.480766,153.659139
13,72,11dd74426e8374ac110c4036c77c09ab_000000000078,0.390658,416.482259,297.822580,154.967249
13,73,11dd74426e8374ac110c4036c77c09ab_000000000079,0.390658,416.634872,300.372299,154.951237
13,74,11dd74426e8374ac110c4036c77c09ab_000000000080,0.383342,411.021308,293.880811,151.529976
13,75,11dd74426e8374ac110c4036c77c09ab_000000000081,0.383342,411.609111,290.913634,151.383228
13,76,11dd74426e8374ac110c4036c77c09ab_000000000082,0.383342,414.768553,293.227909,151.495114
13,77,11dd74426e8374ac110c4036c77c09ab_000000000083,0.383342,417.634093,292.432026,150.667118
13,78,11dd74426e8374ac110c4036c77c09ab_000000000084,0.383342,418.736223,294.957625,151.169973
13,79,11dd74426e8374ac110c4036c77c09ab_000000000085,0.383342,387.876561,293.711765,151.305011
13,80,11dd74426e8374ac110c4036c77c09ab_000000000086,0.383342,392.505511,293.772364,151.884913
13,81,11dd74426e8374ac110c4036c77c09ab_000000000087,0.383342,382.439383,295.597963,152.168687
13,82,11dd74426e8374ac110c4036c77c09ab_000000000088,0.383342,380.675974,294.676343,152.457223
13,83,11dd74426e8374ac110c4036c77c09ab_000000000089,0.383342,398.677443,294.704209,151.176232
13,84,11dd74426e8374ac110c4036c77c09ab_000000000090,0.383342,401.542983,292.822199,150.806578
13,85,11dd74426e8374ac110c4036c77c09ab_000000000091,0.383342,390.448200,294.597822,151.573319
13,86,11dd74426e8374ac110c4036c77c09ab_000000000092,0.376288,336.283186,287.991956,148.651065
13,87,11dd74426e8374ac110c4036c77c09ab_000000000093,0.376288,334.230088,288.903348,149.041420
13,88,11dd74426e8374ac110c4036c77c09ab_000000000094,0.383342,326.157237,293.572949,151.927941
13,89,11dd74426e8374ac110c4036c77c09ab_000000000095,0.383342,319.250551,292.448895,150.752799
13,90,11dd74426e8374ac110c4036c77c09ab_000000000096,0.383342,354.151359,295.599531,149.854810
13,91,11dd74426e8374ac110c4036c77c09ab_000000000097,0.383342,300.514328,294.890194,150.389684
13,92,11dd74426e8374ac110c4036c77c09ab_000000000098,0.383342,304.261572,296.435587,150.277634
13,93,11dd74426e8374ac110c4036c77c09ab_000000000099,0.383342,279.206466,299.664323,154.619287
13,94,11dd74426e8374ac110c4036c77c09ab_000000000100,0.383342,296.105805,302.892988,153.154907
13,95,11dd74426e8374ac110c4036c77c09ab_000000000101,0.376288,311.008850,295.252594,148.427850
13,96,11dd74426e8374ac110c4036c77c09ab_000000000102,0.376288,320.424779,294.706994,148.626513
13,97,11dd74426e8374ac110c4036c77c09ab_000000000103,0.390658,312.476154,304.222248,152.912826
13,98,11dd74426e8374ac110c4036c77c09ab_000000000104,0.390658,298.969859,304.360089,154.164283
13,99,11dd74426e8374ac110c4036c77c09ab_000000000105,0.383342,287.362234,299.504776,150.697183
13,100,11dd74426e8374ac110c4036c77c09ab_000000000106,0.390658,311.560473,304.982175,153.879444
13,101,11dd74426e8374ac110c4036c77c09ab_000000000107,0.390658,292.483785,305.366515,154.419460
13,102,11dd74426e8374ac110c4036c77c09ab_000000000108,0.390658,292.636398,308.313544,154.730443
13,103,11dd74426e8374ac110c4036c77c09ab_000000000109,0.390658,296.833270,308.736057,154.866496
13,104,11dd74426e8374ac110c4036c77c09ab_000000000110,0.383342,319.911830,302.275182,153.790519
13,105,11dd74426e8374ac110c4036c77c09ab_000000000111,0.390658,307.897749,308.494066,156.334301
13,106,11dd74426e8374ac110c4036c77c09ab_000000000112,0.390658,306.905761,308.160919,157.646822
14,57,11dd74426e8374ac110c4036c77c09ab_000000000063,0.390658,747.043113,347.870101,170.165193
14,58,11dd74426e8374ac110c4036c77c09ab_000000000064,0.390658,781.991606,349.310723,170.631293
14,59,11dd74426e8374ac110c4036c77c09ab_000000000065,0.390658,789.164441,347.840010,169.784633
14,60,11dd74426e8374ac110c4036c77c09ab_000000000066,0.390658,804.883632,349.051898,168.693288
14,61,11dd74426e8374ac110c4036c77c09ab_000000000067,0.390658,812.666921,351.416207,170.477321
14,62,11dd74426e8374ac110c4036c77c09ab_000000000068,0.390658,810.988172,350.143136,169.641487
14,63,11dd74426e8374ac110c4036c77c09ab_000000000069,0.390658,813.429989,350.820611,169.782893
14,64,11dd74426e8374ac110c4036c77c09ab_000000000070,0.390658,818.771461,349.966620,169.491318
14,65,11dd74426e8374ac110c4036c77c09ab_000000000071,0.390658,803.662724,350.109707,171.160531
14,66,11dd74426e8374ac110c4036c77c09ab_000000000072,0.390658,802.899657,349.393676,171.086484
14,67,11dd74426e8374ac110c4036c77c09ab_000000000073,0.383342,774.871418,345.278204,166.034321
14,68,11dd74426e8374ac110c4036c77c09ab_000000000074,0.383342,788.684791,341.776796,168.452831
14,69,11dd74426e8374ac110c4036c77c09ab_000000000075,0.383342,787.068332,344.618307,168.923948
14,70,11dd74426e8374ac110c4036c77c09ab_000000000076,0.390658,802.594430,352.695240,169.522053
14,71,11dd74426e8374ac110c4036c77c09ab_000000000077,0.390658,809.156810,353.352066,171.536620
14,72,11dd74426e8374ac110c4036c77c09ab_000000000078,0.390658,773.292636,353.698947,171.028639
14,73,11dd74426e8374ac110c4036c77c09ab_000000000079,0.390658,773.674170,354.771444,169.466401
14,74,11dd74426e8374ac110c4036c77c09ab_000000000080,0.383342,762.968406,349.594143,165.066725
14,75,11dd74426e8374ac110c4036c77c09ab_000000000081,0.383342,746.509919,345.670694,167.559089
14,76,11dd74426e8374ac110c4036c77c09ab_000000000082,0.383342,747.097722,346.137307,166.605356
14,77,11dd74426e8374ac110c4036c77c09ab_000000000083,0.383342,687.876561,346.047087,167.510002
14,78,11dd74426e8374ac110c4036c77c09ab_000000000084,0.383342,685.084497,346.176240,166.847261
14,79,11dd74426e8374ac110c4036c77c09ab_000000000085,0.383342,684.055841,346.657827,168.655803
14,80,11dd74426e8374ac110c4036c77c09ab_000000000086,0.383342,682.586334,347.753242,168.868859
14,81,11dd74426e8374ac110c4036c77c09ab_000000000087,0.383342,703.012491,347.131295,167.937798
14,82,11dd74426e8374ac110c4036c77c09ab_000000000088,0.383342,696.840558,345.122098,167.299941
14,83,11dd74426e8374ac110c4036c77c09ab_000000000089,0.383342,718.883174,347.339344,167.300104
14,84,11dd74426e8374ac110c4036c77c09ab_000000000090,0.383342,717.707568,346.655441,167.778767
14,85,11dd74426e8374ac110c4036c77c09ab_000000000091,0.383342,710.653931,346.985740,166.973513
14,86,11dd74426e8374ac110c4036c77c09ab_000000000092,0.376288,671.150442,343.641452,165.892255
14,87,11dd74426e8374ac110c4036c77c09ab_000000000093,0.376288,666.548673,341.168959,166.050600
14,88,11dd74426e8374ac110c4036c77c09ab_000000000094,0.383342,679.647318,348.970230,168.808611
14,89,11dd74426e8374ac110c4036c77c09ab_000000000095,0.383342,686.627480,346.088290,168.940303
14,90,11dd74426e8374ac110c4036c77c09ab_000000000096,0.383342,675.532697,349.940470,169.247451
14,91,11dd74426e8374ac110c4036c77c09ab_000000000097,0.383342,659.808964,347.045497,168.715384
14,92,11dd74426e8374ac110c4036c77c09ab_000000000098,0.383342,661.572373,348.572640,168.981119
14,93,11dd74426e8374ac110c4036c77c09ab_000000000099,0.383342,645.187362,347.648259,168.784617
14,94,11dd74426e8374ac110c4036c77c09ab_000000000100,0.383342,648.199853,348.594867,168.563360
14,95,11dd74426e8374ac110c4036c77c09ab_000000000101,0.376288,660.530973,343.131566,165.950844
14,96,11dd74426e8374ac110c4036c77c09ab_000000000102,0.376288,662.867257,342.825349,165.197394
14,97,11dd74426e8374ac110c4036c77c09ab_000000000103,0.390658,712.018314,353.866378,171.201292
14,98,11dd74426e8374ac110c4036c77c09ab_000000000104,0.390658,733.155284,355.617662,171.941680
14,99,11dd74426e8374ac110c4036c77c09ab_000000000105,0.383342,703.306392,349.914265,168.407569
14,100,11dd74426e8374ac110c4036c77c09ab_000000000106,0.390658,723.464327,353.665279,170.906415
14,101,11dd74426e8374ac110c4036c77c09ab_000000000107,0.390658,722.853873,352.292564,171.551439
14,102,11dd74426e8374ac110c4036c77c09ab_000000000108,0.390658,743.304082,355.665803,170.727515
14,103,11dd74426e8374ac110c4036c77c09ab_000000000109,0.390658,755.436856,354.308372,171.361750
14,104,11dd74426e8374ac110c4036c77c09ab_000000000110,0.383342,750.624541,346.649427,169.129236
14,105,11dd74426e8374ac110c4036c77c09ab_000000000111,0.390658,809.919878,352.529668,172.082895
14,106,11dd74426e8374ac110c4036c77c09ab_000000000112,0.390658,808.851583,352.709832,172.833929
15,107,11dd74426e8374ac110c4036c77c09ab_000000000113,0.383342,129.977957,338.970312,234.500722
15,108,11dd74426e8374ac110c4036c77c09ab_000000000114,0.383342,129.022777,338.909222,234.294592
15,109,11dd74426e8374ac110c4036c77c09ab_000000000115,0.376288,123.681416,333.865786,230.432310
15,110,11dd74426e8374ac110c4036c77c09ab_000000000116,0.376288,121.769912,333.907724,230.443931
15,111,11dd74426e8374ac110c4036c77c09ab_000000000117,0.383342,118.515797,340.692003,234.391971
15,112,11dd74426e8374ac110c4036c77c09ab_000000000118,0.383342,116.238060,339.533719,234.323347
15,113,11dd74426e8374ac110c4036c77c09ab_000000000119,0.383342,109.772226,339.589007,233.264244
15,114,11dd74426e8374ac110c4036c77c09ab_000000000120,0.383342,112.564291,339.039615,234.455776
16,107,11dd74426e8374ac110c4036c77c09ab_000000000113,0.383342,803.894195,345.112458,168.313582
16,108,11dd74426e8374ac110c4036c77c09ab_000000000114,0.383342,803.600294,344.207263,170.090035
16,109,11dd74426e8374ac110c4036c77c09ab_000000000115,0.376288,766.584071,339.513488,166.634371
16,110,11dd74426e8374ac110c4036c77c09ab_000000000116,0.376288,762.831858,339.573592,166.605731
16,111,11dd74426e8374ac110c4036c77c09ab_000000000117,0.383342,798.530492,347.165198,169.705056
16,112,11dd74426e8374ac110c4036c77c09ab_000000000118,0.383342,806.024982,346.200854,170.149219
16,113,11dd74426e8374ac110c4036c77c09ab_000000000119,0.383342,806.759735,346.252375,169.397264
16,114,11dd74426e8374ac110c4036c77c09ab_000000000120,0.383342,805.731080,345.306702,169.522966
17,115,11dd74426e8374ac110c4036c77c09ab_000000000121,0.383342,112.086701,364.465265,241.191441
17,116,11dd74426e8374ac110c4036c77c09ab_000000000122,0.383342,100.808229,362.554664,241.606837
17,117,11dd74426e8374ac110c4036c77c09ab_000000000123,0.383342,97.648788,363.544464,241.303163
17,118,11dd74426e8374ac110c4036c77c09ab_000000000124,0.376288,81.982301,357.225360,237.324193
17,119,11dd74426e8374ac110c4036c77c09ab_000000000125,0.376288,80.424779,356.429560,236.745314
17,120,11dd74426e8374ac110c4036c77c09ab_000000000126,0.376288,94.159292,360.045272,237.790924
17,121,11dd74426e8374ac110c4036c77c09ab_000000000127,0.383342,91.991183,365.710119,241.747057
17,122,11dd74426e8374ac110c4036c77c09ab_000000000128,0.383342,90.301249,366.209792,241.790436
17,123,11dd74426e8374ac110c4036c77c09ab_000000000129,0.383342,107.714916,365.353216,241.836528
17,124,11dd74426e8374ac110c4036c77c09ab_000000000130,0.383342,107.347539,365.056234,242.015939
17,125,11dd74426e8374ac110c4036c77c09ab_000000000131,0.383342,111.094783,366.765127,241.834142
17,126,11dd74426e8374ac110c4036c77c09ab_000000000132,0.383342,111.462160,366.077668,241.745560
17,127,11dd74426e8374ac110c4036c77c09ab_000000000133,0.383342,102.645114,368.296365,242.129767
17,128,11dd74426e8374ac110c4036c77c09ab_000000000134,0.383342,95.591477,367.602096,242.000497
17,129,11dd74426e8374ac110c4036c77c09ab_000000000135,0.383342,96.252755,368.587287,242.220572
17,130,11dd74426e8374ac110c4036c77c09ab_000000000136,0.383342,97.207935,366.501557,242.832599
17,131,11dd74426e8374ac110c4036c77c09ab_000000000137,0.383342,97.060985,365.695753,242.251807
17,132,11dd74426e8374ac110c4036c77c09ab_000000000138,0.376288,87.929204,358.953292,237.696668
17,133,11dd74426e8374ac110c4036c77c09ab_000000000139,0.376288,86.867257,359.716502,237.987750
17,134,11dd74426e8374ac110c4036c77c09ab_000000000140,0.383342,91.844232,366.450293,242.772421
17,135,11dd74426e8374ac110c4036c77c09ab_000000000141,0.383342,92.725937,366.924861,242.462617
17,136,11dd74426e8374ac110c4036c77c09ab_000000000142,0.383342,92.578986,366.463442,241.657422
17,137,11dd74426e8374ac110c4036c77c09ab_000000000143,0.390658,89.584128,372.446491,245.356505
17,138,11dd74426e8374ac110c4036c77c09ab_000000000144,0.390658,91.110263,372.703194,245.605768
17,139,11dd74426e8374ac110c4036c77c09ab_000000000145,0.390658,86.684472,372.233828,245.768550
17,140,11dd74426e8374ac110c4036c77c09ab_000000000146,0.390658,87.905380,372.600618,245.737601
17,141,11dd74426e8374ac110c4036c77c09ab_000000000147,0.390658,86.837085,370.080846,246.181860
17,142,11dd74426e8374ac110c4036c77c09ab_000000000148,0.390658,87.142312,368.486503,245.768908
17,143,11dd74426e8374ac110c4036c77c09ab_000000000149,0.383342,96.326231,362.789456,241.456884
17,144,11dd74426e8374ac110c4036c77c09ab_000000000150,0.390658,102.022129,373.886827,246.842335
17,145,11dd74426e8374ac110c4036c77c09ab_000000000151,0.390658,102.022129,372.335903,246.757331
18,115,11dd74426e8374ac110c4036c77c09ab_000000000121,0.383342,262.931668,331.468712,225.621161
18,116,11dd74426e8374ac110c4036c77c09ab_000000000122,0.383342,233.651727,332.443164,228.222053
18,117,11dd74426e8374ac110c4036c77c09ab_000000000123,0.383342,230.271859,331.075988,227.211804
18,118,11dd74426e8374ac110c4036c77c09ab_000000000124,0.376288,208.707965,325.984034,222.924411
18,119,11dd74426e8374ac110c4036c77c09ab_000000000125,0.376288,251.044248,325.399207,222.653127
18,120,11dd74426e8374ac110c4036c77c09ab_000000000126,0.376288,261.380531,323.154407,222.804455
18,121,11dd74426e8374ac110c4036c77c09ab_000000000127,0.383342,270.536370,329.341850,225.838381
18,122,11dd74426e8374ac110c4036c77c09ab_000000000128,0.383342,275.532697,330.075777,226.316201
18,123,11dd74426e8374ac110c4036c77c09ab_000000000129,0.383342,270.683321,327.895124,225.800408
18,124,11dd74426e8374ac110c4036c77c09ab_000000000130,0.383342,269.948567,328.551020,225.930777
18,125,11dd74426e8374ac110c4036c77c09ab_000000000131,0.383342,274.797943,330.409656,226.180263
18,126,11dd74426e8374ac110c4036c77c09ab_000000000132,0.383342,277.149155,329.848238,226.357217
18,127,11dd74426e8374ac110c4036c77c09ab_000000000133,0.383342,219.691403,332.427558,226.930240
18,128,11dd74426e8374ac110c4036c77c09ab_000000000134,0.383342,216.017634,331.717075,226.860212
18,129,11dd74426e8374ac110c4036c77c09ab_000000000135,0.383342,210.874357,332.740356,226.947788
18,130,11dd74426e8374ac110c4036c77c09ab_000000000136,0.383342,207.641440,330.285838,227.113348
18,131,11dd74426e8374ac110c4036c77c09ab_000000000137,0.383342,207.935342,329.666347,226.317699
18,132,11dd74426e8374ac110c4036c77c09ab_000000000138,0.376288,261.026549,322.618637,222.970046
18,133,11dd74426e8374ac110c4036c77c09ab_000000000139,0.376288,263.433628,323.802760,223.036489
18,134,11dd74426e8374ac110c4036c77c09ab_000000000140,0.383342,281.116826,329.634503,227.942221
18,135,11dd74426e8374ac110c4036c77c09ab_000000000141,0.383342,284.937546,330.706147,226.982744
18,136,11dd74426e8374ac110c4036c77c09ab_000000000142,0.383342,289.493020,330.550157,226.636721
18,137,11dd74426e8374ac110c4036c77c09ab_000000000143,0.390658,238.382297,337.241987,231.119837
18,138,11dd74426e8374ac110c4036c77c09ab_000000000144,0.390658,310.873712,334.850257,231.188031
18,139,11dd74426e8374ac110c4036c77c09ab_000000000145,0.390658,316.062572,335.594901,231.516647
18,140,11dd74426e8374ac110c4036c77c09ab_000000000146,0.390658,318.885921,335.688750,232.069633
18,141,11dd74426e8374ac110c4036c77c09ab_000000000147,0.390658,333.155284,336.302014,232.776723
18,142,11dd74426e8374ac110c4036c77c09ab_000000000148,0.390658,333.155284,334.415560,232.350133
18,143,11dd74426e8374ac110c4036c77c09ab_000000000149,0.383342,305.804555,328.157899,226.348209
18,144,11dd74426e8374ac110c4036c77c09ab_000000000150,0.390658,332.315910,337.979811,231.796144
18,145,11dd74426e8374ac110c4036c77c09ab_000000000151,0.390658,332.697444,335.725994,231.760641
19,115,11dd74426e8374ac110c4036c77c09ab_000000000121,0.383342,340.154298,266.972309,202.211049
19,116,11dd74426e8374ac110c4036c77c09ab_000000000122,0.383342,277.296106,268.235671,204.196662
19,117,11dd74426e8374ac110c4036c77c09ab_000000000123,0.383342,269.801616,267.796901,203.576188
19,118,11dd74426e8374ac110c4036c77c09ab_000000000124,0.376288,305.840708,263.687872,198.356323
19,119,11dd74426e8374ac110c4036c77c09ab_000000000125,0.376288,310.796460,264.018066,197.929095
19,120,11dd74426e8374ac110c4036c77c09ab_000000000126,0.376288,238.938053,261.618401,199.678661
19,121,11dd74426e8374ac110c4036c77c09ab_000000000127,0.383342,254.886113,265.801625,202.492869
19,122,11dd74426e8374ac110c4036c77c09ab_000000000128,0.383342,251.285819,265.606936,202.444437
19,123,11dd74426e8374ac110c4036c77c09ab_000000000129,0.383342,278.398237,267.637331,204.079465
19,124,11dd74426e8374ac110c4036c77c09ab_000000000130,0.383342,278.177810,267.407523,204.051107
19,125,11dd74426e8374ac110c4036c77c09ab_000000000131,0.383342,288.905217,269.840680,203.618421
19,126,11dd74426e8374ac110c4036c77c09ab_000000000132,0.383342,284.864071,268.798165,203.021040
19,127,11dd74426e8374ac110c4036c77c09ab_000000000133,0.383342,278.471712,268.797791,204.160887
19,128,11dd74426e8374ac110c4036c77c09ab_000000000134,0.383342,291.036003,267.349755,203.476399
19,129,11dd74426e8374ac110c4036c77c09ab_000000000135,0.383342,298.089640,268.555138,203.735337
19,130,11dd74426e8374ac110c4036c77c09ab_000000000136,0.383342,297.722263,265.947390,203.816947
19,131,11dd74426e8374ac110c4036c77c09ab_000000000137,0.383342,290.007348,266.185996,203.095116
19,132,11dd74426e8374ac110c4036c77c09ab_000000000138,0.376288,285.522124,261.283361,199.676066
19,133,11dd74426e8374ac110c4036c77c09ab_000000000139,0.376288,281.769912,262.157570,199.879207
19,134,11dd74426e8374ac110c4036c77c09ab_000000000140,0.383342,296.620132,266.595145,203.254850
19,135,11dd74426e8374ac110c4036c77c09ab_000000000141,0.383342,296.767083,265.750034,203.046894
19,136,11dd74426e8374ac110c4036c77c09ab_000000000142,0.383342,291.623806,265.240019,202.483955
19,137,11dd74426e8374ac110c4036c77c09ab_000000000143,0.390658,303.319344,270.539697,206.535126
19,138,11dd74426e8374ac110c4036c77c09ab_000000000144,0.390658,299.351393,271.043279,206.767055
19,139,11dd74426e8374ac110c4036c77c09ab_000000000145,0.390658,296.146509,270.066063,206.336435
19,140,11dd74426e8374ac110c4036c77c09ab_000000000146,0.390658,291.873331,270.736027,206.446736
19,141,11dd74426e8374ac110c4036c77c09ab_000000000147,0.390658,292.560092,270.772199,206.779954
19,142,11dd74426e8374ac110c4036c77c09ab_000000000148,0.390658,289.660435,269.743074,206.470604
19,143,11dd74426e8374ac110c4036c77c09ab_000000000149,0.383342,274.063189,265.143131,203.092145
19,144,11dd74426e8374ac110c4036c77c09ab_000000000150,0.390658,262.495231,274.778730,207.963301
19,145,11dd74426e8374ac110c4036c77c09ab_000000000151,0.390658,256.238077,271.733726,207.253279
20,115,11dd74426e8374ac110c4036c77c09ab_000000000121,0.383342,655.180015,345.910002,170.661643
20,116,11dd74426e8374ac110c4036c77c09ab_000000000122,0.383342,663.776635,341.333768,166.939154
20,117,11dd74426e8374ac110c4036c77c09ab_000000000123,0.383342,664.070536,341.058031,166.919933
20,118,11dd74426e8374ac110c4036c77c09ab_000000000124,0.376288,629.097345,334.657108,164.788068
20,119,11dd74426e8374ac110c4036c77c09ab_000000000125,0.376288,630.796460,334.458767,163.326253
20,120,11dd74426e8374ac110c4036c77c09ab_000000000126,0.376288,638.017699,335.557890,164.310921
20,121,11dd74426e8374ac110c4036c77c09ab_000000000127,0.383342,655.400441,343.332484,167.896291
20,122,11dd74426e8374ac110c4036c77c09ab_000000000128,0.383342,653.416605,344.491236,167.690524
20,123,11dd74426e8374ac110c4036c77c09ab_000000000129,0.383342,656.869949,341.391279,167.919770
20,124,11dd74426e8374ac110c4036c77c09ab_000000000130,0.383342,657.457752,341.003234,167.841003
20,125,11dd74426e8374ac110c4036c77c09ab_000000000131,0.383342,673.769287,342.441257,168.137096
20,126,11dd74426e8374ac110c4036c77c09ab_000000000132,0.383342,671.711976,342.814140,167.662026
20,127,11dd74426e8374ac110c4036c77c09ab_000000000133,0.383342,680.602498,342.735431,169.169561
20,128,11dd74426e8374ac110c4036c77c09ab_000000000134,0.383342,694.195445,342.834893,167.751532
20,129,11dd74426e8374ac110c4036c77c09ab_000000000135,0.383342,693.387215,343.473921,169.145193
20,130,11dd74426e8374ac110c4036c77c09ab_000000000136,0.383342,711.241734,343.902232,167.971537
20,131,11dd74426e8374ac110c4036c77c09ab_000000000137,0.383342,707.935342,344.210749,167.984955
20,132,11dd74426e8374ac110c4036c77c09ab_000000000138,0.376288,662.088496,335.814085,166.973969
20,133,11dd74426e8374ac110c4036c77c09ab_000000000139,0.376288,662.584071,337.925103,166.103320
20,134,11dd74426e8374ac110c4036c77c09ab_000000000140,0.383342,713.445996,345.331808,168.450328
20,135,11dd74426e8374ac110c4036c77c09ab_000000000141,0.383342,717.119765,345.968823,169.121152
20,136,11dd74426e8374ac110c4036c77c09ab_000000000142,0.383342,721.381337,344.510960,168.677516
20,137,11dd74426e8374ac110c4036c77c09ab_000000000143,0.390658,750.247997,349.948141,171.238083
20,138,11dd74426e8374ac110c4036c77c09ab_000000000144,0.390658,748.416635,349.986696,171.841548
20,139,11dd74426e8374ac110c4036c77c09ab_000000000145,0.390658,743.227776,349.871077,171.996831
20,140,11dd74426e8374ac110c4036c77c09ab_000000000146,0.390658,741.930561,350.568320,171.488575
20,141,11dd74426e8374ac110c4036c77c09ab_000000000147,0.390658,728.576879,349.967597,172.227759
20,142,11dd74426e8374ac110c4036c77c09ab_000000000148,0.390658,731.934376,348.397289,171.649080
20,143,11dd74426e8374ac110c4036c77c09ab_000000000149,0.383342,686.113152,341.417039,167.545905
20,144,11dd74426e8374ac110c4036c77c09ab_000000000150,0.390658,707.821442,351.897806,172.068565
20,145,11dd74426e8374ac110c4036c77c09ab_000000000151,0.390658,703.395651,349.179319,171.909097
21,146,11dd74426e8374ac110c4036c77c09ab_000000000152,0.390658,100.724914,371.789736,246.622232
22,146,11dd74426e8374ac110c4036c77c09ab_000000000152,0.390658,333.307898,336.621069,231.844953
23,146,11dd74426e8374ac110c4036c77c09ab_000000000152,0.390658,1.678749,283.359610,213.436540
24,146,11dd74426e8374ac110c4036c77c09ab_000000000152,0.390658,207.935902,270.692560,207.352016
25,146,11dd74426e8374ac110c4036c77c09ab_000000000152,0.390658,699.275086,351.448015,171.042003
26,147,11dd74426e8374ac110c4036c77c09ab_000000000153,0.390658,94.315147,371.580792,246.578097
26,148,11dd74426e8374ac110c4036c77c09ab_000000000154,0.390658,85.997711,372.027387,246.441639
26,149,11dd74426e8374ac110c4036c77c09ab_000000000155,0.390658,85.387257,371.439493,246.380932
26,150,11dd74426e8374ac110c4036c77c09ab_000000000156,0.390658,83.708508,371.529885,245.734382
26,151,11dd74426e8374ac110c4036c77c09ab_000000000157,0.390658,79.282717,372.503525,245.956893
26,152,11dd74426e8374ac110c4036c77c09ab_000000000158,0.388955,81.694402,370.414657,244.920289
26,153,11dd74426e8374ac110c4036c77c09ab_000000000159,0.390658,85.310950,373.291493,246.940118
27,147,11dd74426e8374ac110c4036c77c09ab_000000000153,0.390658,329.187333,337.339317,231.373488
27,148,11dd74426e8374ac110c4036c77c09ab_000000000154,0.390658,311.255246,337.177608,230.724315
27,149,11dd74426e8374ac110c4036c77c09ab_000000000155,0.390658,320.183136,336.413198,231.006960
27,150,11dd74426e8374ac110c4036c77c09ab_000000000156,0.390658,248.454788,336.349058,230.562511
27,151,11dd74426e8374ac110c4036c77c09ab_000000000157,0.390658,246.699733,336.520662,229.551937
27,152,11dd74426e8374ac110c4036c77c09ab_000000000158,0.388955,242.360061,333.844989,229.282065
27,153,11dd74426e8374ac110c4036c77c09ab_000000000159,0.390658,221.365891,337.442084,230.475218
28,147,11dd74426e8374ac110c4036c77c09ab_000000000153,0.390658,213.429989,272.940035,207.336327
28,148,11dd74426e8374ac110c4036c77c09ab_000000000154,0.390658,168.332697,269.298434,206.170696
28,149,11dd74426e8374ac110c4036c77c09ab_000000000155,0.390658,169.706219,265.886783,203.924509
28,150,11dd74426e8374ac110c4036c77c09ab_000000000156,0.390658,144.524990,264.324581,202.363213
28,151,11dd74426e8374ac110c4036c77c09ab_000000000157,0.390658,149.637543,266.376512,202.393638
28,152,11dd74426e8374ac110c4036c77c09ab_000000000158,0.388955,141.452345,264.767412,202.577048
28,153,11dd74426e8374ac110c4036c77c09ab_000000000159,0.390658,159.481114,266.706463,202.371559
29,147,11dd74426e8374ac110c4036c77c09ab_000000000153,0.390658,698.817245,353.090308,172.393020
29,148,11dd74426e8374ac110c4036c77c09ab_000000000154,0.390658,717.130866,353.938911,172.872342
29,149,11dd74426e8374ac110c4036c77c09ab_000000000155,0.390658,704.006105,350.360449,172.422611
29,150,11dd74426e8374ac110c4036c77c09ab_000000000156,0.390658,720.946204,352.658997,170.945782
29,151,11dd74426e8374ac110c4036c77c09ab_000000000157,0.390658,731.171309,350.802633,169.895770
29,152,11dd74426e8374ac110c4036c77c09ab_000000000158,0.388955,749.924357,350.401260,170.421807
29,153,11dd74426e8374ac110c4036c77c09ab_000000000159,0.390658,728.271652,351.440266,171.176888
30,154,11dd74426e8374ac110c4036c77c09ab_000000000160,0.383342,0.358193,374.692184,244.041187
31,154,11dd74426e8374ac110c4036c77c09ab_000000000160,0.383342,76.193975,364.995846,240.944412
32,154,11dd74426e8374ac110c4036c77c09ab_000000000160,0.383342,200.808229,328.930852,225.169663
33,154,11dd74426e8374ac110c4036c77c09ab_000000000160,0.383342,162.160176,260.910416,197.391272
34,154,11dd74426e8374ac110c4036c77c09ab_000000000160,0.383342,719.691403,344.347763,168.570052
35,155,11dd74426e8374ac110c4036c77c09ab_000000000161,0.383342,71.565026,367.114028,240.929649
35,156,11dd74426e8374ac110c4036c77c09ab_000000000162,0.383342,72.373255,364.547624,241.234094
35,157,11dd74426e8374ac110c4036c77c09ab_000000000163,0.376288,66.761062,358.671374,237.597406
35,158,11dd74426e8374ac110c4036c77c09ab_000000000164,0.383342,70.756796,364.899800,242.802463
35,159,11dd74426e8374ac110c4036c77c09ab_000000000165,0.383342,68.699486,363.404267,241.713810
35,160,11dd74426e8374ac110c4036c77c09ab_000000000166,0.383342,69.360764,365.592360,242.017156
35,161,11dd74426e8374ac110c4036c77c09ab_000000000167,0.383342,73.622337,363.479723,241.770899
35,162,11dd74426e8374ac110c4036c77c09ab_000000000168,0.390658,82.106066,372.075576,247.177818
35,163,11dd74426e8374ac110c4036c77c09ab_000000000169,0.398252,89.294211,379.665941,252.506055
35,164,11dd74426e8374ac110c4036c77c09ab_000000000170,0.390658,108.126669,373.854447,246.581101
35,165,11dd74426e8374ac110c4036c77c09ab_000000000171,0.390658,106.447921,374.750976,247.450067
35,166,11dd74426e8374ac110c4036c77c09ab_000000000172,0.390658,107.516215,373.434604,246.287250
35,167,11dd74426e8374ac110c4036c77c09ab_000000000173,0.390658,110.873712,375.438609,246.201889
35,168,11dd74426e8374ac110c4036c77c09ab_000000000174,0.390658,113.849676,375.655397,246.319272
36,155,11dd74426e8374ac110c4036c77c09ab_000000000161,0.383342,208.817046,330.612230,224.945025
36,156,11dd74426e8374ac110c4036c77c09ab_000000000162,0.383342,197.281411,329.253150,225.069733
36,157,11dd74426e8374ac110c4036c77c09ab_000000000163,0.376288,199.008850,322.438256,219.829334
36,158,11dd74426e8374ac110c4036c77c09ab_000000000164,0.383342,201.469508,329.007923,225.029162
36,159,11dd74426e8374ac110c4036c77c09ab_000000000165,0.383342,199.412197,326.197321,224.651927
36,160,11dd74426e8374ac110c4036c77c09ab_000000000166,0.383342,221.013960,329.061363,224.828062
36,161,11dd74426e8374ac110c4036c77c09ab_000000000167,0.383342,243.350478,328.890539,224.736766
36,162,11dd74426e8374ac110c4036c77c09ab_000000000168,0.390658,258.679893,338.847585,230.183703
36,163,11dd74426e8374ac110c4036c77c09ab_000000000169,0.398252,281.363997,342.797801,234.097763
36,164,11dd74426e8374ac110c4036c77c09ab_000000000170,0.390658,285.539870,337.706489,230.022328
36,165,11dd74426e8374ac110c4036c77c09ab_000000000171,0.390658,290.118275,342.802208,231.311756
36,166,11dd74426e8374ac110c4036c77c09ab_000000000172,0.390658,290.423502,340.923455,230.173713
36,167,11dd74426e8374ac110c4036c77c09ab_000000000173,0.390658,276.077833,340.417250,229.889470
36,168,11dd74426e8374ac110c4036c77c09ab_000000000174,0.390658,276.688287,340.174948,230.265130
37,155,11dd74426e8374ac110c4036c77c09ab_000000000161,0.383342,170.168993,263.450382,196.108012
37,156,11dd74426e8374ac110c4036c77c09ab_000000000162,0.383342,172.887583,262.480727,196.745202
37,157,11dd74426e8374ac110c4036c77c09ab_000000000163,0.376288,179.539823,255.344877,192.645337
37,158,11dd74426e8374ac110c4036c77c09ab_000000000164,0.383342,184.643644,260.118066,196.797495
37,159,11dd74426e8374ac110c4036c77c09ab_000000000165,0.383342,188.684791,260.183953,196.241306
37,160,11dd74426e8374ac110c4036c77c09ab_000000000166,0.383342,145.848641,262.252650,196.931305
37,161,11dd74426e8374ac110c4036c77c09ab_000000000167,0.383342,142.321822,260.836879,195.310736
37,162,11dd74426e8374ac110c4036c77c09ab_000000000168,0.390658,175.352919,266.399354,200.009097
37,163,11dd74426e8374ac110c4036c77c09ab_000000000169,0.398252,197.224425,270.829491,203.116643
37,164,11dd74426e8374ac110c4036c77c09ab_000000000170,0.390658,74.017551,265.632941,204.671442
37,165,11dd74426e8374ac110c4036c77c09ab_000000000171,0.390658,175.123998,276.012960,207.370257
37,166,11dd74426e8374ac110c4036c77c09ab_000000000172,0.390658,159.328501,273.244998,205.557384
37,167,11dd74426e8374ac110c4036c77c09ab_000000000173,0.390658,284.929416,274.270498,207.758697
37,168,11dd74426e8374ac110c4036c77c09ab_000000000174,0.390658,307.439908,274.627393,208.460970
38,155,11dd74426e8374ac110c4036c77c09ab_000000000161,0.383342,688.170463,347.284056,168.843239
38,156,11dd74426e8374ac110c4036c77c09ab_000000000162,0.383342,691.403380,345.855252,169.510425
38,157,11dd74426e8374ac110c4036c77c09ab_000000000163,0.376288,727.362832,338.076247,163.643528
38,158,11dd74426e8374ac110c4036c77c09ab_000000000164,0.383342,746.583395,345.714401,167.599824
38,159,11dd74426e8374ac110c4036c77c09ab_000000000165,0.383342,752.534901,343.214936,169.313069
38,160,11dd74426e8374ac110c4036c77c09ab_000000000166,0.383342,721.675239,344.734966,167.663675
38,161,11dd74426e8374ac110c4036c77c09ab_000000000167,0.383342,735.268185,342.599423,167.453696
38,162,11dd74426e8374ac110c4036c77c09ab_000000000168,0.390658,770.164060,351.521931,171.523304
38,163,11dd74426e8374ac110c4036c77c09ab_000000000169,0.398252,803.013481,357.059309,174.234717
38,164,11dd74426e8374ac110c4036c77c09ab_000000000170,0.390658,821.518504,352.205487,170.262858
38,165,11dd74426e8374ac110c4036c77c09ab_000000000171,0.390658,781.457459,353.559508,171.351473
38,166,11dd74426e8374ac110c4036c77c09ab_000000000172,0.390658,782.296833,352.127803,170.158624
38,167,11dd74426e8374ac110c4036c77c09ab_000000000173,0.390658,755.284243,352.064379,170.945972
38,168,11dd74426e8374ac110c4036c77c09ab_000000000174,0.390658,753.834414,350.441947,172.613457
39,169,11dd74426e8374ac110c4036c77c09ab_000000000175,0.390658,325.944296,275.782390,208.938420
39,170,11dd74426e8374ac110c4036c77c09ab_000000000176,0.390658,314.917970,274.106047,209.678819
39,171,11dd74426e8374ac110c4036c77c09ab_000000000177,0.390658,306.447921,273.124038,208.702866
39,172,11dd74426e8374ac110c4036c77c09ab_000000000178,0.390658,306.829454,274.426508,210.085452
39,173,11dd74426e8374ac110c4036c77c09ab_000000000179,0.390658,299.732926,274.546276,210.585506
39,174,11dd74426e8374ac110c4036c77c09ab_000000000180,0.383342,285.819251,269.456262,205.303565
39,175,11dd74426e8374ac110c4036c77c09ab_000000000181,0.383342,284.717120,269.159935,205.105413
39,176,11dd74426e8374ac110c4036c77c09ab_000000000182,0.381732,280.072860,266.190518,204.741602
39,177,11dd74426e8374ac110c4036c77c09ab_000000000183,0.381732,278.688525,267.699600,205.338711
39,178,11dd74426e8374ac110c4036c77c09ab_000000000184,0.376288,255.504425,263.575357,201.128832
39,179,11dd74426e8374ac110c4036c77c09ab_000000000185,0.376288,256.141593,262.584087,200.488126
39,180,11dd74426e8374ac110c4036c77c09ab_000000000186,0.376288,248.495575,262.936627,201.684629
39,181,11dd74426e8374ac110c4036c77c09ab_000000000187,0.383342,247.171198,269.081600,206.412855
39,182,11dd74426e8374ac110c4036c77c09ab_000000000188,0.383342,246.730345,269.288901,206.045634
39,183,11dd74426e8374ac110c4036c77c09ab_000000000189,0.383342,247.391624,267.244209,204.801576
39,184,11dd74426e8374ac110c4036c77c09ab_000000000190,0.383342,246.509919,267.449825,205.496710
39,185,11dd74426e8374ac110c4036c77c09ab_000000000191,0.390658,246.012972,274.426461,209.764323
39,186,11dd74426e8374ac110c4036c77c09ab_000000000192,0.390658,244.334224,274.511941,209.365034
39,187,11dd74426e8374ac110c4036c77c09ab_000000000193,0.376288,222.442478,264.724020,202.330341
39,188,11dd74426e8374ac110c4036c77c09ab_000000000194,0.383342,214.401176,269.339556,206.202163
39,189,11dd74426e8374ac110c4036c77c09ab_000000000195,0.383342,213.519471,269.133940,205.748301
39,190,11dd74426e8374ac110c4036c77c09ab_000000000196,0.383342,192.432035,268.696060,207.149052
39,191,11dd74426e8374ac110c4036c77c09ab_000000000197,0.383342,193.460691,268.411712,206.933703
39,192,11dd74426e8374ac110c4036c77c09ab_000000000198,0.383342,205.951506,266.840957,206.699589
39,193,11dd74426e8374ac110c4036c77c09ab_000000000199,0.383342,205.878031,268.053640,206.204806
39,194,11dd74426e8374ac110c4036c77c09ab_000000000200,0.383342,213.225569,265.381409,205.890463
39,195,11dd74426e8374ac110c4036c77c09ab_000000000201,0.383342,213.666422,267.310868,206.075045
39,196,11dd74426e8374ac110c4036c77c09ab_000000000202,0.383342,211.903012,265.147810,206.476402
39,197,11dd74426e8374ac110c4036c77c09ab_000000000203,0.383342,218.515797,268.730500,207.066062
39,198,11dd74426e8374ac110c4036c77c09ab_000000000204,0.383342,214.327700,268.336373,206.154315
39,199,11dd74426e8374ac110c4036c77c09ab_000000000205,0.392232,228.384615,273.885136,211.372568
39,200,11dd74426e8374ac110c4036c77c09ab_000000000206,0.390658,226.249523,272.134374,210.679665
39,201,11dd74426e8374ac110c4036c77c09ab_000000000207,0.383342,220.646583,266.968706,206.336697
39,202,11dd74426e8374ac110c4036c77c09ab_000000000208,0.383342,220.499633,266.032977,206.425396
39,203,11dd74426e8374ac110c4036c77c09ab_000000000209,0.390658,231.590996,271.449960,210.093440
39,204,11dd74426e8374ac110c4036c77c09ab_000000000210,0.383342,227.479794,267.237120,206.949730
39,205,11dd74426e8374ac110c4036c77c09ab_000000000211,0.383342,227.994122,267.098912,206.306585
39,206,11dd74426e8374ac110c4036c77c09ab_000000000212,0.376288,228.672566,263.971811,202.572710
39,207,11dd74426e8374ac110c4036c77c09ab_000000000213,0.376288,230.867257,263.388591,202.836690
39,208,11dd74426e8374ac110c4036c77c09ab_000000000214,0.383342,242.248347,267.704458,206.146828
39,209,11dd74426e8374ac110c4036c77c09ab_000000000215,0.383342,241.587068,269.290702,205.695540
39,210,11dd74426e8374ac110c4036c77c09ab_000000000216,0.383342,232.255694,266.821794,206.371231
39,211,11dd74426e8374ac110c4036c77c09ab_000000000217,0.383342,226.965467,267.121467,205.884146
39,212,11dd74426e8374ac110c4036c77c09ab_000000000218,0.383342,228.214548,267.245613,205.797553
39,213,11dd74426e8374ac110c4036c77c09ab_000000000219,0.383342,225.128582,269.637848,206.527947
39,214,11dd74426e8374ac110c4036c77c09ab_000000000220,0.383342,221.160911,268.445264,206.374952
39,215,11dd74426e8374ac110c4036c77c09ab_000000000221,0.383342,212.931668,267.763864,206.629140
39,216,11dd74426e8374ac110c4036c77c09ab_000000000222,0.376288,204.035398,262.429773,202.676818
39,217,11dd74426e8374ac110c4036c77c09ab_000000000223,0.390658,208.698970,273.102578,211.295767
39,218,11dd74426e8374ac110c4036c77c09ab_000000000224,0.383342,203.012491,266.271513,206.648700
39,219,11dd74426e8374ac110c4036c77c09ab_000000000225,0.383342,201.322557,267.410728,207.126216
39,220,11dd74426e8374ac110c4036c77c09ab_000000000226,0.383342,205.290228,265.919126,206.894700
39,221,11dd74426e8374ac110c4036c77c09ab_000000000227,0.383342,202.498163,267.354621,207.395051
39,222,11dd74426e8374ac110c4036c77c09ab_000000000228,0.383342,201.469508,266.927901,207.090325
39,223,11dd74426e8374ac110c4036c77c09ab_000000000229,0.383342,200.220426,268.858203,207.211125
39,224,11dd74426e8374ac110c4036c77c09ab_000000000230,0.383342,222.189566,268.357641,206.609767
39,225,11dd74426e8374ac110c4036c77c09ab_000000000231,0.383342,229.243204,270.072407,206.526683
39,226,11dd74426e8374ac110c4036c77c09ab_000000000232,0.383342,232.990448,267.966321,206.572355
39,227,11dd74426e8374ac110c4036c77c09ab_000000000233,0.376288,192.707965,265.652178,202.771143
39,228,11dd74426e8374ac110c4036c77c09ab_000000000234,0.376288,194.407080,265.095646,202.584561
39,229,11dd74426e8374ac110c4036c77c09ab_000000000235,0.376288,197.026549,263.771655,203.065761
39,230,11dd74426e8374ac110c4036c77c09ab_000000000236,0.376288,200.849558,264.260963,201.898197
39,231,11dd74426e8374ac110c4036c77c09ab_000000000237,0.376288,201.132743,264.438359,203.184362
39,232,11dd74426e8374ac110c4036c77c09ab_000000000238,0.376288,198.300885,265.187215,203.291433
39,233,11dd74426e8374ac110c4036c77c09ab_000000000239,0.376288,196.035398,265.873601,203.581252
39,234,11dd74426e8374ac110c4036c77c09ab_000000000240,0.376288,195.256637,263.824318,202.173960
39,235,11dd74426e8374ac110c4036c77c09ab_000000000241,0.376288,198.017699,263.672484,202.173087
40,169,11dd74426e8374ac110c4036c77c09ab_000000000175,0.390658,205.646700,375.965606,246.712004
40,170,11dd74426e8374ac110c4036c77c09ab_000000000176,0.390658,188.325067,373.273444,249.004925
40,171,11dd74426e8374ac110c4036c77c09ab_000000000177,0.390658,182.525754,373.015238,247.588147
40,172,11dd74426e8374ac110c4036c77c09ab_000000000178,0.390658,179.168256,373.830770,248.861027
40,173,11dd74426e8374ac110c4036c77c09ab_000000000179,0.390658,182.220527,374.713350,247.830520
40,174,11dd74426e8374ac110c4036c77c09ab_000000000180,0.383342,176.340926,368.637731,243.167531
40,175,11dd74426e8374ac110c4036c77c09ab_000000000181,0.383342,176.634827,368.353688,243.210466
40,176,11dd74426e8374ac110c4036c77c09ab_000000000182,0.381732,179.234973,363.436499,242.617948
40,177,11dd74426e8374ac110c4036c77c09ab_000000000183,0.381732,178.652095,364.279041,243.013706
40,178,11dd74426e8374ac110c4036c77c09ab_000000000184,0.376288,171.893805,359.898422,238.902334
40,179,11dd74426e8374ac110c4036c77c09ab_000000000185,0.376288,173.592920,359.884987,239.257907
40,180,11dd74426e8374ac110c4036c77c09ab_000000000186,0.376288,166.654867,357.577970,237.676067
40,181,11dd74426e8374ac110c4036c77c09ab_000000000187,0.383342,175.018369,366.638501,242.511752
40,182,11dd74426e8374ac110c4036c77c09ab_000000000188,0.383342,173.989713,367.031576,242.939712
40,183,11dd74426e8374ac110c4036c77c09ab_000000000189,0.383342,173.548861,366.341308,241.604731
40,184,11dd74426e8374ac110c4036c77c09ab_000000000190,0.383342,171.565026,366.621632,241.871578
40,185,11dd74426e8374ac110c4036c77c09ab_000000000191,0.390658,170.621900,372.081871,246.616390
40,186,11dd74426e8374ac110c4036c77c09ab_000000000192,0.390658,169.324685,373.211163,246.219414
40,187,11dd74426e8374ac110c4036c77c09ab_000000000193,0.376288,160.991150,360.089598,236.769130
40,188,11dd74426e8374ac110c4036c77c09ab_000000000194,0.383342,172.005878,365.755650,242.118419
40,189,11dd74426e8374ac110c4036c77c09ab_000000000195,0.383342,172.079353,367.272685,242.180071
40,190,11dd74426e8374ac110c4036c77c09ab_000000000196,0.383342,150.183688,367.927716,242.077848
40,191,11dd74426e8374ac110c4036c77c09ab_000000000197,0.383342,150.918442,366.411594,241.973871
40,192,11dd74426e8374ac110c4036c77c09ab_000000000198,0.383342,139.823659,366.119595,242.352626
40,193,11dd74426e8374ac110c4036c77c09ab_000000000199,0.383342,137.105070,367.331693,241.611329
40,194,11dd74426e8374ac110c4036c77c09ab_000000000200,0.383342,140.117561,367.071726,240.797547
40,195,11dd74426e8374ac110c4036c77c09ab_000000000201,0.383342,129.610580,368.956309,241.727801
40,196,11dd74426e8374ac110c4036c77c09ab_000000000202,0.383342,128.434974,367.265923,240.952344
40,197,11dd74426e8374ac110c4036c77c09ab_000000000203,0.383342,135.341661,368.882023,242.045934
40,198,11dd74426e8374ac110c4036c77c09ab_000000000204,0.383342,136.443791,369.601467,241.347197
40,199,11dd74426e8374ac110c4036c77c09ab_000000000205,0.392232,131.692308,376.224003,246.992831
40,200,11dd74426e8374ac110c4036c77c09ab_000000000206,0.390658,131.552842,374.781234,246.050766
40,201,11dd74426e8374ac110c4036c77c09ab_000000000207,0.383342,130.271859,367.193322,241.450800
40,202,11dd74426e8374ac110c4036c77c09ab_000000000208,0.383342,130.271859,367.105956,241.368886
40,203,11dd74426e8374ac110c4036c77c09ab_000000000209,0.390658,136.207554,375.410616,246.520991
40,204,11dd74426e8374ac110c4036c77c09ab_000000000210,0.383342,133.137399,366.994515,241.352812
40,205,11dd74426e8374ac110c4036c77c09ab_000000000211,0.383342,131.447465,367.027294,240.682011
40,206,11dd74426e8374ac110c4036c77c09ab_000000000212,0.376288,107.752212,363.052547,237.765638
40,207,11dd74426e8374ac110c4036c77c09ab_000000000213,0.376288,107.823009,362.426541,237.971581
40,208,11dd74426e8374ac110c4036c77c09ab_000000000214,0.383342,111.903012,369.238668,242.188354
40,209,11dd74426e8374ac110c4036c77c09ab_000000000215,0.383342,110.433505,370.012441,241.302859
40,210,11dd74426e8374ac110c4036c77c09ab_000000000216,0.383342,119.764879,369.956661,242.341653
40,211,11dd74426e8374ac110c4036c77c09ab_000000000217,0.383342,114.107274,367.934525,241.429205
40,212,11dd74426e8374ac110c4036c77c09ab_000000000218,0.383342,111.756062,368.032396,241.709224
40,213,11dd74426e8374ac110c4036c77c09ab_000000000219,0.383342,114.695077,368.754999,241.645279
40,214,11dd74426e8374ac110c4036c77c09ab_000000000220,0.383342,116.385011,370.046741,242.345163
40,215,11dd74426e8374ac110c4036c77c09ab_000000000221,0.383342,116.385011,369.017704,241.693337
40,216,11dd74426e8374ac110c4036c77c09ab_000000000222,0.376288,110.725664,363.564500,236.600692
40,217,11dd74426e8374ac110c4036c77c09ab_000000000223,0.390658,111.942007,376.431014,246.089012
40,218,11dd74426e8374ac110c4036c77c09ab_000000000224,0.383342,126.598090,368.339790,241.135241
40,219,11dd74426e8374ac110c4036c77c09ab_000000000225,0.383342,127.700220,369.282047,241.445559
40,220,11dd74426e8374ac110c4036c77c09ab_000000000226,0.383342,133.357825,367.371399,242.023333
40,221,11dd74426e8374ac110c4036c77c09ab_000000000227,0.383342,132.035268,368.940142,241.726982
40,222,11dd74426e8374ac110c4036c77c09ab_000000000228,0.383342,126.524614,368.871213,241.586084
40,223,11dd74426e8374ac110c4036c77c09ab_000000000229,0.383342,126.891991,369.046108,241.592073
40,224,11dd74426e8374ac110c4036c77c09ab_000000000230,0.383342,117.854519,371.421497,240.150729
40,225,11dd74426e8374ac110c4036c77c09ab_000000000231,0.383342,120.940485,369.068663,242.079837
40,226,11dd74426e8374ac110c4036c77c09ab_000000000232,0.383342,122.263042,370.316442,241.488213
40,227,11dd74426e8374ac110c4036c77c09ab_000000000233,0.376288,116.106195,365.490406,237.082765
40,228,11dd74426e8374ac110c4036c77c09ab_000000000234,0.376288,117.026549,363.357707,236.927877
40,229,11dd74426e8374ac110c4036c77c09ab_000000000235,0.376288,113.415929,363.849404,237.202629
40,230,11dd74426e8374ac110c4036c77c09ab_000000000236,0.376288,112.212389,363.991017,236.567757
40,231,11dd74426e8374ac110c4036c77c09ab_000000000237,0.376288,112.424779,364.065453,237.296104
40,232,11dd74426e8374ac110c4036c77c09ab_000000000238,0.376288,101.097345,364.682778,236.821862
40,233,11dd74426e8374ac110c4036c77c09ab_000000000239,0.376288,96.849558,364.096917,237.778913
40,234,11dd74426e8374ac110c4036c77c09ab_000000000240,0.376288,101.734513,363.156013,236.128150
40,235,11dd74426e8374ac110c4036c77c09ab_000000000241,0.376288,97.274336,364.338000,236.605951
41,169,11dd74426e8374ac110c4036c77c09ab_000000000175,0.390658,363.410912,345.165253,234.776984
41,170,11dd74426e8374ac110c4036c77c09ab_000000000176,0.390658,346.127432,344.352512,236.880943
41,171,11dd74426e8374ac110c4036c77c09ab_000000000177,0.390658,350.705837,341.777566,236.560410
41,172,11dd74426e8374ac110c4036c77c09ab_000000000178,0.390658,350.400610,344.549033,238.014408
41,173,11dd74426e8374ac110c4036c77c09ab_000000000179,0.390658,350.400610,347.041813,237.517002
41,174,11dd74426e8374ac110c4036c77c09ab_000000000180,0.383342,335.488611,338.206577,231.956358
41,175,11dd74426e8374ac110c4036c77c09ab_000000000181,0.383342,336.223365,337.828640,232.318244
41,176,11dd74426e8374ac110c4036c77c09ab_000000000182,0.381732,342.732240,334.606001,231.866328
41,177,11dd74426e8374ac110c4036c77c09ab_000000000183,0.381732,344.918033,335.810121,232.417305
41,178,11dd74426e8374ac110c4036c77c09ab_000000000184,0.376288,312.495575,328.259908,227.232021
41,179,11dd74426e8374ac110c4036c77c09ab_000000000185,0.376288,310.654867,329.034510,227.466673
41,180,11dd74426e8374ac110c4036c77c09ab_000000000186,0.376288,293.238938,330.815104,226.951298
41,181,11dd74426e8374ac110c4036c77c09ab_000000000187,0.383342,298.310066,337.463946,231.570489
41,182,11dd74426e8374ac110c4036c77c09ab_000000000188,0.383342,300.955180,338.955572,230.993699
41,183,11dd74426e8374ac110c4036c77c09ab_000000000189,0.383342,297.281411,337.485285,231.243652
41,184,11dd74426e8374ac110c4036c77c09ab_000000000190,0.383342,296.399706,339.452203,232.265366
41,185,11dd74426e8374ac110c4036c77c09ab_000000000191,0.390658,301.259061,342.406400,235.064088
41,186,11dd74426e8374ac110c4036c77c09ab_000000000192,0.390658,296.528043,344.227880,235.386052
41,187,11dd74426e8374ac110c4036c77c09ab_000000000193,0.376288,272.707965,331.393225,227.043969
41,188,11dd74426e8374ac110c4036c77c09ab_000000000194,0.383342,286.847906,340.896660,231.863681
41,189,11dd74426e8374ac110c4036c77c09ab_000000000195,0.383342,285.672300,340.324244,231.679450
41,190,11dd74426e8374ac110c4036c77c09ab_000000000196,0.383342,270.977223,341.410979,232.567963
41,191,11dd74426e8374ac110c4036c77c09ab_000000000197,0.383342,268.479060,339.252367,232.122993
41,192,11dd74426e8374ac110c4036c77c09ab_000000000198,0.383342,271.565026,340.687581,233.207833
41,193,11dd74426e8374ac110c4036c77c09ab_000000000199,0.383342,268.626010,339.745395,233.012980
41,194,11dd74426e8374ac110c4036c77c09ab_000000000200,0.383342,280.969875,335.555076,231.552965
41,195,11dd74426e8374ac110c4036c77c09ab_000000000201,0.383342,268.479060,339.926630,232.795502
41,196,11dd74426e8374ac110c4036c77c09ab_000000000202,0.383342,269.213813,336.497356,232.002450
41,197,11dd74426e8374ac110c4036c77c09ab_000000000203,0.383342,285.231447,336.922720,232.174982
41,198,11dd74426e8374ac110c4036c77c09ab_000000000204,0.383342,278.912564,334.966962,230.570441
41,199,11dd74426e8374ac110c4036c77c09ab_000000000205,0.392232,289.692308,346.675823,237.172732
41,200,11dd74426e8374ac110c4036c77c09ab_000000000206,0.390658,280.656238,345.239384,236.840623
41,201,11dd74426e8374ac110c4036c77c09ab_000000000207,0.383342,280.822924,338.009829,232.445689
41,202,11dd74426e8374ac110c4036c77c09ab_000000000208,0.383342,283.908891,338.182080,232.060101
41,203,11dd74426e8374ac110c4036c77c09ab_000000000209,0.390658,296.528043,343.063513,236.409883
41,204,11dd74426e8374ac110c4036c77c09ab_000000000210,0.383342,269.507715,338.267691,231.811786
41,205,11dd74426e8374ac110c4036c77c09ab_000000000211,0.383342,268.772961,337.306225,231.790681
41,206,11dd74426e8374ac110c4036c77c09ab_000000000212,0.376288,252.743363,333.659613,228.184134
41,207,11dd74426e8374ac110c4036c77c09ab_000000000213,0.376288,259.681416,333.629848,227.732974
41,208,11dd74426e8374ac110c4036c77c09ab_000000000214,0.383342,272.152829,339.698226,232.200906
41,209,11dd74426e8374ac110c4036c77c09ab_000000000215,0.383342,273.475386,342.532413,231.691945
41,210,11dd74426e8374ac110c4036c77c09ab_000000000216,0.383342,268.038207,339.332362,232.196508
41,211,11dd74426e8374ac110c4036c77c09ab_000000000217,0.383342,262.013226,336.874615,232.915765
41,212,11dd74426e8374ac110c4036c77c09ab_000000000218,0.383342,259.955915,335.878100,231.919343
41,213,11dd74426e8374ac110c4036c77c09ab_000000000219,0.383342,260.396767,340.133767,233.408091
41,214,11dd74426e8374ac110c4036c77c09ab_000000000220,0.383342,258.927259,339.303279,233.742555
41,215,11dd74426e8374ac110c4036c77c09ab_000000000221,0.383342,250.698016,339.496728,232.379779
41,216,11dd74426e8374ac110c4036c77c09ab_000000000222,0.376288,242.265487,332.633088,228.271201
41,217,11dd74426e8374ac110c4036c77c09ab_000000000223,0.390658,245.097291,345.017112,237.855537
41,218,11dd74426e8374ac110c4036c77c09ab_000000000224,0.383342,251.579721,338.861795,232.722503
41,219,11dd74426e8374ac110c4036c77c09ab_000000000225,0.383342,252.314475,339.423846,233.169555
41,220,11dd74426e8374ac110c4036c77c09ab_000000000226,0.383342,246.436444,340.110697,233.611109
41,221,11dd74426e8374ac110c4036c77c09ab_000000000227,0.383342,243.791330,338.353489,233.240379
41,222,11dd74426e8374ac110c4036c77c09ab_000000000228,0.383342,244.673035,340.338166,233.347258
41,223,11dd74426e8374ac110c4036c77c09ab_000000000229,0.383342,247.024247,340.152532,233.139139
41,224,11dd74426e8374ac110c4036c77c09ab_000000000230,0.383342,249.081558,340.802088,232.349690
41,225,11dd74426e8374ac110c4036c77c09ab_000000000231,0.383342,257.163850,341.358733,232.962068
41,226,11dd74426e8374ac110c4036c77c09ab_000000000232,0.383342,259.221161,340.474479,233.407389
41,227,11dd74426e8374ac110c4036c77c09ab_000000000233,0.376288,270.442478,336.606302,228.675440
41,228,11dd74426e8374ac110c4036c77c09ab_000000000234,0.376288,278.088496,336.712684,228.461550
41,229,11dd74426e8374ac110c4036c77c09ab_000000000235,0.376288,281.203540,335.412625,228.576568
41,230,11dd74426e8374ac110c4036c77c09ab_000000000236,0.376288,285.026549,338.198660,228.613912
41,231,11dd74426e8374ac110c4036c77c09ab_000000000237,0.376288,292.955752,336.365495,228.761290
41,232,11dd74426e8374ac110c4036c77c09ab_000000000238,0.376288,302.159292,338.351183,229.361505
41,233,11dd74426e8374ac110c4036c77c09ab_000000000239,0.376288,323.823009,338.650624,229.742272
41,234,11dd74426e8374ac110c4036c77c09ab_000000000240,0.376288,344.920354,336.754392,228.852721
41,235,11dd74426e8374ac110c4036c77c09ab_000000000241,0.376288,350.300885,340.673519,229.191091
42,169,11dd74426e8374ac110c4036c77c09ab_000000000175,0.390658,367.760397,287.367453,158.132032
42,170,11dd74426e8374ac110c4036c77c09ab_000000000176,0.390658,350.400610,285.009987,155.990520
42,171,11dd74426e8374ac110c4036c77c09ab_000000000177,0.390658,329.187333,287.063396,157.520807
42,172,11dd74426e8374ac110c4036c77c09ab_000000000178,0.390658,343.533003,285.793925,157.228970
42,173,11dd74426e8374ac110c4036c77c09ab_000000000179,0.390658,326.898130,288.144548,156.354353
42,174,11dd74426e8374ac110c4036c77c09ab_000000000180,0.383342,314.033799,282.443643,153.394625
42,175,11dd74426e8374ac110c4036c77c09ab_000000000181,0.383342,314.254225,282.657985,153.825264
42,176,11dd74426e8374ac110c4036c77c09ab_000000000182,0.381732,334.790528,279.042667,152.712915
42,177,11dd74426e8374ac110c4036c77c09ab_000000000183,0.381732,327.650273,280.616683,153.400319
42,178,11dd74426e8374ac110c4036c77c09ab_000000000184,0.376288,313.061947,278.292403,150.706205
42,179,11dd74426e8374ac110c4036c77c09ab_000000000185,0.376288,306.123894,277.191350,150.976777
42,180,11dd74426e8374ac110c4036c77c09ab_000000000186,0.376288,312.920354,275.077393,150.911379
42,181,11dd74426e8374ac110c4036c77c09ab_000000000187,0.383342,338.941954,281.128035,153.613857
42,182,11dd74426e8374ac110c4036c77c09ab_000000000188,0.383342,337.692873,282.887419,153.116267
42,183,11dd74426e8374ac110c4036c77c09ab_000000000189,0.383342,329.904482,282.570526,152.782048
42,184,11dd74426e8374ac110c4036c77c09ab_000000000190,0.383342,331.080088,283.140227,153.315167
42,185,11dd74426e8374ac110c4036c77c09ab_000000000191,0.390658,345.364365,287.643636,156.433026
42,186,11dd74426e8374ac110c4036c77c09ab_000000000192,0.390658,345.440671,287.998028,156.324882
42,187,11dd74426e8374ac110c4036c77c09ab_000000000193,0.376288,342.017699,277.560703,150.155598
42,188,11dd74426e8374ac110c4036c77c09ab_000000000194,0.383342,321.307862,282.755856,153.937899
42,189,11dd74426e8374ac110c4036c77c09ab_000000000195,0.383342,333.210874,283.214397,154.267064
42,190,11dd74426e8374ac110c4036c77c09ab_000000000196,0.383342,268.405584,285.515850,154.986788
42,191,11dd74426e8374ac110c4036c77c09ab_000000000197,0.383342,258.780309,285.706608,155.262678
42,192,11dd74426e8374ac110c4036c77c09ab_000000000198,0.383342,260.470242,284.368797,155.797295
42,193,11dd74426e8374ac110c4036c77c09ab_000000000199,0.383342,255.547392,286.221069,155.260923
42,194,11dd74426e8374ac110c4036c77c09ab_000000000200,0.383342,255.914769,286.401368,154.561016
42,195,11dd74426e8374ac110c4036c77c09ab_000000000201,0.383342,275.679647,287.590443,155.214023
42,196,11dd74426e8374ac110c4036c77c09ab_000000000202,0.383342,272.079353,285.924016,155.342615
42,197,11dd74426e8374ac110c4036c77c09ab_000000000203,0.383342,257.163850,289.407596,155.307671
42,198,11dd74426e8374ac110c4036c77c09ab_000000000204,0.383342,254.077884,286.554340,155.090942
42,199,11dd74426e8374ac110c4036c77c09ab_000000000205,0.392232,258.153846,294.610173,158.902033
42,200,11dd74426e8374ac110c4036c77c09ab_000000000206,0.390658,256.314384,293.731784,157.500468
42,201,11dd74426e8374ac110c4036c77c09ab_000000000207,0.383342,255.180015,287.619900,156.614563
42,202,11dd74426e8374ac110c4036c77c09ab_000000000208,0.383342,254.812638,286.166529,156.506736
42,203,11dd74426e8374ac110c4036c77c09ab_000000000209,0.390658,259.595574,294.643931,159.149795
42,204,11dd74426e8374ac110c4036c77c09ab_000000000210,0.383342,246.656870,289.102752,155.874681
42,205,11dd74426e8374ac110c4036c77c09ab_000000000211,0.383342,243.938281,288.700342,156.722974
42,206,11dd74426e8374ac110c4036c77c09ab_000000000212,0.376288,232.283186,284.504353,154.634713
42,207,11dd74426e8374ac110c4036c77c09ab_000000000213,0.376288,233.061947,284.719047,153.968515
42,208,11dd74426e8374ac110c4036c77c09ab_000000000214,0.383342,236.076414,288.991872,157.725982
42,209,11dd74426e8374ac110c4036c77c09ab_000000000215,0.383342,234.974284,290.790166,157.977047
42,210,11dd74426e8374ac110c4036c77c09ab_000000000216,0.383342,237.325496,290.357784,158.653335
42,211,11dd74426e8374ac110c4036c77c09ab_000000000217,0.383342,231.447465,288.989579,157.806059
42,212,11dd74426e8374ac110c4036c77c09ab_000000000218,0.383342,225.091844,288.504132,157.654363
42,213,11dd74426e8374ac110c4036c77c09ab_000000000219,0.383342,225.202057,291.742179,159.678628
42,214,11dd74426e8374ac110c4036c77c09ab_000000000220,0.383342,224.467303,291.643209,160.147429
42,215,11dd74426e8374ac110c4036c77c09ab_000000000221,0.383342,209.257899,292.936612,159.484922
42,216,11dd74426e8374ac110c4036c77c09ab_000000000222,0.376288,199.858407,286.526696,156.914342
42,217,11dd74426e8374ac110c4036c77c09ab_000000000223,0.390658,214.193056,296.307827,162.372710
42,218,11dd74426e8374ac110c4036c77c09ab_000000000224,0.383342,203.600294,290.671776,159.601663
42,219,11dd74426e8374ac110c4036c77c09ab_000000000225,0.383342,203.894195,291.035978,159.188899
42,220,11dd74426e8374ac110c4036c77c09ab_000000000226,0.383342,213.519471,290.319693,160.533742
42,221,11dd74426e8374ac110c4036c77c09ab_000000000227,0.383342,213.078619,291.094401,160.054319
42,222,11dd74426e8374ac110c4036c77c09ab_000000000228,0.383342,206.245408,290.878631,160.528267
42,223,11dd74426e8374ac110c4036c77c09ab_000000000229,0.383342,204.996326,291.820443,160.128091
42,224,11dd74426e8374ac110c4036c77c09ab_000000000230,0.383342,230.859662,293.867451,161.659492
42,225,11dd74426e8374ac110c4036c77c09ab_000000000231,0.383342,242.615724,291.371309,159.791474
42,226,11dd74426e8374ac110c4036c77c09ab_000000000232,0.383342,242.395298,292.036986,160.261701
42,227,11dd74426e8374ac110c4036c77c09ab_000000000233,0.376288,240.495575,289.598140,158.644731
42,228,11dd74426e8374ac110c4036c77c09ab_000000000234,0.376288,242.123894,288.924317,157.980944
42,229,11dd74426e8374ac110c4036c77c09ab_000000000235,0.376288,250.761062,288.119215,158.036145
42,230,11dd74426e8374ac110c4036c77c09ab_000000000236,0.376288,258.123894,289.564861,156.931039
42,231,11dd74426e8374ac110c4036c77c09ab_000000000237,0.376288,251.823009,288.374468,157.123892
42,232,11dd74426e8374ac110c4036c77c09ab_000000000238,0.376288,261.876106,287.920943,159.012786
42,233,11dd74426e8374ac110c4036c77c09ab_000000000239,0.376288,266.761062,289.920066,159.199908
42,234,11dd74426e8374ac110c4036c77c09ab_000000000240,0.376288,255.787611,288.740651,159.147521
42,235,11dd74426e8374ac110c4036c77c09ab_000000000241,0.376288,258.761062,289.120086,159.518917
43,169,11dd74426e8374ac110c4036c77c09ab_000000000175,0.390658,756.199924,351.896804,175.106821
43,170,11dd74426e8374ac110c4036c77c09ab_000000000176,0.390658,762.762304,351.461916,171.142017
43,171,11dd74426e8374ac110c4036c77c09ab_000000000177,0.390658,766.043495,347.990894,172.408900
43,172,11dd74426e8374ac110c4036c77c09ab_000000000178,0.390658,767.645937,349.888937,173.682651
43,173,11dd74426e8374ac110c4036c77c09ab_000000000179,0.390658,773.597863,353.856555,172.740545
43,174,11dd74426e8374ac110c4036c77c09ab_000000000180,0.383342,768.111683,343.592685,167.416354
43,175,11dd74426e8374ac110c4036c77c09ab_000000000181,0.383342,765.172667,346.235506,168.116635
43,176,11dd74426e8374ac110c4036c77c09ab_000000000182,0.381732,778.142077,339.951300,165.902842
43,177,11dd74426e8374ac110c4036c77c09ab_000000000183,0.381732,782.513661,342.431861,166.895860
43,178,11dd74426e8374ac110c4036c77c09ab_000000000184,0.376288,761.132743,338.314918,164.381831
43,179,11dd74426e8374ac110c4036c77c09ab_000000000185,0.376288,754.690265,338.498377,163.306949
43,180,11dd74426e8374ac110c4036c77c09ab_000000000186,0.376288,777.557522,338.170342,163.503660
43,181,11dd74426e8374ac110c4036c77c09ab_000000000187,0.383342,788.464364,344.241844,168.310634
43,182,11dd74426e8374ac110c4036c77c09ab_000000000188,0.383342,791.109478,344.685527,167.782674
43,183,11dd74426e8374ac110c4036c77c09ab_000000000189,0.383342,795.444526,344.518540,167.048782
43,184,11dd74426e8374ac110c4036c77c09ab_000000000190,0.383342,796.399706,345.824602,167.466050
43,185,11dd74426e8374ac110c4036c77c09ab_000000000191,0.390658,851.583365,349.626034,170.068232
43,186,11dd74426e8374ac110c4036c77c09ab_000000000192,0.390658,850.362457,350.010063,169.567738
43,187,11dd74426e8374ac110c4036c77c09ab_000000000193,0.376288,757.522124,338.457496,164.988408
43,188,11dd74426e8374ac110c4036c77c09ab_000000000194,0.383342,756.796473,344.490744,168.358751
43,189,11dd74426e8374ac110c4036c77c09ab_000000000195,0.383342,758.853784,345.852351,168.481166
43,190,11dd74426e8374ac110c4036c77c09ab_000000000196,0.383342,718.883174,343.430565,168.279797
43,191,11dd74426e8374ac110c4036c77c09ab_000000000197,0.383342,705.731080,345.731059,168.944971
43,192,11dd74426e8374ac110c4036c77c09ab_000000000198,0.383342,661.278472,346.531341,169.133553
43,193,11dd74426e8374ac110c4036c77c09ab_000000000199,0.383342,659.294636,346.207452,168.719105
43,194,11dd74426e8374ac110c4036c77c09ab_000000000200,0.383342,632.623071,344.351367,168.309453
43,195,11dd74426e8374ac110c4036c77c09ab_000000000201,0.383342,624.614254,346.358248,168.570883
43,196,11dd74426e8374ac110c4036c77c09ab_000000000202,0.383342,626.157237,344.381713,168.306867
43,197,11dd74426e8374ac110c4036c77c09ab_000000000203,0.383342,664.658339,344.981269,168.333657
43,198,11dd74426e8374ac110c4036c77c09ab_000000000204,0.383342,665.980896,345.154573,167.213675
43,199,11dd74426e8374ac110c4036c77c09ab_000000000205,0.392232,699.538462,353.915626,173.047747
43,200,11dd74426e8374ac110c4036c77c09ab_000000000206,0.390658,693.323159,352.377759,172.117552
43,201,11dd74426e8374ac110c4036c77c09ab_000000000207,0.383342,640.631888,345.794607,169.420416
43,202,11dd74426e8374ac110c4036c77c09ab_000000000208,0.383342,635.782513,345.391986,168.715537
43,203,11dd74426e8374ac110c4036c77c09ab_000000000209,0.390658,666.310568,355.656265,172.197203
43,204,11dd74426e8374ac110c4036c77c09ab_000000000210,0.383342,635.268185,347.601487,167.778603
43,205,11dd74426e8374ac110c4036c77c09ab_000000000211,0.383342,634.680382,345.709604,167.969782
43,206,11dd74426e8374ac110c4036c77c09ab_000000000212,0.376288,595.256637,340.801352,165.913373
43,207,11dd74426e8374ac110c4036c77c09ab_000000000213,0.376288,595.115044,340.005965,166.233979
43,208,11dd74426e8374ac110c4036c77c09ab_000000000214,0.383342,633.798677,348.209537,167.628439
43,209,11dd74426e8374ac110c4036c77c09ab_000000000215,0.383342,634.827333,347.783472,167.163487
43,210,11dd74426e8374ac110c4036c77c09ab_000000000216,0.383342,629.684056,347.351043,167.914225
43,211,11dd74426e8374ac110c4036c77c09ab_000000000217,0.383342,625.789860,343.041445,167.637611
43,212,11dd74426e8374ac110c4036c77c09ab_000000000218,0.383342,625.275533,342.439572,166.170845
43,213,11dd74426e8374ac110c4036c77c09ab_000000000219,0.383342,595.297575,347.322428,168.478112
43,214,11dd74426e8374ac110c4036c77c09ab_000000000220,0.383342,595.811903,347.130734,167.201087
43,215,11dd74426e8374ac110c4036c77c09ab_000000000221,0.383342,604.702425,346.123620,168.834102
43,216,11dd74426e8374ac110c4036c77c09ab_000000000222,0.376288,583.292035,339.491968,165.238206
43,217,11dd74426e8374ac110c4036c77c09ab_000000000223,0.390658,619.000382,356.620559,173.761253
43,218,11dd74426e8374ac110c4036c77c09ab_000000000224,0.383342,609.698751,346.312389,168.537331
43,219,11dd74426e8374ac110c4036c77c09ab_000000000225,0.383342,605.878031,346.657874,168.186593
43,220,11dd74426e8374ac110c4036c77c09ab_000000000226,0.383342,600.514328,347.553897,170.476875
43,221,11dd74426e8374ac110c4036c77c09ab_000000000227,0.383342,601.542983,349.099454,170.470265
43,222,11dd74426e8374ac110c4036c77c09ab_000000000228,0.383342,619.030125,348.324114,170.448353
43,223,11dd74426e8374ac110c4036c77c09ab_000000000229,0.383342,618.883174,350.202333,170.654448
43,224,11dd74426e8374ac110c4036c77c09ab_000000000230,0.383342,634.239530,346.253568,168.796842
43,225,11dd74426e8374ac110c4036c77c09ab_000000000231,0.383342,618.221896,345.464400,169.570814
43,226,11dd74426e8374ac110c4036c77c09ab_000000000232,0.383342,622.263042,347.500598,170.918686
43,227,11dd74426e8374ac110c4036c77c09ab_000000000233,0.376288,581.168142,342.290865,167.565664
43,228,11dd74426e8374ac110c4036c77c09ab_000000000234,0.376288,576.778761,340.232349,166.967596
43,229,11dd74426e8374ac110c4036c77c09ab_000000000235,0.376288,572.247788,342.521429,166.204133
43,230,11dd74426e8374ac110c4036c77c09ab_000000000236,0.376288,576.991150,341.750892,166.473947
43,231,11dd74426e8374ac110c4036c77c09ab_000000000237,0.376288,576.991150,342.972589,167.953722
43,232,11dd74426e8374ac110c4036c77c09ab_000000000238,0.376288,578.761062,341.341348,167.579616
43,233,11dd74426e8374ac110c4036c77c09ab_000000000239,0.376288,578.123894,343.113100,167.051953
43,234,11dd74426e8374ac110c4036c77c09ab_000000000240,0.376288,594.123894,341.890990,166.143328
43,235,11dd74426e8374ac110c4036c77c09ab_000000000241,0.376288,593.699115,341.252581,165.242754
44,169,11dd74426e8374ac110c4036c77c09ab_000000000175,0.390658,154.826402,308.902845,224.402116
44,170,11dd74426e8374ac110c4036c77c09ab_000000000176,0.390658,145.211751,309.034630,226.248656
44,171,11dd74426e8374ac110c4036c77c09ab_000000000177,0.390658,141.243800,309.804024,225.650032
44,172,11dd74426e8374ac110c4036c77c09ab_000000000178,0.390658,146.814193,309.876724,226.450065
44,173,11dd74426e8374ac110c4036c77c09ab_000000000179,0.390658,150.629531,310.178444,225.475090
44,174,11dd74426e8374ac110c4036c77c09ab_000000000180,0.383342,146.509919,305.030239,221.507445
44,175,11dd74426e8374ac110c4036c77c09ab_000000000181,0.383342,147.318148,304.631128,221.798765
44,176,11dd74426e8374ac110c4036c77c09ab_000000000182,0.381732,142.586521,301.965589,221.077966
44,177,11dd74426e8374ac110c4036c77c09ab_000000000183,0.381732,143.242259,303.087603,221.419694
44,178,11dd74426e8374ac110c4036c77c09ab_000000000184,0.376288,137.557522,298.521668,217.360676
44,179,11dd74426e8374ac110c4036c77c09ab_000000000185,0.376288,139.681416,297.977538,217.352156
44,180,11dd74426e8374ac110c4036c77c09ab_000000000186,0.376288,141.805310,298.201763,217.047570
44,181,11dd74426e8374ac110c4036c77c09ab_000000000187,0.383342,145.701690,304.022049,221.344155
44,182,11dd74426e8374ac110c4036c77c09ab_000000000188,0.383342,145.701690,304.197435,221.116920
44,183,11dd74426e8374ac110c4036c77c09ab_000000000189,0.383342,144.673035,303.082577,220.216592
44,184,11dd74426e8374ac110c4036c77c09ab_000000000190,0.383342,142.615724,302.824715,220.579367
44,185,11dd74426e8374ac110c4036c77c09ab_000000000191,0.390658,144.296070,310.080446,225.247381
44,186,11dd74426e8374ac110c4036c77c09ab_000000000192,0.390658,144.372377,310.815671,225.320820
44,187,11dd74426e8374ac110c4036c77c09ab_000000000193,0.376288,129.486726,299.507174,216.863996
44,188,11dd74426e8374ac110c4036c77c09ab_000000000194,0.383342,136.223365,307.430944,221.324384
44,189,11dd74426e8374ac110c4036c77c09ab_000000000195,0.383342,136.370316,306.688196,221.861868
44,190,11dd74426e8374ac110c4036c77c09ab_000000000196,0.383342,138.648053,306.180779,221.545208
44,191,11dd74426e8374ac110c4036c77c09ab_000000000197,0.383342,138.207201,305.795706,221.433159
44,192,11dd74426e8374ac110c4036c77c09ab_000000000198,0.383342,133.725202,304.835761,222.028316
44,193,11dd74426e8374ac110c4036c77c09ab_000000000199,0.383342,133.945628,306.229024,222.086037
44,194,11dd74426e8374ac110c4036c77c09ab_000000000200,0.383342,135.562087,306.208130,221.396659
44,195,11dd74426e8374ac110c4036c77c09ab_000000000201,0.383342,132.843497,304.964820,221.345231
44,196,11dd74426e8374ac110c4036c77c09ab_000000000202,0.383342,132.843497,303.972236,221.429041
44,197,11dd74426e8374ac110c4036c77c09ab_000000000203,0.383342,138.354151,305.318307,221.233673
44,198,11dd74426e8374ac110c4036c77c09ab_000000000204,0.383342,138.868479,304.292124,220.694388
44,199,11dd74426e8374ac110c4036c77c09ab_000000000205,0.392232,141.846154,312.581804,226.421465
44,200,11dd74426e8374ac110c4036c77c09ab_000000000206,0.390658,143.304082,311.168512,225.573016
44,201,11dd74426e8374ac110c4036c77c09ab_000000000207,0.383342,130.639236,305.063229,221.462756
44,202,11dd74426e8374ac110c4036c77c09ab_000000000208,0.383342,128.434974,303.255436,221.118371
44,203,11dd74426e8374ac110c4036c77c09ab_000000000209,0.390658,137.352156,308.800722,224.685143
44,204,11dd74426e8374ac110c4036c77c09ab_000000000210,0.383342,134.459956,304.577150,220.867575
44,205,11dd74426e8374ac110c4036c77c09ab_000000000211,0.383342,137.545922,305.361569,220.780069
44,206,11dd74426e8374ac110c4036c77c09ab_000000000212,0.376288,133.946903,300.991474,217.174691
44,207,11dd74426e8374ac110c4036c77c09ab_000000000213,0.376288,134.725664,300.002224,217.112129
44,208,11dd74426e8374ac110c4036c77c09ab_000000000214,0.383342,144.085231,304.123500,221.409410
44,209,11dd74426e8374ac110c4036c77c09ab_000000000215,0.383342,143.938281,306.318308,220.961328
44,210,11dd74426e8374ac110c4036c77c09ab_000000000216,0.383342,145.554739,305.257006,221.201899
44,211,11dd74426e8374ac110c4036c77c09ab_000000000217,0.383342,143.717855,303.371487,220.608005
44,212,11dd74426e8374ac110c4036c77c09ab_000000000218,0.383342,142.909625,302.002323,220.470102
44,213,11dd74426e8374ac110c4036c77c09ab_000000000219,0.383342,138.795004,306.325047,221.364675
44,214,11dd74426e8374ac110c4036c77c09ab_000000000220,0.383342,141.366642,307.254060,221.425625
44,215,11dd74426e8374ac110c4036c77c09ab_000000000221,0.383342,130.639236,305.398794,220.899489
44,216,11dd74426e8374ac110c4036c77c09ab_000000000222,0.376288,125.097345,298.693368,216.283510
44,217,11dd74426e8374ac110c4036c77c09ab_000000000223,0.390658,128.805799,312.281711,226.132894
44,218,11dd74426e8374ac110c4036c77c09ab_000000000224,0.383342,127.406319,305.422589,221.925040
44,219,11dd74426e8374ac110c4036c77c09ab_000000000225,0.383342,125.349008,306.459675,221.701175
44,220,11dd74426e8374ac110c4036c77c09ab_000000000226,0.383342,131.741367,305.232064,221.658311
44,221,11dd74426e8374ac110c4036c77c09ab_000000000227,0.383342,131.520940,306.789132,221.888728
44,222,11dd74426e8374ac110c4036c77c09ab_000000000228,0.383342,128.508450,304.779443,221.913856
44,223,11dd74426e8374ac110c4036c77c09ab_000000000229,0.383342,127.773696,307.172076,221.927380
44,224,11dd74426e8374ac110c4036c77c09ab_000000000230,0.383342,130.198384,309.289486,221.363154
44,225,11dd74426e8374ac110c4036c77c09ab_000000000231,0.383342,130.712711,307.206844,221.587043
44,226,11dd74426e8374ac110c4036c77c09ab_000000000232,0.383342,131.373990,307.881787,221.237744
44,227,11dd74426e8374ac110c4036c77c09ab_000000000233,0.376288,125.097345,301.631237,217.462603
44,228,11dd74426e8374ac110c4036c77c09ab_000000000234,0.376288,123.044248,301.746416,217.552978
44,229,11dd74426e8374ac110c4036c77c09ab_000000000235,0.376288,127.646018,299.473872,217.259393
44,230,11dd74426e8374ac110c4036c77c09ab_000000000236,0.376288,123.823009,300.071515,216.998742
44,231,11dd74426e8374ac110c4036c77c09ab_000000000237,0.376288,123.469027,301.269142,217.619053
44,232,11dd74426e8374ac110c4036c77c09ab_000000000238,0.376288,118.230088,299.377595,217.075406
44,233,11dd74426e8374ac110c4036c77c09ab_000000000239,0.376288,120.000000,299.877606,217.554080
44,234,11dd74426e8374ac110c4036c77c09ab_000000000240,0.376288,111.433628,297.900875,216.576888
44,235,11dd74426e8374ac110c4036c77c09ab_000000000241,0.376288,113.486726,298.799429,217.016335
45,236,11dd74426e8374ac110c4036c77c09ab_000000000242,0.383342,264.327700,266.616155,205.640370
45,237,11dd74426e8374ac110c4036c77c09ab_000000000243,0.383342,239.970610,270.087849,205.942242
45,238,11dd74426e8374ac110c4036c77c09ab_000000000244,0.369484,218.020478,256.842197,198.291899
45,239,11dd74426e8374ac110c4036c77c09ab_000000000245,0.376288,237.026549,262.717776,202.748222
45,240,11dd74426e8374ac110c4036c77c09ab_000000000246,0.383342,230.786187,267.117747,205.743692
45,241,11dd74426e8374ac110c4036c77c09ab_000000000247,0.383342,227.700220,267.237448,205.364726
45,242,11dd74426e8374ac110c4036c77c09ab_000000000248,0.383342,227.994122,267.642642,205.000313
45,243,11dd74426e8374ac110c4036c77c09ab_000000000249,0.383342,241.513593,269.082092,204.887117
45,244,11dd74426e8374ac110c4036c77c09ab_000000000250,0.383342,246.656870,267.894257,205.741797
45,245,11dd74426e8374ac110c4036c77c09ab_000000000251,0.376288,238.371681,263.088300,201.375404
45,246,11dd74426e8374ac110c4036c77c09ab_000000000252,0.383342,230.271859,267.335576,206.046126
45,247,11dd74426e8374ac110c4036c77c09ab_000000000253,0.376288,240.424779,265.364289,201.357765
45,248,11dd74426e8374ac110c4036c77c09ab_000000000254,0.376288,219.185841,264.985336,202.280641
45,249,11dd74426e8374ac110c4036c77c09ab_000000000255,0.376288,216.637168,263.176975,201.436679
45,250,11dd74426e8374ac110c4036c77c09ab_000000000256,0.383342,219.581190,269.917867,204.899236
45,251,11dd74426e8374ac110c4036c77c09ab_000000000257,0.383342,218.368846,268.447276,205.328226
45,252,11dd74426e8374ac110c4036c77c09ab_000000000258,0.383342,208.302719,269.459935,205.064187
45,253,11dd74426e8374ac110c4036c77c09ab_000000000259,0.376288,198.159292,266.813105,202.597698
45,254,11dd74426e8374ac110c4036c77c09ab_000000000260,0.383342,195.958854,269.865013,205.357426
45,255,11dd74426e8374ac110c4036c77c09ab_000000000261,0.384829,187.449093,270.582013,206.617593
45,256,11dd74426e8374ac110c4036c77c09ab_000000000262,0.384829,218.437616,273.127348,207.922991
45,257,11dd74426e8374ac110c4036c77c09ab_000000000263,0.383342,197.428361,266.867162,206.526122
45,258,11dd74426e8374ac110c4036c77c09ab_000000000264,0.390658,201.755055,273.327116,209.747084
45,259,11dd74426e8374ac110c4036c77c09ab_000000000265,0.390658,197.634491,273.014451,209.727008
45,260,11dd74426e8374ac110c4036c77c09ab_000000000266,0.390658,198.092331,272.799904,209.660149
45,261,11dd74426e8374ac110c4036c77c09ab_000000000267,0.383342,189.933872,267.746456,205.926378
45,262,11dd74426e8374ac110c4036c77c09ab_000000000268,0.383342,204.849375,266.423174,206.095096
45,263,11dd74426e8374ac110c4036c77c09ab_000000000269,0.383342,189.493020,265.665897,206.228251
45,264,11dd74426e8374ac110c4036c77c09ab_000000000270,0.383342,184.202792,268.927599,206.261171
45,265,11dd74426e8374ac110c4036c77c09ab_000000000271,0.383342,182.072006,266.348560,205.947904
45,266,11dd74426e8374ac110c4036c77c09ab_000000000272,0.383342,200.661278,266.017746,207.056866
45,267,11dd74426e8374ac110c4036c77c09ab_000000000273,0.383342,201.028655,265.210960,206.901368
45,268,11dd74426e8374ac110c4036c77c09ab_000000000274,0.383342,181.704629,266.135247,206.878321
45,269,11dd74426e8374ac110c4036c77c09ab_000000000275,0.383342,180.308597,267.261828,206.572402
45,270,11dd74426e8374ac110c4036c77c09ab_000000000276,0.392232,191.692308,272.373567,211.884284
45,271,11dd74426e8374ac110c4036c77c09ab_000000000277,0.392232,186.000000,273.956645,211.852851
45,272,11dd74426e8374ac110c4036c77c09ab_000000000278,0.392232,174.692308,271.899652,211.370964
45,273,11dd74426e8374ac110c4036c77c09ab_000000000279,0.383342,159.662013,268.906565,206.458293
45,274,11dd74426e8374ac110c4036c77c09ab_000000000280,0.383342,158.192506,269.432467,206.515991
45,275,11dd74426e8374ac110c4036c77c09ab_000000000281,0.383342,157.310801,269.277951,207.616483
45,276,11dd74426e8374ac110c4036c77c09ab_000000000282,0.383342,158.265981,269.957479,207.113839
45,277,11dd74426e8374ac110c4036c77c09ab_000000000283,0.392232,170.692308,276.026398,211.906022
45,278,11dd74426e8374ac110c4036c77c09ab_000000000284,0.392232,168.000000,276.363784,212.107788
45,279,11dd74426e8374ac110c4036c77c09ab_000000000285,0.392232,166.230769,278.587207,212.263349
45,280,11dd74426e8374ac110c4036c77c09ab_000000000286,0.390658,175.276612,275.155868,211.332963
45,281,11dd74426e8374ac110c4036c77c09ab_000000000287,0.390658,177.642121,274.301066,211.287445
45,282,11dd74426e8374ac110c4036c77c09ab_000000000288,0.392232,177.307692,275.594282,213.011473
45,283,11dd74426e8374ac110c4036c77c09ab_000000000289,0.392232,178.076923,275.098389,212.487212
45,284,11dd74426e8374ac110c4036c77c09ab_000000000290,0.383342,165.319618,269.798541,207.191775
45,285,11dd74426e8374ac110c4036c77c09ab_000000000291,0.383342,140.264511,267.201486,206.606117
45,286,11dd74426e8374ac110c4036c77c09ab_000000000292,0.390658,154.673789,273.724021,210.251334
46,236,11dd74426e8374ac110c4036c77c09ab_000000000242,0.383342,567.009552,360.455574,235.099506
46,237,11dd74426e8374ac110c4036c77c09ab_000000000243,0.383342,562.968406,354.086544,234.647751
46,238,11dd74426e8374ac110c4036c77c09ab_000000000244,0.369484,529.556314,339.522330,226.427789
46,239,11dd74426e8374ac110c4036c77c09ab_000000000245,0.376288,549.663717,345.209718,230.831863
46,240,11dd74426e8374ac110c4036c77c09ab_000000000246,0.383342,545.922116,352.881934,235.004443
46,241,11dd74426e8374ac110c4036c77c09ab_000000000247,0.383342,546.069067,353.305331,234.738907
46,242,11dd74426e8374ac110c4036c77c09ab_000000000248,0.383342,551.359295,352.548943,234.931443
46,243,11dd74426e8374ac110c4036c77c09ab_000000000249,0.383342,544.305658,352.838742,235.044546
46,244,11dd74426e8374ac110c4036c77c09ab_000000000250,0.383342,542.689199,353.574588,235.380718
46,245,11dd74426e8374ac110c4036c77c09ab_000000000251,0.376288,530.407080,346.608236,231.176848
46,246,11dd74426e8374ac110c4036c77c09ab_000000000252,0.383342,551.359295,353.877630,235.607134
46,247,11dd74426e8374ac110c4036c77c09ab_000000000253,0.376288,517.238938,346.941163,230.259553
46,248,11dd74426e8374ac110c4036c77c09ab_000000000254,0.376288,521.769912,346.453463,229.880647
46,249,11dd74426e8374ac110c4036c77c09ab_000000000255,0.376288,521.203540,349.606830,231.535176
46,250,11dd74426e8374ac110c4036c77c09ab_000000000256,0.383342,540.337987,354.588580,234.121498
46,251,11dd74426e8374ac110c4036c77c09ab_000000000257,0.383342,541.366642,355.318343,235.112889
46,252,11dd74426e8374ac110c4036c77c09ab_000000000258,0.383342,559.000735,354.026530,234.424821
46,253,11dd74426e8374ac110c4036c77c09ab_000000000259,0.376288,534.088496,349.103949,230.926395
46,254,11dd74426e8374ac110c4036c77c09ab_000000000260,0.383342,596.473181,353.924916,235.371430
46,255,11dd74426e8374ac110c4036c77c09ab_000000000261,0.384829,597.112181,357.520866,235.761314
46,256,11dd74426e8374ac110c4036c77c09ab_000000000262,0.384829,501.629026,356.964080,234.828579
46,257,11dd74426e8374ac110c4036c77c09ab_000000000263,0.383342,440.999265,354.149740,235.880462
46,258,11dd74426e8374ac110c4036c77c09ab_000000000264,0.390658,455.398703,364.188695,239.858230
46,259,11dd74426e8374ac110c4036c77c09ab_000000000265,0.390658,443.037009,363.218250,240.279527
46,260,11dd74426e8374ac110c4036c77c09ab_000000000266,0.390658,438.000763,363.590357,240.597175
46,261,11dd74426e8374ac110c4036c77c09ab_000000000267,0.383342,412.931668,357.042537,236.633808
46,262,11dd74426e8374ac110c4036c77c09ab_000000000268,0.383342,416.458486,355.318109,236.162001
46,263,11dd74426e8374ac110c4036c77c09ab_000000000269,0.383342,418.662748,355.957300,236.553251
46,264,11dd74426e8374ac110c4036c77c09ab_000000000270,0.383342,413.960323,357.057137,237.330580
46,265,11dd74426e8374ac110c4036c77c09ab_000000000271,0.383342,412.490816,357.177938,237.054118
46,266,11dd74426e8374ac110c4036c77c09ab_000000000272,0.383342,395.444526,357.587344,238.268859
46,267,11dd74426e8374ac110c4036c77c09ab_000000000273,0.383342,394.856723,356.620731,238.790994
46,268,11dd74426e8374ac110c4036c77c09ab_000000000274,0.383342,391.476855,358.205407,238.404564
46,269,11dd74426e8374ac110c4036c77c09ab_000000000275,0.383342,394.415871,360.199584,236.868320
46,270,11dd74426e8374ac110c4036c77c09ab_000000000276,0.392232,411.538462,363.437409,242.608898
46,271,11dd74426e8374ac110c4036c77c09ab_000000000277,0.392232,402.769231,366.196872,242.791344
46,272,11dd74426e8374ac110c4036c77c09ab_000000000278,0.392232,399.538462,362.890931,243.321662
46,273,11dd74426e8374ac110c4036c77c09ab_000000000279,0.383342,385.451874,359.480818,237.815115
46,274,11dd74426e8374ac110c4036c77c09ab_000000000280,0.383342,384.129317,358.769423,237.397637
46,275,11dd74426e8374ac110c4036c77c09ab_000000000281,0.383342,410.286554,357.133015,237.495648
46,276,11dd74426e8374ac110c4036c77c09ab_000000000282,0.383342,411.609111,357.104049,237.119349
46,277,11dd74426e8374ac110c4036c77c09ab_000000000283,0.392232,412.000000,367.357936,243.500111
46,278,11dd74426e8374ac110c4036c77c09ab_000000000284,0.392232,400.153846,364.237602,242.855647
46,279,11dd74426e8374ac110c4036c77c09ab_000000000285,0.392232,400.923077,365.806962,243.027321
46,280,11dd74426e8374ac110c4036c77c09ab_000000000286,0.390658,387.027852,367.915752,243.131277
46,281,11dd74426e8374ac110c4036c77c09ab_000000000287,0.390658,381.991606,365.611935,242.564532
46,282,11dd74426e8374ac110c4036c77c09ab_000000000288,0.392232,395.846154,365.753959,244.337531
46,283,11dd74426e8374ac110c4036c77c09ab_000000000289,0.392232,392.307692,365.859414,243.344238
46,284,11dd74426e8374ac110c4036c77c09ab_000000000290,0.383342,386.774431,361.137769,236.976368
46,285,11dd74426e8374ac110c4036c77c09ab_000000000291,0.383342,375.459221,359.004379,236.916846
46,286,11dd74426e8374ac110c4036c77c09ab_000000000292,0.390658,379.244563,363.695342,241.156552
47,236,11dd74426e8374ac110c4036c77c09ab_000000000242,0.383342,619.213813,345.630100,172.589804
47,237,11dd74426e8374ac110c4036c77c09ab_000000000243,0.383342,615.576782,345.188452,166.707322
47,238,11dd74426e8374ac110c4036c77c09ab_000000000244,0.369484,564.778157,329.160528,161.267578
47,239,11dd74426e8374ac110c4036c77c09ab_000000000245,0.376288,583.575221,336.043937,165.982756
47,240,11dd74426e8374ac110c4036c77c09ab_000000000246,0.383342,621.087436,345.003192,168.281587
47,241,11dd74426e8374ac110c4036c77c09ab_000000000247,0.383342,642.027921,344.396687,167.329901
47,242,11dd74426e8374ac110c4036c77c09ab_000000000248,0.383342,641.440118,343.629887,167.668472
47,243,11dd74426e8374ac110c4036c77c09ab_000000000249,0.383342,626.377663,342.911215,167.043541
47,244,11dd74426e8374ac110c4036c77c09ab_000000000250,0.383342,620.646583,344.337937,168.709816
47,245,11dd74426e8374ac110c4036c77c09ab_000000000251,0.376288,583.504425,337.763967,164.141058
47,246,11dd74426e8374ac110c4036c77c09ab_000000000252,0.383342,600.587803,343.821417,168.071935
47,247,11dd74426e8374ac110c4036c77c09ab_000000000253,0.376288,605.309735,339.776067,164.274564
47,248,11dd74426e8374ac110c4036c77c09ab_000000000254,0.376288,606.230088,340.360022,163.919325
47,249,11dd74426e8374ac110c4036c77c09ab_000000000255,0.376288,605.097345,340.542746,165.070801
47,250,11dd74426e8374ac110c4036c77c09ab_000000000256,0.383342,622.777370,344.425138,166.735094
47,251,11dd74426e8374ac110c4036c77c09ab_000000000257,0.383342,621.895665,344.243786,167.190336
47,252,11dd74426e8374ac110c4036c77c09ab_000000000258,0.383342,627.332843,344.749098,168.377363
47,253,11dd74426e8374ac110c4036c77c09ab_000000000259,0.376288,607.079646,337.712062,164.247636
47,254,11dd74426e8374ac110c4036c77c09ab_000000000260,0.383342,642.689199,344.365405,167.001496
47,255,11dd74426e8374ac110c4036c77c09ab_000000000261,0.384829,651.610515,346.638268,169.140497
47,256,11dd74426e8374ac110c4036c77c09ab_000000000262,0.384829,680.673825,347.885439,172.988868
47,257,11dd74426e8374ac110c4036c77c09ab_000000000263,0.383342,672.593681,341.841303,167.936383
47,258,11dd74426e8374ac110c4036c77c09ab_000000000264,0.390658,701.716902,352.270318,170.423851
47,259,11dd74426e8374ac110c4036c77c09ab_000000000265,0.390658,713.773369,349.662515,170.317186
47,260,11dd74426e8374ac110c4036c77c09ab_000000000266,0.390658,710.186952,349.942848,168.866084
47,261,11dd74426e8374ac110c4036c77c09ab_000000000267,0.383342,708.596620,339.323214,165.652220
47,262,11dd74426e8374ac110c4036c77c09ab_000000000268,0.383342,736.076414,340.575344,165.623289
47,263,11dd74426e8374ac110c4036c77c09ab_000000000269,0.383342,738.574578,340.795396,167.258855
47,264,11dd74426e8374ac110c4036c77c09ab_000000000270,0.383342,700.661278,341.021204,166.632287
47,265,11dd74426e8374ac110c4036c77c09ab_000000000271,0.383342,703.894195,338.685684,166.106490
47,266,11dd74426e8374ac110c4036c77c09ab_000000000272,0.383342,654.886113,341.058265,167.962155
47,267,11dd74426e8374ac110c4036c77c09ab_000000000273,0.383342,660.543718,338.738000,167.262411
47,268,11dd74426e8374ac110c4036c77c09ab_000000000274,0.383342,688.317414,341.298462,168.231797
47,269,11dd74426e8374ac110c4036c77c09ab_000000000275,0.383342,689.786921,342.169637,167.052713
47,270,11dd74426e8374ac110c4036c77c09ab_000000000276,0.392232,718.769231,347.644577,170.932832
47,271,11dd74426e8374ac110c4036c77c09ab_000000000277,0.392232,733.769231,347.427514,170.227417
47,272,11dd74426e8374ac110c4036c77c09ab_000000000278,0.392232,732.923077,347.265752,170.584804
47,273,11dd74426e8374ac110c4036c77c09ab_000000000279,0.383342,718.589273,339.988470,165.936743
47,274,11dd74426e8374ac110c4036c77c09ab_000000000280,0.383342,715.062454,339.492002,166.231982
47,275,11dd74426e8374ac110c4036c77c09ab_000000000281,0.383342,741.660544,340.990155,165.938416
47,276,11dd74426e8374ac110c4036c77c09ab_000000000282,0.383342,746.362968,341.960231,165.756595
47,277,11dd74426e8374ac110c4036c77c09ab_000000000283,0.392232,797.230769,348.593605,169.436046
47,278,11dd74426e8374ac110c4036c77c09ab_000000000284,0.392232,794.000000,347.853501,169.449141
47,279,11dd74426e8374ac110c4036c77c09ab_000000000285,0.392232,795.384615,345.965956,170.124020
47,280,11dd74426e8374ac110c4036c77c09ab_000000000286,0.390658,801.678749,349.214108,168.819052
47,281,11dd74426e8374ac110c4036c77c09ab_000000000287,0.390658,805.799313,346.367580,168.513636
47,282,11dd74426e8374ac110c4036c77c09ab_000000000288,0.392232,825.076923,348.976836,170.631284
47,283,11dd74426e8374ac110c4036c77c09ab_000000000289,0.392232,824.153846,349.658550,170.243193
47,284,11dd74426e8374ac110c4036c77c09ab_000000000290,0.383342,810.727406,341.135149,165.004828
47,285,11dd74426e8374ac110c4036c77c09ab_000000000291,0.383342,781.484203,339.287954,164.338133
47,286,11dd74426e8374ac110c4036c77c09ab_000000000292,0.390658,814.727203,346.375282,167.634299
48,236,11dd74426e8374ac110c4036c77c09ab_000000000242,0.383342,154.739162,305.590301,219.981145
48,237,11dd74426e8374ac110c4036c77c09ab_000000000243,0.383342,136.443791,307.328651,218.971597
48,238,11dd74426e8374ac110c4036c77c09ab_000000000244,0.369484,132.081911,295.401568,212.268172
48,239,11dd74426e8374ac110c4036c77c09ab_000000000245,0.376288,136.920354,299.635030,215.807706
48,240,11dd74426e8374ac110c4036c77c09ab_000000000246,0.383342,145.775165,306.419384,219.677705
48,241,11dd74426e8374ac110c4036c77c09ab_000000000247,0.383342,144.966936,305.318073,219.295908
48,242,11dd74426e8374ac110c4036c77c09ab_000000000248,0.383342,146.583395,306.243226,219.420896
48,243,11dd74426e8374ac110c4036c77c09ab_000000000249,0.383342,141.734019,306.837518,219.538374
48,244,11dd74426e8374ac110c4036c77c09ab_000000000250,0.383342,140.558413,307.128697,219.942890
48,245,11dd74426e8374ac110c4036c77c09ab_000000000251,0.376288,132.247788,300.909872,216.257006
48,246,11dd74426e8374ac110c4036c77c09ab_000000000252,0.383342,136.223365,305.911078,219.999488
48,247,11dd74426e8374ac110c4036c77c09ab_000000000253,0.376288,135.079646,301.702251,215.310773
48,248,11dd74426e8374ac110c4036c77c09ab_000000000254,0.376288,134.796460,301.348079,216.371633
48,249,11dd74426e8374ac110c4036c77c09ab_000000000255,0.376288,132.530973,301.685577,216.228642
48,250,11dd74426e8374ac110c4036c77c09ab_000000000256,0.383342,170.315944,309.177343,220.438305
48,251,11dd74426e8374ac110c4036c77c09ab_000000000257,0.383342,176.267450,306.660564,220.629952
48,252,11dd74426e8374ac110c4036c77c09ab_000000000258,0.383342,141.440118,309.902800,219.647850
48,253,11dd74426e8374ac110c4036c77c09ab_000000000259,0.376288,132.814159,302.607511,216.238150
48,254,11dd74426e8374ac110c4036c77c09ab_000000000260,0.383342,135.194710,307.959583,218.870778
48,255,11dd74426e8374ac110c4036c77c09ab_000000000261,0.384829,134.542762,308.720946,220.669063
48,256,11dd74426e8374ac110c4036c77c09ab_000000000262,0.384829,184.154017,307.469359,221.865147
48,257,11dd74426e8374ac110c4036c77c09ab_000000000263,0.383342,162.013226,305.597881,221.582199
48,258,11dd74426e8374ac110c4036c77c09ab_000000000264,0.390658,176.039680,314.347256,225.238177
48,259,11dd74426e8374ac110c4036c77c09ab_000000000265,0.390658,172.071728,314.563639,225.674210
48,260,11dd74426e8374ac110c4036c77c09ab_000000000266,0.390658,172.071728,312.942495,225.582959
48,261,11dd74426e8374ac110c4036c77c09ab_000000000267,0.383342,165.025716,305.343880,220.171646
48,262,11dd74426e8374ac110c4036c77c09ab_000000000268,0.383342,164.658339,305.975818,221.132714
48,263,11dd74426e8374ac110c4036c77c09ab_000000000269,0.383342,162.380602,306.127316,221.160159
48,264,11dd74426e8374ac110c4036c77c09ab_000000000270,0.383342,168.479060,306.715056,221.426163
48,265,11dd74426e8374ac110c4036c77c09ab_000000000271,0.383342,167.303453,305.418915,221.111539
48,266,11dd74426e8374ac110c4036c77c09ab_000000000272,0.383342,169.434240,307.937098,221.818699
48,267,11dd74426e8374ac110c4036c77c09ab_000000000273,0.383342,168.405584,305.759159,220.674641
48,268,11dd74426e8374ac110c4036c77c09ab_000000000274,0.383342,169.507715,307.033751,221.616219
48,269,11dd74426e8374ac110c4036c77c09ab_000000000275,0.383342,165.393093,309.400998,220.983205
48,270,11dd74426e8374ac110c4036c77c09ab_000000000276,0.392232,180.461538,316.157021,226.667974
48,271,11dd74426e8374ac110c4036c77c09ab_000000000277,0.392232,181.384615,314.018034,226.045009
48,272,11dd74426e8374ac110c4036c77c09ab_000000000278,0.392232,186.000000,312.146695,226.436714
48,273,11dd74426e8374ac110c4036c77c09ab_000000000279,0.383342,181.998530,309.672547,221.288844
48,274,11dd74426e8374ac110c4036c77c09ab_000000000280,0.383342,182.218957,308.944048,221.394085
48,275,11dd74426e8374ac110c4036c77c09ab_000000000281,0.383342,189.346069,310.447419,221.751853
48,276,11dd74426e8374ac110c4036c77c09ab_000000000282,0.383342,190.007348,310.905585,221.599373
48,277,11dd74426e8374ac110c4036c77c09ab_000000000283,0.392232,206.692308,317.108826,226.426468
48,278,11dd74426e8374ac110c4036c77c09ab_000000000284,0.392232,212.461538,315.202344,226.526274
48,279,11dd74426e8374ac110c4036c77c09ab_000000000285,0.392232,215.076923,318.697242,227.236405
48,280,11dd74426e8374ac110c4036c77c09ab_000000000286,0.390658,205.875620,317.238825,226.876393
48,281,11dd74426e8374ac110c4036c77c09ab_000000000287,0.390658,211.827547,316.821009,226.238165
48,282,11dd74426e8374ac110c4036c77c09ab_000000000288,0.392232,205.153846,317.607352,227.001266
48,283,11dd74426e8374ac110c4036c77c09ab_000000000289,0.392232,209.153846,317.530121,226.788703
48,284,11dd74426e8374ac110c4036c77c09ab_000000000290,0.383342,186.407054,310.757831,221.288750
48,285,11dd74426e8374ac110c4036c77c09ab_000000000291,0.383342,229.390154,309.862931,222.592495
48,286,11dd74426e8374ac110c4036c77c09ab_000000000292,0.390658,240.289966,314.689654,225.738302
49,287,11dd74426e8374ac110c4036c77c09ab_000000000293,0.383342,203.600294,271.035627,205.910421
50,287,11dd74426e8374ac110c4036c77c09ab_000000000293,0.383342,0.863336,339.081753,232.555703
51,287,11dd74426e8374ac110c4036c77c09ab_000000000293,0.383342,327.112417,356.664905,236.609030
52,287,11dd74426e8374ac110c4036c77c09ab_000000000293,0.383342,763.703159,339.404285,165.575523
53,287,11dd74426e8374ac110c4036c77c09ab_000000000293,0.383342,190.080823,307.433026,221.065400
54,288,11dd74426e8374ac110c4036c77c09ab_000000000294,0.383342,223.438648,271.523648,205.161403
55,288,11dd74426e8374ac110c4036c77c09ab_000000000294,0.383342,0.293902,274.690709,199.794621
56,288,11dd74426e8374ac110c4036c77c09ab_000000000294,0.383342,0.670463,339.730982,232.250883
57,288,11dd74426e8374ac110c4036c77c09ab_000000000294,0.383342,326.818516,358.045159,236.640172
58,288,11dd74426e8374ac110c4036c77c09ab_000000000294,0.383342,760.029390,339.611726,164.757191
59,288,11dd74426e8374ac110c4036c77c09ab_000000000294,0.383342,187.803086,307.954740,220.244013
60,289,11dd74426e8374ac110c4036c77c09ab_000000000295,0.398252,246.074544,283.645805,212.954408
60,290,11dd74426e8374ac110c4036c77c09ab_000000000296,0.398252,254.321967,282.119353,213.064180
60,291,11dd74426e8374ac110c4036c77c09ab_000000000297,0.398252,430.590801,284.674152,208.799311
60,292,11dd74426e8374ac110c4036c77c09ab_000000000298,0.390658,403.967951,276.744966,206.779597
60,293,11dd74426e8374ac110c4036c77c09ab_000000000299,0.390658,404.044258,276.130677,206.338247
60,294,11dd74426e8374ac110c4036c77c09ab_000000000300,0.383342,371.565026,271.138084,203.110582
60,295,11dd74426e8374ac110c4036c77c09ab_000000000301,0.383342,367.009552,271.448426,201.639265
60,296,11dd74426e8374ac110c4036c77c09ab_000000000302,0.383342,362.454078,269.553571,202.885874
60,297,11dd74426e8374ac110c4036c77c09ab_000000000303,0.383342,358.486407,269.298938,202.406112
60,298,11dd74426e8374ac110c4036c77c09ab_000000000304,0.376288,346.336283,264.952195,198.090942
60,299,11dd74426e8374ac110c4036c77c09ab_000000000305,0.376288,340.318584,262.282142,198.468631
60,300,11dd74426e8374ac110c4036c77c09ab_000000000306,0.376288,339.469027,264.814027,198.205248
60,301,11dd74426e8374ac110c4036c77c09ab_000000000307,0.383342,344.232182,268.445662,202.950989
60,302,11dd74426e8374ac110c4036c77c09ab_000000000308,0.383342,345.113887,269.418545,203.810934
60,303,11dd74426e8374ac110c4036c77c09ab_000000000309,0.384829,338.022954,268.847324,202.704219
60,304,11dd74426e8374ac110c4036c77c09ab_000000000310,0.383342,340.484938,269.955701,203.890625
60,305,11dd74426e8374ac110c4036c77c09ab_000000000311,0.383342,342.101396,270.227297,203.317508
60,306,11dd74426e8374ac110c4036c77c09ab_000000000312,0.376288,330.336283,265.261306,199.583900
60,307,11dd74426e8374ac110c4036c77c09ab_000000000313,0.390658,361.159863,274.264370,206.138411
60,308,11dd74426e8374ac110c4036c77c09ab_000000000314,0.390658,376.573827,273.996628,206.329186
60,309,11dd74426e8374ac110c4036c77c09ab_000000000315,0.390658,376.115986,273.903207,206.017499
60,310,11dd74426e8374ac110c4036c77c09ab_000000000316,0.390658,349.332316,273.591854,206.982770
60,311,11dd74426e8374ac110c4036c77c09ab_000000000317,0.398252,362.490087,281.203987,210.868984
60,312,11dd74426e8374ac110c4036c77c09ab_000000000318,0.390658,339.030904,274.833738,206.790803
60,313,11dd74426e8374ac110c4036c77c09ab_000000000319,0.390658,339.870279,275.784106,207.791339
60,314,11dd74426e8374ac110c4036c77c09ab_000000000320,0.390658,338.267837,274.211222,207.717400
60,315,11dd74426e8374ac110c4036c77c09ab_000000000321,0.390658,329.721480,275.332027,207.481393
60,316,11dd74426e8374ac110c4036c77c09ab_000000000322,0.390658,335.444487,276.292195,206.273082
60,317,11dd74426e8374ac110c4036c77c09ab_000000000323,0.390658,368.561618,274.423218,205.472858
60,318,11dd74426e8374ac110c4036c77c09ab_000000000324,0.390658,369.172072,275.244019,205.888289
60,319,11dd74426e8374ac110c4036c77c09ab_000000000325,0.390658,354.750095,274.975060,207.366394
60,320,11dd74426e8374ac110c4036c77c09ab_000000000326,0.390658,354.826402,277.748411,206.247235
60,321,11dd74426e8374ac110c4036c77c09ab_000000000327,0.383342,336.517267,272.654019,204.314982
60,322,11dd74426e8374ac110c4036c77c09ab_000000000328,0.383342,310.580456,271.255632,204.292895
60,323,11dd74426e8374ac110c4036c77c09ab_000000000329,0.383342,312.490816,270.099103,204.870458
60,324,11dd74426e8374ac110c4036c77c09ab_000000000330,0.390658,315.070584,278.211292,209.249797
60,325,11dd74426e8374ac110c4036c77c09ab_000000000331,0.390658,312.552461,278.571978,208.704750
60,326,11dd74426e8374ac110c4036c77c09ab_000000000332,0.383342,289.860397,272.992298,206.025466
60,327,11dd74426e8374ac110c4036c77c09ab_000000000333,0.390658,298.130485,277.665101,210.667696
60,328,11dd74426e8374ac110c4036c77c09ab_000000000334,0.390658,300.495994,277.468603,208.407035
60,329,11dd74426e8374ac110c4036c77c09ab_000000000335,0.390658,296.833270,278.613490,209.956028
60,330,11dd74426e8374ac110c4036c77c09ab_000000000336,0.392232,299.384615,276.620037,210.278631
60,331,11dd74426e8374ac110c4036c77c09ab_000000000337,0.390658,296.375429,279.499695,210.447164
60,332,11dd74426e8374ac110c4036c77c09ab_000000000338,0.390658,296.451736,277.539253,210.154910
61,289,11dd74426e8374ac110c4036c77c09ab_000000000295,0.398252,449.325932,374.866821,246.440741
61,290,11dd74426e8374ac110c4036c77c09ab_000000000296,0.398252,465.344964,374.505614,246.748010
61,291,11dd74426e8374ac110c4036c77c09ab_000000000297,0.398252,531.482950,372.444059,244.141339
61,292,11dd74426e8374ac110c4036c77c09ab_000000000298,0.390658,514.765357,360.725661,239.235929
61,293,11dd74426e8374ac110c4036c77c09ab_000000000299,0.390658,521.327738,359.756312,239.948741
61,294,11dd74426e8374ac110c4036c77c09ab_000000000300,0.383342,470.683321,351.306639,234.912585
61,295,11dd74426e8374ac110c4036c77c09ab_000000000301,0.383342,454.371785,351.140893,234.755729
61,296,11dd74426e8374ac110c4036c77c09ab_000000000302,0.383342,437.472447,350.735792,235.497190
61,297,11dd74426e8374ac110c4036c77c09ab_000000000303,0.383342,433.063924,350.051420,234.412233
61,298,11dd74426e8374ac110c4036c77c09ab_000000000304,0.376288,408.070796,347.842519,230.345403
61,299,11dd74426e8374ac110c4036c77c09ab_000000000305,0.376288,403.256637,345.388469,231.116308
61,300,11dd74426e8374ac110c4036c77c09ab_000000000306,0.376288,402.973451,346.294280,229.581711
61,301,11dd74426e8374ac110c4036c77c09ab_000000000307,0.383342,424.687730,353.114924,235.090779
61,302,11dd74426e8374ac110c4036c77c09ab_000000000308,0.383342,421.895665,353.747096,236.265464
61,303,11dd74426e8374ac110c4036c77c09ab_000000000309,0.384829,420.140689,352.857962,234.978245
61,304,11dd74426e8374ac110c4036c77c09ab_000000000310,0.383342,412.637766,353.030319,236.352456
61,305,11dd74426e8374ac110c4036c77c09ab_000000000311,0.383342,417.781043,354.015276,236.166190
61,306,11dd74426e8374ac110c4036c77c09ab_000000000312,0.376288,402.407080,348.134083,232.619279
61,307,11dd74426e8374ac110c4036c77c09ab_000000000313,0.390658,427.012591,361.134797,241.211894
61,308,11dd74426e8374ac110c4036c77c09ab_000000000314,0.390658,451.125525,360.525110,241.162584
61,309,11dd74426e8374ac110c4036c77c09ab_000000000315,0.390658,454.788249,360.409968,240.338088
61,310,11dd74426e8374ac110c4036c77c09ab_000000000316,0.390658,465.929035,359.902308,241.192103
61,311,11dd74426e8374ac110c4036c77c09ab_000000000317,0.398252,486.280730,368.720174,246.073408
61,312,11dd74426e8374ac110c4036c77c09ab_000000000318,0.390658,439.984739,361.153705,241.701193
61,313,11dd74426e8374ac110c4036c77c09ab_000000000319,0.390658,441.968714,360.347306,241.770770
61,314,11dd74426e8374ac110c4036c77c09ab_000000000320,0.390658,366.730256,360.904776,241.678613
61,315,11dd74426e8374ac110c4036c77c09ab_000000000321,0.390658,378.786723,359.371091,241.691489
61,316,11dd74426e8374ac110c4036c77c09ab_000000000322,0.390658,370.698207,360.122721,241.351404
61,317,11dd74426e8374ac110c4036c77c09ab_000000000323,0.390658,385.654330,361.538498,242.020868
61,318,11dd74426e8374ac110c4036c77c09ab_000000000324,0.390658,391.911484,359.712535,241.185236
61,319,11dd74426e8374ac110c4036c77c09ab_000000000325,0.390658,384.128195,361.168489,241.927257
61,320,11dd74426e8374ac110c4036c77c09ab_000000000326,0.390658,379.091950,361.175523,241.547782
61,321,11dd74426e8374ac110c4036c77c09ab_000000000327,0.383342,366.495224,356.915911,237.691554
61,322,11dd74426e8374ac110c4036c77c09ab_000000000328,0.383342,385.451874,350.982727,235.767546
61,323,11dd74426e8374ac110c4036c77c09ab_000000000329,0.383342,386.333578,352.929641,236.749882
61,324,11dd74426e8374ac110c4036c77c09ab_000000000330,0.390658,386.264784,363.100223,241.826231
61,325,11dd74426e8374ac110c4036c77c09ab_000000000331,0.390658,376.650134,361.008186,241.508821
61,326,11dd74426e8374ac110c4036c77c09ab_000000000332,0.383342,360.764144,354.871524,237.399439
61,327,11dd74426e8374ac110c4036c77c09ab_000000000333,0.390658,371.156047,362.277991,242.729746
61,328,11dd74426e8374ac110c4036c77c09ab_000000000334,0.390658,360.778329,365.574238,242.673379
61,329,11dd74426e8374ac110c4036c77c09ab_000000000335,0.390658,356.810378,365.487041,242.856810
61,330,11dd74426e8374ac110c4036c77c09ab_000000000336,0.392232,382.153846,366.331007,242.909895
61,331,11dd74426e8374ac110c4036c77c09ab_000000000337,0.390658,370.698207,365.578887,241.470909
61,332,11dd74426e8374ac110c4036c77c09ab_000000000338,0.390658,369.172072,360.759185,240.922238
62,289,11dd74426e8374ac110c4036c77c09ab_000000000295,0.398252,804.996035,353.933166,172.065043
62,290,11dd74426e8374ac110c4036c77c09ab_000000000296,0.398252,802.220460,354.559785,171.653496
62,291,11dd74426e8374ac110c4036c77c09ab_000000000297,0.398252,754.084060,352.968748,176.121562
62,292,11dd74426e8374ac110c4036c77c09ab_000000000298,0.390658,728.576879,342.319656,168.271907
62,293,11dd74426e8374ac110c4036c77c09ab_000000000299,0.390658,732.926364,344.158518,168.406911
62,294,11dd74426e8374ac110c4036c77c09ab_000000000300,0.383342,671.565026,336.166074,165.643165
62,295,11dd74426e8374ac110c4036c77c09ab_000000000301,0.383342,668.626010,337.887672,164.984133
62,296,11dd74426e8374ac110c4036c77c09ab_000000000302,0.383342,667.450404,335.607440,164.807273
62,297,11dd74426e8374ac110c4036c77c09ab_000000000303,0.383342,667.156503,335.328754,165.528682
62,298,11dd74426e8374ac110c4036c77c09ab_000000000304,0.376288,633.203540,330.876104,161.152271
62,299,11dd74426e8374ac110c4036c77c09ab_000000000305,0.376288,635.185841,329.878586,161.797570
62,300,11dd74426e8374ac110c4036c77c09ab_000000000306,0.376288,624.141593,332.574110,161.296756
62,301,11dd74426e8374ac110c4036c77c09ab_000000000307,0.383342,662.674504,339.521155,166.268154
62,302,11dd74426e8374ac110c4036c77c09ab_000000000308,0.383342,666.568699,340.450216,167.368822
62,303,11dd74426e8374ac110c4036c77c09ab_000000000309,0.384829,692.558312,337.630866,166.629561
62,304,11dd74426e8374ac110c4036c77c09ab_000000000310,0.383342,688.464364,340.281708,167.167289
62,305,11dd74426e8374ac110c4036c77c09ab_000000000311,0.383342,706.833211,339.148600,166.279268
62,306,11dd74426e8374ac110c4036c77c09ab_000000000312,0.376288,682.053097,333.388421,164.094505
62,307,11dd74426e8374ac110c4036c77c09ab_000000000313,0.390658,747.348340,343.533761,168.713698
62,308,11dd74426e8374ac110c4036c77c09ab_000000000314,0.390658,748.035101,343.568597,167.101520
62,309,11dd74426e8374ac110c4036c77c09ab_000000000315,0.390658,749.790156,344.887425,167.562934
62,310,11dd74426e8374ac110c4036c77c09ab_000000000316,0.390658,753.376574,343.014776,169.307565
62,311,11dd74426e8374ac110c4036c77c09ab_000000000317,0.398252,775.574941,352.452435,173.003550
62,312,11dd74426e8374ac110c4036c77c09ab_000000000318,0.390658,738.496757,345.661921,169.493154
62,313,11dd74426e8374ac110c4036c77c09ab_000000000319,0.390658,735.978634,345.615735,169.052615
62,314,11dd74426e8374ac110c4036c77c09ab_000000000320,0.390658,740.480733,342.168653,169.077031
62,315,11dd74426e8374ac110c4036c77c09ab_000000000321,0.390658,745.593285,343.381614,168.694611
62,316,11dd74426e8374ac110c4036c77c09ab_000000000322,0.390658,741.472720,342.412385,168.322385
62,317,11dd74426e8374ac110c4036c77c09ab_000000000323,0.390658,722.014498,344.571565,168.599701
62,318,11dd74426e8374ac110c4036c77c09ab_000000000324,0.390658,726.516597,341.723679,167.882883
62,319,11dd74426e8374ac110c4036c77c09ab_000000000325,0.390658,729.034720,343.306219,167.984017
62,320,11dd74426e8374ac110c4036c77c09ab_000000000326,0.390658,726.898130,346.061377,168.661611
62,321,11dd74426e8374ac110c4036c77c09ab_000000000327,0.383342,692.432035,338.771131,165.737269
62,322,11dd74426e8374ac110c4036c77c09ab_000000000328,0.383342,704.628949,337.608378,164.840871
62,323,11dd74426e8374ac110c4036c77c09ab_000000000329,0.383342,705.143277,337.798598,165.076400
62,324,11dd74426e8374ac110c4036c77c09ab_000000000330,0.390658,830.980542,348.313764,170.614948
62,325,11dd74426e8374ac110c4036c77c09ab_000000000331,0.390658,828.080885,344.606067,170.527048
62,326,11dd74426e8374ac110c4036c77c09ab_000000000332,0.383342,879.720794,339.875624,168.314787
62,327,11dd74426e8374ac110c4036c77c09ab_000000000333,0.390658,914.154903,343.027079,171.717870
62,328,11dd74426e8374ac110c4036c77c09ab_000000000334,0.390658,983.746662,344.659215,170.359080
62,329,11dd74426e8374ac110c4036c77c09ab_000000000335,0.390658,992.750858,342.952281,170.913998
62,330,11dd74426e8374ac110c4036c77c09ab_000000000336,0.392232,1030.461538,345.779511,169.819504
62,331,11dd74426e8374ac110c4036c77c09ab_000000000337,0.390658,993.437619,344.081908,170.474758
62,332,11dd74426e8374ac110c4036c77c09ab_000000000338,0.390658,992.140404,341.412492,169.800120
63,289,11dd74426e8374ac110c4036c77c09ab_000000000295,0.398252,198.334655,320.864020,229.967897
63,290,11dd74426e8374ac110c4036c77c09ab_000000000296,0.398252,198.572561,319.908134,229.243027
64,291,11dd74426e8374ac110c4036c77c09ab_000000000297,0.398252,372.779540,307.683144,160.463111
64,292,11dd74426e8374ac110c4036c77c09ab_000000000298,0.390658,349.332316,299.607245,156.155638
64,293,11dd74426e8374ac110c4036c77c09ab_000000000299,0.390658,354.673789,297.863711,155.792461
64,294,11dd74426e8374ac110c4036c77c09ab_000000000300,0.383342,326.304188,293.247914,152.078666
64,295,11dd74426e8374ac110c4036c77c09ab_000000000301,0.383342,329.537105,292.885115,152.837780
64,296,11dd74426e8374ac110c4036c77c09ab_000000000302,0.383342,351.873622,292.098123,152.146378
64,297,11dd74426e8374ac110c4036c77c09ab_000000000303,0.383342,352.828802,292.896463,152.665693
64,298,11dd74426e8374ac110c4036c77c09ab_000000000304,0.376288,326.300885,286.735441,148.634678
64,299,11dd74426e8374ac110c4036c77c09ab_000000000305,0.376288,331.752212,285.834912,149.342435
64,300,11dd74426e8374ac110c4036c77c09ab_000000000306,0.376288,280.991150,287.382830,147.989781
64,301,11dd74426e8374ac110c4036c77c09ab_000000000307,0.383342,318.001470,289.380338,152.354953
64,302,11dd74426e8374ac110c4036c77c09ab_000000000308,0.383342,321.822190,287.774884,152.679825
64,303,11dd74426e8374ac110c4036c77c09ab_000000000309,0.384829,324.546464,287.174331,152.618079
64,304,11dd74426e8374ac110c4036c77c09ab_000000000310,0.383342,328.728876,287.317163,153.369812
64,305,11dd74426e8374ac110c4036c77c09ab_000000000311,0.383342,340.631888,285.231713,152.259165
64,306,11dd74426e8374ac110c4036c77c09ab_000000000312,0.376288,332.460177,281.731707,148.795205
64,307,11dd74426e8374ac110c4036c77c09ab_000000000313,0.390658,359.023274,290.292880,154.404319
64,308,11dd74426e8374ac110c4036c77c09ab_000000000314,0.390658,361.617703,290.905667,155.709329
64,309,11dd74426e8374ac110c4036c77c09ab_000000000315,0.390658,366.882869,292.677790,154.321819
64,310,11dd74426e8374ac110c4036c77c09ab_000000000316,0.390658,383.746662,291.614283,154.178196
64,311,11dd74426e8374ac110c4036c77c09ab_000000000317,0.398252,394.766059,297.332882,157.393240
64,312,11dd74426e8374ac110c4036c77c09ab_000000000318,0.390658,384.280809,291.354361,154.191393
64,313,11dd74426e8374ac110c4036c77c09ab_000000000319,0.390658,384.586036,291.416879,154.162745
64,314,11dd74426e8374ac110c4036c77c09ab_000000000320,0.390658,377.107974,289.658705,154.319268
64,315,11dd74426e8374ac110c4036c77c09ab_000000000321,0.390658,391.987791,290.249007,153.332955
64,316,11dd74426e8374ac110c4036c77c09ab_000000000322,0.390658,394.734834,291.625656,153.745287
64,317,11dd74426e8374ac110c4036c77c09ab_000000000323,0.390658,382.754674,291.406865,154.578784
64,318,11dd74426e8374ac110c4036c77c09ab_000000000324,0.390658,384.204502,290.491118,153.390430
64,319,11dd74426e8374ac110c4036c77c09ab_000000000325,0.390658,381.610072,292.212859,154.407860
64,320,11dd74426e8374ac110c4036c77c09ab_000000000326,0.390658,380.236551,293.750478,154.122926
64,321,11dd74426e8374ac110c4036c77c09ab_000000000327,0.383342,371.858927,290.590938,151.922138
64,322,11dd74426e8374ac110c4036c77c09ab_000000000328,0.383342,379.206466,285.485129,151.212603
64,323,11dd74426e8374ac110c4036c77c09ab_000000000329,0.383342,381.337252,285.031175,151.001840
64,324,11dd74426e8374ac110c4036c77c09ab_000000000330,0.390658,387.790919,291.780856,154.056306
64,325,11dd74426e8374ac110c4036c77c09ab_000000000331,0.390658,392.140404,294.519299,153.805063
64,326,11dd74426e8374ac110c4036c77c09ab_000000000332,0.383342,380.161646,288.902073,153.005621
64,327,11dd74426e8374ac110c4036c77c09ab_000000000333,0.390658,397.634491,293.826969,156.055995
64,328,11dd74426e8374ac110c4036c77c09ab_000000000334,0.390658,345.211751,294.619634,154.993596
64,329,11dd74426e8374ac110c4036c77c09ab_000000000335,0.390658,314.460130,295.574962,156.300454
64,330,11dd74426e8374ac110c4036c77c09ab_000000000336,0.392232,311.153846,296.732068,156.347807
64,331,11dd74426e8374ac110c4036c77c09ab_000000000337,0.390658,327.355971,295.615592,154.831672
64,332,11dd74426e8374ac110c4036c77c09ab_000000000338,0.390658,338.038916,293.352047,154.917010
65,334,11dd74426e8374ac110c4036c77c09ab_000000000374,0.383342,488.905217,270.613586,202.623450
65,335,11dd74426e8374ac110c4036c77c09ab_000000000375,0.383342,490.521675,270.472711,203.840110
65,336,11dd74426e8374ac110c4036c77c09ab_000000000376,0.383342,476.561352,267.860471,200.500471
65,337,11dd74426e8374ac110c4036c77c09ab_000000000377,0.383342,475.459221,269.334993,200.248880
65,338,11dd74426e8374ac110c4036c77c09ab_000000000378,0.376288,462.230088,257.298296,196.827974
65,339,11dd74426e8374ac110c4036c77c09ab_000000000379,0.376288,459.327434,257.561129,196.452581
65,340,11dd74426e8374ac110c4036c77c09ab_000000000380,0.383342,453.122704,263.795679,200.122768
65,341,11dd74426e8374ac110c4036c77c09ab_000000000381,0.383342,467.009552,265.071301,201.312124
65,342,11dd74426e8374ac110c4036c77c09ab_000000000382,0.383342,483.100661,279.830560,205.336555
65,343,11dd74426e8374ac110c4036c77c09ab_000000000383,0.383342,466.715650,274.010689,204.752699
65,344,11dd74426e8374ac110c4036c77c09ab_000000000384,0.383342,461.792799,277.253510,206.366458
65,345,11dd74426e8374ac110c4036c77c09ab_000000000385,0.383342,458.045555,274.468926,206.380427
65,346,11dd74426e8374ac110c4036c77c09ab_000000000386,0.383342,457.163850,273.342415,206.094745
65,347,11dd74426e8374ac110c4036c77c09ab_000000000387,0.390658,449.370469,275.434365,207.996659
65,348,11dd74426e8374ac110c4036c77c09ab_000000000388,0.390658,558.336513,275.586989,206.964506
65,349,11dd74426e8374ac110c4036c77c09ab_000000000389,0.390658,566.653949,276.495011,207.174952
65,350,11dd74426e8374ac110c4036c77c09ab_000000000390,0.383342,527.700220,272.485254,202.474877
65,351,11dd74426e8374ac110c4036c77c09ab_000000000391,0.390658,549.256009,274.595514,205.402399
65,352,11dd74426e8374ac110c4036c77c09ab_000000000392,0.390658,590.766883,274.497754,207.484660
65,353,11dd74426e8374ac110c4036c77c09ab_000000000393,0.390658,589.088134,276.782306,208.938897
65,354,11dd74426e8374ac110c4036c77c09ab_000000000394,0.343351,428.824050,243.214250,182.840086
65,355,11dd74426e8374ac110c4036c77c09ab_000000000395,0.337676,453.078677,236.923103,179.606702
65,356,11dd74426e8374ac110c4036c77c09ab_000000000396,0.337676,453.420753,238.576446,178.679742
65,357,11dd74426e8374ac110c4036c77c09ab_000000000397,0.343351,479.339817,245.366103,183.611829
65,358,11dd74426e8374ac110c4036c77c09ab_000000000398,0.343351,484.409078,243.235102,183.331809
65,359,11dd74426e8374ac110c4036c77c09ab_000000000399,0.343351,483.112290,244.351579,183.102985
65,360,11dd74426e8374ac110c4036c77c09ab_000000000400,0.343351,481.049219,244.678332,183.470624
65,361,11dd74426e8374ac110c4036c77c09ab_000000000401,0.343351,481.933392,240.117722,183.842099
65,362,11dd74426e8374ac110c4036c77c09ab_000000000402,0.343351,487.651046,244.469690,184.672687
65,363,11dd74426e8374ac110c4036c77c09ab_000000000403,0.337676,465.051311,237.433347,180.052396
65,364,11dd74426e8374ac110c4036c77c09ab_000000000404,0.337676,440.022805,237.920715,178.926651
65,365,11dd74426e8374ac110c4036c77c09ab_000000000405,0.337676,440.022805,239.855138,179.767152
65,366,11dd74426e8374ac110c4036c77c09ab_000000000406,0.338788,436.958393,237.170364,180.351152
65,367,11dd74426e8374ac110c4036c77c09ab_000000000407,0.338788,435.925395,240.926214,181.396074
65,368,11dd74426e8374ac110c4036c77c09ab_000000000408,0.338788,419.454806,239.284050,179.327157
65,369,11dd74426e8374ac110c4036c77c09ab_000000000409,0.338788,423.213773,241.224536,178.933716
65,370,11dd74426e8374ac110c4036c77c09ab_000000000410,0.333241,374.292060,233.922945,178.192859
65,371,11dd74426e8374ac110c4036c77c09ab_000000000411,0.333241,347.806774,234.356500,179.363615
65,372,11dd74426e8374ac110c4036c77c09ab_000000000412,0.339814,359.584296,240.870888,183.252781
65,373,11dd74426e8374ac110c4036c77c09ab_000000000413,0.350446,372.060178,246.986214,187.687301
65,374,11dd74426e8374ac110c4036c77c09ab_000000000414,0.338788,346.054519,239.856644,180.442384
65,375,11dd74426e8374ac110c4036c77c09ab_000000000415,0.344520,342.848665,242.254085,183.571127
65,376,11dd74426e8374ac110c4036c77c09ab_000000000416,0.344520,340.059347,244.131242,184.983358
65,377,11dd74426e8374ac110c4036c77c09ab_000000000417,0.344520,328.427300,242.011486,185.694184
65,378,11dd74426e8374ac110c4036c77c09ab_000000000418,0.344520,323.323442,242.126572,185.322433
65,379,11dd74426e8374ac110c4036c77c09ab_000000000419,0.338788,311.162123,239.028511,181.366794
65,380,11dd74426e8374ac110c4036c77c09ab_000000000420,0.338788,284.476327,239.421868,181.307820
65,381,11dd74426e8374ac110c4036c77c09ab_000000000421,0.338788,284.763271,238.706203,180.086019
65,382,11dd74426e8374ac110c4036c77c09ab_000000000422,0.344520,293.234421,242.495590,185.139469
65,383,11dd74426e8374ac110c4036c77c09ab_000000000423,0.350446,302.057108,246.025460,187.979675
65,384,11dd74426e8374ac110c4036c77c09ab_000000000424,0.338788,277.360115,239.711216,181.022050
65,385,11dd74426e8374ac110c4036c77c09ab_000000000425,0.333241,270.016657,238.426760,178.297607
65,386,11dd74426e8374ac110c4036c77c09ab_000000000426,0.350446,303.899294,249.554476,187.905089
65,387,11dd74426e8374ac110c4036c77c09ab_000000000427,0.350446,301.995702,252.298559,188.312496
65,388,11dd74426e8374ac110c4036c77c09ab_000000000428,0.350446,299.907891,246.745346,187.747769
65,389,11dd74426e8374ac110c4036c77c09ab_000000000429,0.338788,285.566714,240.133337,181.306228
65,390,11dd74426e8374ac110c4036c77c09ab_000000000430,0.338788,283.902439,238.723055,181.801694
65,391,11dd74426e8374ac110c4036c77c09ab_000000000431,0.338788,286.140603,240.280192,181.006749
65,392,11dd74426e8374ac110c4036c77c09ab_000000000432,0.338788,285.624103,241.725543,181.507880
65,393,11dd74426e8374ac110c4036c77c09ab_000000000433,0.344520,292.462908,244.286533,184.229257
65,394,11dd74426e8374ac110c4036c77c09ab_000000000434,0.344520,285.341246,244.633829,184.036663
65,395,11dd74426e8374ac110c4036c77c09ab_000000000435,0.344520,285.816024,245.037543,185.149647
65,396,11dd74426e8374ac110c4036c77c09ab_000000000436,0.338788,275.982783,240.901835,182.291887
65,397,11dd74426e8374ac110c4036c77c09ab_000000000437,0.338788,275.581062,241.665949,182.258988
65,398,11dd74426e8374ac110c4036c77c09ab_000000000438,0.344520,288.249258,244.436167,184.631731
65,399,11dd74426e8374ac110c4036c77c09ab_000000000439,0.344520,286.824926,244.008376,185.285108
65,400,11dd74426e8374ac110c4036c77c09ab_000000000440,0.338788,275.695839,239.769631,182.171603
65,401,11dd74426e8374ac110c4036c77c09ab_000000000441,0.338788,271.908178,240.822121,181.360570
65,402,11dd74426e8374ac110c4036c77c09ab_000000000442,0.338788,273.228121,239.008577,181.492351
65,403,11dd74426e8374ac110c4036c77c09ab_000000000443,0.338788,268.751793,240.752560,183.122750
65,404,11dd74426e8374ac110c4036c77c09ab_000000000444,0.338788,271.736011,240.184080,182.717233
65,405,11dd74426e8374ac110c4036c77c09ab_000000000445,0.344520,270.979228,243.885552,184.874792
65,406,11dd74426e8374ac110c4036c77c09ab_000000000446,0.344520,269.910979,245.283800,185.237648
65,407,11dd74426e8374ac110c4036c77c09ab_000000000447,0.344520,272.047478,244.613053,184.799638
65,408,11dd74426e8374ac110c4036c77c09ab_000000000448,0.344520,276.735905,242.455427,183.997909
66,334,11dd74426e8374ac110c4036c77c09ab_000000000374,0.383342,2471.124173,394.074261,239.779600
66,335,11dd74426e8374ac110c4036c77c09ab_000000000375,0.383342,2477.002204,393.430601,242.474971
66,336,11dd74426e8374ac110c4036c77c09ab_000000000376,0.383342,2564.584864,390.951071,238.406342
66,337,11dd74426e8374ac110c4036c77c09ab_000000000377,0.383342,2586.921381,393.060596,237.475339
66,338,11dd74426e8374ac110c4036c77c09ab_000000000378,0.376288,2568.778761,375.992650,235.134697
66,339,11dd74426e8374ac110c4036c77c09ab_000000000379,0.376288,2585.486726,376.255941,233.399829
66,340,11dd74426e8374ac110c4036c77c09ab_000000000380,0.383342,2661.572373,386.672170,237.642771
66,341,11dd74426e8374ac110c4036c77c09ab_000000000381,0.383342,2725.055107,384.162060,239.162988
66,342,11dd74426e8374ac110c4036c77c09ab_000000000382,0.383342,2682.476120,400.537254,237.108470
66,343,11dd74426e8374ac110c4036c77c09ab_000000000383,0.383342,2701.836885,392.430155,240.206250
66,344,11dd74426e8374ac110c4036c77c09ab_000000000384,0.383342,2718.883174,395.081469,241.563458
66,345,11dd74426e8374ac110c4036c77c09ab_000000000385,0.383342,2770.022043,393.747073,242.673450
66,346,11dd74426e8374ac110c4036c77c09ab_000000000386,0.383342,2589.860397,392.066725,242.033604
66,347,11dd74426e8374ac110c4036c77c09ab_000000000387,0.390658,2708.279283,399.657294,246.868325
66,348,11dd74426e8374ac110c4036c77c09ab_000000000388,0.390658,2887.142312,396.136486,245.349733
66,349,11dd74426e8374ac110c4036c77c09ab_000000000389,0.390658,2887.447539,397.337882,244.050386
66,350,11dd74426e8374ac110c4036c77c09ab_000000000390,0.383342,2599.265246,394.129994,238.725458
66,351,11dd74426e8374ac110c4036c77c09ab_000000000391,0.390658,2685.387257,404.228185,244.933729
66,352,11dd74426e8374ac110c4036c77c09ab_000000000392,0.390658,2601.449828,402.859929,245.450569
66,353,11dd74426e8374ac110c4036c77c09ab_000000000393,0.390658,2581.610072,403.622122,245.844875
67,354,11dd74426e8374ac110c4036c77c09ab_000000000394,0.343351,2152.667256,348.272848,214.265151
67,355,11dd74426e8374ac110c4036c77c09ab_000000000395,0.337676,1913.340935,347.124628,213.563937
67,356,11dd74426e8374ac110c4036c77c09ab_000000000396,0.337676,2049.486887,348.584401,211.012838
67,357,11dd74426e8374ac110c4036c77c09ab_000000000397,0.343351,1964.750958,356.552456,216.598863
67,358,11dd74426e8374ac110c4036c77c09ab_000000000398,0.343351,1933.628058,352.408314,217.418408
67,359,11dd74426e8374ac110c4036c77c09ab_000000000399,0.343351,1930.798703,353.806362,215.364904
67,360,11dd74426e8374ac110c4036c77c09ab_000000000400,0.343351,1930.091365,351.145288,215.833847
67,361,11dd74426e8374ac110c4036c77c09ab_000000000401,0.343351,1930.562924,349.989623,217.087631
67,362,11dd74426e8374ac110c4036c77c09ab_000000000402,0.343351,1914.058355,355.492058,217.730995
67,363,11dd74426e8374ac110c4036c77c09ab_000000000403,0.337676,1840.136830,346.033735,211.830730
67,364,11dd74426e8374ac110c4036c77c09ab_000000000404,0.337676,1842.417332,344.956074,210.821082
67,365,11dd74426e8374ac110c4036c77c09ab_000000000405,0.337676,1830.786773,345.172047,213.288359
67,366,11dd74426e8374ac110c4036c77c09ab_000000000406,0.338788,1833.916786,347.168426,213.531226
67,367,11dd74426e8374ac110c4036c77c09ab_000000000407,0.338788,1831.162123,348.431066,212.283060
67,368,11dd74426e8374ac110c4036c77c09ab_000000000408,0.338788,2023.070301,348.383755,214.264075
67,369,11dd74426e8374ac110c4036c77c09ab_000000000409,0.338788,1752.654232,348.670435,211.113988
67,370,11dd74426e8374ac110c4036c77c09ab_000000000410,0.333241,1607.329262,335.596326,208.872143
67,371,11dd74426e8374ac110c4036c77c09ab_000000000411,0.333241,1675.513604,336.226705,209.886551
67,372,11dd74426e8374ac110c4036c77c09ab_000000000412,0.339814,1747.344111,344.130966,213.891030
67,373,11dd74426e8374ac110c4036c77c09ab_000000000413,0.350446,1893.276021,351.070303,222.832775
67,374,11dd74426e8374ac110c4036c77c09ab_000000000414,0.338788,1656.929699,337.984599,212.490564
67,375,11dd74426e8374ac110c4036c77c09ab_000000000415,0.344520,1832.403561,346.550133,216.073724
67,376,11dd74426e8374ac110c4036c77c09ab_000000000416,0.344520,1835.489614,347.503557,217.271450
67,377,11dd74426e8374ac110c4036c77c09ab_000000000417,0.344520,1708.961424,348.483602,217.952921
67,378,11dd74426e8374ac110c4036c77c09ab_000000000418,0.344520,1680.474777,348.885760,218.880671
67,379,11dd74426e8374ac110c4036c77c09ab_000000000419,0.338788,1629.842181,346.129728,214.479085
67,380,11dd74426e8374ac110c4036c77c09ab_000000000420,0.338788,1619.512195,345.056850,215.977145
67,381,11dd74426e8374ac110c4036c77c09ab_000000000421,0.338788,1608.493544,341.831287,214.593207
67,382,11dd74426e8374ac110c4036c77c09ab_000000000422,0.344520,1664.569733,349.451157,219.334935
67,383,11dd74426e8374ac110c4036c77c09ab_000000000423,0.350446,1707.583666,354.971732,222.785611
67,384,11dd74426e8374ac110c4036c77c09ab_000000000424,0.338788,1609.182209,345.780538,215.100604
67,385,11dd74426e8374ac110c4036c77c09ab_000000000425,0.333241,1548.250972,336.565011,211.379890
67,386,11dd74426e8374ac110c4036c77c09ab_000000000426,0.350446,1712.496162,354.323650,224.208293
67,387,11dd74426e8374ac110c4036c77c09ab_000000000427,0.350446,1691.618053,356.581871,223.789550
67,388,11dd74426e8374ac110c4036c77c09ab_000000000428,0.350446,1690.144305,356.289134,224.004964
67,389,11dd74426e8374ac110c4036c77c09ab_000000000429,0.338788,1536.413199,342.210439,215.055113
67,390,11dd74426e8374ac110c4036c77c09ab_000000000430,0.338788,1514.605452,343.547128,216.682472
67,391,11dd74426e8374ac110c4036c77c09ab_000000000431,0.338788,1496.011478,341.420022,216.289197
67,392,11dd74426e8374ac110c4036c77c09ab_000000000432,0.338788,1487.288379,345.143656,216.070671
67,393,11dd74426e8374ac110c4036c77c09ab_000000000433,0.344520,1583.145401,347.007131,219.051396
67,394,11dd74426e8374ac110c4036c77c09ab_000000000434,0.344520,1612.581602,348.424367,220.186669
67,395,11dd74426e8374ac110c4036c77c09ab_000000000435,0.344520,1613.768546,349.206961,220.227736
67,396,11dd74426e8374ac110c4036c77c09ab_000000000436,0.338788,1558.909613,342.397058,215.241256
67,397,11dd74426e8374ac110c4036c77c09ab_000000000437,0.338788,1560.516499,338.947801,213.848303
67,398,11dd74426e8374ac110c4036c77c09ab_000000000438,0.344520,1621.127596,348.185091,218.804045
67,399,11dd74426e8374ac110c4036c77c09ab_000000000439,0.344520,1619.703264,345.539071,217.832600
67,400,11dd74426e8374ac110c4036c77c09ab_000000000440,0.338788,1585.308465,339.629100,214.014078
67,401,11dd74426e8374ac110c4036c77c09ab_000000000441,0.338788,1552.941176,342.611882,214.186305
67,402,11dd74426e8374ac110c4036c77c09ab_000000000442,0.338788,1557.532281,339.726907,213.786227
67,403,11dd74426e8374ac110c4036c77c09ab_000000000443,0.338788,1565.107604,339.413015,216.595293
67,404,11dd74426e8374ac110c4036c77c09ab_000000000444,0.338788,1565.566714,339.624117,216.010850
67,405,11dd74426e8374ac110c4036c77c09ab_000000000445,0.344520,1618.278932,344.602616,217.528726
67,406,11dd74426e8374ac110c4036c77c09ab_000000000446,0.344520,1616.854599,341.433780,217.372826
67,407,11dd74426e8374ac110c4036c77c09ab_000000000447,0.344520,1614.955490,346.464907,217.663284
67,408,11dd74426e8374ac110c4036c77c09ab_000000000448,0.344520,1626.112760,344.596875,217.355246
68,409,11dd74426e8374ac110c4036c77c09ab_000000000449,0.344520,262.225519,249.697107,184.467419
69,409,11dd74426e8374ac110c4036c77c09ab_000000000449,0.344520,1548.931751,356.040595,216.821328
70,409,11dd74426e8374ac110c4036c77c09ab_000000000449,0.344520,935.667656,327.140302,122.698118
71,410,11dd74426e8374ac110c4036c77c09ab_000000000450,0.344520,243.738872,245.531655,183.272258
72,410,11dd74426e8374ac110c4036c77c09ab_000000000450,0.344520,1534.955490,350.448992,218.999709
73,410,11dd74426e8374ac110c4036c77c09ab_000000000450,0.344520,1.431751,359.234433,124.731575
74,410,11dd74426e8374ac110c4036c77c09ab_000000000450,0.344520,901.958457,326.780452,117.743607
75,411,11dd74426e8374ac110c4036c77c09ab_000000000451,0.338788,235.408895,241.789128,180.551502
76,411,11dd74426e8374ac110c4036c77c09ab_000000000451,0.338788,1487.747489,345.462304,215.470058
77,411,11dd74426e8374ac110c4036c77c09ab_000000000451,0.338788,872.195122,323.578294,116.226266
78,412,11dd74426e8374ac110c4036c77c09ab_000000000452,0.338788,233.916786,241.200301,181.652171
79,412,11dd74426e8374ac110c4036c77c09ab_000000000452,0.338788,1470.071736,341.204888,215.712963
80,412,11dd74426e8374ac110c4036c77c09ab_000000000452,0.338788,0.688666,351.606546,123.133723
81,412,11dd74426e8374ac110c4036c77c09ab_000000000452,0.338788,860.373027,322.198782,117.316008
82,413,11dd74426e8374ac110c4036c77c09ab_000000000453,0.338788,230.588235,242.253225,181.649235
82,414,11dd74426e8374ac110c4036c77c09ab_000000000454,0.338788,237.647059,242.459344,182.645232
82,415,11dd74426e8374ac110c4036c77c09ab_000000000455,0.338788,232.711621,239.268024,181.074841
82,416,11dd74426e8374ac110c4036c77c09ab_000000000456,0.338788,235.408895,241.302264,181.093844
82,417,11dd74426e8374ac110c4036c77c09ab_000000000457,0.344520,242.314540,245.495340,185.204424
82,418,11dd74426e8374ac110c4036c77c09ab_000000000458,0.338788,238.622669,242.471585,181.843215
82,419,11dd74426e8374ac110c4036c77c09ab_000000000459,0.338788,230.014347,241.173709,181.601944
82,420,11dd74426e8374ac110c4036c77c09ab_000000000460,0.344520,241.305638,247.459679,184.163062
82,421,11dd74426e8374ac110c4036c77c09ab_000000000461,0.344520,227.418398,243.243383,183.517527
82,422,11dd74426e8374ac110c4036c77c09ab_000000000462,0.344520,225.934718,244.811577,184.760947
82,423,11dd74426e8374ac110c4036c77c09ab_000000000463,0.344520,231.216617,244.836643,184.760631
82,424,11dd74426e8374ac110c4036c77c09ab_000000000464,0.344520,226.290801,247.545157,184.642980
82,425,11dd74426e8374ac110c4036c77c09ab_000000000465,0.344520,225.400593,246.952088,185.757079
82,426,11dd74426e8374ac110c4036c77c09ab_000000000466,0.344520,210.563798,254.193326,185.945488
82,427,11dd74426e8374ac110c4036c77c09ab_000000000467,0.344520,206.706231,254.015683,186.125907
82,428,11dd74426e8374ac110c4036c77c09ab_000000000468,0.344520,221.068249,251.299703,186.157323
82,429,11dd74426e8374ac110c4036c77c09ab_000000000469,0.344520,222.670623,252.332970,187.532776
82,430,11dd74426e8374ac110c4036c77c09ab_000000000470,0.338788,236.786227,251.087035,183.799561
82,431,11dd74426e8374ac110c4036c77c09ab_000000000471,0.327869,208.438592,241.880743,178.019059
82,432,11dd74426e8374ac110c4036c77c09ab_000000000472,0.344520,221.186944,254.617269,186.431821
82,433,11dd74426e8374ac110c4036c77c09ab_000000000473,0.338788,182.898135,252.735589,184.514979
82,434,11dd74426e8374ac110c4036c77c09ab_000000000474,0.333241,175.069406,247.307127,180.795062
82,435,11dd74426e8374ac110c4036c77c09ab_000000000475,0.344520,176.498516,259.558122,186.570731
82,436,11dd74426e8374ac110c4036c77c09ab_000000000476,0.344520,172.937685,260.516761,187.020853
82,437,11dd74426e8374ac110c4036c77c09ab_000000000477,0.344520,156.795252,257.303893,187.976780
82,438,11dd74426e8374ac110c4036c77c09ab_000000000478,0.344520,153.115727,257.937631,187.248480
82,439,11dd74426e8374ac110c4036c77c09ab_000000000479,0.344520,158.456973,258.204664,187.251003
82,440,11dd74426e8374ac110c4036c77c09ab_000000000480,0.337676,153.477765,253.424153,183.438760
82,441,11dd74426e8374ac110c4036c77c09ab_000000000481,0.337676,145.895097,253.429965,183.753353
82,442,11dd74426e8374ac110c4036c77c09ab_000000000482,0.337676,143.101482,251.668522,184.304632
82,443,11dd74426e8374ac110c4036c77c09ab_000000000483,0.337676,143.386545,253.794867,183.257824
82,444,11dd74426e8374ac110c4036c77c09ab_000000000484,0.338788,141.291248,253.440750,184.256649
82,445,11dd74426e8374ac110c4036c77c09ab_000000000485,0.343351,151.370469,258.442353,187.392711
82,446,11dd74426e8374ac110c4036c77c09ab_000000000486,0.343351,152.844091,258.998014,187.132390
82,447,11dd74426e8374ac110c4036c77c09ab_000000000487,0.343351,153.315650,257.597116,187.202888
82,448,11dd74426e8374ac110c4036c77c09ab_000000000488,0.343351,152.903036,255.678425,187.111329
82,449,11dd74426e8374ac110c4036c77c09ab_000000000489,0.344520,156.617211,257.263247,188.240175
82,450,11dd74426e8374ac110c4036c77c09ab_000000000490,0.344520,153.709199,255.253530,188.543754
82,451,11dd74426e8374ac110c4036c77c09ab_000000000491,0.344520,162.077151,255.614746,187.138441
82,452,11dd74426e8374ac110c4036c77c09ab_000000000492,0.344520,161.780415,255.596831,188.084358
82,453,11dd74426e8374ac110c4036c77c09ab_000000000493,0.337676,153.990878,252.666340,183.921655
82,454,11dd74426e8374ac110c4036c77c09ab_000000000494,0.338788,158.909613,252.986496,184.699820
82,455,11dd74426e8374ac110c4036c77c09ab_000000000495,0.338788,160.000000,252.551948,185.046507
82,456,11dd74426e8374ac110c4036c77c09ab_000000000496,0.344520,159.228487,257.238034,188.539632
82,457,11dd74426e8374ac110c4036c77c09ab_000000000497,0.344520,159.228487,257.790962,188.572899
82,458,11dd74426e8374ac110c4036c77c09ab_000000000498,0.344520,159.821958,257.459563,189.091404
82,459,11dd74426e8374ac110c4036c77c09ab_000000000499,0.344520,161.958457,257.801497,189.247220
83,413,11dd74426e8374ac110c4036c77c09ab_000000000453,0.338788,1465.480631,342.434093,216.186158
83,414,11dd74426e8374ac110c4036c77c09ab_000000000454,0.338788,1478.106169,346.285309,217.306658
83,415,11dd74426e8374ac110c4036c77c09ab_000000000455,0.338788,1466.857963,341.878764,217.092744
83,416,11dd74426e8374ac110c4036c77c09ab_000000000456,0.338788,1452.166428,347.068923,218.008490
83,417,11dd74426e8374ac110c4036c77c09ab_000000000457,0.344520,1489.851632,351.497252,221.701054
83,418,11dd74426e8374ac110c4036c77c09ab_000000000458,0.338788,1442.065997,343.942388,219.033685
83,419,11dd74426e8374ac110c4036c77c09ab_000000000459,0.338788,1425.767575,344.722466,218.296514
83,420,11dd74426e8374ac110c4036c77c09ab_000000000460,0.344520,1562.255193,345.789975,219.267836
83,421,11dd74426e8374ac110c4036c77c09ab_000000000461,0.344520,1472.997033,350.245106,220.700884
83,422,11dd74426e8374ac110c4036c77c09ab_000000000462,0.344520,1489.851632,346.674239,220.569355
83,423,11dd74426e8374ac110c4036c77c09ab_000000000463,0.344520,1491.750742,349.218526,220.217958
83,424,11dd74426e8374ac110c4036c77c09ab_000000000464,0.344520,1463.501484,348.202018,218.251370
83,425,11dd74426e8374ac110c4036c77c09ab_000000000465,0.344520,1461.364985,350.884080,219.898777
83,426,11dd74426e8374ac110c4036c77c09ab_000000000466,0.344520,1487.715134,348.337248,219.543952
83,427,11dd74426e8374ac110c4036c77c09ab_000000000467,0.344520,1482.017804,348.414147,218.845218
83,428,11dd74426e8374ac110c4036c77c09ab_000000000468,0.344520,1410.801187,344.395786,217.904137
83,429,11dd74426e8374ac110c4036c77c09ab_000000000469,0.344520,1524.272997,347.981962,220.100938
83,430,11dd74426e8374ac110c4036c77c09ab_000000000470,0.338788,1336.011478,340.169706,215.636413
83,431,11dd74426e8374ac110c4036c77c09ab_000000000471,0.327869,1391.883902,328.109251,209.061519
83,432,11dd74426e8374ac110c4036c77c09ab_000000000472,0.344520,1558.931751,345.383444,218.467431
83,433,11dd74426e8374ac110c4036c77c09ab_000000000473,0.338788,1392.252511,342.406467,215.904276
83,434,11dd74426e8374ac110c4036c77c09ab_000000000474,0.333241,1355.913381,335.822439,211.757959
83,435,11dd74426e8374ac110c4036c77c09ab_000000000475,0.344520,1410.801187,346.470900,219.057872
83,436,11dd74426e8374ac110c4036c77c09ab_000000000476,0.344520,1431.216617,345.819057,219.504063
83,437,11dd74426e8374ac110c4036c77c09ab_000000000477,0.344520,1454.243323,347.066934,219.485137
83,438,11dd74426e8374ac110c4036c77c09ab_000000000478,0.344520,1465.400593,347.312855,219.641879
83,439,11dd74426e8374ac110c4036c77c09ab_000000000479,0.344520,1446.884273,347.546370,219.496913
83,440,11dd74426e8374ac110c4036c77c09ab_000000000480,0.337676,1385.176739,339.808164,214.241164
83,441,11dd74426e8374ac110c4036c77c09ab_000000000481,0.337676,1380.159635,341.569339,215.176616
83,442,11dd74426e8374ac110c4036c77c09ab_000000000482,0.337676,1373.090080,344.481176,216.057038
83,443,11dd74426e8374ac110c4036c77c09ab_000000000483,0.337676,1358.266819,342.749865,215.421464
83,444,11dd74426e8374ac110c4036c77c09ab_000000000484,0.338788,1362.180775,343.562802,216.357496
83,445,11dd74426e8374ac110c4036c77c09ab_000000000485,0.343351,1371.765399,349.627767,221.302501
83,446,11dd74426e8374ac110c4036c77c09ab_000000000486,0.343351,1356.675508,348.631413,219.970319
83,447,11dd74426e8374ac110c4036c77c09ab_000000000487,0.343351,1376.009431,348.831023,220.694931
83,448,11dd74426e8374ac110c4036c77c09ab_000000000488,0.343351,1368.464486,348.320566,220.689734
83,449,11dd74426e8374ac110c4036c77c09ab_000000000489,0.344520,1374.955490,352.490672,222.041326
83,450,11dd74426e8374ac110c4036c77c09ab_000000000490,0.344520,1361.661721,348.943355,221.203114
83,451,11dd74426e8374ac110c4036c77c09ab_000000000491,0.344520,1363.086053,348.814896,222.153510
83,452,11dd74426e8374ac110c4036c77c09ab_000000000492,0.344520,1372.581602,350.067715,221.336515
83,453,11dd74426e8374ac110c4036c77c09ab_000000000493,0.337676,1291.904219,344.435215,217.887339
83,454,11dd74426e8374ac110c4036c77c09ab_000000000494,0.338788,1292.395983,344.618559,219.332089
83,455,11dd74426e8374ac110c4036c77c09ab_000000000495,0.338788,1288.952654,346.716549,220.391879
83,456,11dd74426e8374ac110c4036c77c09ab_000000000496,0.344520,1343.620178,351.165328,222.806572
83,457,11dd74426e8374ac110c4036c77c09ab_000000000497,0.344520,1336.261128,351.127078,222.261888
83,458,11dd74426e8374ac110c4036c77c09ab_000000000498,0.344520,1342.195846,347.964509,222.465900
83,459,11dd74426e8374ac110c4036c77c09ab_000000000499,0.344520,1333.412463,351.749334,223.656876
84,413,11dd74426e8374ac110c4036c77c09ab_000000000453,0.338788,860.946915,319.853875,116.428321
84,414,11dd74426e8374ac110c4036c77c09ab_000000000454,0.338788,868.063128,320.031416,116.732609
84,415,11dd74426e8374ac110c4036c77c09ab_000000000455,0.338788,861.061693,318.019198,116.483676
84,416,11dd74426e8374ac110c4036c77c09ab_000000000456,0.338788,849.239598,318.672292,116.911153
84,417,11dd74426e8374ac110c4036c77c09ab_000000000457,0.344520,871.335312,327.176133,121.049702
84,418,11dd74426e8374ac110c4036c77c09ab_000000000458,0.338788,851.535151,319.392962,117.255421
84,419,11dd74426e8374ac110c4036c77c09ab_000000000459,0.338788,830.760402,320.002777,117.514961
84,420,11dd74426e8374ac110c4036c77c09ab_000000000460,0.344520,857.685460,325.432104,118.609871
84,421,11dd74426e8374ac110c4036c77c09ab_000000000461,0.344520,867.537092,323.187316,116.928777
84,422,11dd74426e8374ac110c4036c77c09ab_000000000462,0.344520,860.296736,326.077617,119.046830
84,423,11dd74426e8374ac110c4036c77c09ab_000000000463,0.344520,831.632047,325.899111,119.021470
84,424,11dd74426e8374ac110c4036c77c09ab_000000000464,0.344520,812.344214,329.426346,119.172324
84,425,11dd74426e8374ac110c4036c77c09ab_000000000465,0.344520,792.878338,323.849652,120.200828
84,426,11dd74426e8374ac110c4036c77c09ab_000000000466,0.344520,630.504451,325.977966,119.564357
84,427,11dd74426e8374ac110c4036c77c09ab_000000000467,0.344520,637.626113,324.610713,118.999475
84,428,11dd74426e8374ac110c4036c77c09ab_000000000468,0.344520,566.172107,322.688683,117.965745
84,429,11dd74426e8374ac110c4036c77c09ab_000000000469,0.344520,555.489614,325.790040,119.153441
84,430,11dd74426e8374ac110c4036c77c09ab_000000000470,0.338788,563.558106,315.769266,115.521384
84,431,11dd74426e8374ac110c4036c77c09ab_000000000471,0.327869,553.184628,306.222584,111.974037
84,432,11dd74426e8374ac110c4036c77c09ab_000000000472,0.344520,603.442136,317.839889,116.036534
84,433,11dd74426e8374ac110c4036c77c09ab_000000000473,0.338788,599.540890,318.142749,115.746888
84,434,11dd74426e8374ac110c4036c77c09ab_000000000474,0.333241,581.565797,310.320753,113.547117
84,435,11dd74426e8374ac110c4036c77c09ab_000000000475,0.344520,671.038576,321.216438,116.506885
84,436,11dd74426e8374ac110c4036c77c09ab_000000000476,0.344520,668.011869,321.586339,117.185980
84,437,11dd74426e8374ac110c4036c77c09ab_000000000477,0.344520,727.715134,323.061338,116.965849
84,438,11dd74426e8374ac110c4036c77c09ab_000000000478,0.344520,749.080119,324.065482,116.483081
84,439,11dd74426e8374ac110c4036c77c09ab_000000000479,0.344520,749.080119,324.022985,115.903858
84,440,11dd74426e8374ac110c4036c77c09ab_000000000480,0.337676,708.095781,318.399126,114.653298
84,441,11dd74426e8374ac110c4036c77c09ab_000000000481,0.337676,703.078677,318.007266,113.810231
84,442,11dd74426e8374ac110c4036c77c09ab_000000000482,0.337676,695.438997,319.241110,115.258535
84,443,11dd74426e8374ac110c4036c77c09ab_000000000483,0.337676,705.644242,316.379479,114.092683
84,444,11dd74426e8374ac110c4036c77c09ab_000000000484,0.338788,617.733142,320.464310,116.331011
84,445,11dd74426e8374ac110c4036c77c09ab_000000000485,0.343351,613.852048,321.648994,117.813941
84,446,11dd74426e8374ac110c4036c77c09ab_000000000486,0.343351,643.560271,322.372307,117.843427
84,447,11dd74426e8374ac110c4036c77c09ab_000000000487,0.343351,504.450339,323.133991,117.353486
84,448,11dd74426e8374ac110c4036c77c09ab_000000000488,0.343351,478.396699,323.042159,117.307968
84,449,11dd74426e8374ac110c4036c77c09ab_000000000489,0.344520,519.762611,325.315504,118.406668
84,450,11dd74426e8374ac110c4036c77c09ab_000000000490,0.344520,549.198813,325.311151,118.903966
84,451,11dd74426e8374ac110c4036c77c09ab_000000000491,0.344520,551.810089,323.140109,116.845528
84,452,11dd74426e8374ac110c4036c77c09ab_000000000492,0.344520,556.676558,324.929559,117.803736
84,453,11dd74426e8374ac110c4036c77c09ab_000000000493,0.337676,414.709236,323.066429,116.620306
84,454,11dd74426e8374ac110c4036c77c09ab_000000000494,0.338788,394.835007,324.318174,116.328746
84,455,11dd74426e8374ac110c4036c77c09ab_000000000495,0.338788,392.080344,322.054118,116.285633
84,456,11dd74426e8374ac110c4036c77c09ab_000000000496,0.344520,374.124629,326.109180,117.873917
84,457,11dd74426e8374ac110c4036c77c09ab_000000000497,0.344520,360.000000,329.471156,118.593227
84,458,11dd74426e8374ac110c4036c77c09ab_000000000498,0.344520,395.370920,325.444132,118.181333
84,459,11dd74426e8374ac110c4036c77c09ab_000000000499,0.344520,366.172107,324.579992,118.031457
85,460,11dd74426e8374ac110c4036c77c09ab_000000000500,0.344520,219.851632,264.560566,191.081901
85,461,11dd74426e8374ac110c4036c77c09ab_000000000501,0.344520,196.320475,260.374108,190.512782
85,462,11dd74426e8374ac110c4036c77c09ab_000000000502,0.344520,197.507418,259.913051,190.777186
85,463,11dd74426e8374ac110c4036c77c09ab_000000000503,0.344520,191.869436,262.465918,189.887518
85,464,11dd74426e8374ac110c4036c77c09ab_000000000504,0.344520,191.335312,260.439757,190.071764
85,465,11dd74426e8374ac110c4036c77c09ab_000000000505,0.338788,180.487805,256.098970,188.239357
85,466,11dd74426e8374ac110c4036c77c09ab_000000000506,0.344520,184.925816,260.712026,190.524158
85,467,11dd74426e8374ac110c4036c77c09ab_000000000507,0.333241,176.235425,250.074709,184.200163
85,468,11dd74426e8374ac110c4036c77c09ab_000000000508,0.338788,177.905308,254.969620,187.425388
85,469,11dd74426e8374ac110c4036c77c09ab_000000000509,0.338788,174.404591,255.274207,186.526474
85,470,11dd74426e8374ac110c4036c77c09ab_000000000510,0.338788,173.773314,255.712250,187.165817
85,471,11dd74426e8374ac110c4036c77c09ab_000000000511,0.338788,169.296987,256.775885,186.410325
85,472,11dd74426e8374ac110c4036c77c09ab_000000000512,0.333241,144.641866,252.027292,181.481598
85,473,11dd74426e8374ac110c4036c77c09ab_000000000513,0.333241,133.814547,251.714798,182.555336
85,474,11dd74426e8374ac110c4036c77c09ab_000000000514,0.338788,106.054519,255.590188,185.422950
85,475,11dd74426e8374ac110c4036c77c09ab_000000000515,0.338788,124.763271,251.359778,185.627373
85,476,11dd74426e8374ac110c4036c77c09ab_000000000516,0.344520,133.768546,252.134761,186.731384
85,477,11dd74426e8374ac110c4036c77c09ab_000000000517,0.338788,165.968436,252.429410,184.611091
86,460,11dd74426e8374ac110c4036c77c09ab_000000000500,0.344520,1113.293769,363.649611,219.063003
86,461,11dd74426e8374ac110c4036c77c09ab_000000000501,0.344520,1112.878338,356.572726,221.569440
86,462,11dd74426e8374ac110c4036c77c09ab_000000000502,0.344520,1104.569733,355.337886,222.026186
86,463,11dd74426e8374ac110c4036c77c09ab_000000000503,0.344520,1120.949555,361.097165,222.318410
86,464,11dd74426e8374ac110c4036c77c09ab_000000000504,0.344520,1118.813056,357.546821,222.670144
86,465,11dd74426e8374ac110c4036c77c09ab_000000000505,0.338788,1067.661406,353.074933,219.998087
86,466,11dd74426e8374ac110c4036c77c09ab_000000000506,0.344520,1105.281899,358.011410,221.993824
86,467,11dd74426e8374ac110c4036c77c09ab_000000000507,0.333241,1021.654636,346.245305,214.771058
86,468,11dd74426e8374ac110c4036c77c09ab_000000000508,0.338788,1049.985653,353.315211,219.483101
86,469,11dd74426e8374ac110c4036c77c09ab_000000000509,0.338788,1058.249641,352.561580,218.938711
86,470,11dd74426e8374ac110c4036c77c09ab_000000000510,0.338788,1042.410330,353.180680,219.201301
86,471,11dd74426e8374ac110c4036c77c09ab_000000000511,0.338788,1050.444763,352.927705,217.967651
86,472,11dd74426e8374ac110c4036c77c09ab_000000000512,0.333241,917.046086,347.037281,214.253075
86,473,11dd74426e8374ac110c4036c77c09ab_000000000513,0.333241,999.222654,344.736651,215.317477
86,474,11dd74426e8374ac110c4036c77c09ab_000000000514,0.338788,1086.484935,361.356226,219.332979
86,475,11dd74426e8374ac110c4036c77c09ab_000000000515,0.338788,1440.000000,367.159260,223.346621
86,476,11dd74426e8374ac110c4036c77c09ab_000000000516,0.344520,934.124629,370.215308,220.828986
86,477,11dd74426e8374ac110c4036c77c09ab_000000000517,0.338788,1648.895265,370.803883,222.404820
87,478,11dd74426e8374ac110c4036c77c09ab_000000000518,0.338788,168.091822,250.826802,184.720477
88,478,11dd74426e8374ac110c4036c77c09ab_000000000518,0.338788,1.979914,389.198500,240.178043
89,478,11dd74426e8374ac110c4036c77c09ab_000000000518,0.338788,44.304161,394.799138,218.961436
90,478,11dd74426e8374ac110c4036c77c09ab_000000000518,0.338788,970.100430,361.024509,222.373266
91,479,11dd74426e8374ac110c4036c77c09ab_000000000519,0.345599,176.709466,255.493141,188.815766
91,480,11dd74426e8374ac110c4036c77c09ab_000000000520,0.345599,179.396835,256.748890,187.214629
91,481,11dd74426e8374ac110c4036c77c09ab_000000000521,0.344520,178.872404,256.210361,187.642962
91,482,11dd74426e8374ac110c4036c77c09ab_000000000522,0.344520,179.643917,255.483448,187.525942
91,483,11dd74426e8374ac110c4036c77c09ab_000000000523,0.351581,185.599506,260.582519,191.439997
91,484,11dd74426e8374ac110c4036c77c09ab_000000000524,0.350446,179.060485,259.386385,189.988857
91,485,11dd74426e8374ac110c4036c77c09ab_000000000525,0.350446,175.990175,258.822750,190.490078
91,486,11dd74426e8374ac110c4036c77c09ab_000000000526,0.344520,180.059347,253.358057,187.175870
91,487,11dd74426e8374ac110c4036c77c09ab_000000000527,0.344520,179.465875,253.880537,187.568271
91,488,11dd74426e8374ac110c4036c77c09ab_000000000528,0.344520,175.074184,255.431678,186.912539
91,489,11dd74426e8374ac110c4036c77c09ab_000000000529,0.344520,174.302671,255.096094,187.666219
91,490,11dd74426e8374ac110c4036c77c09ab_000000000530,0.345599,177.306659,254.472734,187.369436
91,491,11dd74426e8374ac110c4036c77c09ab_000000000531,0.344520,178.575668,254.237800,187.911047
91,492,11dd74426e8374ac110c4036c77c09ab_000000000532,0.344520,178.041543,254.629906,186.746671
91,493,11dd74426e8374ac110c4036c77c09ab_000000000533,0.345599,180.770379,255.278702,188.344027
91,494,11dd74426e8374ac110c4036c77c09ab_000000000534,0.345599,179.814870,255.588484,188.728185
91,495,11dd74426e8374ac110c4036c77c09ab_000000000535,0.327869,158.667025,241.682229,179.407979
91,496,11dd74426e8374ac110c4036c77c09ab_000000000536,0.345599,174.679009,254.914014,187.596087
91,497,11dd74426e8374ac110c4036c77c09ab_000000000537,0.345599,181.307853,256.057397,188.753350
91,498,11dd74426e8374ac110c4036c77c09ab_000000000538,0.338788,165.164993,250.290725,184.852237
91,499,11dd74426e8374ac110c4036c77c09ab_000000000539,0.338788,170.731707,251.784545,184.849425
91,500,11dd74426e8374ac110c4036c77c09ab_000000000540,0.344520,177.329377,256.365925,188.154276
91,501,11dd74426e8374ac110c4036c77c09ab_000000000541,0.338788,172.051650,253.365565,185.928445
91,502,11dd74426e8374ac110c4036c77c09ab_000000000542,0.338788,172.797704,251.249998,184.184069
91,503,11dd74426e8374ac110c4036c77c09ab_000000000543,0.338788,171.248207,254.378932,185.222353
92,479,11dd74426e8374ac110c4036c77c09ab_000000000519,0.345599,1070.409077,364.996541,227.134536
92,480,11dd74426e8374ac110c4036c77c09ab_000000000520,0.345599,1105.046282,361.901169,225.283333
92,481,11dd74426e8374ac110c4036c77c09ab_000000000521,0.344520,1149.436202,361.456868,225.814755
92,482,11dd74426e8374ac110c4036c77c09ab_000000000522,0.344520,1165.578635,362.429953,226.162346
92,483,11dd74426e8374ac110c4036c77c09ab_000000000523,0.351581,1193.077874,365.703454,229.243889
92,484,11dd74426e8374ac110c4036c77c09ab_000000000524,0.350446,1191.034695,366.661536,230.259561
92,485,11dd74426e8374ac110c4036c77c09ab_000000000525,0.350446,1191.280319,366.060405,230.460687
92,486,11dd74426e8374ac110c4036c77c09ab_000000000526,0.344520,1134.005935,362.312786,225.843479
92,487,11dd74426e8374ac110c4036c77c09ab_000000000527,0.344520,1137.329377,362.820020,226.996752
92,488,11dd74426e8374ac110c4036c77c09ab_000000000528,0.344520,1097.448071,358.719419,223.087210
92,489,11dd74426e8374ac110c4036c77c09ab_000000000529,0.344520,1072.047478,358.312319,223.864211
92,490,11dd74426e8374ac110c4036c77c09ab_000000000530,0.345599,1061.331741,363.281920,224.542501
92,491,11dd74426e8374ac110c4036c77c09ab_000000000531,0.344520,1019.109792,362.755759,226.212413
92,492,11dd74426e8374ac110c4036c77c09ab_000000000532,0.344520,1010.801187,364.148308,224.783296
92,493,11dd74426e8374ac110c4036c77c09ab_000000000533,0.345599,1024.305763,366.632947,227.205579
92,494,11dd74426e8374ac110c4036c77c09ab_000000000534,0.345599,998.984772,370.026035,228.896660
92,495,11dd74426e8374ac110c4036c77c09ab_000000000535,0.327869,912.657888,344.174244,215.258949
92,496,11dd74426e8374ac110c4036c77c09ab_000000000536,0.345599,1004.001194,369.391664,228.947770
92,497,11dd74426e8374ac110c4036c77c09ab_000000000537,0.345599,985.129890,368.962703,228.289099
92,498,11dd74426e8374ac110c4036c77c09ab_000000000538,0.338788,951.736011,359.206086,224.958637
92,499,11dd74426e8374ac110c4036c77c09ab_000000000539,0.338788,951.047346,358.932970,223.286345
92,500,11dd74426e8374ac110c4036c77c09ab_000000000540,0.344520,962.848665,369.013272,226.375610
92,501,11dd74426e8374ac110c4036c77c09ab_000000000541,0.338788,1026.800574,360.949200,224.921334
92,502,11dd74426e8374ac110c4036c77c09ab_000000000542,0.338788,925.107604,359.139047,220.647955
92,503,11dd74426e8374ac110c4036c77c09ab_000000000543,0.338788,905.595409,361.326698,222.438567
93,504,11dd74426e8374ac110c4036c77c09ab_000000000553,0.345599,1030.785309,373.732449,228.173252
93,505,11dd74426e8374ac110c4036c77c09ab_000000000554,0.338788,991.908178,354.706758,222.309722
93,506,11dd74426e8374ac110c4036c77c09ab_000000000555,0.333241,947.917823,349.420286,218.805766
93,507,11dd74426e8374ac110c4036c77c09ab_000000000556,0.345599,1018.094954,367.617727,227.547592
93,508,11dd74426e8374ac110c4036c77c09ab_000000000557,0.345599,1009.017617,368.997085,227.342224
93,509,11dd74426e8374ac110c4036c77c09ab_000000000558,0.345599,999.701403,369.073023,228.624467
93,510,11dd74426e8374ac110c4036c77c09ab_000000000559,0.345599,998.984772,367.370509,227.309466
93,511,11dd74426e8374ac110c4036c77c09ab_000000000560,0.345599,989.907435,366.355059,227.960797
93,512,11dd74426e8374ac110c4036c77c09ab_000000000561,0.351581,1016.810878,373.240048,231.486014
93,513,11dd74426e8374ac110c4036c77c09ab_000000000562,0.344520,970.682493,364.887773,226.577961
93,514,11dd74426e8374ac110c4036c77c09ab_000000000563,0.345599,966.497462,369.592602,229.566659
93,515,11dd74426e8374ac110c4036c77c09ab_000000000564,0.345599,960.764407,367.372745,228.799967
93,516,11dd74426e8374ac110c4036c77c09ab_000000000565,0.345599,942.370857,369.550752,228.459536
93,517,11dd74426e8374ac110c4036c77c09ab_000000000566,0.345599,926.604957,369.349898,228.559836
93,518,11dd74426e8374ac110c4036c77c09ab_000000000567,0.345599,936.876680,367.018962,227.403628
93,519,11dd74426e8374ac110c4036c77c09ab_000000000568,0.351581,951.050680,374.509380,229.607445
93,520,11dd74426e8374ac110c4036c77c09ab_000000000569,0.351581,950.061805,372.991555,230.014518
93,521,11dd74426e8374ac110c4036c77c09ab_000000000570,0.351581,950.309023,374.469682,230.665557
93,522,11dd74426e8374ac110c4036c77c09ab_000000000571,0.351581,943.881335,371.720464,229.305111
93,523,11dd74426e8374ac110c4036c77c09ab_000000000572,0.345599,905.822634,370.325524,226.865992
93,524,11dd74426e8374ac110c4036c77c09ab_000000000573,0.345599,900.328456,369.592644,227.189506
93,525,11dd74426e8374ac110c4036c77c09ab_000000000574,0.344520,889.495549,367.345426,225.606642
93,526,11dd74426e8374ac110c4036c77c09ab_000000000575,0.338788,831.449067,360.316495,221.037218
93,527,11dd74426e8374ac110c4036c77c09ab_000000000576,0.338788,822.266858,359.926549,221.212981
93,528,11dd74426e8374ac110c4036c77c09ab_000000000577,0.338788,828.464849,362.729163,221.795564
93,529,11dd74426e8374ac110c4036c77c09ab_000000000578,0.338788,828.923960,361.372479,222.143864
93,530,11dd74426e8374ac110c4036c77c09ab_000000000579,0.338788,809.870875,362.767004,221.421519
93,531,11dd74426e8374ac110c4036c77c09ab_000000000580,0.338788,807.345768,361.300519,221.207812
94,504,11dd74426e8374ac110c4036c77c09ab_000000000553,0.345599,200.791281,257.062659,189.882959
94,505,11dd74426e8374ac110c4036c77c09ab_000000000554,0.338788,185.824964,250.242897,186.084481
94,506,11dd74426e8374ac110c4036c77c09ab_000000000555,0.333241,173.792338,247.537166,183.051475
94,507,11dd74426e8374ac110c4036c77c09ab_000000000556,0.345599,198.566736,256.896272,189.274681
94,508,11dd74426e8374ac110c4036c77c09ab_000000000557,0.345599,197.850105,258.843367,190.959918
94,509,11dd74426e8374ac110c4036c77c09ab_000000000558,0.345599,175.992834,257.363813,190.343920
94,510,11dd74426e8374ac110c4036c77c09ab_000000000559,0.345599,172.887429,257.610862,189.958622
94,511,11dd74426e8374ac110c4036c77c09ab_000000000560,0.345599,176.410869,258.004787,191.444166
94,512,11dd74426e8374ac110c4036c77c09ab_000000000561,0.351581,186.032138,262.102061,192.986448
94,513,11dd74426e8374ac110c4036c77c09ab_000000000562,0.344520,178.694362,255.927599,189.353137
94,514,11dd74426e8374ac110c4036c77c09ab_000000000563,0.345599,177.844133,259.491997,191.172944
94,515,11dd74426e8374ac110c4036c77c09ab_000000000564,0.345599,176.888623,256.943015,190.099971
94,516,11dd74426e8374ac110c4036c77c09ab_000000000565,0.345599,183.278591,257.292959,189.960204
94,517,11dd74426e8374ac110c4036c77c09ab_000000000566,0.345599,181.367572,255.419629,189.315961
94,518,11dd74426e8374ac110c4036c77c09ab_000000000567,0.345599,177.306659,255.390288,189.675672
94,519,11dd74426e8374ac110c4036c77c09ab_000000000568,0.351581,180.840544,260.019676,193.446825
94,520,11dd74426e8374ac110c4036c77c09ab_000000000569,0.351581,179.295426,257.685171,192.995868
94,521,11dd74426e8374ac110c4036c77c09ab_000000000570,0.351581,179.357231,256.426268,192.278607
94,522,11dd74426e8374ac110c4036c77c09ab_000000000571,0.351581,181.334981,256.952417,191.767651
94,523,11dd74426e8374ac110c4036c77c09ab_000000000572,0.345599,171.931920,255.371008,189.631586
94,524,11dd74426e8374ac110c4036c77c09ab_000000000573,0.345599,170.319498,253.770736,189.351019
94,525,11dd74426e8374ac110c4036c77c09ab_000000000574,0.344520,170.979228,252.582213,188.760236
94,526,11dd74426e8374ac110c4036c77c09ab_000000000575,0.338788,162.582496,249.358974,184.141452
94,527,11dd74426e8374ac110c4036c77c09ab_000000000576,0.338788,162.180775,249.285815,185.474790
94,528,11dd74426e8374ac110c4036c77c09ab_000000000577,0.338788,167.116212,249.358933,185.154550
94,529,11dd74426e8374ac110c4036c77c09ab_000000000578,0.338788,167.747489,249.104283,185.420014
94,530,11dd74426e8374ac110c4036c77c09ab_000000000579,0.338788,168.723099,250.139031,185.788620
94,531,11dd74426e8374ac110c4036c77c09ab_000000000580,0.338788,169.985653,250.755318,185.413294
95,504,11dd74426e8374ac110c4036c77c09ab_000000000553,0.345599,1012.511197,299.041836,118.126869
95,505,11dd74426e8374ac110c4036c77c09ab_000000000554,0.338788,950.703013,289.949259,112.730401
95,506,11dd74426e8374ac110c4036c77c09ab_000000000555,0.333241,912.048862,285.291369,110.545113
95,507,11dd74426e8374ac110c4036c77c09ab_000000000556,0.345599,975.335921,298.963178,114.438057
95,508,11dd74426e8374ac110c4036c77c09ab_000000000557,0.345599,966.378023,304.007206,117.796278
95,509,11dd74426e8374ac110c4036c77c09ab_000000000558,0.345599,971.036130,299.361406,116.149209
95,510,11dd74426e8374ac110c4036c77c09ab_000000000559,0.345599,961.719916,300.154655,116.137196
95,511,11dd74426e8374ac110c4036c77c09ab_000000000560,0.345599,1100.029860,298.504454,116.519561
95,512,11dd74426e8374ac110c4036c77c09ab_000000000561,0.351581,1055.253399,306.057274,117.163270
95,513,11dd74426e8374ac110c4036c77c09ab_000000000562,0.344520,1111.572700,297.193494,114.994088
95,514,11dd74426e8374ac110c4036c77c09ab_000000000563,0.345599,1190.803225,301.719258,115.783782
95,515,11dd74426e8374ac110c4036c77c09ab_000000000564,0.345599,1197.491789,299.996115,114.259352
95,516,11dd74426e8374ac110c4036c77c09ab_000000000565,0.345599,1218.393550,301.854089,115.221804
95,517,11dd74426e8374ac110c4036c77c09ab_000000000566,0.345599,1229.859660,300.622956,114.396418
95,518,11dd74426e8374ac110c4036c77c09ab_000000000567,0.345599,1238.936996,298.002572,114.605109
95,519,11dd74426e8374ac110c4036c77c09ab_000000000568,0.351581,1405.686032,304.334346,116.088129
95,520,11dd74426e8374ac110c4036c77c09ab_000000000569,0.351581,1408.776267,304.706527,117.597596
95,521,11dd74426e8374ac110c4036c77c09ab_000000000570,0.351581,1442.398022,306.312140,118.115762
95,522,11dd74426e8374ac110c4036c77c09ab_000000000571,0.351581,1440.543881,302.630494,116.738009
95,523,11dd74426e8374ac110c4036c77c09ab_000000000572,0.345599,1416.064497,301.878304,113.833808
95,524,11dd74426e8374ac110c4036c77c09ab_000000000573,0.345599,1430.397133,303.143736,115.086804
95,525,11dd74426e8374ac110c4036c77c09ab_000000000574,0.344520,1369.495549,297.438805,115.241901
95,526,11dd74426e8374ac110c4036c77c09ab_000000000575,0.338788,1523.328551,294.922899,113.625811
95,527,11dd74426e8374ac110c4036c77c09ab_000000000576,0.338788,1537.905308,292.321854,111.533941
95,528,11dd74426e8374ac110c4036c77c09ab_000000000577,0.338788,1577.044476,295.396508,114.745545
95,529,11dd74426e8374ac110c4036c77c09ab_000000000578,0.338788,1570.272597,293.083880,114.559391
95,530,11dd74426e8374ac110c4036c77c09ab_000000000579,0.338788,1628.464849,293.259994,114.607902
95,531,11dd74426e8374ac110c4036c77c09ab_000000000580,0.338788,1741.520803,296.091723,114.808365
96,504,11dd74426e8374ac110c4036c77c09ab_000000000553,0.345599,562.988952,362.356709,125.232435
96,505,11dd74426e8374ac110c4036c77c09ab_000000000554,0.338788,418.020086,350.501141,121.553934
96,506,11dd74426e8374ac110c4036c77c09ab_000000000555,0.333241,421.210439,346.167487,120.153589
96,507,11dd74426e8374ac110c4036c77c09ab_000000000556,0.345599,440.250821,359.752651,122.810774
96,508,11dd74426e8374ac110c4036c77c09ab_000000000557,0.345599,445.267244,360.374408,124.835378
96,509,11dd74426e8374ac110c4036c77c09ab_000000000558,0.345599,451.716930,360.164906,124.422553
96,510,11dd74426e8374ac110c4036c77c09ab_000000000559,0.345599,445.028367,357.223307,124.767498
96,511,11dd74426e8374ac110c4036c77c09ab_000000000560,0.345599,441.863243,356.968284,126.015696
96,512,11dd74426e8374ac110c4036c77c09ab_000000000561,0.351581,474.969098,366.568073,125.790712
96,513,11dd74426e8374ac110c4036c77c09ab_000000000562,0.344520,454.718101,357.605152,124.219610
96,514,11dd74426e8374ac110c4036c77c09ab_000000000563,0.345599,453.389071,361.165253,127.257260
96,515,11dd74426e8374ac110c4036c77c09ab_000000000564,0.345599,451.000299,360.712287,126.163036
96,516,11dd74426e8374ac110c4036c77c09ab_000000000565,0.345599,436.428785,363.169026,126.865350
96,517,11dd74426e8374ac110c4036c77c09ab_000000000566,0.345599,425.440430,358.630846,126.576040
96,518,11dd74426e8374ac110c4036c77c09ab_000000000567,0.345599,409.674530,354.910637,124.348029
96,519,11dd74426e8374ac110c4036c77c09ab_000000000568,0.351581,376.885043,359.540138,126.354908
96,520,11dd74426e8374ac110c4036c77c09ab_000000000569,0.351581,371.199011,357.816652,126.364950
96,521,11dd74426e8374ac110c4036c77c09ab_000000000570,0.351581,356.242274,358.334346,126.221756
96,522,11dd74426e8374ac110c4036c77c09ab_000000000571,0.351581,348.578492,357.909826,125.531050
96,523,11dd74426e8374ac110c4036c77c09ab_000000000572,0.345599,325.530009,353.414947,124.048151
96,524,11dd74426e8374ac110c4036c77c09ab_000000000573,0.345599,318.244252,351.963132,123.648816
96,525,11dd74426e8374ac110c4036c77c09ab_000000000574,0.344520,311.216617,349.870369,122.666440
96,526,11dd74426e8374ac110c4036c77c09ab_000000000575,0.338788,275.121951,342.872342,119.116369
96,527,11dd74426e8374ac110c4036c77c09ab_000000000576,0.338788,271.219512,342.792070,120.655547
96,528,11dd74426e8374ac110c4036c77c09ab_000000000577,0.338788,243.443329,344.297243,120.811583
96,529,11dd74426e8374ac110c4036c77c09ab_000000000578,0.338788,238.852224,345.964076,121.634185
96,530,11dd74426e8374ac110c4036c77c09ab_000000000579,0.338788,231.219512,339.970639,120.028631
96,531,11dd74426e8374ac110c4036c77c09ab_000000000580,0.338788,228.809182,340.213502,119.223119
97,504,11dd74426e8374ac110c4036c77c09ab_000000000553,0.345599,294.625261,297.751494,203.348472
97,505,11dd74426e8374ac110c4036c77c09ab_000000000554,0.338788,259.971306,293.373289,200.280201
97,506,11dd74426e8374ac110c4036c77c09ab_000000000555,0.333241,253.858967,288.109576,196.115168
97,507,11dd74426e8374ac110c4036c77c09ab_000000000556,0.345599,260.017916,300.195978,204.160390
97,508,11dd74426e8374ac110c4036c77c09ab_000000000557,0.345599,252.553001,301.786441,204.855363
97,509,11dd74426e8374ac110c4036c77c09ab_000000000558,0.345599,249.387877,301.948673,205.095430
97,510,11dd74426e8374ac110c4036c77c09ab_000000000559,0.345599,247.596297,302.293555,205.051851
97,511,11dd74426e8374ac110c4036c77c09ab_000000000560,0.345599,243.296506,301.441686,205.404052
97,512,11dd74426e8374ac110c4036c77c09ab_000000000561,0.351581,240.111248,305.941461,206.827901
97,513,11dd74426e8374ac110c4036c77c09ab_000000000562,0.344520,230.148368,298.416264,203.955494
97,514,11dd74426e8374ac110c4036c77c09ab_000000000563,0.345599,224.066886,304.033257,206.511661
97,515,11dd74426e8374ac110c4036c77c09ab_000000000564,0.345599,225.500149,302.378098,204.839585
97,516,11dd74426e8374ac110c4036c77c09ab_000000000565,0.345599,224.783517,302.809717,205.246292
97,517,11dd74426e8374ac110c4036c77c09ab_000000000566,0.345599,225.619588,301.463898,204.612617
97,518,11dd74426e8374ac110c4036c77c09ab_000000000567,0.345599,220.961481,298.666664,203.572002
97,519,11dd74426e8374ac110c4036c77c09ab_000000000568,0.351581,228.306551,305.662818,207.323513
97,520,11dd74426e8374ac110c4036c77c09ab_000000000569,0.351581,234.487021,303.771781,207.328728
97,521,11dd74426e8374ac110c4036c77c09ab_000000000570,0.351581,234.857849,304.962552,207.749192
97,522,11dd74426e8374ac110c4036c77c09ab_000000000571,0.351581,235.290482,303.856629,207.199310
97,523,11dd74426e8374ac110c4036c77c09ab_000000000572,0.345599,216.183936,299.648259,203.999149
97,524,11dd74426e8374ac110c4036c77c09ab_000000000573,0.345599,211.286951,300.808580,203.779838
97,525,11dd74426e8374ac110c4036c77c09ab_000000000574,0.344520,208.071217,297.959855,203.251208
97,526,11dd74426e8374ac110c4036c77c09ab_000000000575,0.338788,235.179340,292.545383,198.638802
97,527,11dd74426e8374ac110c4036c77c09ab_000000000576,0.338788,191.678623,294.117222,200.202493
97,528,11dd74426e8374ac110c4036c77c09ab_000000000577,0.338788,187.087518,294.491804,199.917488
97,529,11dd74426e8374ac110c4036c77c09ab_000000000578,0.338788,184.218077,293.615015,199.991743
97,530,11dd74426e8374ac110c4036c77c09ab_000000000579,0.338788,225.767575,294.194723,199.725473
97,531,11dd74426e8374ac110c4036c77c09ab_000000000580,0.338788,227.604017,295.535071,200.034505
98,532,11dd74426e8374ac110c4036c77c09ab_000000000581,0.338788,799.311334,362.785779,221.400283
99,532,11dd74426e8374ac110c4036c77c09ab_000000000581,0.338788,170.846485,249.607027,185.091358
100,532,11dd74426e8374ac110c4036c77c09ab_000000000581,0.338788,1771.477762,297.869639,113.559238
101,532,11dd74426e8374ac110c4036c77c09ab_000000000581,0.338788,0.918221,359.833953,124.219794
102,532,11dd74426e8374ac110c4036c77c09ab_000000000581,0.338788,234.146341,339.804119,119.679669
103,532,11dd74426e8374ac110c4036c77c09ab_000000000581,0.338788,233.916786,294.235996,199.744165
104,533,11dd74426e8374ac110c4036c77c09ab_000000000582,0.338788,811.707317,363.114932,222.388154
104,534,11dd74426e8374ac110c4036c77c09ab_000000000583,0.338788,802.984218,364.441715,222.202817
105,533,11dd74426e8374ac110c4036c77c09ab_000000000582,0.338788,171.420373,251.478325,186.441156
105,534,11dd74426e8374ac110c4036c77c09ab_000000000583,0.338788,172.797704,252.186526,186.112128
106,533,11dd74426e8374ac110c4036c77c09ab_000000000582,0.338788,1822.898135,297.099404,115.875991
106,534,11dd74426e8374ac110c4036c77c09ab_000000000583,0.338788,1839.081779,294.819964,114.640139
107,533,11dd74426e8374ac110c4036c77c09ab_000000000582,0.338788,283.443329,345.532402,120.637971
107,534,11dd74426e8374ac110c4036c77c09ab_000000000583,0.338788,273.744620,345.400932,119.700874
108,533,11dd74426e8374ac110c4036c77c09ab_000000000582,0.338788,236.097561,296.044681,200.710986
108,534,11dd74426e8374ac110c4036c77c09ab_000000000583,0.338788,239.540890,296.800255,200.848536
109,535,11dd74426e8374ac110c4036c77c09ab_000000000584,0.338788,844.533716,363.050416,223.016248
110,535,11dd74426e8374ac110c4036c77c09ab_000000000584,0.338788,167.575323,252.561087,185.926170
111,535,11dd74426e8374ac110c4036c77c09ab_000000000584,0.338788,1656.700143,295.279036,111.895775
112,535,11dd74426e8374ac110c4036c77c09ab_000000000584,0.338788,0.975610,356.456118,121.520384
113,535,11dd74426e8374ac110c4036c77c09ab_000000000584,0.338788,244.935438,340.025001,117.158493
114,535,11dd74426e8374ac110c4036c77c09ab_000000000584,0.338788,238.794835,297.591727,200.204065
115,536,11dd74426e8374ac110c4036c77c09ab_000000000585,0.339814,866.281755,361.205429,224.072005
115,538,11dd74426e8374ac110c4036c77c09ab_000000000593,0.339814,635.796767,366.730805,225.554066
115,539,11dd74426e8374ac110c4036c77c09ab_000000000594,0.339814,623.325635,367.403962,224.613563
115,540,11dd74426e8374ac110c4036c77c09ab_000000000595,0.344520,635.489614,373.695377,228.583283
115,541,11dd74426e8374ac110c4036c77c09ab_000000000596,0.344520,722.611276,368.778769,227.784813
115,542,11dd74426e8374ac110c4036c77c09ab_000000000597,0.338788,729.756098,363.440569,225.264858
115,543,11dd74426e8374ac110c4036c77c09ab_000000000598,0.333241,665.630205,354.355846,220.436803
116,536,11dd74426e8374ac110c4036c77c09ab_000000000585,0.339814,171.824480,251.448029,186.572748
116,538,11dd74426e8374ac110c4036c77c09ab_000000000593,0.339814,141.685912,254.482606,186.340661
116,539,11dd74426e8374ac110c4036c77c09ab_000000000594,0.339814,130.369515,254.138499,186.174882
116,540,11dd74426e8374ac110c4036c77c09ab_000000000595,0.344520,137.151335,258.090167,189.087934
116,541,11dd74426e8374ac110c4036c77c09ab_000000000596,0.344520,137.566766,257.451740,188.915569
116,542,11dd74426e8374ac110c4036c77c09ab_000000000597,0.338788,125.624103,252.201807,185.627642
116,543,11dd74426e8374ac110c4036c77c09ab_000000000598,0.333241,118.323154,246.852623,182.862013
117,536,11dd74426e8374ac110c4036c77c09ab_000000000585,0.339814,1796.304850,295.219946,115.045856
117,538,11dd74426e8374ac110c4036c77c09ab_000000000593,0.339814,1716.281755,300.291663,118.292806
117,539,11dd74426e8374ac110c4036c77c09ab_000000000594,0.339814,1729.099307,302.458412,117.594636
117,540,11dd74426e8374ac110c4036c77c09ab_000000000595,0.344520,1765.934718,308.377099,120.682850
117,541,11dd74426e8374ac110c4036c77c09ab_000000000596,0.344520,1758.813056,306.117277,120.764123
117,542,11dd74426e8374ac110c4036c77c09ab_000000000597,0.338788,1678.163558,300.207184,116.851662
117,543,11dd74426e8374ac110c4036c77c09ab_000000000598,0.333241,1626.873959,298.319184,116.456364
118,536,11dd74426e8374ac110c4036c77c09ab_000000000585,0.339814,246.824480,340.472969,118.849100
119,536,11dd74426e8374ac110c4036c77c09ab_000000000585,0.339814,243.533487,296.105237,201.213054
119,538,11dd74426e8374ac110c4036c77c09ab_000000000593,0.339814,372.863741,305.136852,203.931337
119,539,11dd74426e8374ac110c4036c77c09ab_000000000594,0.339814,366.281755,308.291537,203.811290
119,540,11dd74426e8374ac110c4036c77c09ab_000000000595,0.344520,358.575668,314.057797,205.993325
119,541,11dd74426e8374ac110c4036c77c09ab_000000000596,0.344520,357.151335,313.815009,206.431336
119,542,11dd74426e8374ac110c4036c77c09ab_000000000597,0.338788,330.215208,307.901946,203.205085
119,543,11dd74426e8374ac110c4036c77c09ab_000000000598,0.333241,307.384786,301.754794,199.886155
120,538,11dd74426e8374ac110c4036c77c09ab_000000000593,0.339814,93.360277,223.054057,179.539635
120,539,11dd74426e8374ac110c4036c77c09ab_000000000594,0.339814,100.750577,221.563535,178.542324
120,540,11dd74426e8374ac110c4036c77c09ab_000000000595,0.344520,111.038576,226.397227,181.499168
120,541,11dd74426e8374ac110c4036c77c09ab_000000000596,0.344520,114.183976,227.544991,182.473830
120,542,11dd74426e8374ac110c4036c77c09ab_000000000597,0.338788,99.167862,222.641356,179.590016
120,543,11dd74426e8374ac110c4036c77c09ab_000000000598,0.333241,105.830094,217.898791,175.897639
121,544,11dd74426e8374ac110c4036c77c09ab_000000000599,0.333241,635.563576,358.094187,218.787013
121,545,11dd74426e8374ac110c4036c77c09ab_000000000600,0.339814,675.750577,360.630127,224.710816
121,546,11dd74426e8374ac110c4036c77c09ab_000000000601,0.339814,678.752887,359.390213,224.251163
121,547,11dd74426e8374ac110c4036c77c09ab_000000000602,0.345599,686.294416,365.620872,227.237832
121,548,11dd74426e8374ac110c4036c77c09ab_000000000603,0.345599,687.966557,366.070210,227.097537
121,549,11dd74426e8374ac110c4036c77c09ab_000000000604,0.343351,658.060713,365.430790,226.073011
121,550,11dd74426e8374ac110c4036c77c09ab_000000000605,0.322665,590.317543,340.929255,212.949791
121,551,11dd74426e8374ac110c4036c77c09ab_000000000606,0.322665,593.857366,339.638124,213.117366
121,552,11dd74426e8374ac110c4036c77c09ab_000000000607,0.307984,570.263220,324.767353,202.542809
121,553,11dd74426e8374ac110c4036c77c09ab_000000000608,0.307984,578.989803,322.618120,201.648952
121,554,11dd74426e8374ac110c4036c77c09ab_000000000609,0.333241,355.580233,296.644478,198.924528
121,555,11dd74426e8374ac110c4036c77c09ab_000000000610,0.322665,334.617387,287.850476,192.805114
121,556,11dd74426e8374ac110c4036c77c09ab_000000000611,0.344520,440.237389,306.540021,205.917351
121,557,11dd74426e8374ac110c4036c77c09ab_000000000612,0.339814,453.117783,298.715192,203.014955
121,558,11dd74426e8374ac110c4036c77c09ab_000000000613,0.338788,456.011478,299.946373,202.533298
121,559,11dd74426e8374ac110c4036c77c09ab_000000000614,0.338788,448.550933,299.525203,202.350711
121,560,11dd74426e8374ac110c4036c77c09ab_000000000615,0.338788,455.208034,297.847865,201.719101
121,561,11dd74426e8374ac110c4036c77c09ab_000000000616,0.339814,468.822171,302.447772,203.559914
121,562,11dd74426e8374ac110c4036c77c09ab_000000000617,0.339814,480.831409,301.271635,202.792056
121,563,11dd74426e8374ac110c4036c77c09ab_000000000618,0.338788,508.694405,299.396276,202.353523
121,564,11dd74426e8374ac110c4036c77c09ab_000000000619,0.338788,524.763271,301.162033,202.638176
121,565,11dd74426e8374ac110c4036c77c09ab_000000000620,0.337676,540.592930,300.276410,201.030580
121,566,11dd74426e8374ac110c4036c77c09ab_000000000621,0.338788,575.150646,301.784006,201.551837
121,567,11dd74426e8374ac110c4036c77c09ab_000000000622,0.338788,586.972740,301.351505,200.749344
121,568,11dd74426e8374ac110c4036c77c09ab_000000000623,0.338788,602.123386,302.363507,201.456490
121,569,11dd74426e8374ac110c4036c77c09ab_000000000624,0.338788,620.028694,298.540041,201.663457
121,570,11dd74426e8374ac110c4036c77c09ab_000000000625,0.338788,504.332855,301.955592,201.081970
121,571,11dd74426e8374ac110c4036c77c09ab_000000000626,0.338788,511.908178,302.396654,200.918159
121,572,11dd74426e8374ac110c4036c77c09ab_000000000627,0.338788,538.307030,300.530071,199.334720
122,544,11dd74426e8374ac110c4036c77c09ab_000000000599,0.333241,383.564686,298.297929,199.653207
122,545,11dd74426e8374ac110c4036c77c09ab_000000000600,0.339814,400.923788,299.193179,202.545803
122,546,11dd74426e8374ac110c4036c77c09ab_000000000601,0.339814,402.655889,299.164412,203.057452
122,547,11dd74426e8374ac110c4036c77c09ab_000000000602,0.345599,408.360705,305.880768,206.267311
122,548,11dd74426e8374ac110c4036c77c09ab_000000000603,0.345599,405.255300,306.355693,205.526396
122,549,11dd74426e8374ac110c4036c77c09ab_000000000604,0.343351,406.248158,305.084896,204.020287
122,550,11dd74426e8374ac110c4036c77c09ab_000000000605,0.322665,358.146799,284.683641,192.457083
122,551,11dd74426e8374ac110c4036c77c09ab_000000000606,0.322665,356.793337,284.328599,192.633836
122,552,11dd74426e8374ac110c4036c77c09ab_000000000607,0.307984,312.544463,273.094686,183.628935
122,553,11dd74426e8374ac110c4036c77c09ab_000000000608,0.307984,307.517192,272.963759,182.709664
123,544,11dd74426e8374ac110c4036c77c09ab_000000000599,0.333241,172.765130,245.152960,182.985412
123,545,11dd74426e8374ac110c4036c77c09ab_000000000600,0.339814,162.355658,248.398768,186.821158
123,546,11dd74426e8374ac110c4036c77c09ab_000000000601,0.339814,164.260970,248.048232,186.718430
123,547,11dd74426e8374ac110c4036c77c09ab_000000000602,0.345599,166.437743,251.622386,189.573937
123,548,11dd74426e8374ac110c4036c77c09ab_000000000603,0.345599,165.780830,252.708458,189.020902
123,549,11dd74426e8374ac110c4036c77c09ab_000000000604,0.343351,160.212202,251.064460,187.207330
123,550,11dd74426e8374ac110c4036c77c09ab_000000000605,0.322665,137.428423,234.417582,176.145112
123,551,11dd74426e8374ac110c4036c77c09ab_000000000606,0.322665,136.855804,234.394481,176.490168
123,552,11dd74426e8374ac110c4036c77c09ab_000000000607,0.307984,125.160066,224.509153,168.065365
123,553,11dd74426e8374ac110c4036c77c09ab_000000000608,0.307984,126.488025,224.078344,167.610514
123,554,11dd74426e8374ac110c4036c77c09ab_000000000609,0.333241,152.304275,243.190045,182.919391
123,555,11dd74426e8374ac110c4036c77c09ab_000000000610,0.322665,141.905258,235.193698,177.154030
123,556,11dd74426e8374ac110c4036c77c09ab_000000000611,0.344520,163.501484,250.272828,188.812406
123,557,11dd74426e8374ac110c4036c77c09ab_000000000612,0.339814,157.101617,245.644978,185.540510
123,558,11dd74426e8374ac110c4036c77c09ab_000000000613,0.338788,153.974175,245.866748,185.420510
123,559,11dd74426e8374ac110c4036c77c09ab_000000000614,0.338788,153.802009,246.522758,184.999341
123,560,11dd74426e8374ac110c4036c77c09ab_000000000615,0.338788,154.088953,245.687594,184.715535
123,561,11dd74426e8374ac110c4036c77c09ab_000000000616,0.339814,151.039261,246.992618,185.599226
123,562,11dd74426e8374ac110c4036c77c09ab_000000000617,0.339814,153.175520,247.100075,185.331922
123,563,11dd74426e8374ac110c4036c77c09ab_000000000618,0.338788,145.710187,244.375678,184.109980
123,564,11dd74426e8374ac110c4036c77c09ab_000000000619,0.338788,144.447633,244.973582,184.565123
123,565,11dd74426e8374ac110c4036c77c09ab_000000000620,0.337676,152.793615,245.866571,184.201685
123,566,11dd74426e8374ac110c4036c77c09ab_000000000621,0.338788,148.063128,247.505294,184.565537
123,567,11dd74426e8374ac110c4036c77c09ab_000000000622,0.338788,150.932568,245.724008,184.105431
123,568,11dd74426e8374ac110c4036c77c09ab_000000000623,0.338788,153.055954,244.041376,183.925615
123,569,11dd74426e8374ac110c4036c77c09ab_000000000624,0.338788,153.572453,244.714797,184.662972
123,570,11dd74426e8374ac110c4036c77c09ab_000000000625,0.338788,151.104735,247.712488,185.116916
123,571,11dd74426e8374ac110c4036c77c09ab_000000000626,0.338788,155.695839,246.212898,185.071796
123,572,11dd74426e8374ac110c4036c77c09ab_000000000627,0.338788,143.070301,248.612188,185.184760
124,544,11dd74426e8374ac110c4036c77c09ab_000000000599,0.333241,1989.408662,292.653785,118.047993
124,545,11dd74426e8374ac110c4036c77c09ab_000000000600,0.339814,1969.284065,293.609688,114.366384
124,546,11dd74426e8374ac110c4036c77c09ab_000000000601,0.339814,1963.279446,294.957640,113.999649
124,547,11dd74426e8374ac110c4036c77c09ab_000000000602,0.345599,2102.358913,295.352045,116.099723
124,548,11dd74426e8374ac110c4036c77c09ab_000000000603,0.345599,2090.773365,297.238115,115.925268
124,549,11dd74426e8374ac110c4036c77c09ab_000000000604,0.343351,2066.961391,296.457892,113.629511
124,550,11dd74426e8374ac110c4036c77c09ab_000000000605,0.322665,1809.682457,279.007726,105.540903
124,551,11dd74426e8374ac110c4036c77c09ab_000000000606,0.322665,1824.986986,279.190071,106.034186
124,552,11dd74426e8374ac110c4036c77c09ab_000000000607,0.307984,1738.771639,268.477689,101.568354
124,553,11dd74426e8374ac110c4036c77c09ab_000000000608,0.307984,1685.179037,267.396888,103.093123
124,554,11dd74426e8374ac110c4036c77c09ab_000000000609,0.333241,1969.239311,288.208243,111.585738
124,555,11dd74426e8374ac110c4036c77c09ab_000000000610,0.322665,1846.746486,281.541383,109.453822
124,556,11dd74426e8374ac110c4036c77c09ab_000000000611,0.344520,2130.445104,301.279670,116.865136
124,557,11dd74426e8374ac110c4036c77c09ab_000000000612,0.339814,2051.039261,296.006388,114.504942
124,558,11dd74426e8374ac110c4036c77c09ab_000000000613,0.338788,2045.911047,295.978408,112.542293
124,559,11dd74426e8374ac110c4036c77c09ab_000000000614,0.338788,2036.843615,295.071636,111.800470
124,560,11dd74426e8374ac110c4036c77c09ab_000000000615,0.338788,2027.890961,293.314274,111.078735
124,561,11dd74426e8374ac110c4036c77c09ab_000000000616,0.339814,2020.669746,295.162660,112.701942
124,562,11dd74426e8374ac110c4036c77c09ab_000000000617,0.339814,2024.826790,294.292157,110.852493
124,563,11dd74426e8374ac110c4036c77c09ab_000000000618,0.338788,2005.624103,296.102269,111.114001
124,564,11dd74426e8374ac110c4036c77c09ab_000000000619,0.338788,1997.704448,298.027950,111.648466
124,565,11dd74426e8374ac110c4036c77c09ab_000000000620,0.337676,1918.586089,297.349528,113.320577
124,566,11dd74426e8374ac110c4036c77c09ab_000000000621,0.338788,1970.616930,297.172087,111.727321
124,567,11dd74426e8374ac110c4036c77c09ab_000000000622,0.338788,1969.813486,297.313856,111.413884
124,568,11dd74426e8374ac110c4036c77c09ab_000000000623,0.338788,1959.942611,294.299664,112.240880
124,569,11dd74426e8374ac110c4036c77c09ab_000000000624,0.338788,1938.938307,294.554830,112.487652
124,570,11dd74426e8374ac110c4036c77c09ab_000000000625,0.338788,1821.979914,296.110830,113.483773
124,571,11dd74426e8374ac110c4036c77c09ab_000000000626,0.338788,1830.588235,293.032123,110.909620
124,572,11dd74426e8374ac110c4036c77c09ab_000000000627,0.338788,1880.172166,295.278395,111.324907
125,554,11dd74426e8374ac110c4036c77c09ab_000000000609,0.333241,655.413659,355.831022,220.389432
125,555,11dd74426e8374ac110c4036c77c09ab_000000000610,0.322665,665.070276,340.453609,212.536771
125,556,11dd74426e8374ac110c4036c77c09ab_000000000611,0.344520,779.821958,362.543293,226.978836
125,557,11dd74426e8374ac110c4036c77c09ab_000000000612,0.339814,700.000000,358.500939,224.071985
125,558,11dd74426e8374ac110c4036c77c09ab_000000000613,0.338788,685.451937,357.800312,223.872504
125,559,11dd74426e8374ac110c4036c77c09ab_000000000614,0.338788,685.451937,356.496067,223.796864
125,560,11dd74426e8374ac110c4036c77c09ab_000000000615,0.338788,687.517934,357.721487,224.213588
125,561,11dd74426e8374ac110c4036c77c09ab_000000000616,0.339814,678.983834,357.620750,224.754143
125,562,11dd74426e8374ac110c4036c77c09ab_000000000617,0.339814,729.099307,358.664790,223.861136
125,563,11dd74426e8374ac110c4036c77c09ab_000000000618,0.338788,715.294118,354.233066,222.721876
125,564,11dd74426e8374ac110c4036c77c09ab_000000000619,0.338788,728.837877,355.138019,222.904566
125,565,11dd74426e8374ac110c4036c77c09ab_000000000620,0.337676,706.271380,352.966852,222.734672
125,566,11dd74426e8374ac110c4036c77c09ab_000000000621,0.338788,732.969871,352.904670,222.741479
125,567,11dd74426e8374ac110c4036c77c09ab_000000000622,0.338788,740.545194,355.939581,222.619313
125,568,11dd74426e8374ac110c4036c77c09ab_000000000623,0.338788,738.708752,354.341047,221.773211
125,569,11dd74426e8374ac110c4036c77c09ab_000000000624,0.338788,748.120516,355.096869,223.424577
125,570,11dd74426e8374ac110c4036c77c09ab_000000000625,0.338788,747.431851,354.485379,222.770077
125,571,11dd74426e8374ac110c4036c77c09ab_000000000626,0.338788,751.334290,352.733787,222.092789
125,572,11dd74426e8374ac110c4036c77c09ab_000000000627,0.338788,769.469154,354.260899,221.969838
126,573,11dd74426e8374ac110c4036c77c09ab_000000000628,0.344520,800.474777,362.872926,227.358032
126,574,11dd74426e8374ac110c4036c77c09ab_000000000629,0.344520,789.554896,361.290453,227.537063
126,575,11dd74426e8374ac110c4036c77c09ab_000000000630,0.344520,790.029674,360.086650,226.656858
127,573,11dd74426e8374ac110c4036c77c09ab_000000000628,0.344520,1.127596,291.611081,202.700215
127,574,11dd74426e8374ac110c4036c77c09ab_000000000629,0.344520,0.890208,297.019194,201.663352
127,575,11dd74426e8374ac110c4036c77c09ab_000000000630,0.344520,0.474777,303.094417,201.621717
128,573,11dd74426e8374ac110c4036c77c09ab_000000000628,0.344520,389.792285,313.340431,203.150148
128,574,11dd74426e8374ac110c4036c77c09ab_000000000629,0.344520,348.486647,313.651181,203.621025
128,575,11dd74426e8374ac110c4036c77c09ab_000000000630,0.344520,350.385757,320.097693,202.911860
129,573,11dd74426e8374ac110c4036c77c09ab_000000000628,0.344520,161.661721,251.717590,188.519151
129,574,11dd74426e8374ac110c4036c77c09ab_000000000629,0.344520,163.738872,251.042679,188.507397
129,575,11dd74426e8374ac110c4036c77c09ab_000000000630,0.344520,167.952522,251.544657,188.229303
130,573,11dd74426e8374ac110c4036c77c09ab_000000000628,0.344520,1991.454006,302.723149,114.586505
130,574,11dd74426e8374ac110c4036c77c09ab_000000000629,0.344520,2009.732938,300.898414,113.923528
130,575,11dd74426e8374ac110c4036c77c09ab_000000000630,0.344520,2007.833828,299.796491,112.955826
131,576,11dd74426e8374ac110c4036c77c09ab_000000000631,0.344520,794.302671,360.832803,226.768095
131,577,11dd74426e8374ac110c4036c77c09ab_000000000632,0.344520,810.682493,357.569867,226.276632
131,578,11dd74426e8374ac110c4036c77c09ab_000000000633,0.344520,813.531157,359.656042,226.530564
131,579,11dd74426e8374ac110c4036c77c09ab_000000000634,0.344520,815.905045,363.608985,226.266917
131,580,11dd74426e8374ac110c4036c77c09ab_000000000635,0.344520,807.833828,361.525082,224.706166
131,581,11dd74426e8374ac110c4036c77c09ab_000000000636,0.344520,815.430267,359.347563,223.963000
131,582,11dd74426e8374ac110c4036c77c09ab_000000000637,0.344520,803.323442,357.393023,223.820389
131,583,11dd74426e8374ac110c4036c77c09ab_000000000638,0.344520,803.323442,358.800208,223.898339
131,584,11dd74426e8374ac110c4036c77c09ab_000000000639,0.338788,776.126255,355.302781,220.651677
131,585,11dd74426e8374ac110c4036c77c09ab_000000000640,0.338788,782.553802,352.951940,220.078152
131,586,11dd74426e8374ac110c4036c77c09ab_000000000641,0.344520,842.492582,362.459224,223.934086
131,587,11dd74426e8374ac110c4036c77c09ab_000000000642,0.344520,850.089021,364.063523,225.054156
131,588,11dd74426e8374ac110c4036c77c09ab_000000000643,0.344520,852.225519,364.217405,225.491809
131,589,11dd74426e8374ac110c4036c77c09ab_000000000644,0.344520,877.151335,361.422718,225.083448
131,590,11dd74426e8374ac110c4036c77c09ab_000000000645,0.338788,861.061693,356.646851,222.144319
131,591,11dd74426e8374ac110c4036c77c09ab_000000000646,0.344520,895.192878,362.813249,224.926854
131,592,11dd74426e8374ac110c4036c77c09ab_000000000647,0.338788,492.395983,370.659716,227.837181
131,593,11dd74426e8374ac110c4036c77c09ab_000000000648,0.344520,498.991098,371.287982,230.833979
131,594,11dd74426e8374ac110c4036c77c09ab_000000000649,0.344520,505.400593,371.336556,229.930454
131,595,11dd74426e8374ac110c4036c77c09ab_000000000650,0.350446,530.303961,377.317157,233.594552
131,596,11dd74426e8374ac110c4036c77c09ab_000000000651,0.345599,496.148104,372.216151,230.870903
131,597,11dd74426e8374ac110c4036c77c09ab_000000000652,0.345599,494.475963,371.519300,232.010869
132,576,11dd74426e8374ac110c4036c77c09ab_000000000631,0.344520,329.851632,319.414098,204.208964
132,577,11dd74426e8374ac110c4036c77c09ab_000000000632,0.344520,366.409496,321.170765,202.185474
132,578,11dd74426e8374ac110c4036c77c09ab_000000000633,0.344520,366.884273,319.952516,202.311115
132,579,11dd74426e8374ac110c4036c77c09ab_000000000634,0.344520,364.391691,303.416900,203.209993
132,580,11dd74426e8374ac110c4036c77c09ab_000000000635,0.344520,345.163205,300.145217,202.456796
132,581,11dd74426e8374ac110c4036c77c09ab_000000000636,0.344520,335.905045,299.623369,202.189848
132,582,11dd74426e8374ac110c4036c77c09ab_000000000637,0.344520,347.537092,296.813289,201.961401
132,583,11dd74426e8374ac110c4036c77c09ab_000000000638,0.344520,343.501484,298.233490,202.485037
132,584,11dd74426e8374ac110c4036c77c09ab_000000000639,0.338788,323.213773,294.917874,200.107023
132,585,11dd74426e8374ac110c4036c77c09ab_000000000640,0.338788,313.572453,296.861814,200.731271
132,586,11dd74426e8374ac110c4036c77c09ab_000000000641,0.344520,333.412463,299.407202,203.139928
132,587,11dd74426e8374ac110c4036c77c09ab_000000000642,0.344520,303.501484,301.065207,203.538491
132,588,11dd74426e8374ac110c4036c77c09ab_000000000643,0.344520,296.142433,301.769010,205.097370
132,589,11dd74426e8374ac110c4036c77c09ab_000000000644,0.344520,292.581602,301.714842,204.613225
132,590,11dd74426e8374ac110c4036c77c09ab_000000000645,0.338788,282.008608,298.994936,202.073915
132,591,11dd74426e8374ac110c4036c77c09ab_000000000646,0.344520,260.415430,302.167782,204.668360
132,592,11dd74426e8374ac110c4036c77c09ab_000000000647,0.338788,310.329986,304.614432,205.323526
132,593,11dd74426e8374ac110c4036c77c09ab_000000000648,0.344520,276.439169,303.894695,208.370798
132,594,11dd74426e8374ac110c4036c77c09ab_000000000649,0.344520,289.020772,303.636641,207.057713
132,595,11dd74426e8374ac110c4036c77c09ab_000000000650,0.350446,295.732269,310.623992,210.832716
132,596,11dd74426e8374ac110c4036c77c09ab_000000000651,0.345599,353.538370,307.324694,208.758476
132,597,11dd74426e8374ac110c4036c77c09ab_000000000652,0.345599,356.524336,307.933226,210.684118
133,576,11dd74426e8374ac110c4036c77c09ab_000000000631,0.344520,170.089021,250.247721,188.446921
133,577,11dd74426e8374ac110c4036c77c09ab_000000000632,0.344520,171.750742,251.006974,188.912604
133,578,11dd74426e8374ac110c4036c77c09ab_000000000633,0.344520,171.988131,250.898996,189.096871
133,579,11dd74426e8374ac110c4036c77c09ab_000000000634,0.344520,176.083086,250.905304,187.878895
133,580,11dd74426e8374ac110c4036c77c09ab_000000000635,0.344520,176.379822,250.543247,187.127506
133,581,11dd74426e8374ac110c4036c77c09ab_000000000636,0.344520,178.397626,248.287630,185.795581
133,582,11dd74426e8374ac110c4036c77c09ab_000000000637,0.344520,176.023739,248.218911,186.437288
133,583,11dd74426e8374ac110c4036c77c09ab_000000000638,0.344520,177.448071,248.356770,186.302583
133,584,11dd74426e8374ac110c4036c77c09ab_000000000639,0.338788,170.616930,246.397242,185.203970
133,585,11dd74426e8374ac110c4036c77c09ab_000000000640,0.338788,172.797704,245.530255,184.448768
133,586,11dd74426e8374ac110c4036c77c09ab_000000000641,0.344520,178.813056,249.107107,187.047958
133,587,11dd74426e8374ac110c4036c77c09ab_000000000642,0.344520,172.225519,250.305653,187.288559
133,588,11dd74426e8374ac110c4036c77c09ab_000000000643,0.344520,170.563798,251.542091,188.312384
133,589,11dd74426e8374ac110c4036c77c09ab_000000000644,0.344520,167.240356,250.478691,188.299368
133,590,11dd74426e8374ac110c4036c77c09ab_000000000645,0.338788,159.253945,247.886183,185.966782
133,591,11dd74426e8374ac110c4036c77c09ab_000000000646,0.344520,137.151335,250.389575,187.678584
133,592,11dd74426e8374ac110c4036c77c09ab_000000000647,0.338788,175.853659,254.313755,186.287022
133,593,11dd74426e8374ac110c4036c77c09ab_000000000648,0.344520,159.169139,255.769070,189.608226
133,594,11dd74426e8374ac110c4036c77c09ab_000000000649,0.344520,144.688427,255.057298,189.128118
133,595,11dd74426e8374ac110c4036c77c09ab_000000000650,0.350446,128.584587,259.660022,191.950341
134,576,11dd74426e8374ac110c4036c77c09ab_000000000631,0.344520,2009.970326,300.824711,113.778835
134,577,11dd74426e8374ac110c4036c77c09ab_000000000632,0.344520,1999.050445,298.008955,112.208275
134,578,11dd74426e8374ac110c4036c77c09ab_000000000633,0.344520,2012.225519,303.638828,113.937238
134,579,11dd74426e8374ac110c4036c77c09ab_000000000634,0.344520,1951.097923,302.184079,112.448844
134,580,11dd74426e8374ac110c4036c77c09ab_000000000635,0.344520,1888.427300,300.509146,112.517468
134,581,11dd74426e8374ac110c4036c77c09ab_000000000636,0.344520,1886.409496,297.987527,110.993748
134,582,11dd74426e8374ac110c4036c77c09ab_000000000637,0.344520,1833.709199,299.874525,111.377212
134,583,11dd74426e8374ac110c4036c77c09ab_000000000638,0.344520,1848.308605,302.374612,113.398136
134,584,11dd74426e8374ac110c4036c77c09ab_000000000639,0.338788,1774.921090,296.104213,110.779628
134,585,11dd74426e8374ac110c4036c77c09ab_000000000640,0.338788,1787.776184,295.296551,111.348066
134,586,11dd74426e8374ac110c4036c77c09ab_000000000641,0.344520,1788.249258,302.675163,113.515640
134,587,11dd74426e8374ac110c4036c77c09ab_000000000642,0.344520,1760.830861,301.718690,113.745327
134,588,11dd74426e8374ac110c4036c77c09ab_000000000643,0.344520,1752.759644,304.530830,113.392616
134,589,11dd74426e8374ac110c4036c77c09ab_000000000644,0.344520,1710.860534,301.759757,112.897883
134,590,11dd74426e8374ac110c4036c77c09ab_000000000645,0.338788,1649.928264,298.193622,111.814169
134,591,11dd74426e8374ac110c4036c77c09ab_000000000646,0.344520,1667.418398,302.062769,112.706130
134,592,11dd74426e8374ac110c4036c77c09ab_000000000647,0.338788,1763.299857,304.586579,116.240152
134,593,11dd74426e8374ac110c4036c77c09ab_000000000648,0.344520,1776.498516,302.174090,112.554152
134,594,11dd74426e8374ac110c4036c77c09ab_000000000649,0.344520,1785.519288,303.504376,111.428667
134,595,11dd74426e8374ac110c4036c77c09ab_000000000650,0.350446,1857.660424,311.105342,113.346140
134,596,11dd74426e8374ac110c4036c77c09ab_000000000651,0.345599,1765.303076,305.967716,114.337209
134,597,11dd74426e8374ac110c4036c77c09ab_000000000652,0.345599,1771.991639,304.694776,113.915947
135,596,11dd74426e8374ac110c4036c77c09ab_000000000651,0.345599,1.328755,350.267179,122.197075
135,597,11dd74426e8374ac110c4036c77c09ab_000000000652,0.345599,1.134667,350.458287,123.095349
136,598,11dd74426e8374ac110c4036c77c09ab_000000000653,0.344520,482.373887,372.631788,230.352210
136,599,11dd74426e8374ac110c4036c77c09ab_000000000654,0.344520,481.424332,371.951747,230.102715
136,600,11dd74426e8374ac110c4036c77c09ab_000000000655,0.344520,474.540059,370.632375,230.147756
137,598,11dd74426e8374ac110c4036c77c09ab_000000000653,0.344520,348.011869,304.887967,207.537065
137,599,11dd74426e8374ac110c4036c77c09ab_000000000654,0.344520,299.228487,304.403759,208.578028
137,600,11dd74426e8374ac110c4036c77c09ab_000000000655,0.344520,309.080119,305.185007,208.707118
138,598,11dd74426e8374ac110c4036c77c09ab_000000000653,0.344520,1734.124629,305.048956,112.549893
138,599,11dd74426e8374ac110c4036c77c09ab_000000000654,0.344520,1732.700297,305.176364,113.226749
138,600,11dd74426e8374ac110c4036c77c09ab_000000000655,0.344520,1723.323442,305.159668,113.507250
139,601,11dd74426e8374ac110c4036c77c09ab_000000000656,0.344520,473.827893,372.885468,230.172906
140,601,11dd74426e8374ac110c4036c77c09ab_000000000656,0.344520,307.774481,305.307263,208.720765
141,601,11dd74426e8374ac110c4036c77c09ab_000000000656,0.344520,0.949555,349.333275,121.706255
142,601,11dd74426e8374ac110c4036c77c09ab_000000000656,0.344520,1719.287834,301.308289,112.182842
143,602,11dd74426e8374ac110c4036c77c09ab_000000000657,0.343351,467.079281,370.126338,230.531730
143,603,11dd74426e8374ac110c4036c77c09ab_000000000658,0.338788,451.305595,367.751520,227.114050
143,604,11dd74426e8374ac110c4036c77c09ab_000000000659,0.343351,464.249926,372.441609,230.896918
143,605,11dd74426e8374ac110c4036c77c09ab_000000000660,0.350446,492.723365,377.773994,235.012549
143,606,11dd74426e8374ac110c4036c77c09ab_000000000661,0.350446,497.144612,378.200886,233.979135
143,607,11dd74426e8374ac110c4036c77c09ab_000000000662,0.337676,456.784493,364.389551,224.898362
143,608,11dd74426e8374ac110c4036c77c09ab_000000000663,0.338788,462.783357,362.324039,226.805886
143,609,11dd74426e8374ac110c4036c77c09ab_000000000664,0.343351,483.348070,368.054414,229.372041
143,610,11dd74426e8374ac110c4036c77c09ab_000000000665,0.344520,479.762611,370.341013,229.542322
143,611,11dd74426e8374ac110c4036c77c09ab_000000000666,0.344520,480.237389,368.238900,230.234769
143,612,11dd74426e8374ac110c4036c77c09ab_000000000667,0.344520,483.204748,372.351403,230.057021
143,613,11dd74426e8374ac110c4036c77c09ab_000000000668,0.344520,480.237389,371.428658,229.752096
143,614,11dd74426e8374ac110c4036c77c09ab_000000000669,0.343351,468.965517,370.964471,229.049731
143,615,11dd74426e8374ac110c4036c77c09ab_000000000670,0.343351,467.786620,369.915391,228.530786
143,616,11dd74426e8374ac110c4036c77c09ab_000000000671,0.343351,464.603596,370.996786,229.289913
143,617,11dd74426e8374ac110c4036c77c09ab_000000000672,0.344520,470.267062,370.082707,229.079856
143,618,11dd74426e8374ac110c4036c77c09ab_000000000673,0.344520,469.080119,370.193103,229.789946
143,619,11dd74426e8374ac110c4036c77c09ab_000000000674,0.344520,470.148368,371.323687,230.116404
143,620,11dd74426e8374ac110c4036c77c09ab_000000000675,0.344520,464.332344,370.760939,229.930538
143,621,11dd74426e8374ac110c4036c77c09ab_000000000676,0.333241,428.317601,357.288584,222.365690
143,622,11dd74426e8374ac110c4036c77c09ab_000000000677,0.333241,425.541366,357.507355,222.328001
143,623,11dd74426e8374ac110c4036c77c09ab_000000000678,0.333241,420.544142,360.087734,222.200290
143,624,11dd74426e8374ac110c4036c77c09ab_000000000679,0.333241,421.099389,358.735652,222.516852
143,625,11dd74426e8374ac110c4036c77c09ab_000000000680,0.343351,451.399941,368.096034,227.837587
143,626,11dd74426e8374ac110c4036c77c09ab_000000000681,0.344520,443.086053,369.800723,229.769255
143,627,11dd74426e8374ac110c4036c77c09ab_000000000682,0.343351,441.615090,371.865600,228.894674
143,628,11dd74426e8374ac110c4036c77c09ab_000000000683,0.338788,432.252511,367.877821,227.375937
143,629,11dd74426e8374ac110c4036c77c09ab_000000000684,0.338788,433.285509,365.311639,225.678004
143,630,11dd74426e8374ac110c4036c77c09ab_000000000685,0.333241,413.770128,359.662559,222.911274
143,631,11dd74426e8374ac110c4036c77c09ab_000000000686,0.338788,426.972740,365.199440,225.980792
143,632,11dd74426e8374ac110c4036c77c09ab_000000000687,0.333241,411.215991,359.836217,222.340815
143,633,11dd74426e8374ac110c4036c77c09ab_000000000688,0.333241,405.774570,357.639480,222.375778
143,634,11dd74426e8374ac110c4036c77c09ab_000000000689,0.333241,401.554692,357.064729,222.054599
144,602,11dd74426e8374ac110c4036c77c09ab_000000000657,0.343351,295.903330,305.682616,207.961340
144,603,11dd74426e8374ac110c4036c77c09ab_000000000658,0.338788,289.354376,300.852235,204.893279
144,604,11dd74426e8374ac110c4036c77c09ab_000000000659,0.343351,296.021220,307.101830,208.093470
144,605,11dd74426e8374ac110c4036c77c09ab_000000000660,0.350446,355.173473,312.993117,211.904417
144,606,11dd74426e8374ac110c4036c77c09ab_000000000661,0.350446,307.890697,309.921923,212.556476
144,607,11dd74426e8374ac110c4036c77c09ab_000000000662,0.337676,285.290764,302.667719,204.766594
144,608,11dd74426e8374ac110c4036c77c09ab_000000000663,0.338788,285.337159,300.863918,205.427640
144,609,11dd74426e8374ac110c4036c77c09ab_000000000664,0.343351,283.996463,304.248083,208.611996
144,610,11dd74426e8374ac110c4036c77c09ab_000000000665,0.344520,278.931751,304.078394,208.647609
144,611,11dd74426e8374ac110c4036c77c09ab_000000000666,0.344520,279.762611,306.761087,209.218810
144,612,11dd74426e8374ac110c4036c77c09ab_000000000667,0.344520,282.492582,308.479168,210.185208
144,613,11dd74426e8374ac110c4036c77c09ab_000000000668,0.344520,281.424332,308.225846,209.331120
144,614,11dd74426e8374ac110c4036c77c09ab_000000000669,0.343351,276.569408,307.491788,209.286606
144,615,11dd74426e8374ac110c4036c77c09ab_000000000670,0.343351,277.689360,307.283250,209.005873
144,616,11dd74426e8374ac110c4036c77c09ab_000000000671,0.343351,285.882700,304.810680,208.710387
144,617,11dd74426e8374ac110c4036c77c09ab_000000000672,0.344520,290.563798,307.436292,208.333011
144,618,11dd74426e8374ac110c4036c77c09ab_000000000673,0.344520,289.851632,307.973196,208.505818
144,619,11dd74426e8374ac110c4036c77c09ab_000000000674,0.344520,282.017804,308.475615,209.530842
144,620,11dd74426e8374ac110c4036c77c09ab_000000000675,0.344520,282.729970,308.189573,208.563287
144,621,11dd74426e8374ac110c4036c77c09ab_000000000676,0.333241,261.077179,297.304797,201.404918
144,622,11dd74426e8374ac110c4036c77c09ab_000000000677,0.333241,264.852860,298.765044,201.945580
144,623,11dd74426e8374ac110c4036c77c09ab_000000000678,0.333241,258.411993,298.096833,201.604387
144,624,11dd74426e8374ac110c4036c77c09ab_000000000679,0.333241,258.189895,297.686099,201.753881
144,625,11dd74426e8374ac110c4036c77c09ab_000000000680,0.343351,282.110227,306.002894,206.679537
144,626,11dd74426e8374ac110c4036c77c09ab_000000000681,0.344520,329.495549,305.713416,208.904317
144,627,11dd74426e8374ac110c4036c77c09ab_000000000682,0.343351,329.737695,305.474602,208.560988
144,628,11dd74426e8374ac110c4036c77c09ab_000000000683,0.338788,281.205165,304.702417,205.986090
144,629,11dd74426e8374ac110c4036c77c09ab_000000000684,0.338788,276.843615,304.225810,205.905963
144,630,11dd74426e8374ac110c4036c77c09ab_000000000685,0.333241,262.742921,298.524022,203.038192
144,631,11dd74426e8374ac110c4036c77c09ab_000000000686,0.338788,268.809182,302.325956,206.088364
144,632,11dd74426e8374ac110c4036c77c09ab_000000000687,0.333241,260.521932,297.117633,203.140805
144,633,11dd74426e8374ac110c4036c77c09ab_000000000688,0.333241,255.746807,298.626105,202.794933
144,634,11dd74426e8374ac110c4036c77c09ab_000000000689,0.333241,253.081621,297.877107,202.364612
145,602,11dd74426e8374ac110c4036c77c09ab_000000000657,0.343351,1701.503095,300.216666,112.016648
145,603,11dd74426e8374ac110c4036c77c09ab_000000000658,0.338788,1642.926829,294.931336,110.396578
145,604,11dd74426e8374ac110c4036c77c09ab_000000000659,0.343351,1682.169172,297.894857,112.739301
145,605,11dd74426e8374ac110c4036c77c09ab_000000000660,0.350446,1737.181455,308.812341,115.690389
145,606,11dd74426e8374ac110c4036c77c09ab_000000000661,0.350446,1736.567393,308.989062,115.955063
145,607,11dd74426e8374ac110c4036c77c09ab_000000000662,0.337676,1612.884835,294.336639,109.675998
145,608,11dd74426e8374ac110c4036c77c09ab_000000000663,0.338788,1622.152080,294.912415,110.955091
145,609,11dd74426e8374ac110c4036c77c09ab_000000000664,0.343351,1639.493074,305.155267,114.066390
145,610,11dd74426e8374ac110c4036c77c09ab_000000000665,0.344520,1645.341246,305.111767,113.156242
145,611,11dd74426e8374ac110c4036c77c09ab_000000000666,0.344520,1635.014837,305.719956,113.527247
145,612,11dd74426e8374ac110c4036c77c09ab_000000000667,0.344520,1648.071217,306.237409,113.691380
145,613,11dd74426e8374ac110c4036c77c09ab_000000000668,0.344520,1635.370920,301.718963,112.620347
145,614,11dd74426e8374ac110c4036c77c09ab_000000000669,0.343351,1639.375184,302.763317,111.328438
145,615,11dd74426e8374ac110c4036c77c09ab_000000000670,0.343351,1639.257294,302.369398,112.129048
145,616,11dd74426e8374ac110c4036c77c09ab_000000000671,0.343351,1651.046272,304.693932,113.326449
145,617,11dd74426e8374ac110c4036c77c09ab_000000000672,0.344520,1617.566766,304.834725,113.719074
145,618,11dd74426e8374ac110c4036c77c09ab_000000000673,0.344520,1616.261128,302.821496,113.060471
145,619,11dd74426e8374ac110c4036c77c09ab_000000000674,0.344520,1588.367953,304.305411,113.215331
145,620,11dd74426e8374ac110c4036c77c09ab_000000000675,0.344520,1588.961424,302.605603,112.895066
145,621,11dd74426e8374ac110c4036c77c09ab_000000000676,0.333241,1518.489728,293.695407,109.232784
145,622,11dd74426e8374ac110c4036c77c09ab_000000000677,0.333241,1499.056080,291.020552,109.579663
145,623,11dd74426e8374ac110c4036c77c09ab_000000000678,0.333241,1505.163798,295.614979,111.399510
145,624,11dd74426e8374ac110c4036c77c09ab_000000000679,0.333241,1514.158801,295.545072,110.536164
145,625,11dd74426e8374ac110c4036c77c09ab_000000000680,0.343351,1630.415561,302.990778,112.700406
145,626,11dd74426e8374ac110c4036c77c09ab_000000000681,0.344520,1637.863501,305.000298,113.381913
145,627,11dd74426e8374ac110c4036c77c09ab_000000000682,0.343351,1631.594459,304.209104,112.874554
145,628,11dd74426e8374ac110c4036c77c09ab_000000000683,0.338788,1569.698709,301.046608,113.199120
145,629,11dd74426e8374ac110c4036c77c09ab_000000000684,0.338788,1565.796270,300.064258,111.455933
145,630,11dd74426e8374ac110c4036c77c09ab_000000000685,0.333241,1534.036646,294.402710,109.421992
145,631,11dd74426e8374ac110c4036c77c09ab_000000000686,0.338788,1590.129125,297.261333,110.114716
145,632,11dd74426e8374ac110c4036c77c09ab_000000000687,0.333241,1507.606885,297.695456,111.153343
145,633,11dd74426e8374ac110c4036c77c09ab_000000000688,0.333241,1505.941144,294.674078,110.042343
145,634,11dd74426e8374ac110c4036c77c09ab_000000000689,0.333241,1503.831205,296.339956,110.882076
146,635,11dd74426e8374ac110c4036c77c09ab_000000000690,0.344520,0.237389,354.797428,223.006043
146,636,11dd74426e8374ac110c4036c77c09ab_000000000691,0.344520,0.252226,354.557037,223.138119
147,635,11dd74426e8374ac110c4036c77c09ab_000000000690,0.344520,418.041543,372.839501,230.556307
147,636,11dd74426e8374ac110c4036c77c09ab_000000000691,0.344520,409.970326,373.038173,229.988554
148,635,11dd74426e8374ac110c4036c77c09ab_000000000690,0.344520,276.795252,308.080859,209.162077
148,636,11dd74426e8374ac110c4036c77c09ab_000000000691,0.344520,275.727003,308.793135,209.558347
149,635,11dd74426e8374ac110c4036c77c09ab_000000000690,0.344520,1623.382789,304.256753,114.192327
149,636,11dd74426e8374ac110c4036c77c09ab_000000000691,0.344520,1622.077151,306.360464,114.060913
150,637,11dd74426e8374ac110c4036c77c09ab_000000000692,0.333241,374.014436,360.520556,222.623899
150,638,11dd74426e8374ac110c4036c77c09ab_000000000693,0.327869,350.658425,353.464796,218.114554
150,639,11dd74426e8374ac110c4036c77c09ab_000000000694,0.344520,383.145401,373.544103,229.882279
150,640,11dd74426e8374ac110c4036c77c09ab_000000000695,0.333241,353.470294,360.588937,221.630990
150,641,11dd74426e8374ac110c4036c77c09ab_000000000696,0.333241,352.026652,359.761774,221.653668
150,642,11dd74426e8374ac110c4036c77c09ab_000000000697,0.333241,353.026097,359.705272,221.890236
150,643,11dd74426e8374ac110c4036c77c09ab_000000000698,0.333241,348.917268,360.283765,222.181049
151,637,11dd74426e8374ac110c4036c77c09ab_000000000692,0.333241,312.048862,297.361930,203.784059
151,638,11dd74426e8374ac110c4036c77c09ab_000000000693,0.327869,304.649288,291.783968,198.357094
151,639,11dd74426e8374ac110c4036c77c09ab_000000000694,0.344520,347.299703,308.568516,209.330321
151,640,11dd74426e8374ac110c4036c77c09ab_000000000695,0.333241,267.406996,298.120407,202.477211
151,641,11dd74426e8374ac110c4036c77c09ab_000000000696,0.333241,267.073848,297.096013,201.675575
151,642,11dd74426e8374ac110c4036c77c09ab_000000000697,0.333241,261.410328,298.339015,201.957621
151,643,11dd74426e8374ac110c4036c77c09ab_000000000698,0.333241,262.853970,298.136882,201.574711
152,637,11dd74426e8374ac110c4036c77c09ab_000000000692,0.333241,1540.588562,298.807126,111.889548
152,638,11dd74426e8374ac110c4036c77c09ab_000000000693,0.327869,1491.427036,290.689877,107.694592
152,639,11dd74426e8374ac110c4036c77c09ab_000000000694,0.344520,1635.845697,307.514515,114.848470
152,640,11dd74426e8374ac110c4036c77c09ab_000000000695,0.333241,1512.270961,296.241371,110.638685
152,641,11dd74426e8374ac110c4036c77c09ab_000000000696,0.333241,1503.275958,294.843342,110.421104
152,642,11dd74426e8374ac110c4036c77c09ab_000000000697,0.333241,1472.071072,295.714215,108.393560
152,643,11dd74426e8374ac110c4036c77c09ab_000000000698,0.333241,1473.181566,296.802983,109.896378
153,644,11dd74426e8374ac110c4036c77c09ab_000000000699,0.344520,203.382789,362.775987,227.242021
153,645,11dd74426e8374ac110c4036c77c09ab_000000000700,0.344520,182.789318,358.897272,227.462078
153,646,11dd74426e8374ac110c4036c77c09ab_000000000701,0.333241,176.679622,346.690820,218.642074
153,647,11dd74426e8374ac110c4036c77c09ab_000000000702,0.333241,179.011660,349.555299,220.226229
153,648,11dd74426e8374ac110c4036c77c09ab_000000000703,0.343351,189.448865,359.784362,226.373568
153,649,11dd74426e8374ac110c4036c77c09ab_000000000704,0.344520,186.231454,362.422972,228.874372
153,650,11dd74426e8374ac110c4036c77c09ab_000000000705,0.344520,184.569733,360.585852,227.602270
153,651,11dd74426e8374ac110c4036c77c09ab_000000000706,0.338788,180.200861,355.123958,224.427832
153,652,11dd74426e8374ac110c4036c77c09ab_000000000707,0.343351,181.550251,357.395954,226.202647
153,653,11dd74426e8374ac110c4036c77c09ab_000000000708,0.332182,163.751724,346.546395,218.477938
153,654,11dd74426e8374ac110c4036c77c09ab_000000000709,0.332182,166.731034,348.315572,220.361262
153,655,11dd74426e8374ac110c4036c77c09ab_000000000710,0.344520,178.041543,359.361483,227.006236
153,656,11dd74426e8374ac110c4036c77c09ab_000000000711,0.344520,182.195846,357.765721,227.175132
153,657,11dd74426e8374ac110c4036c77c09ab_000000000712,0.338788,173.658537,352.864927,223.627180
153,658,11dd74426e8374ac110c4036c77c09ab_000000000713,0.338788,168.608321,353.424598,223.771120
153,659,11dd74426e8374ac110c4036c77c09ab_000000000714,0.343351,170.822281,357.400271,226.914308
153,660,11dd74426e8374ac110c4036c77c09ab_000000000715,0.337676,167.616876,353.917637,222.734631
153,661,11dd74426e8374ac110c4036c77c09ab_000000000716,0.337676,167.616876,353.803004,222.931354
153,662,11dd74426e8374ac110c4036c77c09ab_000000000717,0.343351,175.302093,358.106504,224.890353
153,663,11dd74426e8374ac110c4036c77c09ab_000000000718,0.344520,168.545994,360.216939,227.524404
153,664,11dd74426e8374ac110c4036c77c09ab_000000000719,0.344520,169.139466,362.681951,226.676351
153,665,11dd74426e8374ac110c4036c77c09ab_000000000720,0.344520,168.783383,363.274600,227.362973
153,666,11dd74426e8374ac110c4036c77c09ab_000000000721,0.344520,167.952522,362.483111,226.508611
153,667,11dd74426e8374ac110c4036c77c09ab_000000000722,0.344520,165.934718,362.001657,226.890519
153,668,11dd74426e8374ac110c4036c77c09ab_000000000723,0.344520,167.477745,364.004561,227.758970
153,669,11dd74426e8374ac110c4036c77c09ab_000000000724,0.344520,171.038576,363.074120,226.809478
153,670,11dd74426e8374ac110c4036c77c09ab_000000000725,0.344520,175.905045,361.707309,226.586246
153,671,11dd74426e8374ac110c4036c77c09ab_000000000726,0.344520,172.818991,361.433947,226.109313
153,672,11dd74426e8374ac110c4036c77c09ab_000000000727,0.344520,176.735905,362.790034,226.986974
153,673,11dd74426e8374ac110c4036c77c09ab_000000000728,0.344520,175.430267,362.443032,226.654103
153,674,11dd74426e8374ac110c4036c77c09ab_000000000729,0.344520,176.973294,363.683382,226.843690
153,675,11dd74426e8374ac110c4036c77c09ab_000000000730,0.344520,170.089021,364.321619,226.775833
153,676,11dd74426e8374ac110c4036c77c09ab_000000000731,0.344520,173.412463,363.106125,226.514646
153,677,11dd74426e8374ac110c4036c77c09ab_000000000732,0.344520,169.851632,365.188093,229.335092
153,678,11dd74426e8374ac110c4036c77c09ab_000000000733,0.344520,171.869436,365.221822,227.803360
153,679,11dd74426e8374ac110c4036c77c09ab_000000000734,0.343351,169.643383,362.917900,227.232029
153,680,11dd74426e8374ac110c4036c77c09ab_000000000735,0.344520,173.531157,365.306480,228.122983
153,681,11dd74426e8374ac110c4036c77c09ab_000000000736,0.344520,170.563798,364.841218,227.755669
153,682,11dd74426e8374ac110c4036c77c09ab_000000000737,0.344520,165.341246,361.217781,226.279681
153,683,11dd74426e8374ac110c4036c77c09ab_000000000738,0.343351,158.443855,364.395624,226.705079
153,684,11dd74426e8374ac110c4036c77c09ab_000000000739,0.343351,159.740642,364.744675,227.888973
153,685,11dd74426e8374ac110c4036c77c09ab_000000000740,0.343351,158.325965,364.373368,226.539879
154,644,11dd74426e8374ac110c4036c77c09ab_000000000699,0.344520,171.320475,374.907886,134.663812
154,645,11dd74426e8374ac110c4036c77c09ab_000000000700,0.344520,164.985163,372.802787,133.932495
154,646,11dd74426e8374ac110c4036c77c09ab_000000000701,0.333241,164.797335,358.538197,127.819795
154,647,11dd74426e8374ac110c4036c77c09ab_000000000702,0.333241,158.578567,361.050886,129.022830
154,648,11dd74426e8374ac110c4036c77c09ab_000000000703,0.343351,167.108753,371.062799,132.616795
154,649,11dd74426e8374ac110c4036c77c09ab_000000000704,0.344520,164.391691,373.909525,134.379768
154,650,11dd74426e8374ac110c4036c77c09ab_000000000705,0.344520,161.246291,373.600247,132.891058
154,651,11dd74426e8374ac110c4036c77c09ab_000000000706,0.338788,151.449067,367.503342,131.516442
154,652,11dd74426e8374ac110c4036c77c09ab_000000000707,0.343351,153.846154,370.820207,132.286217
154,653,11dd74426e8374ac110c4036c77c09ab_000000000708,0.332182,144.386207,358.947907,128.050007
154,654,11dd74426e8374ac110c4036c77c09ab_000000000709,0.332182,143.006897,358.031042,128.591962
154,655,11dd74426e8374ac110c4036c77c09ab_000000000710,0.344520,154.777448,371.338659,133.935092
154,656,11dd74426e8374ac110c4036c77c09ab_000000000711,0.344520,153.175074,369.863134,133.460093
154,657,11dd74426e8374ac110c4036c77c09ab_000000000712,0.338788,146.456241,364.882571,131.252012
154,658,11dd74426e8374ac110c4036c77c09ab_000000000713,0.338788,127.116212,363.643751,130.714601
154,659,11dd74426e8374ac110c4036c77c09ab_000000000714,0.343351,127.969349,368.746816,132.961121
154,660,11dd74426e8374ac110c4036c77c09ab_000000000715,0.337676,111.858609,362.734683,129.007053
154,661,11dd74426e8374ac110c4036c77c09ab_000000000716,0.337676,112.314709,363.540620,129.200088
154,662,11dd74426e8374ac110c4036c77c09ab_000000000717,0.343351,123.076923,369.970171,130.210406
154,663,11dd74426e8374ac110c4036c77c09ab_000000000718,0.344520,121.899110,371.090866,131.672420
154,664,11dd74426e8374ac110c4036c77c09ab_000000000719,0.344520,125.519288,372.629223,131.564558
154,665,11dd74426e8374ac110c4036c77c09ab_000000000720,0.344520,136.795252,372.796310,132.048819
154,666,11dd74426e8374ac110c4036c77c09ab_000000000721,0.344520,131.513353,372.607942,131.718703
154,667,11dd74426e8374ac110c4036c77c09ab_000000000722,0.344520,132.166172,372.697858,131.720175
154,668,11dd74426e8374ac110c4036c77c09ab_000000000723,0.344520,130.089021,376.437452,133.254861
154,669,11dd74426e8374ac110c4036c77c09ab_000000000724,0.344520,128.189911,375.441825,132.043720
154,670,11dd74426e8374ac110c4036c77c09ab_000000000725,0.344520,134.777448,374.765317,131.657291
154,671,11dd74426e8374ac110c4036c77c09ab_000000000726,0.344520,135.845697,373.085653,130.822527
154,672,11dd74426e8374ac110c4036c77c09ab_000000000727,0.344520,134.896142,376.248580,132.266016
154,673,11dd74426e8374ac110c4036c77c09ab_000000000728,0.344520,133.531157,374.314774,131.963772
154,674,11dd74426e8374ac110c4036c77c09ab_000000000729,0.344520,130.563798,374.670944,132.292700
154,675,11dd74426e8374ac110c4036c77c09ab_000000000730,0.344520,130.623145,375.991073,132.676396
154,676,11dd74426e8374ac110c4036c77c09ab_000000000731,0.344520,130.860534,376.371888,131.483758
154,677,11dd74426e8374ac110c4036c77c09ab_000000000732,0.344520,130.563798,378.197400,133.556632
154,678,11dd74426e8374ac110c4036c77c09ab_000000000733,0.344520,131.513353,376.815071,132.546422
154,679,11dd74426e8374ac110c4036c77c09ab_000000000734,0.343351,134.630121,374.528957,132.406790
154,680,11dd74426e8374ac110c4036c77c09ab_000000000735,0.344520,132.997033,375.184991,133.034668
154,681,11dd74426e8374ac110c4036c77c09ab_000000000736,0.344520,156.676558,374.059958,131.053465
154,682,11dd74426e8374ac110c4036c77c09ab_000000000737,0.344520,163.204748,374.716953,130.880059
154,683,11dd74426e8374ac110c4036c77c09ab_000000000738,0.343351,124.078986,374.675611,132.037024
154,684,11dd74426e8374ac110c4036c77c09ab_000000000739,0.343351,119.068671,375.214653,132.934296
154,685,11dd74426e8374ac110c4036c77c09ab_000000000740,0.343351,107.397583,375.797620,132.767158
155,644,11dd74426e8374ac110c4036c77c09ab_000000000699,0.344520,1590.415430,304.062077,114.195975
155,645,11dd74426e8374ac110c4036c77c09ab_000000000700,0.344520,1535.311573,308.064688,114.067758
155,646,11dd74426e8374ac110c4036c77c09ab_000000000701,0.333241,1434.425319,297.183818,108.038302
155,647,11dd74426e8374ac110c4036c77c09ab_000000000702,0.333241,1438.200999,293.072045,107.892936
155,648,11dd74426e8374ac110c4036c77c09ab_000000000703,0.343351,1526.318892,303.639863,111.113823
155,649,11dd74426e8374ac110c4036c77c09ab_000000000704,0.344520,1552.878338,305.556842,112.646411
155,650,11dd74426e8374ac110c4036c77c09ab_000000000705,0.344520,1542.789318,303.827427,111.206613
155,651,11dd74426e8374ac110c4036c77c09ab_000000000706,0.338788,1488.436155,299.493690,110.813581
155,652,11dd74426e8374ac110c4036c77c09ab_000000000707,0.343351,1535.632184,305.325224,112.626104
155,653,11dd74426e8374ac110c4036c77c09ab_000000000708,0.332182,1428.965517,293.468189,108.015123
155,654,11dd74426e8374ac110c4036c77c09ab_000000000709,0.332182,1423.448276,296.644090,110.678600
155,655,11dd74426e8374ac110c4036c77c09ab_000000000710,0.344520,1490.445104,303.323011,111.100085
155,656,11dd74426e8374ac110c4036c77c09ab_000000000711,0.344520,1543.857567,307.297529,112.909775
155,657,11dd74426e8374ac110c4036c77c09ab_000000000712,0.338788,1491.994261,302.378788,111.400319
155,658,11dd74426e8374ac110c4036c77c09ab_000000000713,0.338788,1503.472023,303.380762,111.598270
155,659,11dd74426e8374ac110c4036c77c09ab_000000000714,0.343351,1553.197760,305.782138,112.648444
155,660,11dd74426e8374ac110c4036c77c09ab_000000000715,0.337676,1485.176739,298.661402,109.654636
155,661,11dd74426e8374ac110c4036c77c09ab_000000000716,0.337676,1482.098062,300.015528,110.670601
155,662,11dd74426e8374ac110c4036c77c09ab_000000000717,0.343351,1547.892720,302.365479,110.002061
155,663,11dd74426e8374ac110c4036c77c09ab_000000000718,0.344520,1580.178042,309.030918,112.543722
155,664,11dd74426e8374ac110c4036c77c09ab_000000000719,0.344520,1572.462908,308.728538,112.830510
155,665,11dd74426e8374ac110c4036c77c09ab_000000000720,0.344520,1573.768546,310.934382,113.370758
155,666,11dd74426e8374ac110c4036c77c09ab_000000000721,0.344520,1592.878338,311.189302,112.176638
155,667,11dd74426e8374ac110c4036c77c09ab_000000000722,0.344520,1592.284866,307.528457,111.000582
155,668,11dd74426e8374ac110c4036c77c09ab_000000000723,0.344520,1588.961424,312.463948,112.900975
155,669,11dd74426e8374ac110c4036c77c09ab_000000000724,0.344520,1580.059347,308.418966,113.078818
155,670,11dd74426e8374ac110c4036c77c09ab_000000000725,0.344520,1577.329377,303.779042,111.590266
155,671,11dd74426e8374ac110c4036c77c09ab_000000000726,0.344520,1566.290801,311.905785,112.921130
155,672,11dd74426e8374ac110c4036c77c09ab_000000000727,0.344520,1564.391691,308.817612,112.311974
155,673,11dd74426e8374ac110c4036c77c09ab_000000000728,0.344520,1542.195846,310.688482,112.005472
155,674,11dd74426e8374ac110c4036c77c09ab_000000000729,0.344520,1586.468843,309.506926,111.149659
155,675,11dd74426e8374ac110c4036c77c09ab_000000000730,0.344520,1597.270030,312.888711,112.481080
155,676,11dd74426e8374ac110c4036c77c09ab_000000000731,0.344520,1593.709199,312.624180,112.674778
155,677,11dd74426e8374ac110c4036c77c09ab_000000000732,0.344520,1582.908012,313.929506,114.967793
155,678,11dd74426e8374ac110c4036c77c09ab_000000000733,0.344520,1599.525223,307.041704,112.476622
155,679,11dd74426e8374ac110c4036c77c09ab_000000000734,0.343351,1589.979369,307.802635,112.488892
155,680,11dd74426e8374ac110c4036c77c09ab_000000000735,0.344520,1590.504451,307.657358,112.417144
155,681,11dd74426e8374ac110c4036c77c09ab_000000000736,0.344520,1576.735905,304.978198,110.902108
155,682,11dd74426e8374ac110c4036c77c09ab_000000000737,0.344520,1579.228487,303.367421,111.188665
155,683,11dd74426e8374ac110c4036c77c09ab_000000000738,0.343351,1581.137636,307.910205,111.679260
155,684,11dd74426e8374ac110c4036c77c09ab_000000000739,0.343351,1569.584439,310.399708,113.118843
155,685,11dd74426e8374ac110c4036c77c09ab_000000000740,0.343351,1565.694076,310.298823,112.003414
156,644,11dd74426e8374ac110c4036c77c09ab_000000000699,0.344520,1071.824926,280.442868,194.816912
156,645,11dd74426e8374ac110c4036c77c09ab_000000000700,0.344520,1110.979228,278.919063,195.283835
156,646,11dd74426e8374ac110c4036c77c09ab_000000000701,0.333241,1067.629095,272.492800,189.241853
156,647,11dd74426e8374ac110c4036c77c09ab_000000000702,0.333241,1075.846752,272.272158,189.555019
156,648,11dd74426e8374ac110c4036c77c09ab_000000000703,0.343351,1150.722075,281.642024,194.957829
156,649,11dd74426e8374ac110c4036c77c09ab_000000000704,0.344520,1158.219585,281.909603,196.962132
156,650,11dd74426e8374ac110c4036c77c09ab_000000000705,0.344520,1167.002967,281.069351,195.401865
156,651,11dd74426e8374ac110c4036c77c09ab_000000000706,0.338788,1124.131994,277.020439,193.339525
156,652,11dd74426e8374ac110c4036c77c09ab_000000000707,0.343351,1148.717949,279.127667,195.779428
156,653,11dd74426e8374ac110c4036c77c09ab_000000000708,0.332182,1070.896552,268.255877,188.548436
156,654,11dd74426e8374ac110c4036c77c09ab_000000000709,0.332182,1075.200000,268.330204,189.393246
156,655,11dd74426e8374ac110c4036c77c09ab_000000000710,0.344520,1163.679525,281.676993,197.691694
156,656,11dd74426e8374ac110c4036c77c09ab_000000000711,0.344520,1195.014837,277.216248,194.176025
156,657,11dd74426e8374ac110c4036c77c09ab_000000000712,0.338788,1150.989957,272.807254,191.977237
156,658,11dd74426e8374ac110c4036c77c09ab_000000000713,0.338788,1212.051650,271.675960,191.091536
156,659,11dd74426e8374ac110c4036c77c09ab_000000000714,0.343351,1241.143531,278.026929,195.333746
156,660,11dd74426e8374ac110c4036c77c09ab_000000000715,0.337676,1176.510832,273.037000,190.866272
156,661,11dd74426e8374ac110c4036c77c09ab_000000000716,0.337676,1185.632839,272.590275,190.883956
156,662,11dd74426e8374ac110c4036c77c09ab_000000000717,0.343351,1227.939876,273.785297,191.885317
156,663,11dd74426e8374ac110c4036c77c09ab_000000000718,0.344520,1248.427300,275.924464,195.011398
156,664,11dd74426e8374ac110c4036c77c09ab_000000000719,0.344520,1247.952522,280.282636,194.890698
156,665,11dd74426e8374ac110c4036c77c09ab_000000000720,0.344520,1316.557864,279.034927,195.507992
156,666,11dd74426e8374ac110c4036c77c09ab_000000000721,0.344520,1326.290801,277.897887,194.826942
156,667,11dd74426e8374ac110c4036c77c09ab_000000000722,0.344520,1378.278932,273.291797,193.988940
156,668,11dd74426e8374ac110c4036c77c09ab_000000000723,0.344520,1390.860534,278.987509,195.791616
156,669,11dd74426e8374ac110c4036c77c09ab_000000000724,0.344520,1412.700297,274.088963,193.217722
156,670,11dd74426e8374ac110c4036c77c09ab_000000000725,0.344520,1444.747774,271.562739,192.256896
156,671,11dd74426e8374ac110c4036c77c09ab_000000000726,0.344520,1443.798220,273.344093,193.225796
156,672,11dd74426e8374ac110c4036c77c09ab_000000000727,0.344520,1464.213650,271.891257,192.971401
156,673,11dd74426e8374ac110c4036c77c09ab_000000000728,0.344520,1468.249258,272.143571,193.018378
156,674,11dd74426e8374ac110c4036c77c09ab_000000000729,0.344520,1535.192878,270.803023,192.124105
156,675,11dd74426e8374ac110c4036c77c09ab_000000000730,0.344520,1540.652819,272.260023,193.318088
156,676,11dd74426e8374ac110c4036c77c09ab_000000000731,0.344520,1585.044510,270.467440,192.069832
156,677,11dd74426e8374ac110c4036c77c09ab_000000000732,0.344520,1628.961424,270.959576,193.041950
156,678,11dd74426e8374ac110c4036c77c09ab_000000000733,0.344520,1629.198813,267.672564,191.411765
156,679,11dd74426e8374ac110c4036c77c09ab_000000000734,0.343351,1608.723843,273.716644,193.050015
156,680,11dd74426e8374ac110c4036c77c09ab_000000000735,0.344520,1628.249258,275.277605,194.204854
156,681,11dd74426e8374ac110c4036c77c09ab_000000000736,0.344520,1664.569733,269.053421,190.914393
156,682,11dd74426e8374ac110c4036c77c09ab_000000000737,0.344520,1665.519288,273.264461,193.299604
156,683,11dd74426e8374ac110c4036c77c09ab_000000000738,0.343351,1692.661362,271.294264,191.846632
156,684,11dd74426e8374ac110c4036c77c09ab_000000000739,0.343351,1777.541998,272.501483,193.814738
156,685,11dd74426e8374ac110c4036c77c09ab_000000000740,0.343351,1781.550251,276.502262,194.088010
157,686,11dd74426e8374ac110c4036c77c09ab_000000000741,0.343351,157.382847,364.299560,227.281256
158,686,11dd74426e8374ac110c4036c77c09ab_000000000741,0.343351,107.692308,375.320902,133.106590
159,686,11dd74426e8374ac110c4036c77c09ab_000000000741,0.343351,1556.027115,308.082383,112.333730
160,686,11dd74426e8374ac110c4036c77c09ab_000000000741,0.343351,0.235780,318.605235,210.094666
161,686,11dd74426e8374ac110c4036c77c09ab_000000000741,0.343351,1791.688771,272.049012,193.195725
162,687,11dd74426e8374ac110c4036c77c09ab_000000000742,0.343351,156.557619,364.475887,227.314200
163,687,11dd74426e8374ac110c4036c77c09ab_000000000742,0.343351,108.576481,374.034594,131.607731
164,687,11dd74426e8374ac110c4036c77c09ab_000000000742,0.343351,1541.880342,310.736772,113.110345
165,687,11dd74426e8374ac110c4036c77c09ab_000000000742,0.343351,1794.753905,269.202012,192.083398
166,688,11dd74426e8374ac110c4036c77c09ab_000000000743,0.343351,161.155320,361.862741,225.882097
167,688,11dd74426e8374ac110c4036c77c09ab_000000000743,0.343351,108.399646,373.449406,130.473525
168,688,11dd74426e8374ac110c4036c77c09ab_000000000743,0.343351,0.235780,355.274614,122.862554
169,688,11dd74426e8374ac110c4036c77c09ab_000000000743,0.343351,1550.604185,304.707805,110.777838
170,688,11dd74426e8374ac110c4036c77c09ab_000000000743,0.343351,1872.325376,267.546368,189.639685
171,689,11dd74426e8374ac110c4036c77c09ab_000000000744,0.343351,160.094312,363.968783,226.290308
172,689,11dd74426e8374ac110c4036c77c09ab_000000000744,0.343351,104.155615,375.419649,131.358213
173,689,11dd74426e8374ac110c4036c77c09ab_000000000744,0.343351,1554.494548,305.963810,110.554191
174,689,11dd74426e8374ac110c4036c77c09ab_000000000744,0.343351,1884.821692,269.295981,190.611960
175,690,11dd74426e8374ac110c4036c77c09ab_000000000745,0.343351,162.334218,362.556442,226.989270
176,690,11dd74426e8374ac110c4036c77c09ab_000000000745,0.343351,109.637489,371.519692,131.482359
177,690,11dd74426e8374ac110c4036c77c09ab_000000000745,0.343351,1546.242263,305.337673,111.303185
178,690,11dd74426e8374ac110c4036c77c09ab_000000000745,0.343351,0.471559,303.125529,197.409108
179,690,11dd74426e8374ac110c4036c77c09ab_000000000745,0.343351,1374.476864,261.709592,186.890322
180,691,11dd74426e8374ac110c4036c77c09ab_000000000746,0.343351,162.216328,362.247921,225.669075
180,692,11dd74426e8374ac110c4036c77c09ab_000000000747,0.343351,160.447981,360.949291,226.487299
180,693,11dd74426e8374ac110c4036c77c09ab_000000000748,0.343351,160.212202,363.855199,226.515381
180,694,11dd74426e8374ac110c4036c77c09ab_000000000749,0.343351,159.976422,361.103782,225.685463
180,695,11dd74426e8374ac110c4036c77c09ab_000000000750,0.343351,158.090186,364.043220,226.961041
180,696,11dd74426e8374ac110c4036c77c09ab_000000000751,0.343351,159.622753,363.074905,226.824447
180,697,11dd74426e8374ac110c4036c77c09ab_000000000752,0.343351,161.626879,363.689601,226.908881
180,698,11dd74426e8374ac110c4036c77c09ab_000000000753,0.343351,159.858532,362.066773,227.257051
180,699,11dd74426e8374ac110c4036c77c09ab_000000000754,0.344520,163.086053,364.362834,228.127084
180,700,11dd74426e8374ac110c4036c77c09ab_000000000755,0.337676,156.100342,359.793579,223.176099
180,701,11dd74426e8374ac110c4036c77c09ab_000000000756,0.343351,161.273210,364.167031,226.556183
180,702,11dd74426e8374ac110c4036c77c09ab_000000000757,0.338788,165.050215,361.419418,224.348326
180,703,11dd74426e8374ac110c4036c77c09ab_000000000758,0.338788,164.591105,360.458346,223.882305
180,704,11dd74426e8374ac110c4036c77c09ab_000000000759,0.338788,163.098996,362.735160,223.685926
180,705,11dd74426e8374ac110c4036c77c09ab_000000000760,0.338788,161.951220,362.585906,223.788737
180,706,11dd74426e8374ac110c4036c77c09ab_000000000761,0.338788,163.672884,360.393913,223.452079
180,707,11dd74426e8374ac110c4036c77c09ab_000000000762,0.338788,162.639885,358.897735,223.864998
181,691,11dd74426e8374ac110c4036c77c09ab_000000000746,0.343351,104.214559,371.660436,130.241233
181,692,11dd74426e8374ac110c4036c77c09ab_000000000747,0.343351,116.710875,371.940917,131.057592
181,693,11dd74426e8374ac110c4036c77c09ab_000000000748,0.343351,121.898025,376.511146,131.714661
181,694,11dd74426e8374ac110c4036c77c09ab_000000000749,0.343351,122.841144,374.827587,132.069674
181,695,11dd74426e8374ac110c4036c77c09ab_000000000750,0.343351,112.466844,375.236196,132.504060
181,696,11dd74426e8374ac110c4036c77c09ab_000000000751,0.343351,110.757442,372.713498,131.919008
181,697,11dd74426e8374ac110c4036c77c09ab_000000000752,0.343351,101.738874,373.329283,132.261897
181,698,11dd74426e8374ac110c4036c77c09ab_000000000753,0.343351,101.503095,372.678501,132.412292
181,699,11dd74426e8374ac110c4036c77c09ab_000000000754,0.344520,106.943620,374.472399,132.605363
181,700,11dd74426e8374ac110c4036c77c09ab_000000000755,0.337676,102.451539,369.117551,130.170659
181,701,11dd74426e8374ac110c4036c77c09ab_000000000756,0.343351,104.627174,372.137740,131.795606
181,702,11dd74426e8374ac110c4036c77c09ab_000000000757,0.338788,111.047346,370.015141,131.198322
181,703,11dd74426e8374ac110c4036c77c09ab_000000000758,0.338788,109.555237,368.830457,130.436533
181,704,11dd74426e8374ac110c4036c77c09ab_000000000759,0.338788,110.014347,370.375476,130.305776
181,705,11dd74426e8374ac110c4036c77c09ab_000000000760,0.338788,110.243902,370.900036,130.475470
181,706,11dd74426e8374ac110c4036c77c09ab_000000000761,0.338788,117.302726,369.164738,130.279091
181,707,11dd74426e8374ac110c4036c77c09ab_000000000762,0.338788,115.466284,369.095135,130.404224
182,691,11dd74426e8374ac110c4036c77c09ab_000000000746,0.343351,1550.368406,302.864600,109.072055
182,692,11dd74426e8374ac110c4036c77c09ab_000000000747,0.343351,1538.461538,302.643781,110.554631
182,693,11dd74426e8374ac110c4036c77c09ab_000000000748,0.343351,1557.206012,308.197330,112.548419
182,694,11dd74426e8374ac110c4036c77c09ab_000000000749,0.343351,1548.128500,306.857331,111.291429
182,695,11dd74426e8374ac110c4036c77c09ab_000000000750,0.343351,1539.168877,305.927765,111.165941
182,696,11dd74426e8374ac110c4036c77c09ab_000000000751,0.343351,1548.246390,302.706148,110.758191
182,697,11dd74426e8374ac110c4036c77c09ab_000000000752,0.343351,1533.038609,305.010668,112.084411
182,698,11dd74426e8374ac110c4036c77c09ab_000000000753,0.343351,1515.237253,302.770882,112.926851
182,699,11dd74426e8374ac110c4036c77c09ab_000000000754,0.344520,1550.979228,303.503030,112.468926
182,700,11dd74426e8374ac110c4036c77c09ab_000000000755,0.337676,1505.701254,301.215737,109.426194
182,701,11dd74426e8374ac110c4036c77c09ab_000000000756,0.343351,1559.328028,306.744166,112.228382
182,702,11dd74426e8374ac110c4036c77c09ab_000000000757,0.338788,1521.032999,306.416521,111.822533
182,703,11dd74426e8374ac110c4036c77c09ab_000000000758,0.338788,1528.263989,300.955377,109.688315
182,704,11dd74426e8374ac110c4036c77c09ab_000000000759,0.338788,1564.074605,311.202569,112.380953
182,705,11dd74426e8374ac110c4036c77c09ab_000000000760,0.338788,1568.091822,309.389439,111.865058
182,706,11dd74426e8374ac110c4036c77c09ab_000000000761,0.338788,1570.043042,308.742962,112.235349
182,707,11dd74426e8374ac110c4036c77c09ab_000000000762,0.338788,1591.506456,310.696227,112.385347
183,691,11dd74426e8374ac110c4036c77c09ab_000000000746,0.343351,1333.097554,261.598712,185.481251
183,692,11dd74426e8374ac110c4036c77c09ab_000000000747,0.343351,1309.048040,256.214638,184.754711
183,693,11dd74426e8374ac110c4036c77c09ab_000000000748,0.343351,1269.908635,261.072809,184.430200
183,694,11dd74426e8374ac110c4036c77c09ab_000000000749,0.343351,1254.111406,259.480788,184.214767
183,695,11dd74426e8374ac110c4036c77c09ab_000000000750,0.343351,1240.436192,256.905196,184.996884
183,696,11dd74426e8374ac110c4036c77c09ab_000000000751,0.343351,1221.338049,257.660195,183.604117
183,697,11dd74426e8374ac110c4036c77c09ab_000000000752,0.343351,1211.435308,256.687647,183.190876
183,698,11dd74426e8374ac110c4036c77c09ab_000000000753,0.343351,1194.341291,253.291211,182.245132
183,699,11dd74426e8374ac110c4036c77c09ab_000000000754,0.344520,1186.824926,256.431153,184.228290
183,700,11dd74426e8374ac110c4036c77c09ab_000000000755,0.337676,1121.208666,252.397976,179.009009
183,701,11dd74426e8374ac110c4036c77c09ab_000000000756,0.343351,1143.059240,254.400584,182.250413
183,702,11dd74426e8374ac110c4036c77c09ab_000000000757,0.338788,1176.470588,253.590790,180.639983
183,703,11dd74426e8374ac110c4036c77c09ab_000000000758,0.338788,1154.548063,249.595055,179.231831
183,704,11dd74426e8374ac110c4036c77c09ab_000000000759,0.338788,1144.447633,252.127532,179.136857
183,705,11dd74426e8374ac110c4036c77c09ab_000000000760,0.338788,1135.265423,253.200286,178.945441
183,706,11dd74426e8374ac110c4036c77c09ab_000000000761,0.338788,1136.757532,253.385726,179.293741
183,707,11dd74426e8374ac110c4036c77c09ab_000000000762,0.338788,1089.354376,253.480824,179.565099
184,708,11dd74426e8374ac110c4036c77c09ab_000000000763,0.338788,167.173601,355.806166,226.090696
184,709,11dd74426e8374ac110c4036c77c09ab_000000000764,0.338788,153.113343,349.516206,224.170929
184,710,11dd74426e8374ac110c4036c77c09ab_000000000765,0.338788,154.720230,349.663599,223.672134
184,711,11dd74426e8374ac110c4036c77c09ab_000000000766,0.338788,158.622669,351.400634,225.748806
184,712,11dd74426e8374ac110c4036c77c09ab_000000000767,0.344520,163.086053,356.562675,227.945761
184,713,11dd74426e8374ac110c4036c77c09ab_000000000768,0.344520,162.848665,356.793224,228.991329
184,714,11dd74426e8374ac110c4036c77c09ab_000000000769,0.338788,156.212339,347.221857,224.018553
184,715,11dd74426e8374ac110c4036c77c09ab_000000000770,0.338788,156.786227,349.039123,224.286519
184,716,11dd74426e8374ac110c4036c77c09ab_000000000771,0.344520,156.913947,357.529788,227.323925
184,717,11dd74426e8374ac110c4036c77c09ab_000000000772,0.344520,155.608309,355.592912,227.524404
185,708,11dd74426e8374ac110c4036c77c09ab_000000000763,0.338788,1635.322812,238.096346,174.952022
185,709,11dd74426e8374ac110c4036c77c09ab_000000000764,0.338788,1642.123386,255.436819,185.382649
185,710,11dd74426e8374ac110c4036c77c09ab_000000000765,0.338788,1648.780488,254.911267,184.986810
185,711,11dd74426e8374ac110c4036c77c09ab_000000000766,0.338788,1651.305595,253.720338,185.400432
185,712,11dd74426e8374ac110c4036c77c09ab_000000000767,0.344520,1719.643917,256.286839,186.554602
185,713,11dd74426e8374ac110c4036c77c09ab_000000000768,0.344520,1752.878338,259.123771,188.600529
185,714,11dd74426e8374ac110c4036c77c09ab_000000000769,0.338788,1700.086083,255.299724,186.085432
185,715,11dd74426e8374ac110c4036c77c09ab_000000000770,0.338788,1700.545194,255.526520,186.707551
185,716,11dd74426e8374ac110c4036c77c09ab_000000000771,0.344520,1705.163205,260.314515,188.263263
185,717,11dd74426e8374ac110c4036c77c09ab_000000000772,0.344520,1689.614243,258.566785,187.067430
186,708,11dd74426e8374ac110c4036c77c09ab_000000000763,0.338788,1673.185079,311.999355,117.976546
186,709,11dd74426e8374ac110c4036c77c09ab_000000000764,0.338788,1612.395983,298.610821,110.034072
186,710,11dd74426e8374ac110c4036c77c09ab_000000000765,0.338788,1609.870875,300.040044,109.699140
186,711,11dd74426e8374ac110c4036c77c09ab_000000000766,0.338788,1621.004304,304.909528,113.301848
186,712,11dd74426e8374ac110c4036c77c09ab_000000000767,0.344520,1660.178042,307.639484,113.353463
186,713,11dd74426e8374ac110c4036c77c09ab_000000000768,0.344520,1693.531157,307.474394,115.305553
186,714,11dd74426e8374ac110c4036c77c09ab_000000000769,0.338788,1657.618364,300.761665,112.380674
186,715,11dd74426e8374ac110c4036c77c09ab_000000000770,0.338788,1678.852224,302.696609,112.928590
186,716,11dd74426e8374ac110c4036c77c09ab_000000000771,0.344520,1743.620178,307.278267,114.375806
186,717,11dd74426e8374ac110c4036c77c09ab_000000000772,0.344520,1735.905045,309.722525,115.068369
187,718,11dd74426e8374ac110c4036c77c09ab_000000000773,0.338788,152.998565,347.558620,222.187908
188,718,11dd74426e8374ac110c4036c77c09ab_000000000773,0.338788,1697.101865,252.360511,180.279834
189,718,11dd74426e8374ac110c4036c77c09ab_000000000773,0.338788,9.813486,202.923574,151.425651
190,718,11dd74426e8374ac110c4036c77c09ab_000000000773,0.338788,1649.354376,305.148773,111.033471
191,719,11dd74426e8374ac110c4036c77c09ab_000000000774,0.338788,150.473458,348.374987,223.440437
192,719,11dd74426e8374ac110c4036c77c09ab_000000000774,0.338788,1673.687231,253.725507,180.719428
193,719,11dd74426e8374ac110c4036c77c09ab_000000000774,0.338788,1633.859397,304.122089,111.484892
194,720,11dd74426e8374ac110c4036c77c09ab_000000000775,0.338788,159.081779,347.514286,222.010181
195,720,11dd74426e8374ac110c4036c77c09ab_000000000775,0.338788,888.378766,246.960429,184.326210
196,720,11dd74426e8374ac110c4036c77c09ab_000000000775,0.338788,13.486370,202.890800,150.702985
197,720,11dd74426e8374ac110c4036c77c09ab_000000000775,0.338788,1683.098996,298.938340,108.440314
198,721,11dd74426e8374ac110c4036c77c09ab_000000000776,0.338788,159.655667,348.804097,223.026877
198,722,11dd74426e8374ac110c4036c77c09ab_000000000777,0.338788,155.753228,350.146927,222.457880
198,723,11dd74426e8374ac110c4036c77c09ab_000000000778,0.338788,151.506456,348.322920,222.078129
198,724,11dd74426e8374ac110c4036c77c09ab_000000000779,0.338788,151.621234,347.380416,222.706244
198,725,11dd74426e8374ac110c4036c77c09ab_000000000780,0.338788,148.981349,347.397455,222.396735
198,726,11dd74426e8374ac110c4036c77c09ab_000000000781,0.338788,148.637016,347.726277,222.052302
198,727,11dd74426e8374ac110c4036c77c09ab_000000000782,0.338788,148.063128,347.740462,222.894062
198,728,11dd74426e8374ac110c4036c77c09ab_000000000783,0.338788,145.308465,348.765347,222.797144
198,729,11dd74426e8374ac110c4036c77c09ab_000000000784,0.338788,152.195122,348.693677,222.536601
198,730,11dd74426e8374ac110c4036c77c09ab_000000000785,0.344520,156.913947,353.257684,226.107736
199,721,11dd74426e8374ac110c4036c77c09ab_000000000776,0.338788,860.832138,248.074001,184.292422
199,722,11dd74426e8374ac110c4036c77c09ab_000000000777,0.338788,928.091822,246.761713,183.031105
199,723,11dd74426e8374ac110c4036c77c09ab_000000000778,0.338788,917.302726,257.223481,187.569286
199,724,11dd74426e8374ac110c4036c77c09ab_000000000779,0.338788,925.566714,254.425210,187.624496
199,725,11dd74426e8374ac110c4036c77c09ab_000000000780,0.338788,1076.154950,252.320540,186.011529
199,726,11dd74426e8374ac110c4036c77c09ab_000000000781,0.338788,1055.724534,256.201678,186.807405
199,727,11dd74426e8374ac110c4036c77c09ab_000000000782,0.338788,250.616930,211.469567,168.214496
199,728,11dd74426e8374ac110c4036c77c09ab_000000000783,0.338788,247.116212,212.700735,168.783721
199,729,11dd74426e8374ac110c4036c77c09ab_000000000784,0.338788,283.730273,212.349065,168.773950
199,730,11dd74426e8374ac110c4036c77c09ab_000000000785,0.344520,312.403561,215.989991,170.019144
200,721,11dd74426e8374ac110c4036c77c09ab_000000000776,0.338788,1696.757532,303.632103,109.291401
200,722,11dd74426e8374ac110c4036c77c09ab_000000000777,0.338788,1682.869440,305.686959,111.183511
200,723,11dd74426e8374ac110c4036c77c09ab_000000000778,0.338788,1694.232425,305.044349,110.002590
200,724,11dd74426e8374ac110c4036c77c09ab_000000000779,0.338788,1694.576758,300.687038,109.853243
200,725,11dd74426e8374ac110c4036c77c09ab_000000000780,0.338788,1742.439024,303.014100,110.705549
200,726,11dd74426e8374ac110c4036c77c09ab_000000000781,0.338788,1748.407461,304.692637,110.743400
200,727,11dd74426e8374ac110c4036c77c09ab_000000000782,0.338788,1769.182209,305.928354,110.474762
200,728,11dd74426e8374ac110c4036c77c09ab_000000000783,0.338788,1783.529412,308.552807,112.769514
200,729,11dd74426e8374ac110c4036c77c09ab_000000000784,0.338788,1782.381636,303.868784,111.095050
200,730,11dd74426e8374ac110c4036c77c09ab_000000000785,0.344520,1847.240356,310.818581,113.498807
201,731,11dd74426e8374ac110c4036c77c09ab_000000000786,0.344520,156.439169,354.557921,225.729718
201,732,11dd74426e8374ac110c4036c77c09ab_000000000787,0.338788,156.786227,346.850398,221.785328
201,733,11dd74426e8374ac110c4036c77c09ab_000000000788,0.338788,151.506456,348.619070,222.315698
201,734,11dd74426e8374ac110c4036c77c09ab_000000000789,0.344520,158.813056,354.762227,226.578277
201,735,11dd74426e8374ac110c4036c77c09ab_000000000790,0.344520,157.507418,354.126008,225.384651
201,736,11dd74426e8374ac110c4036c77c09ab_000000000791,0.344520,160.593472,355.401264,226.535317
201,737,11dd74426e8374ac110c4036c77c09ab_000000000792,0.344520,161.068249,355.665752,226.053716
201,738,11dd74426e8374ac110c4036c77c09ab_000000000793,0.344520,159.287834,356.331495,226.312569
201,739,11dd74426e8374ac110c4036c77c09ab_000000000794,0.345599,162.436548,355.835216,225.716681
201,740,11dd74426e8374ac110c4036c77c09ab_000000000795,0.345599,162.078232,354.981892,226.200212
201,741,11dd74426e8374ac110c4036c77c09ab_000000000796,0.345599,156.703494,355.549734,226.418595
202,731,11dd74426e8374ac110c4036c77c09ab_000000000786,0.344520,1858.516320,310.343688,112.569922
202,732,11dd74426e8374ac110c4036c77c09ab_000000000787,0.338788,1829.440459,306.621564,110.307766
202,733,11dd74426e8374ac110c4036c77c09ab_000000000788,0.338788,1820.258250,308.657830,111.992010
202,734,11dd74426e8374ac110c4036c77c09ab_000000000789,0.344520,1915.845697,308.332730,111.845660
202,735,11dd74426e8374ac110c4036c77c09ab_000000000790,0.344520,1918.813056,310.268892,112.339310
202,736,11dd74426e8374ac110c4036c77c09ab_000000000791,0.344520,1946.824926,315.403181,115.879203
202,737,11dd74426e8374ac110c4036c77c09ab_000000000792,0.344520,2005.103858,320.730169,117.951572
202,738,11dd74426e8374ac110c4036c77c09ab_000000000793,0.344520,2001.424332,319.000122,116.363496
202,739,11dd74426e8374ac110c4036c77c09ab_000000000794,0.345599,2013.854882,315.881622,114.726492
202,740,11dd74426e8374ac110c4036c77c09ab_000000000795,0.345599,2025.440430,316.787111,115.817606
202,741,11dd74426e8374ac110c4036c77c09ab_000000000796,0.345599,1892.146910,314.083955,114.265311
203,742,11dd74426e8374ac110c4036c77c09ab_000000000797,0.344520,701.988131,299.427263,202.693612
203,743,11dd74426e8374ac110c4036c77c09ab_000000000798,0.344520,731.157270,296.465194,201.930006
203,744,11dd74426e8374ac110c4036c77c09ab_000000000799,0.345599,747.088683,296.298940,201.315632
203,745,11dd74426e8374ac110c4036c77c09ab_000000000800,0.338788,726.657102,289.481688,198.013726
203,746,11dd74426e8374ac110c4036c77c09ab_000000000801,0.343351,758.974359,294.816896,201.687266
203,747,11dd74426e8374ac110c4036c77c09ab_000000000802,0.343351,764.868848,291.428340,200.321763
203,748,11dd74426e8374ac110c4036c77c09ab_000000000803,0.338788,754.318508,292.601297,199.601963
203,749,11dd74426e8374ac110c4036c77c09ab_000000000804,0.338788,758.106169,289.446060,199.701879
203,750,11dd74426e8374ac110c4036c77c09ab_000000000805,0.345599,792.594804,295.437263,203.397895
203,751,11dd74426e8374ac110c4036c77c09ab_000000000806,0.345599,801.313825,294.893510,202.746395
203,752,11dd74426e8374ac110c4036c77c09ab_000000000807,0.344520,781.127596,292.044276,202.556195
203,753,11dd74426e8374ac110c4036c77c09ab_000000000808,0.344520,790.979228,293.892730,201.980915
203,754,11dd74426e8374ac110c4036c77c09ab_000000000809,0.344520,796.083086,294.512568,202.816226
203,755,11dd74426e8374ac110c4036c77c09ab_000000000810,0.344520,796.201780,292.463802,200.914949
203,756,11dd74426e8374ac110c4036c77c09ab_000000000811,0.344520,799.525223,294.872102,200.995738
203,757,11dd74426e8374ac110c4036c77c09ab_000000000812,0.339814,773.672055,289.923732,199.272710
203,758,11dd74426e8374ac110c4036c77c09ab_000000000813,0.338788,778.307030,286.329409,197.827521
203,759,11dd74426e8374ac110c4036c77c09ab_000000000814,0.345599,817.438041,292.854805,201.413317
203,760,11dd74426e8374ac110c4036c77c09ab_000000000815,0.339814,806.697460,286.413823,200.227689
203,761,11dd74426e8374ac110c4036c77c09ab_000000000816,0.345599,837.503732,292.431750,202.131114
203,762,11dd74426e8374ac110c4036c77c09ab_000000000817,0.344520,835.370920,291.496752,201.683707
203,763,11dd74426e8374ac110c4036c77c09ab_000000000818,0.344520,742.670623,293.009475,201.077894
203,764,11dd74426e8374ac110c4036c77c09ab_000000000819,0.344520,731.869436,290.912703,200.413792
203,765,11dd74426e8374ac110c4036c77c09ab_000000000820,0.345599,734.308749,294.313518,202.240358
203,766,11dd74426e8374ac110c4036c77c09ab_000000000821,0.339814,703.233256,290.829391,198.977799
203,767,11dd74426e8374ac110c4036c77c09ab_000000000822,0.338788,664.447633,288.117891,197.478290
203,768,11dd74426e8374ac110c4036c77c09ab_000000000823,0.344520,682.136499,293.086753,200.215352
203,769,11dd74426e8374ac110c4036c77c09ab_000000000824,0.344520,667.062315,295.152278,201.758861
203,770,11dd74426e8374ac110c4036c77c09ab_000000000825,0.344520,784.451039,292.388901,201.442770
203,771,11dd74426e8374ac110c4036c77c09ab_000000000826,0.322665,612.181156,276.729320,187.170181
203,772,11dd74426e8374ac110c4036c77c09ab_000000000827,0.344520,695.905045,295.565118,199.528099
203,773,11dd74426e8374ac110c4036c77c09ab_000000000828,0.344520,680.000000,295.900070,201.294313
203,774,11dd74426e8374ac110c4036c77c09ab_000000000829,0.338788,762.582496,289.506254,198.449577
203,775,11dd74426e8374ac110c4036c77c09ab_000000000830,0.333241,636.313159,285.929131,194.523468
203,776,11dd74426e8374ac110c4036c77c09ab_000000000831,0.338788,659.282640,288.358749,196.823707
203,777,11dd74426e8374ac110c4036c77c09ab_000000000832,0.338788,649.985653,286.989803,196.028865
203,778,11dd74426e8374ac110c4036c77c09ab_000000000833,0.338788,758.220947,288.588357,197.911060
203,779,11dd74426e8374ac110c4036c77c09ab_000000000834,0.338788,775.667145,289.912556,198.516016
203,780,11dd74426e8374ac110c4036c77c09ab_000000000835,0.338788,804.591105,289.103302,199.368425
203,781,11dd74426e8374ac110c4036c77c09ab_000000000836,0.333241,763.575791,283.521719,195.616548
203,782,11dd74426e8374ac110c4036c77c09ab_000000000837,0.344520,819.228487,294.976422,202.361603
203,783,11dd74426e8374ac110c4036c77c09ab_000000000838,0.344520,831.810089,292.593607,201.940710
203,784,11dd74426e8374ac110c4036c77c09ab_000000000839,0.344520,849.851632,294.915104,201.932067
203,785,11dd74426e8374ac110c4036c77c09ab_000000000840,0.344520,843.679525,289.674667,200.853948
203,786,11dd74426e8374ac110c4036c77c09ab_000000000841,0.344520,846.290801,290.637743,200.360592
203,787,11dd74426e8374ac110c4036c77c09ab_000000000842,0.343351,746.006484,292.951749,199.036734
203,788,11dd74426e8374ac110c4036c77c09ab_000000000843,0.343351,738.933098,291.624471,198.756022
203,789,11dd74426e8374ac110c4036c77c09ab_000000000844,0.343351,724.314766,295.439743,200.718721
203,790,11dd74426e8374ac110c4036c77c09ab_000000000845,0.344520,680.356083,294.744085,201.357943
203,791,11dd74426e8374ac110c4036c77c09ab_000000000846,0.343351,768.641320,292.783972,200.979524
203,792,11dd74426e8374ac110c4036c77c09ab_000000000847,0.344520,665.163205,294.918195,200.531233
203,793,11dd74426e8374ac110c4036c77c09ab_000000000848,0.343351,666.312997,294.242102,200.461543
204,742,11dd74426e8374ac110c4036c77c09ab_000000000797,0.344520,203.649852,362.363925,227.605404
204,743,11dd74426e8374ac110c4036c77c09ab_000000000798,0.344520,191.335312,359.933820,227.174753
204,744,11dd74426e8374ac110c4036c77c09ab_000000000799,0.345599,196.237683,363.200625,228.460168
204,745,11dd74426e8374ac110c4036c77c09ab_000000000800,0.338788,188.235294,353.348503,224.172314
204,746,11dd74426e8374ac110c4036c77c09ab_000000000801,0.343351,193.928677,359.377723,226.923508
204,747,11dd74426e8374ac110c4036c77c09ab_000000000802,0.343351,200.412614,357.863199,226.622468
204,748,11dd74426e8374ac110c4036c77c09ab_000000000803,0.338788,192.022956,353.471371,224.022213
204,749,11dd74426e8374ac110c4036c77c09ab_000000000804,0.338788,192.826399,352.179947,224.105855
204,750,11dd74426e8374ac110c4036c77c09ab_000000000805,0.345599,201.015228,360.179671,227.736845
204,751,11dd74426e8374ac110c4036c77c09ab_000000000806,0.345599,200.895790,359.787160,227.903738
204,752,11dd74426e8374ac110c4036c77c09ab_000000000807,0.344520,202.017804,358.576471,227.524951
204,753,11dd74426e8374ac110c4036c77c09ab_000000000808,0.344520,198.694362,358.685942,228.261389
204,754,11dd74426e8374ac110c4036c77c09ab_000000000809,0.344520,203.916914,358.960776,227.973938
204,755,11dd74426e8374ac110c4036c77c09ab_000000000810,0.344520,202.729970,360.066505,228.414219
204,756,11dd74426e8374ac110c4036c77c09ab_000000000811,0.344520,204.035608,360.480502,227.145693
204,757,11dd74426e8374ac110c4036c77c09ab_000000000812,0.339814,196.189376,350.678750,224.049854
204,758,11dd74426e8374ac110c4036c77c09ab_000000000813,0.338788,228.522238,350.740179,223.768618
204,759,11dd74426e8374ac110c4036c77c09ab_000000000814,0.345599,204.240072,358.817357,228.223413
204,760,11dd74426e8374ac110c4036c77c09ab_000000000815,0.339814,190.531178,352.427223,224.647017
204,761,11dd74426e8374ac110c4036c77c09ab_000000000816,0.345599,197.073753,358.055200,228.171649
204,762,11dd74426e8374ac110c4036c77c09ab_000000000817,0.344520,193.709199,357.339444,228.016877
204,763,11dd74426e8374ac110c4036c77c09ab_000000000818,0.344520,191.928783,358.118779,227.504133
204,764,11dd74426e8374ac110c4036c77c09ab_000000000819,0.344520,185.281899,357.458588,226.709932
204,765,11dd74426e8374ac110c4036c77c09ab_000000000820,0.345599,184.174380,358.324777,227.466403
204,766,11dd74426e8374ac110c4036c77c09ab_000000000821,0.339814,178.290993,353.576459,224.217812
204,767,11dd74426e8374ac110c4036c77c09ab_000000000822,0.338788,181.119082,351.322389,222.662324
204,768,11dd74426e8374ac110c4036c77c09ab_000000000823,0.344520,185.875371,358.685816,226.414680
204,769,11dd74426e8374ac110c4036c77c09ab_000000000824,0.344520,184.332344,359.928184,227.280776
204,770,11dd74426e8374ac110c4036c77c09ab_000000000825,0.344520,182.670623,359.066799,227.312948
204,771,11dd74426e8374ac110c4036c77c09ab_000000000826,0.322665,194.794378,334.920376,212.487792
204,772,11dd74426e8374ac110c4036c77c09ab_000000000827,0.344520,195.014837,357.301888,226.719437
204,773,11dd74426e8374ac110c4036c77c09ab_000000000828,0.344520,185.281899,359.770307,227.458629
204,774,11dd74426e8374ac110c4036c77c09ab_000000000829,0.338788,189.038737,353.009425,224.224609
204,775,11dd74426e8374ac110c4036c77c09ab_000000000830,0.333241,187.118268,347.314222,220.736707
204,776,11dd74426e8374ac110c4036c77c09ab_000000000831,0.338788,194.433286,351.956211,224.345617
204,777,11dd74426e8374ac110c4036c77c09ab_000000000832,0.338788,199.942611,350.448578,223.200903
204,778,11dd74426e8374ac110c4036c77c09ab_000000000833,0.338788,189.842181,351.132234,223.311861
204,779,11dd74426e8374ac110c4036c77c09ab_000000000834,0.338788,194.433286,351.752450,224.670055
204,780,11dd74426e8374ac110c4036c77c09ab_000000000835,0.338788,185.710187,352.557486,224.543960
204,781,11dd74426e8374ac110c4036c77c09ab_000000000836,0.333241,183.453637,345.611001,219.795135
204,782,11dd74426e8374ac110c4036c77c09ab_000000000837,0.344520,188.724036,360.260466,227.793855
204,783,11dd74426e8374ac110c4036c77c09ab_000000000838,0.344520,189.554896,357.802730,227.228774
204,784,11dd74426e8374ac110c4036c77c09ab_000000000839,0.344520,185.756677,358.912076,227.058427
204,785,11dd74426e8374ac110c4036c77c09ab_000000000840,0.344520,186.350148,357.851178,227.136566
204,786,11dd74426e8374ac110c4036c77c09ab_000000000841,0.344520,186.587537,355.992820,225.999548
204,787,11dd74426e8374ac110c4036c77c09ab_000000000842,0.343351,184.615385,356.256969,225.190303
204,788,11dd74426e8374ac110c4036c77c09ab_000000000843,0.343351,181.314471,356.519428,225.366463
204,789,11dd74426e8374ac110c4036c77c09ab_000000000844,0.343351,183.908046,358.369088,226.243617
204,790,11dd74426e8374ac110c4036c77c09ab_000000000845,0.344520,183.145401,359.098929,226.882192
204,791,11dd74426e8374ac110c4036c77c09ab_000000000846,0.343351,175.184203,358.608830,226.217589
204,792,11dd74426e8374ac110c4036c77c09ab_000000000847,0.344520,178.753709,360.022052,226.829644
204,793,11dd74426e8374ac110c4036c77c09ab_000000000848,0.343351,174.358974,357.210656,226.212686
205,742,11dd74426e8374ac110c4036c77c09ab_000000000797,0.344520,1626.913947,335.439200,128.872277
205,743,11dd74426e8374ac110c4036c77c09ab_000000000798,0.344520,1497.922849,328.624680,122.666902
205,744,11dd74426e8374ac110c4036c77c09ab_000000000799,0.345599,1484.144521,328.899042,122.086343
205,745,11dd74426e8374ac110c4036c77c09ab_000000000800,0.338788,1434.720230,323.287210,121.020814
205,746,11dd74426e8374ac110c4036c77c09ab_000000000801,0.343351,1479.162983,326.858039,122.263482
205,747,11dd74426e8374ac110c4036c77c09ab_000000000802,0.343351,1472.089596,324.914829,120.913078
205,748,11dd74426e8374ac110c4036c77c09ab_000000000803,0.338788,1525.624103,321.190584,118.640692
205,749,11dd74426e8374ac110c4036c77c09ab_000000000804,0.338788,1529.067432,321.412769,119.594321
205,750,11dd74426e8374ac110c4036c77c09ab_000000000805,0.345599,1545.655420,330.465692,121.760920
205,751,11dd74426e8374ac110c4036c77c09ab_000000000806,0.345599,1552.821738,330.219296,122.316823
205,752,11dd74426e8374ac110c4036c77c09ab_000000000807,0.344520,1542.670623,322.311064,121.322128
205,753,11dd74426e8374ac110c4036c77c09ab_000000000808,0.344520,1557.982196,327.588847,122.098361
205,754,11dd74426e8374ac110c4036c77c09ab_000000000809,0.344520,1585.400593,329.156790,121.864668
205,755,11dd74426e8374ac110c4036c77c09ab_000000000810,0.344520,1617.091988,327.557116,122.070289
205,756,11dd74426e8374ac110c4036c77c09ab_000000000811,0.344520,1619.821958,328.641838,121.484958
205,757,11dd74426e8374ac110c4036c77c09ab_000000000812,0.339814,1628.406467,321.080393,119.215545
205,758,11dd74426e8374ac110c4036c77c09ab_000000000813,0.338788,1524.131994,320.129554,120.188710
205,759,11dd74426e8374ac110c4036c77c09ab_000000000814,0.345599,1579.217677,324.672965,121.538023
205,760,11dd74426e8374ac110c4036c77c09ab_000000000815,0.339814,1505.311778,322.905336,121.380396
205,761,11dd74426e8374ac110c4036c77c09ab_000000000816,0.345599,1530.486712,327.663585,123.080246
205,762,11dd74426e8374ac110c4036c77c09ab_000000000817,0.344520,1536.973294,324.805621,122.534963
205,763,11dd74426e8374ac110c4036c77c09ab_000000000818,0.344520,1538.872404,326.469808,121.569321
205,764,11dd74426e8374ac110c4036c77c09ab_000000000819,0.344520,1518.219585,327.044751,122.048914
205,765,11dd74426e8374ac110c4036c77c09ab_000000000820,0.345599,1528.456256,331.343252,124.865521
205,766,11dd74426e8374ac110c4036c77c09ab_000000000821,0.339814,1480.831409,327.150852,122.355888
205,767,11dd74426e8374ac110c4036c77c09ab_000000000822,0.338788,1526.542324,322.741042,120.213565
205,768,11dd74426e8374ac110c4036c77c09ab_000000000823,0.344520,1588.724036,325.946908,121.035834
205,769,11dd74426e8374ac110c4036c77c09ab_000000000824,0.344520,1514.302671,333.951584,125.024125
205,770,11dd74426e8374ac110c4036c77c09ab_000000000825,0.344520,1497.091988,329.792315,124.251068
205,771,11dd74426e8374ac110c4036c77c09ab_000000000826,0.322665,1176.991150,308.151976,113.693580
205,772,11dd74426e8374ac110c4036c77c09ab_000000000827,0.344520,1332.106825,326.665262,120.296200
205,773,11dd74426e8374ac110c4036c77c09ab_000000000828,0.344520,1361.543027,331.505770,122.992266
205,774,11dd74426e8374ac110c4036c77c09ab_000000000829,0.338788,1371.592539,324.838205,120.228536
205,775,11dd74426e8374ac110c4036c77c09ab_000000000830,0.333241,1335.591338,320.259745,119.365682
205,776,11dd74426e8374ac110c4036c77c09ab_000000000831,0.338788,1407.517934,329.645387,121.807436
205,777,11dd74426e8374ac110c4036c77c09ab_000000000832,0.338788,1418.307030,327.034685,120.274720
205,778,11dd74426e8374ac110c4036c77c09ab_000000000833,0.338788,1472.826399,324.382751,120.574510
205,779,11dd74426e8374ac110c4036c77c09ab_000000000834,0.338788,1497.847920,325.331127,120.721789
205,780,11dd74426e8374ac110c4036c77c09ab_000000000835,0.338788,1451.018651,324.413768,121.801605
205,781,11dd74426e8374ac110c4036c77c09ab_000000000836,0.333241,1392.892837,319.301291,119.572361
205,782,11dd74426e8374ac110c4036c77c09ab_000000000837,0.344520,1443.323442,332.199311,123.344567
205,783,11dd74426e8374ac110c4036c77c09ab_000000000838,0.344520,1484.391691,331.411040,122.884404
205,784,11dd74426e8374ac110c4036c77c09ab_000000000839,0.344520,1479.169139,330.389821,122.162181
205,785,11dd74426e8374ac110c4036c77c09ab_000000000840,0.344520,1464.451039,329.131073,121.656818
205,786,11dd74426e8374ac110c4036c77c09ab_000000000841,0.344520,1462.433234,330.278437,121.686394
205,787,11dd74426e8374ac110c4036c77c09ab_000000000842,0.343351,1377.424108,325.998447,119.638925
205,788,11dd74426e8374ac110c4036c77c09ab_000000000843,0.343351,1382.493369,327.683263,120.855385
205,789,11dd74426e8374ac110c4036c77c09ab_000000000844,0.343351,1332.390215,331.287650,120.422425
205,790,11dd74426e8374ac110c4036c77c09ab_000000000845,0.344520,1316.913947,334.275644,123.188099
205,791,11dd74426e8374ac110c4036c77c09ab_000000000846,0.343351,1316.946655,329.394966,120.548782
205,792,11dd74426e8374ac110c4036c77c09ab_000000000847,0.344520,1354.302671,335.298776,122.380913
205,793,11dd74426e8374ac110c4036c77c09ab_000000000848,0.343351,1351.959917,332.458174,122.119920
206,794,11dd74426e8374ac110c4036c77c09ab_000000000849,0.344520,249.035608,358.214708,227.191680
206,795,11dd74426e8374ac110c4036c77c09ab_000000000850,0.344520,228.367953,356.343733,227.674817
206,796,11dd74426e8374ac110c4036c77c09ab_000000000851,0.344520,228.367953,354.347558,227.916868
206,797,11dd74426e8374ac110c4036c77c09ab_000000000852,0.344520,228.011869,354.792928,226.801151
206,798,11dd74426e8374ac110c4036c77c09ab_000000000853,0.344520,227.181009,353.604686,226.773689
206,799,11dd74426e8374ac110c4036c77c09ab_000000000854,0.345599,232.547029,355.393008,228.295153
206,800,11dd74426e8374ac110c4036c77c09ab_000000000855,0.344520,228.011869,355.665248,227.927508
206,801,11dd74426e8374ac110c4036c77c09ab_000000000856,0.344520,241.186944,353.939239,227.428328
206,802,11dd74426e8374ac110c4036c77c09ab_000000000857,0.344520,246.290801,354.126092,227.067174
206,803,11dd74426e8374ac110c4036c77c09ab_000000000858,0.339814,235.796767,349.442279,223.638817
206,804,11dd74426e8374ac110c4036c77c09ab_000000000859,0.338788,233.687231,348.433506,223.358945
206,805,11dd74426e8374ac110c4036c77c09ab_000000000860,0.338788,237.704448,350.829715,223.679309
206,806,11dd74426e8374ac110c4036c77c09ab_000000000861,0.344520,240.118694,357.711048,228.385033
206,807,11dd74426e8374ac110c4036c77c09ab_000000000862,0.344520,246.884273,355.021122,227.370081
206,808,11dd74426e8374ac110c4036c77c09ab_000000000863,0.322665,220.926601,332.768228,213.834657
206,809,11dd74426e8374ac110c4036c77c09ab_000000000864,0.322665,221.134826,335.796832,214.445561
206,810,11dd74426e8374ac110c4036c77c09ab_000000000865,0.344520,256.261128,355.610197,228.240466
206,811,11dd74426e8374ac110c4036c77c09ab_000000000866,0.327869,232.733136,338.395716,217.235908
206,812,11dd74426e8374ac110c4036c77c09ab_000000000867,0.344520,268.486647,355.566417,228.048944
206,813,11dd74426e8374ac110c4036c77c09ab_000000000868,0.344520,270.267062,355.259368,228.292552
206,814,11dd74426e8374ac110c4036c77c09ab_000000000869,0.344520,265.994065,356.243262,227.408331
206,815,11dd74426e8374ac110c4036c77c09ab_000000000870,0.344520,269.554896,355.666467,226.921767
206,816,11dd74426e8374ac110c4036c77c09ab_000000000871,0.344520,267.774481,354.703475,227.144452
206,817,11dd74426e8374ac110c4036c77c09ab_000000000872,0.344520,277.507418,353.454463,227.550037
206,818,11dd74426e8374ac110c4036c77c09ab_000000000873,0.344520,281.780415,354.612803,228.313201
206,819,11dd74426e8374ac110c4036c77c09ab_000000000874,0.344520,275.014837,354.809582,227.378177
206,820,11dd74426e8374ac110c4036c77c09ab_000000000875,0.344520,267.299703,353.118143,227.680032
206,821,11dd74426e8374ac110c4036c77c09ab_000000000876,0.344520,272.403561,355.707724,228.058491
206,822,11dd74426e8374ac110c4036c77c09ab_000000000877,0.344520,267.537092,353.414888,227.186445
206,823,11dd74426e8374ac110c4036c77c09ab_000000000878,0.344520,267.418398,353.496308,227.497951
206,824,11dd74426e8374ac110c4036c77c09ab_000000000879,0.344520,275.964392,354.932427,227.555589
206,825,11dd74426e8374ac110c4036c77c09ab_000000000880,0.344520,271.216617,353.260544,226.529492
206,826,11dd74426e8374ac110c4036c77c09ab_000000000881,0.345599,275.067184,355.174308,227.605790
206,827,11dd74426e8374ac110c4036c77c09ab_000000000882,0.333241,244.752915,341.184109,219.172302
206,828,11dd74426e8374ac110c4036c77c09ab_000000000883,0.333241,241.754581,341.041591,219.540811
206,829,11dd74426e8374ac110c4036c77c09ab_000000000884,0.344520,266.231454,354.867493,227.496984
207,794,11dd74426e8374ac110c4036c77c09ab_000000000849,0.344520,747.477745,287.779930,197.603671
207,795,11dd74426e8374ac110c4036c77c09ab_000000000850,0.344520,701.721068,291.701500,202.502637
207,796,11dd74426e8374ac110c4036c77c09ab_000000000851,0.344520,699.347181,292.285318,203.080462
207,797,11dd74426e8374ac110c4036c77c09ab_000000000852,0.344520,676.795252,291.246521,202.475385
207,798,11dd74426e8374ac110c4036c77c09ab_000000000853,0.344520,678.338279,290.587066,201.916443
207,799,11dd74426e8374ac110c4036c77c09ab_000000000854,0.345599,665.512093,292.709301,202.401767
207,800,11dd74426e8374ac110c4036c77c09ab_000000000855,0.344520,663.738872,290.517737,201.351088
207,801,11dd74426e8374ac110c4036c77c09ab_000000000856,0.344520,672.878338,289.631833,201.641063
207,802,11dd74426e8374ac110c4036c77c09ab_000000000857,0.344520,661.839763,289.208206,200.941571
207,803,11dd74426e8374ac110c4036c77c09ab_000000000858,0.339814,637.875289,286.551022,198.694669
207,804,11dd74426e8374ac110c4036c77c09ab_000000000859,0.338788,642.754663,284.290888,196.568230
207,805,11dd74426e8374ac110c4036c77c09ab_000000000860,0.338788,635.408895,287.352557,198.378383
207,806,11dd74426e8374ac110c4036c77c09ab_000000000861,0.344520,645.697329,292.119198,202.288510
207,807,11dd74426e8374ac110c4036c77c09ab_000000000862,0.344520,640.237389,288.789394,200.299338
207,808,11dd74426e8374ac110c4036c77c09ab_000000000863,0.322665,556.168662,271.617989,189.584356
207,809,11dd74426e8374ac110c4036c77c09ab_000000000864,0.322665,556.064550,273.621625,190.114023
207,810,11dd74426e8374ac110c4036c77c09ab_000000000865,0.344520,660.890208,290.925341,200.989178
207,811,11dd74426e8374ac110c4036c77c09ab_000000000866,0.327869,606.073636,277.983298,191.807641
207,812,11dd74426e8374ac110c4036c77c09ab_000000000867,0.344520,676.557864,288.378362,200.495065
207,813,11dd74426e8374ac110c4036c77c09ab_000000000868,0.344520,664.925816,291.071737,201.233501
207,814,11dd74426e8374ac110c4036c77c09ab_000000000869,0.344520,669.436202,290.209994,200.558317
207,815,11dd74426e8374ac110c4036c77c09ab_000000000870,0.344520,820.652819,291.254806,201.531823
207,816,11dd74426e8374ac110c4036c77c09ab_000000000871,0.344520,837.982196,287.974859,200.409923
207,817,11dd74426e8374ac110c4036c77c09ab_000000000872,0.344520,851.513353,289.876513,201.748157
207,818,11dd74426e8374ac110c4036c77c09ab_000000000873,0.344520,860.059347,287.799718,201.679249
207,819,11dd74426e8374ac110c4036c77c09ab_000000000874,0.344520,712.640950,289.764940,200.429900
207,820,11dd74426e8374ac110c4036c77c09ab_000000000875,0.344520,693.649852,291.025307,201.142555
207,821,11dd74426e8374ac110c4036c77c09ab_000000000876,0.344520,686.053412,292.047577,200.976519
207,822,11dd74426e8374ac110c4036c77c09ab_000000000877,0.344520,705.281899,291.114928,200.557728
207,823,11dd74426e8374ac110c4036c77c09ab_000000000878,0.344520,872.403561,287.419218,201.239430
207,824,11dd74426e8374ac110c4036c77c09ab_000000000879,0.344520,685.578635,290.702404,201.736045
207,825,11dd74426e8374ac110c4036c77c09ab_000000000880,0.344520,889.970326,288.785357,202.077580
207,826,11dd74426e8374ac110c4036c77c09ab_000000000881,0.345599,720.453867,290.688779,200.908207
207,827,11dd74426e8374ac110c4036c77c09ab_000000000882,0.333241,709.827873,282.261022,194.131914
207,828,11dd74426e8374ac110c4036c77c09ab_000000000883,0.333241,695.835647,279.914709,194.023220
207,829,11dd74426e8374ac110c4036c77c09ab_000000000884,0.344520,616.023739,287.675843,200.094526
208,830,11dd74426e8374ac110c4036c77c09ab_000000000891,0.344520,211.157270,340.964312,226.660538
209,830,11dd74426e8374ac110c4036c77c09ab_000000000891,0.344520,2.359050,321.224723,221.289181
210,830,11dd74426e8374ac110c4036c77c09ab_000000000891,0.344520,808.783383,284.118454,201.326780
211,831,11dd74426e8374ac110c4036c77c09ab_000000000892,0.344520,196.320475,338.203060,226.532604
212,831,11dd74426e8374ac110c4036c77c09ab_000000000892,0.344520,779.347181,286.451874,202.020721
213,832,11dd74426e8374ac110c4036c77c09ab_000000000893,0.338788,1470.760402,272.584469,187.993682
213,833,11dd74426e8374ac110c4036c77c09ab_000000000894,0.338788,1431.736011,272.378889,190.693898
213,834,11dd74426e8374ac110c4036c77c09ab_000000000895,0.338788,1456.987088,271.951412,189.749637
213,835,11dd74426e8374ac110c4036c77c09ab_000000000896,0.344520,1484.154303,277.569600,193.578770
213,836,11dd74426e8374ac110c4036c77c09ab_000000000897,0.344520,1484.154303,273.213447,191.642966
213,837,11dd74426e8374ac110c4036c77c09ab_000000000898,0.338788,1464.791966,267.572886,186.600315
213,838,11dd74426e8374ac110c4036c77c09ab_000000000899,0.338788,1465.710187,270.093597,188.525603
213,839,11dd74426e8374ac110c4036c77c09ab_000000000900,0.338788,1535.954089,267.873523,186.522938
213,840,11dd74426e8374ac110c4036c77c09ab_000000000901,0.338788,1550.645624,270.279244,188.766150
213,841,11dd74426e8374ac110c4036c77c09ab_000000000902,0.338788,1604.131994,266.994935,186.770743
213,842,11dd74426e8374ac110c4036c77c09ab_000000000903,0.338788,1608.493544,268.174719,186.899236
213,843,11dd74426e8374ac110c4036c77c09ab_000000000904,0.338788,1621.119082,266.028239,186.120544
213,844,11dd74426e8374ac110c4036c77c09ab_000000000905,0.327869,1543.886052,257.423936,178.724325
213,845,11dd74426e8374ac110c4036c77c09ab_000000000906,0.333241,1601.998890,261.786646,183.864014
213,846,11dd74426e8374ac110c4036c77c09ab_000000000907,0.327869,1606.234883,262.534760,181.421139
213,847,11dd74426e8374ac110c4036c77c09ab_000000000908,0.327869,1611.824778,260.793357,181.676686
213,848,11dd74426e8374ac110c4036c77c09ab_000000000909,0.327869,1602.579952,260.890813,181.905978
213,849,11dd74426e8374ac110c4036c77c09ab_000000000910,0.327869,1593.550121,257.649966,182.015781
213,850,11dd74426e8374ac110c4036c77c09ab_000000000911,0.327869,1581.940339,257.939433,181.658575
213,851,11dd74426e8374ac110c4036c77c09ab_000000000912,0.333241,1643.753470,263.173204,185.419734
214,852,11dd74426e8374ac110c4036c77c09ab_000000000913,0.333241,0.166574,220.403161,172.050217
215,852,11dd74426e8374ac110c4036c77c09ab_000000000913,0.333241,1649.972238,264.629525,184.488108
216,853,11dd74426e8374ac110c4036c77c09ab_000000000914,0.344520,1283.323442,267.861057,184.602775
217,854,11dd74426e8374ac110c4036c77c09ab_000000000915,0.344520,0.593472,303.908363,196.689800
218,854,11dd74426e8374ac110c4036c77c09ab_000000000915,0.344520,1261.721068,265.097071,185.625150
219,855,11dd74426e8374ac110c4036c77c09ab_000000000916,0.333241,1201.998890,251.568374,175.594338
219,856,11dd74426e8374ac110c4036c77c09ab_000000000917,0.333241,1184.342032,250.194997,173.184139
219,857,11dd74426e8374ac110c4036c77c09ab_000000000918,0.333241,1159.578012,251.766521,174.830959
219,858,11dd74426e8374ac110c4036c77c09ab_000000000919,0.333241,1153.803443,251.080737,174.969572
219,859,11dd74426e8374ac110c4036c77c09ab_000000000920,0.338788,1181.520803,255.621970,177.489440
219,860,11dd74426e8374ac110c4036c77c09ab_000000000921,0.333241,1149.805664,250.837274,174.096483
219,861,11dd74426e8374ac110c4036c77c09ab_000000000922,0.327869,1105.724268,247.934290,172.568159
219,862,11dd74426e8374ac110c4036c77c09ab_000000000923,0.333241,1142.920600,284.655783,189.971509
219,863,11dd74426e8374ac110c4036c77c09ab_000000000924,0.333241,1143.142699,279.511073,190.651577
219,864,11dd74426e8374ac110c4036c77c09ab_000000000925,0.333241,1116.490838,276.802638,189.943400
219,865,11dd74426e8374ac110c4036c77c09ab_000000000926,0.333241,1114.936147,279.513961,190.412549
219,866,11dd74426e8374ac110c4036c77c09ab_000000000927,0.333241,1120.599667,278.457533,189.987292
219,867,11dd74426e8374ac110c4036c77c09ab_000000000928,0.333241,1093.614659,274.591521,189.617319
219,868,11dd74426e8374ac110c4036c77c09ab_000000000929,0.333241,1095.613548,279.460550,191.311815
219,869,11dd74426e8374ac110c4036c77c09ab_000000000930,0.327869,1069.174953,277.687908,187.763932
219,870,11dd74426e8374ac110c4036c77c09ab_000000000931,0.327869,1074.119860,274.467433,187.583708
219,871,11dd74426e8374ac110c4036c77c09ab_000000000932,0.327869,1071.324913,272.424637,188.409304
219,872,11dd74426e8374ac110c4036c77c09ab_000000000933,0.327869,1065.950013,274.956095,188.352831
219,873,11dd74426e8374ac110c4036c77c09ab_000000000934,0.337676,1128.620296,280.662801,193.928687
219,874,11dd74426e8374ac110c4036c77c09ab_000000000935,0.345599,1247.894894,286.851858,197.134863
219,875,11dd74426e8374ac110c4036c77c09ab_000000000936,0.345599,1282.054345,286.855149,195.919993
220,876,11dd74426e8374ac110c4036c77c09ab_000000000937,0.327869,4.084923,239.618040,179.736248
221,876,11dd74426e8374ac110c4036c77c09ab_000000000937,0.327869,874.388605,274.979068,189.062320
222,877,11dd74426e8374ac110c4036c77c09ab_000000000938,0.327869,849.019081,278.811095,188.411565
222,878,11dd74426e8374ac110c4036c77c09ab_000000000939,0.327869,1093.254501,270.428227,186.428263
222,879,11dd74426e8374ac110c4036c77c09ab_000000000940,0.327869,1126.148885,270.922792,186.481273
222,880,11dd74426e8374ac110c4036c77c09ab_000000000941,0.327869,1088.954582,274.941887,187.643703
222,881,11dd74426e8374ac110c4036c77c09ab_000000000942,0.333241,1076.290949,280.236031,190.654120
222,882,11dd74426e8374ac110c4036c77c09ab_000000000943,0.344520,1162.017804,290.066164,196.502000
222,883,11dd74426e8374ac110c4036c77c09ab_000000000944,0.344520,1167.952522,289.758905,196.534047
222,884,11dd74426e8374ac110c4036c77c09ab_000000000945,0.344520,1187.181009,287.992585,196.568343
222,885,11dd74426e8374ac110c4036c77c09ab_000000000946,0.344520,1181.958457,291.958356,197.400920
222,886,11dd74426e8374ac110c4036c77c09ab_000000000947,0.350446,1225.913417,290.966760,199.253239
222,887,11dd74426e8374ac110c4036c77c09ab_000000000948,0.344520,1195.014837,284.763042,195.070571
222,888,11dd74426e8374ac110c4036c77c09ab_000000000949,0.333241,1138.478623,277.529487,190.517215
222,889,11dd74426e8374ac110c4036c77c09ab_000000000950,0.333241,1142.920600,275.795369,189.390656
222,890,11dd74426e8374ac110c4036c77c09ab_000000000951,0.343351,1193.987622,286.160784,196.368703
222,891,11dd74426e8374ac110c4036c77c09ab_000000000952,0.343351,1192.337165,285.895098,194.820355
222,892,11dd74426e8374ac110c4036c77c09ab_000000000953,0.345599,1162.854583,288.325906,195.984203
223,893,11dd74426e8374ac110c4036c77c09ab_000000000954,0.343351,2.431477,286.643789,187.740652
224,893,11dd74426e8374ac110c4036c77c09ab_000000000954,0.343351,1116.651930,283.990239,194.518142
225,894,11dd74426e8374ac110c4036c77c09ab_000000000955,0.343351,1122.546419,285.595441,195.660164
225,895,11dd74426e8374ac110c4036c77c09ab_000000000956,0.343351,931.329207,285.294821,194.010052
225,896,11dd74426e8374ac110c4036c77c09ab_000000000957,0.343351,889.360448,285.247124,193.166952
226,897,11dd74426e8374ac110c4036c77c09ab_000000000958,0.343351,0.346301,315.016292,209.249283
227,897,11dd74426e8374ac110c4036c77c09ab_000000000958,0.343351,0.478927,312.727280,209.478169
228,897,11dd74426e8374ac110c4036c77c09ab_000000000958,0.343351,0.523136,307.805926,205.243516
229,897,11dd74426e8374ac110c4036c77c09ab_000000000958,0.343351,0.235780,315.130736,203.870113
230,897,11dd74426e8374ac110c4036c77c09ab_000000000958,0.343351,0.471559,305.288006,202.267802
231,897,11dd74426e8374ac110c4036c77c09ab_000000000958,0.343351,0.294724,299.794393,199.292109
232,897,11dd74426e8374ac110c4036c77c09ab_000000000958,0.343351,8.841733,305.119704,199.931659
233,897,11dd74426e8374ac110c4036c77c09ab_000000000958,0.343351,22.163277,312.183648,202.292845
234,897,11dd74426e8374ac110c4036c77c09ab_000000000958,0.343351,0.884173,307.805926,196.573908
235,897,11dd74426e8374ac110c4036c77c09ab_000000000958,0.343351,715.826702,279.328011,189.105945
236,898,11dd74426e8374ac110c4036c77c09ab_000000000959,0.343351,451.164162,265.163051,184.451701
237,899,11dd74426e8374ac110c4036c77c09ab_000000000960,0.343351,0.235780,289.850108,191.907971
238,899,11dd74426e8374ac110c4036c77c09ab_000000000960,0.343351,505.275567,264.602214,185.063777
239,900,11dd74426e8374ac110c4036c77c09ab_000000000961,0.343351,450.338933,264.886027,184.269799
239,901,11dd74426e8374ac110c4036c77c09ab_000000000962,0.344520,600.118694,271.538263,185.816356
239,902,11dd74426e8374ac110c4036c77c09ab_000000000963,0.343351,588.741527,269.710647,186.036681
239,903,11dd74426e8374ac110c4036c77c09ab_000000000964,0.343351,570.704391,272.122506,185.978066
239,904,11dd74426e8374ac110c4036c77c09ab_000000000965,0.343351,430.887121,261.894701,182.975528
239,905,11dd74426e8374ac110c4036c77c09ab_000000000966,0.343351,438.196286,264.139181,183.506103
239,906,11dd74426e8374ac110c4036c77c09ab_000000000967,0.344520,433.709199,264.253286,183.842702
239,907,11dd74426e8374ac110c4036c77c09ab_000000000968,0.344520,430.504451,263.825075,182.770618
239,908,11dd74426e8374ac110c4036c77c09ab_000000000969,0.343351,482.994400,264.441750,182.489023
239,909,11dd74426e8374ac110c4036c77c09ab_000000000970,0.343351,478.396699,264.501560,182.674718
239,910,11dd74426e8374ac110c4036c77c09ab_000000000971,0.343351,473.563218,264.962414,181.769546
239,911,11dd74426e8374ac110c4036c77c09ab_000000000972,0.344520,460.415430,265.087104,184.260442
239,912,11dd74426e8374ac110c4036c77c09ab_000000000973,0.344520,453.293769,263.583696,182.410663
239,913,11dd74426e8374ac110c4036c77c09ab_000000000974,0.343351,462.245800,263.368423,180.936170
239,914,11dd74426e8374ac110c4036c77c09ab_000000000975,0.343351,468.140289,263.548942,179.556354
239,915,11dd74426e8374ac110c4036c77c09ab_000000000976,0.344520,478.575668,261.978471,180.267230
239,916,11dd74426e8374ac110c4036c77c09ab_000000000977,0.344520,471.335312,263.836283,181.147330
239,917,11dd74426e8374ac110c4036c77c09ab_000000000978,0.343351,438.549956,260.022743,176.104341
239,918,11dd74426e8374ac110c4036c77c09ab_000000000979,0.343351,505.511347,258.146615,175.206566
239,919,11dd74426e8374ac110c4036c77c09ab_000000000980,0.343351,468.140289,257.520792,174.045232
239,920,11dd74426e8374ac110c4036c77c09ab_000000000981,0.338788,440.401722,254.242726,171.890229
239,921,11dd74426e8374ac110c4036c77c09ab_000000000982,0.344520,465.163205,259.433259,175.166628
239,922,11dd74426e8374ac110c4036c77c09ab_000000000983,0.339814,416.743649,255.631800,169.404455
239,923,11dd74426e8374ac110c4036c77c09ab_000000000984,0.334216,396.090478,248.789721,166.794198
239,924,11dd74426e8374ac110c4036c77c09ab_000000000985,0.334216,401.452108,250.483181,166.718447
239,925,11dd74426e8374ac110c4036c77c09ab_000000000986,0.344520,392.403561,259.076542,171.616672
239,926,11dd74426e8374ac110c4036c77c09ab_000000000987,0.344520,384.332344,258.251535,170.792244
239,927,11dd74426e8374ac110c4036c77c09ab_000000000988,0.344520,390.385757,260.109073,172.291456
239,928,11dd74426e8374ac110c4036c77c09ab_000000000989,0.344520,378.219585,259.978028,171.547712
239,929,11dd74426e8374ac110c4036c77c09ab_000000000990,0.334216,309.410779,249.706328,163.541045
239,930,11dd74426e8374ac110c4036c77c09ab_000000000991,0.334216,291.985479,250.892282,163.276052
239,931,11dd74426e8374ac110c4036c77c09ab_000000000992,0.345599,249.507316,258.143351,164.443404
239,932,11dd74426e8374ac110c4036c77c09ab_000000000993,0.345599,249.089280,254.824661,162.341851
239,933,11dd74426e8374ac110c4036c77c09ab_000000000994,0.343351,253.639847,253.662099,164.676370
239,934,11dd74426e8374ac110c4036c77c09ab_000000000995,0.344520,260.890208,254.054605,164.890028
239,935,11dd74426e8374ac110c4036c77c09ab_000000000996,0.344520,248.842730,253.648515,164.180064
239,936,11dd74426e8374ac110c4036c77c09ab_000000000997,0.343351,252.460949,259.777259,183.413685
239,937,11dd74426e8374ac110c4036c77c09ab_000000000998,0.343351,271.500147,259.353624,183.948788
239,938,11dd74426e8374ac110c4036c77c09ab_000000000999,0.344520,1044.896142,285.686544,196.062981
239,939,11dd74426e8374ac110c4036c77c09ab_000000001000,0.344520,1056.379822,284.641207,196.702564
239,940,11dd74426e8374ac110c4036c77c09ab_000000001001,0.343351,1025.641026,284.733963,198.043565
239,941,11dd74426e8374ac110c4036c77c09ab_000000001002,0.344520,1026.231454,285.829954,197.497691
239,942,11dd74426e8374ac110c4036c77c09ab_000000001003,0.343351,1024.462128,280.757850,196.105301
239,943,11dd74426e8374ac110c4036c77c09ab_000000001004,0.344520,1027.181009,280.940871,196.082053
239,944,11dd74426e8374ac110c4036c77c09ab_000000001005,0.344520,1036.913947,285.469242,198.592590
239,945,11dd74426e8374ac110c4036c77c09ab_000000001006,0.344520,1039.525223,279.984082,197.529758
239,946,11dd74426e8374ac110c4036c77c09ab_000000001007,0.344520,1046.409496,282.856004,197.741551
239,947,11dd74426e8374ac110c4036c77c09ab_000000001008,0.344520,1096.735905,281.660423,196.547442
239,948,11dd74426e8374ac110c4036c77c09ab_000000001009,0.344520,1122.611276,276.202368,195.429622
239,949,11dd74426e8374ac110c4036c77c09ab_000000001010,0.344520,1133.768546,275.841572,194.970667
239,950,11dd74426e8374ac110c4036c77c09ab_000000001011,0.344520,1124.272997,276.825235,194.307575
239,951,11dd74426e8374ac110c4036c77c09ab_000000001012,0.343351,1123.489537,274.599896,194.422140
239,952,11dd74426e8374ac110c4036c77c09ab_000000001013,0.343351,1123.489537,272.670644,192.627239
239,953,11dd74426e8374ac110c4036c77c09ab_000000001014,0.343351,1126.554671,273.501274,193.189334
239,954,11dd74426e8374ac110c4036c77c09ab_000000001015,0.328798,1021.189189,265.379420,186.443041
239,955,11dd74426e8374ac110c4036c77c09ab_000000001016,0.343351,1128.912467,276.957478,194.947812
239,956,11dd74426e8374ac110c4036c77c09ab_000000001017,0.322665,997.813639,261.808072,184.398504
239,957,11dd74426e8374ac110c4036c77c09ab_000000001018,0.322665,992.191567,263.937355,184.313288
239,958,11dd74426e8374ac110c4036c77c09ab_000000001019,0.343351,1125.375774,280.812190,195.670077
239,959,11dd74426e8374ac110c4036c77c09ab_000000001020,0.343351,1151.547303,279.235803,195.831043
239,960,11dd74426e8374ac110c4036c77c09ab_000000001021,0.344520,1161.068249,277.616744,196.577974
239,961,11dd74426e8374ac110c4036c77c09ab_000000001022,0.344520,1164.629080,279.924678,197.043047
239,962,11dd74426e8374ac110c4036c77c09ab_000000001023,0.344520,1163.442136,276.675895,195.554085
239,963,11dd74426e8374ac110c4036c77c09ab_000000001024,0.344520,1165.816024,277.843509,195.741549
239,964,11dd74426e8374ac110c4036c77c09ab_000000001025,0.344520,1154.421365,279.526600,196.723718
239,965,11dd74426e8374ac110c4036c77c09ab_000000001026,0.345599,1166.676620,274.587061,194.245935
239,966,11dd74426e8374ac110c4036c77c09ab_000000001027,0.345599,1170.498656,281.475858,197.444877
239,967,11dd74426e8374ac110c4036c77c09ab_000000001028,0.345599,1172.409675,281.588393,197.135517
239,968,11dd74426e8374ac110c4036c77c09ab_000000001029,0.344520,1114.777448,280.463412,196.581906
239,969,11dd74426e8374ac110c4036c77c09ab_000000001030,0.344520,1099.584570,276.939164,195.580791
239,970,11dd74426e8374ac110c4036c77c09ab_000000001031,0.345599,1075.664377,274.835460,195.327683
239,971,11dd74426e8374ac110c4036c77c09ab_000000001032,0.328798,952.648649,263.656702,186.381351
239,972,11dd74426e8374ac110c4036c77c09ab_000000001033,0.327869,937.167428,262.949199,186.179659
239,973,11dd74426e8374ac110c4036c77c09ab_000000001034,0.344520,875.964392,272.948685,195.091052
239,974,11dd74426e8374ac110c4036c77c09ab_000000001035,0.333241,182.176569,230.355760,174.817047
239,975,11dd74426e8374ac110c4036c77c09ab_000000001036,0.333241,738.478623,267.415068,188.952424
239,976,11dd74426e8374ac110c4036c77c09ab_000000001037,0.343351,792.219275,272.353237,194.071203
239,977,11dd74426e8374ac110c4036c77c09ab_000000001038,0.327869,732.276270,260.930396,185.412358
240,978,11dd74426e8374ac110c4036c77c09ab_000000001039,0.339814,396.420323,295.810970,200.871000
240,979,11dd74426e8374ac110c4036c77c09ab_000000001040,0.339814,383.949192,295.334289,200.354705
241,978,11dd74426e8374ac110c4036c77c09ab_000000001039,0.339814,14.260970,270.704112,192.270894
241,979,11dd74426e8374ac110c4036c77c09ab_000000001040,0.339814,0.238164,266.633501,190.343844
242,978,11dd74426e8374ac110c4036c77c09ab_000000001039,0.339814,4.965358,260.421529,190.433423
242,979,11dd74426e8374ac110c4036c77c09ab_000000001040,0.339814,3.392032,251.228614,188.262484
243,978,11dd74426e8374ac110c4036c77c09ab_000000001039,0.339814,333.025404,240.041430,181.680603
243,979,11dd74426e8374ac110c4036c77c09ab_000000001040,0.339814,319.976905,235.701213,179.150687
244,980,11dd74426e8374ac110c4036c77c09ab_000000001041,0.339814,852.886836,271.117824,192.365865
244,981,11dd74426e8374ac110c4036c77c09ab_000000001042,0.339814,893.302540,267.295458,191.053131
244,982,11dd74426e8374ac110c4036c77c09ab_000000001043,0.334216,1009.103602,266.264342,187.759478
244,983,11dd74426e8374ac110c4036c77c09ab_000000001044,0.334216,1031.667132,260.163811,185.274886
244,984,11dd74426e8374ac110c4036c77c09ab_000000001045,0.322665,978.240500,255.255188,181.781679
244,985,11dd74426e8374ac110c4036c77c09ab_000000001050,0.344520,602.967359,252.693850,185.166322
244,986,11dd74426e8374ac110c4036c77c09ab_000000001051,0.344520,593.827893,253.058011,183.923807
244,987,11dd74426e8374ac110c4036c77c09ab_000000001052,0.344520,923.857567,284.286929,197.148502
244,988,11dd74426e8374ac110c4036c77c09ab_000000001053,0.344520,930.089021,281.161937,196.897555
244,989,11dd74426e8374ac110c4036c77c09ab_000000001054,0.344520,849.139466,282.805201,197.683072
244,990,11dd74426e8374ac110c4036c77c09ab_000000001055,0.344520,885.934718,282.984863,197.270569
244,991,11dd74426e8374ac110c4036c77c09ab_000000001056,0.344520,943.382789,278.951257,196.629745
245,1020,11dd74426e8374ac110c4036c77c09ab_000000001085,0.344520,257.893175,212.048256,172.833712
245,1021,11dd74426e8374ac110c4036c77c09ab_000000001086,0.344520,236.023739,208.322813,172.989108
245,1022,11dd74426e8374ac110c4036c77c09ab_000000001087,0.344520,242.314540,209.934661,174.162579
245,1023,11dd74426e8374ac110c4036c77c09ab_000000001088,0.344520,235.667656,208.604586,173.265677
245,1024,11dd74426e8374ac110c4036c77c09ab_000000001089,0.344520,233.056380,208.724886,173.133433
245,1025,11dd74426e8374ac110c4036c77c09ab_000000001090,0.344520,229.970326,210.500984,173.825145
245,1026,11dd74426e8374ac110c4036c77c09ab_000000001091,0.344520,240.712166,210.358247,173.631951
245,1027,11dd74426e8374ac110c4036c77c09ab_000000001092,0.328798,223.405405,199.853459,164.997532
245,1028,11dd74426e8374ac110c4036c77c09ab_000000001093,0.328798,228.054054,199.825905,165.004346
245,1029,11dd74426e8374ac110c4036c77c09ab_000000001094,0.338788,209.813486,207.045383,171.277809
245,1030,11dd74426e8374ac110c4036c77c09ab_000000001095,0.334216,198.492041,204.941048,168.640559
245,1031,11dd74426e8374ac110c4036c77c09ab_000000001096,0.334216,197.710137,204.065647,167.956408
245,1032,11dd74426e8374ac110c4036c77c09ab_000000001097,0.334216,198.882994,204.143143,169.070181
245,1033,11dd74426e8374ac110c4036c77c09ab_000000001098,0.334216,195.643675,204.575131,168.076915
245,1034,11dd74426e8374ac110c4036c77c09ab_000000001099,0.338788,210.329986,206.479881,169.498218
245,1035,11dd74426e8374ac110c4036c77c09ab_000000001100,0.338788,205.279770,206.938954,168.688167
245,1036,11dd74426e8374ac110c4036c77c09ab_000000001101,0.333241,198.889506,203.151015,167.093291
246,1020,11dd74426e8374ac110c4036c77c09ab_000000001085,0.344520,188.048961,125.894805,143.726411
246,1021,11dd74426e8374ac110c4036c77c09ab_000000001086,0.344520,190.385757,128.219666,147.548224
246,1022,11dd74426e8374ac110c4036c77c09ab_000000001087,0.344520,201.424332,128.133200,146.890925
246,1023,11dd74426e8374ac110c4036c77c09ab_000000001088,0.344520,199.406528,128.613739,147.546479
246,1024,11dd74426e8374ac110c4036c77c09ab_000000001089,0.344520,204.391691,129.507980,147.323300
246,1025,11dd74426e8374ac110c4036c77c09ab_000000001090,0.344520,204.020772,129.594016,145.994644
246,1026,11dd74426e8374ac110c4036c77c09ab_000000001091,0.344520,196.973294,128.092658,145.513274
246,1027,11dd74426e8374ac110c4036c77c09ab_000000001092,0.328798,184.432432,123.250194,140.221780
246,1028,11dd74426e8374ac110c4036c77c09ab_000000001093,0.328798,185.135135,123.180738,140.264736
246,1029,11dd74426e8374ac110c4036c77c09ab_000000001094,0.338788,226.126255,127.282383,145.014466
246,1030,11dd74426e8374ac110c4036c77c09ab_000000001095,0.334216,199.162245,125.142962,143.559739
246,1031,11dd74426e8374ac110c4036c77c09ab_000000001096,0.334216,212.733873,124.962308,141.212870
246,1032,11dd74426e8374ac110c4036c77c09ab_000000001097,0.334216,215.400726,124.082828,139.713129
246,1033,11dd74426e8374ac110c4036c77c09ab_000000001098,0.334216,220.245741,125.263417,140.013942
246,1034,11dd74426e8374ac110c4036c77c09ab_000000001099,0.338788,219.555237,126.616892,141.971635
246,1035,11dd74426e8374ac110c4036c77c09ab_000000001100,0.338788,223.443329,127.284027,143.032024
246,1036,11dd74426e8374ac110c4036c77c09ab_000000001101,0.333241,214.158801,127.821931,141.544428
247,1037,11dd74426e8374ac110c4036c77c09ab_000000001102,0.333241,193.392560,203.341067,166.476173
247,1038,11dd74426e8374ac110c4036c77c09ab_000000001103,0.333241,183.009439,200.669506,167.711985
247,1039,11dd74426e8374ac110c4036c77c09ab_000000001104,0.327869,172.588014,198.497294,164.310393
247,1040,11dd74426e8374ac110c4036c77c09ab_000000001105,0.333241,182.121044,201.452431,168.247674
247,1041,11dd74426e8374ac110c4036c77c09ab_000000001106,0.338788,178.708752,206.947887,170.827400
247,1042,11dd74426e8374ac110c4036c77c09ab_000000001107,0.338788,179.282640,205.569801,170.531405
247,1043,11dd74426e8374ac110c4036c77c09ab_000000001108,0.333241,207.940033,203.500100,167.248847
247,1044,11dd74426e8374ac110c4036c77c09ab_000000001109,0.338788,218.479197,208.616602,170.437062
247,1045,11dd74426e8374ac110c4036c77c09ab_000000001110,0.338788,206.083214,208.013528,170.435407
247,1046,11dd74426e8374ac110c4036c77c09ab_000000001111,0.338788,192.309900,206.017790,170.300401
248,1047,11dd74426e8374ac110c4036c77c09ab_000000001119,0.333241,158.911716,199.360340,165.400819
248,1048,11dd74426e8374ac110c4036c77c09ab_000000001120,0.333241,163.020544,201.171544,165.685906
248,1049,11dd74426e8374ac110c4036c77c09ab_000000001121,0.338788,232.998565,212.387650,171.780450
248,1050,11dd74426e8374ac110c4036c77c09ab_000000001122,0.338788,252.395983,208.783515,172.115164
248,1051,11dd74426e8374ac110c4036c77c09ab_000000001123,0.338788,253.199426,209.939250,171.489572
248,1052,11dd74426e8374ac110c4036c77c09ab_000000001124,0.337676,269.555302,209.009659,171.017450
248,1053,11dd74426e8374ac110c4036c77c09ab_000000001125,0.337676,270.524515,208.881217,170.874323
248,1054,11dd74426e8374ac110c4036c77c09ab_000000001126,0.337676,278.791334,207.631709,170.017087
248,1055,11dd74426e8374ac110c4036c77c09ab_000000001127,0.338788,283.213773,208.649170,171.042307
248,1056,11dd74426e8374ac110c4036c77c09ab_000000001128,0.338788,300.946915,209.479722,171.107143
248,1057,11dd74426e8374ac110c4036c77c09ab_000000001129,0.338788,302.840746,206.457714,170.410232
248,1058,11dd74426e8374ac110c4036c77c09ab_000000001130,0.338788,311.047346,208.899001,170.447607
248,1059,11dd74426e8374ac110c4036c77c09ab_000000001131,0.338788,291.822095,209.664915,171.341176
248,1060,11dd74426e8374ac110c4036c77c09ab_000000001132,0.338788,293.142037,210.793189,170.890344
248,1061,11dd74426e8374ac110c4036c77c09ab_000000001133,0.338788,287.977044,211.936745,171.242191
249,1047,11dd74426e8374ac110c4036c77c09ab_000000001119,0.333241,91.393670,105.404471,129.626066
249,1048,11dd74426e8374ac110c4036c77c09ab_000000001120,0.333241,90.741255,106.972233,129.957822
250,1049,11dd74426e8374ac110c4036c77c09ab_000000001121,0.338788,497.044476,279.666500,195.217109
250,1050,11dd74426e8374ac110c4036c77c09ab_000000001122,0.338788,457.847920,274.970132,196.259963
250,1051,11dd74426e8374ac110c4036c77c09ab_000000001123,0.338788,510.530846,277.302487,197.013283
250,1052,11dd74426e8374ac110c4036c77c09ab_000000001124,0.337676,458.152794,273.629684,195.882690
250,1053,11dd74426e8374ac110c4036c77c09ab_000000001125,0.337676,461.801596,274.105098,195.302474
250,1054,11dd74426e8374ac110c4036c77c09ab_000000001126,0.337676,470.467503,271.262016,195.467417
250,1055,11dd74426e8374ac110c4036c77c09ab_000000001127,0.338788,367.173601,270.667205,195.129517
250,1056,11dd74426e8374ac110c4036c77c09ab_000000001128,0.338788,361.319943,269.104878,195.275669
250,1057,11dd74426e8374ac110c4036c77c09ab_000000001129,0.338788,367.747489,268.818074,195.482449
250,1058,11dd74426e8374ac110c4036c77c09ab_000000001130,0.338788,371.764706,270.420619,195.344092
250,1059,11dd74426e8374ac110c4036c77c09ab_000000001131,0.338788,365.681492,269.452889,194.975383
250,1060,11dd74426e8374ac110c4036c77c09ab_000000001132,0.338788,370.272597,272.479466,195.352240
250,1061,11dd74426e8374ac110c4036c77c09ab_000000001133,0.338788,374.748924,274.371153,195.397938
251,1062,11dd74426e8374ac110c4036c77c09ab_000000001134,0.337676,288.141391,211.567250,171.153642
251,1063,11dd74426e8374ac110c4036c77c09ab_000000001135,0.338788,281.721664,213.716956,172.313425
251,1064,11dd74426e8374ac110c4036c77c09ab_000000001136,0.338788,285.164993,211.357492,171.533378
251,1065,11dd74426e8374ac110c4036c77c09ab_000000001137,0.338788,284.246772,211.042277,171.391527
251,1066,11dd74426e8374ac110c4036c77c09ab_000000001138,0.343351,268.376068,213.654710,174.198895
251,1067,11dd74426e8374ac110c4036c77c09ab_000000001139,0.343351,272.207486,214.363730,173.521802
251,1068,11dd74426e8374ac110c4036c77c09ab_000000001140,0.333241,271.016102,207.328118,166.824679
251,1069,11dd74426e8374ac110c4036c77c09ab_000000001141,0.333241,285.508051,209.377964,167.187717
251,1070,11dd74426e8374ac110c4036c77c09ab_000000001142,0.344520,306.765579,217.833525,172.298354
251,1071,11dd74426e8374ac110c4036c77c09ab_000000001143,0.344520,259.287834,216.404598,174.699725
251,1072,11dd74426e8374ac110c4036c77c09ab_000000001144,0.344520,237.270030,214.965388,174.651024
251,1073,11dd74426e8374ac110c4036c77c09ab_000000001145,0.344520,252.997033,214.095907,173.123256
251,1074,11dd74426e8374ac110c4036c77c09ab_000000001146,0.344520,254.718101,214.888531,175.224854
251,1075,11dd74426e8374ac110c4036c77c09ab_000000001147,0.333241,237.257079,207.311420,169.087600
251,1076,11dd74426e8374ac110c4036c77c09ab_000000001148,0.344520,257.329377,212.960697,174.313895
252,1077,11dd74426e8374ac110c4036c77c09ab_000000001149,0.350446,297.374885,219.662997,177.054610
252,1078,11dd74426e8374ac110c4036c77c09ab_000000001150,0.344520,283.264095,216.547819,175.625172
252,1079,11dd74426e8374ac110c4036c77c09ab_000000001151,0.344520,278.694362,215.483914,174.588077
252,1080,11dd74426e8374ac110c4036c77c09ab_000000001152,0.343351,288.653109,212.119313,172.831045
252,1081,11dd74426e8374ac110c4036c77c09ab_000000001153,0.343351,289.065724,213.902583,174.942787
252,1082,11dd74426e8374ac110c4036c77c09ab_000000001154,0.350446,278.661345,217.569732,177.516025
252,1083,11dd74426e8374ac110c4036c77c09ab_000000001155,0.343351,265.369879,212.062165,174.121304
252,1084,11dd74426e8374ac110c4036c77c09ab_000000001156,0.344520,288.249258,214.766380,173.727197
253,1077,11dd74426e8374ac110c4036c77c09ab_000000001149,0.350446,521.154437,290.414889,201.987505
253,1078,11dd74426e8374ac110c4036c77c09ab_000000001150,0.344520,472.640950,281.755827,198.677627
253,1079,11dd74426e8374ac110c4036c77c09ab_000000001151,0.344520,450.089021,278.402030,197.034447
253,1080,11dd74426e8374ac110c4036c77c09ab_000000001152,0.343351,431.358680,278.914561,197.210084
253,1081,11dd74426e8374ac110c4036c77c09ab_000000001153,0.343351,420.159151,284.667740,199.219705
253,1082,11dd74426e8374ac110c4036c77c09ab_000000001154,0.350446,406.140620,288.332533,203.572062
253,1083,11dd74426e8374ac110c4036c77c09ab_000000001155,0.343351,398.113764,280.060314,199.836286
253,1084,11dd74426e8374ac110c4036c77c09ab_000000001156,0.344520,388.249258,281.047209,198.891522
254,1085,11dd74426e8374ac110c4036c77c09ab_000000001157,0.344520,305.994065,212.614788,173.272143
254,1086,11dd74426e8374ac110c4036c77c09ab_000000001158,0.345599,333.592117,214.041157,172.736988
254,1087,11dd74426e8374ac110c4036c77c09ab_000000001159,0.345599,346.610929,215.298594,175.355537
254,1088,11dd74426e8374ac110c4036c77c09ab_000000001160,0.345599,346.073455,214.658759,174.812311
254,1089,11dd74426e8374ac110c4036c77c09ab_000000001161,0.345599,336.996118,217.407035,175.203367
254,1090,11dd74426e8374ac110c4036c77c09ab_000000001162,0.345599,334.249030,216.410231,175.266764
254,1091,11dd74426e8374ac110c4036c77c09ab_000000001163,0.344520,319.762611,215.711204,174.520830
254,1092,11dd74426e8374ac110c4036c77c09ab_000000001164,0.343351,317.889773,210.946610,173.493563
254,1093,11dd74426e8374ac110c4036c77c09ab_000000001165,0.343351,314.470970,212.279881,173.270974
254,1094,11dd74426e8374ac110c4036c77c09ab_000000001166,0.344520,321.127596,217.712678,176.709946
254,1095,11dd74426e8374ac110c4036c77c09ab_000000001167,0.344520,317.329377,212.969928,175.918489
254,1096,11dd74426e8374ac110c4036c77c09ab_000000001168,0.343351,290.185676,213.283277,175.696780
254,1097,11dd74426e8374ac110c4036c77c09ab_000000001169,0.343351,292.661362,216.577550,174.384192
254,1098,11dd74426e8374ac110c4036c77c09ab_000000001170,0.343351,310.698497,214.810920,173.737339
254,1099,11dd74426e8374ac110c4036c77c09ab_000000001171,0.343351,301.974654,215.027945,174.233274
254,1100,11dd74426e8374ac110c4036c77c09ab_000000001172,0.344520,272.047478,215.485617,175.756533
254,1101,11dd74426e8374ac110c4036c77c09ab_000000001173,0.343351,302.623047,215.122501,175.438502
254,1102,11dd74426e8374ac110c4036c77c09ab_000000001174,0.343351,323.135868,216.474549,174.469810
254,1103,11dd74426e8374ac110c4036c77c09ab_000000001175,0.351581,303.708282,223.799637,180.623915
254,1104,11dd74426e8374ac110c4036c77c09ab_000000001176,0.345599,328.515975,217.089659,176.315532
254,1105,11dd74426e8374ac110c4036c77c09ab_000000001177,0.345599,276.739325,217.440553,177.546359
254,1106,11dd74426e8374ac110c4036c77c09ab_000000001178,0.345599,269.692446,220.295562,178.361967
254,1107,11dd74426e8374ac110c4036c77c09ab_000000001179,0.345599,277.037922,220.292672,178.359352
254,1108,11dd74426e8374ac110c4036c77c09ab_000000001180,0.344520,275.608309,218.151950,178.419280
254,1109,11dd74426e8374ac110c4036c77c09ab_000000001181,0.344520,225.163205,215.457692,177.409880
254,1110,11dd74426e8374ac110c4036c77c09ab_000000001182,0.344520,229.258160,218.443396,178.264599
254,1111,11dd74426e8374ac110c4036c77c09ab_000000001183,0.345599,220.901762,219.961501,179.370562
254,1112,11dd74426e8374ac110c4036c77c09ab_000000001184,0.344520,191.454006,220.298516,178.571059
254,1113,11dd74426e8374ac110c4036c77c09ab_000000001185,0.344520,186.587537,219.855585,179.040548
254,1114,11dd74426e8374ac110c4036c77c09ab_000000001186,0.345599,189.489400,223.559388,180.367260
254,1115,11dd74426e8374ac110c4036c77c09ab_000000001187,0.345599,190.743506,222.626119,180.512722
254,1116,11dd74426e8374ac110c4036c77c09ab_000000001188,0.344520,118.100890,222.028583,177.600729
254,1117,11dd74426e8374ac110c4036c77c09ab_000000001189,0.345599,135.383697,223.700631,178.693877
254,1118,11dd74426e8374ac110c4036c77c09ab_000000001190,0.345599,127.082711,225.238783,178.740683
254,1119,11dd74426e8374ac110c4036c77c09ab_000000001191,0.345599,99.970140,221.358557,178.496988
254,1120,11dd74426e8374ac110c4036c77c09ab_000000001192,0.345599,94.177366,223.058265,179.300383
254,1121,11dd74426e8374ac110c4036c77c09ab_000000001193,0.345599,116.154076,223.551710,178.285798
254,1122,11dd74426e8374ac110c4036c77c09ab_000000001194,0.345599,93.221857,225.003588,179.410893
254,1123,11dd74426e8374ac110c4036c77c09ab_000000001195,0.345599,133.472678,227.748214,179.106680
254,1124,11dd74426e8374ac110c4036c77c09ab_000000001196,0.343351,124.373711,232.305633,179.747561
254,1125,11dd74426e8374ac110c4036c77c09ab_000000001197,0.343351,135.867963,233.583579,180.151098
254,1126,11dd74426e8374ac110c4036c77c09ab_000000001198,0.344520,91.097923,238.648395,180.390369
254,1127,11dd74426e8374ac110c4036c77c09ab_000000001199,0.344520,77.685460,239.834220,181.610237
254,1128,11dd74426e8374ac110c4036c77c09ab_000000001200,0.345599,236.010749,252.990459,183.489653
255,1129,11dd74426e8374ac110c4036c77c09ab_000000001201,0.345599,0.246342,240.068762,176.481476
255,1130,11dd74426e8374ac110c4036c77c09ab_000000001202,0.338788,13.486370,237.779539,171.405123
256,1129,11dd74426e8374ac110c4036c77c09ab_000000001201,0.345599,260.137354,250.623684,182.567416
256,1130,11dd74426e8374ac110c4036c77c09ab_000000001202,0.338788,182.496413,246.642649,178.842320
257,1131,11dd74426e8374ac110c4036c77c09ab_000000001203,0.338788,224.562410,241.980668,176.835126
258,1132,11dd74426e8374ac110c4036c77c09ab_000000001204,0.338788,314.461980,241.243870,180.644325
258,1133,11dd74426e8374ac110c4036c77c09ab_000000001205,0.338788,257.101865,243.990674,183.281019
258,1134,11dd74426e8374ac110c4036c77c09ab_000000001206,0.338788,254.117647,243.637866,183.572352
259,1132,11dd74426e8374ac110c4036c77c09ab_000000001204,0.338788,147.901722,104.158241,142.490281
259,1133,11dd74426e8374ac110c4036c77c09ab_000000001205,0.338788,142.668580,104.776296,143.223937
259,1134,11dd74426e8374ac110c4036c77c09ab_000000001206,0.338788,140.200861,102.794588,142.229769
260,1135,11dd74426e8374ac110c4036c77c09ab_000000001207,0.338788,0.918221,226.831609,178.921558
261,1135,11dd74426e8374ac110c4036c77c09ab_000000001207,0.338788,234.720230,247.160633,184.944006
262,1135,11dd74426e8374ac110c4036c77c09ab_000000001207,0.338788,141.520803,104.793976,142.414382
263,1136,11dd74426e8374ac110c4036c77c09ab_000000001208,0.338788,227.144907,246.853565,185.258664
263,1137,11dd74426e8374ac110c4036c77c09ab_000000001209,0.333241,215.880067,240.133419,181.949527
263,1138,11dd74426e8374ac110c4036c77c09ab_000000001210,0.327869,206.718624,235.733302,178.200944
263,1139,11dd74426e8374ac110c4036c77c09ab_000000001211,0.333241,205.774570,239.693865,181.709928
263,1140,11dd74426e8374ac110c4036c77c09ab_000000001212,0.333241,193.059411,237.627727,180.222203
263,1141,11dd74426e8374ac110c4036c77c09ab_000000001213,0.327869,179.951626,235.897137,177.272349
263,1142,11dd74426e8374ac110c4036c77c09ab_000000001214,0.327869,178.876646,235.942603,177.897249
263,1143,11dd74426e8374ac110c4036c77c09ab_000000001215,0.327869,175.114217,235.757316,178.446965
263,1144,11dd74426e8374ac110c4036c77c09ab_000000001216,0.333241,173.681288,237.877027,181.412953
263,1145,11dd74426e8374ac110c4036c77c09ab_000000001217,0.333241,170.682954,238.490748,181.105645
263,1146,11dd74426e8374ac110c4036c77c09ab_000000001218,0.338788,178.421808,245.559576,185.089331
263,1147,11dd74426e8374ac110c4036c77c09ab_000000001219,0.337676,183.124287,244.388022,185.531861
263,1148,11dd74426e8374ac110c4036c77c09ab_000000001220,0.337676,181.299886,243.448139,185.160405
263,1149,11dd74426e8374ac110c4036c77c09ab_000000001221,0.337676,175.598632,244.941094,184.800738
263,1150,11dd74426e8374ac110c4036c77c09ab_000000001222,0.337676,171.436716,244.162857,184.309558
263,1151,11dd74426e8374ac110c4036c77c09ab_000000001223,0.338788,168.608321,245.539663,186.621572
263,1152,11dd74426e8374ac110c4036c77c09ab_000000001224,0.337676,167.502851,242.761679,185.310611
263,1153,11dd74426e8374ac110c4036c77c09ab_000000001225,0.337676,167.958951,243.107434,184.984807
263,1154,11dd74426e8374ac110c4036c77c09ab_000000001226,0.344520,170.801187,246.978057,188.303111
263,1155,11dd74426e8374ac110c4036c77c09ab_000000001227,0.344520,169.910979,247.772258,188.359276
263,1156,11dd74426e8374ac110c4036c77c09ab_000000001228,0.337676,162.029647,242.878765,185.864735
263,1157,11dd74426e8374ac110c4036c77c09ab_000000001229,0.337676,158.437856,240.950998,184.680313
263,1158,11dd74426e8374ac110c4036c77c09ab_000000001230,0.337676,155.416192,244.390763,185.648555
263,1159,11dd74426e8374ac110c4036c77c09ab_000000001231,0.338788,158.909613,243.870287,185.693832
264,1136,11dd74426e8374ac110c4036c77c09ab_000000001208,0.338788,143.629842,104.377489,143.973235
264,1137,11dd74426e8374ac110c4036c77c09ab_000000001209,0.333241,139.200444,100.775000,141.388252
264,1138,11dd74426e8374ac110c4036c77c09ab_000000001210,0.327869,135.124966,98.672826,138.648632
264,1139,11dd74426e8374ac110c4036c77c09ab_000000001211,0.333241,132.537479,100.207388,141.792904
264,1140,11dd74426e8374ac110c4036c77c09ab_000000001212,0.333241,125.222099,100.835825,141.027126
264,1141,11dd74426e8374ac110c4036c77c09ab_000000001213,0.327869,119.269014,98.222426,138.587586
264,1142,11dd74426e8374ac110c4036c77c09ab_000000001214,0.327869,108.949207,99.729604,139.330404
264,1143,11dd74426e8374ac110c4036c77c09ab_000000001215,0.327869,107.175490,99.635930,139.266467
264,1144,11dd74426e8374ac110c4036c77c09ab_000000001216,0.333241,104.608551,97.498322,142.075347
264,1145,11dd74426e8374ac110c4036c77c09ab_000000001217,0.333241,104.441977,98.622542,141.604968
264,1146,11dd74426e8374ac110c4036c77c09ab_000000001218,0.338788,101.406026,101.963084,143.762557
264,1147,11dd74426e8374ac110c4036c77c09ab_000000001219,0.337676,103.648803,99.466184,143.751617
264,1148,11dd74426e8374ac110c4036c77c09ab_000000001220,0.337676,102.964652,101.025565,144.462872
264,1149,11dd74426e8374ac110c4036c77c09ab_000000001221,0.337676,98.973774,101.710192,144.810276
264,1150,11dd74426e8374ac110c4036c77c09ab_000000001222,0.337676,98.061574,103.340596,144.397857
264,1151,11dd74426e8374ac110c4036c77c09ab_000000001223,0.338788,98.536585,100.176773,145.359189
264,1152,11dd74426e8374ac110c4036c77c09ab_000000001224,0.337676,95.838084,99.508105,144.502938
264,1153,11dd74426e8374ac110c4036c77c09ab_000000001225,0.337676,92.873432,99.585053,143.848773
264,1154,11dd74426e8374ac110c4036c77c09ab_000000001226,0.344520,86.172107,100.928720,146.398547
264,1155,11dd74426e8374ac110c4036c77c09ab_000000001227,0.344520,83.976261,102.415368,146.733615
264,1156,11dd74426e8374ac110c4036c77c09ab_000000001228,0.337676,76.282782,100.839703,144.905505
264,1157,11dd74426e8374ac110c4036c77c09ab_000000001229,0.337676,74.401368,100.045328,144.463387
264,1158,11dd74426e8374ac110c4036c77c09ab_000000001230,0.337676,72.919042,100.434065,144.361336
264,1159,11dd74426e8374ac110c4036c77c09ab_000000001231,0.338788,71.111908,101.484450,144.844183
