frame_id,frame_name,nm_per_pixel,cx_nm,cy_nm,diameter_nm,height_nm
0,11dd74426e8374ac110c4036c77c09ab_000000000000,0.398252,244.281981,201.798990,21.173763,14.459431
0,11dd74426e8374ac110c4036c77c09ab_000000000000,0.398252,254.697022,156.286064,19.086954,13.910534
1,11dd74426e8374ac110c4036c77c09ab_000000000001,0.398252,242.723492,198.107871,20.527918,14.482900
1,11dd74426e8374ac110c4036c77c09ab_000000000001,0.398252,253.385301,154.210278,18.878981,13.179673
2,11dd74426e8374ac110c4036c77c09ab_000000000002,0.398252,242.967586,198.773443,20.303802,14.782591
2,11dd74426e8374ac110c4036c77c09ab_000000000002,0.398252,254.113087,155.327152,19.078568,12.780169
3,11dd74426e8374ac110c4036c77c09ab_000000000003,0.398252,243.678722,198.737881,20.125704,14.960703
3,11dd74426e8374ac110c4036c77c09ab_000000000003,0.398252,254.875827,155.308204,19.094658,12.738131
4,11dd74426e8374ac110c4036c77c09ab_000000000004,0.390658,238.844532,195.662743,19.187916,14.089408
4,11dd74426e8374ac110c4036c77c09ab_000000000004,0.390658,248.440970,152.561201,13.928009,18.286451
5,11dd74426e8374ac110c4036c77c09ab_000000000005,0.390658,238.293572,196.437227,19.230167,14.097026
5,11dd74426e8374ac110c4036c77c09ab_000000000005,0.390658,247.479777,152.301374,18.972010,12.559466
6,11dd74426e8374ac110c4036c77c09ab_000000000006,0.392232,240.157518,197.956579,19.180311,14.331356
6,11dd74426e8374ac110c4036c77c09ab_000000000006,0.392232,250.979887,153.028951,19.159483,12.392447
7,11dd74426e8374ac110c4036c77c09ab_000000000007,0.390658,237.563759,196.492343,18.654076,14.206732
7,11dd74426e8374ac110c4036c77c09ab_000000000007,0.390658,248.853779,151.920552,14.792206,18.277296
8,11dd74426e8374ac110c4036c77c09ab_000000000008,0.390658,237.792923,196.290147,19.060328,15.193022
8,11dd74426e8374ac110c4036c77c09ab_000000000008,0.390658,249.460987,152.535914,19.936327,12.761054
9,11dd74426e8374ac110c4036c77c09ab_000000000009,0.398252,243.086959,201.448199,18.708803,14.551276
9,11dd74426e8374ac110c4036c77c09ab_000000000009,0.398252,255.381663,156.727072,15.930061,17.921318
10,11dd74426e8374ac110c4036c77c09ab_000000000010,0.398252,243.066809,202.237337,18.708780,14.441880
10,11dd74426e8374ac110c4036c77c09ab_000000000010,0.398252,254.896342,157.041306,15.930061,17.921318
11,11dd74426e8374ac110c4036c77c09ab_000000000011,0.398252,244.502352,202.240169,17.918571,14.879753
11,11dd74426e8374ac110c4036c77c09ab_000000000011,0.398252,255.905340,155.900805,19.413279,15.495001
12,11dd74426e8374ac110c4036c77c09ab_000000000012,0.398252,243.206624,201.318288,18.080605,14.814961
12,11dd74426e8374ac110c4036c77c09ab_000000000012,0.398252,254.965472,155.191626,20.838881,13.235501
13,11dd74426e8374ac110c4036c77c09ab_000000000013,0.390658,241.736268,198.267566,18.011675,14.280856
13,11dd74426e8374ac110c4036c77c09ab_000000000013,0.390658,252.487845,152.628536,19.926552,12.985854
14,11dd74426e8374ac110c4036c77c09ab_000000000014,0.390658,251.733211,152.374467,16.968578,21.671003
14,11dd74426e8374ac110c4036c77c09ab_000000000014,0.390658,240.979893,197.984789,19.517128,12.810666
15,11dd74426e8374ac110c4036c77c09ab_000000000015,0.390658,252.951847,153.475410,21.652489,12.627090
15,11dd74426e8374ac110c4036c77c09ab_000000000015,0.390658,241.666882,197.912983,17.932846,12.739084
16,11dd74426e8374ac110c4036c77c09ab_000000000016,0.390658,250.738064,150.928957,19.044424,15.728238
16,11dd74426e8374ac110c4036c77c09ab_000000000016,0.390658,241.265518,197.355311,17.820185,12.753651
17,11dd74426e8374ac110c4036c77c09ab_000000000017,0.383342,246.437002,148.737413,18.687784,15.433687
17,11dd74426e8374ac110c4036c77c09ab_000000000017,0.383342,236.543822,194.104383,17.140919,12.630151
18,11dd74426e8374ac110c4036c77c09ab_000000000018,0.383342,245.976285,148.883775,21.258026,12.686246
18,11dd74426e8374ac110c4036c77c09ab_000000000018,0.383342,237.420987,194.780963,17.107225,12.272570
19,11dd74426e8374ac110c4036c77c09ab_000000000019,0.383342,246.271606,148.454656,21.258026,12.686246
19,11dd74426e8374ac110c4036c77c09ab_000000000019,0.383342,237.456926,194.300639,17.107203,12.179588
20,11dd74426e8374ac110c4036c77c09ab_000000000020,0.390658,251.940462,151.101301,21.975096,13.533446
20,11dd74426e8374ac110c4036c77c09ab_000000000020,0.390658,241.279109,197.400245,17.147739,12.973193
21,11dd74426e8374ac110c4036c77c09ab_000000000021,0.390658,251.335734,151.440277,21.314335,14.151305
21,11dd74426e8374ac110c4036c77c09ab_000000000021,0.390658,240.826100,197.352116,17.418701,12.477229
22,11dd74426e8374ac110c4036c77c09ab_000000000022,0.390658,253.855100,152.822553,23.295044,13.326926
22,11dd74426e8374ac110c4036c77c09ab_000000000022,0.390658,243.142078,198.100205,16.911257,13.977652
23,11dd74426e8374ac110c4036c77c09ab_000000000023,0.390658,252.574542,151.047628,22.362558,14.500730
23,11dd74426e8374ac110c4036c77c09ab_000000000023,0.390658,243.841847,198.491245,18.528515,12.306931
24,11dd74426e8374ac110c4036c77c09ab_000000000024,0.390658,253.193719,152.251111,22.362583,14.500730
24,11dd74426e8374ac110c4036c77c09ab_000000000024,0.390658,244.457138,200.014319,18.664759,12.306931
25,11dd74426e8374ac110c4036c77c09ab_000000000025,0.390658,254.425826,153.040283,23.480122,12.154419
25,11dd74426e8374ac110c4036c77c09ab_000000000025,0.390658,244.382650,198.991441,18.531185,12.288507
26,11dd74426e8374ac110c4036c77c09ab_000000000026,0.390658,252.574041,151.256643,21.838423,14.151308
26,11dd74426e8374ac110c4036c77c09ab_000000000026,0.390658,243.961281,198.912983,18.531208,12.288520
27,11dd74426e8374ac110c4036c77c09ab_000000000027,0.390658,255.332132,153.423704,21.314312,14.326019
27,11dd74426e8374ac110c4036c77c09ab_000000000027,0.390658,246.618536,200.123393,18.156263,12.729479
28,11dd74426e8374ac110c4036c77c09ab_000000000028,0.390658,255.592411,153.749650,22.796564,12.923708
28,11dd74426e8374ac110c4036c77c09ab_000000000028,0.390658,245.099134,200.917393,18.169592,12.404231
29,11dd74426e8374ac110c4036c77c09ab_000000000029,0.390658,257.232630,153.339595,22.375172,13.535599
29,11dd74426e8374ac110c4036c77c09ab_000000000029,0.390658,247.415160,200.322394,18.981358,12.684897
30,11dd74426e8374ac110c4036c77c09ab_000000000030,0.390658,256.945073,154.387438,19.841476,16.490479
30,11dd74426e8374ac110c4036c77c09ab_000000000030,0.390658,247.738006,201.263630,17.823738,15.104244
31,11dd74426e8374ac110c4036c77c09ab_000000000031,0.390658,259.057520,153.912444,19.841499,16.600702
31,11dd74426e8374ac110c4036c77c09ab_000000000031,0.390658,248.578168,200.725665,19.996294,12.181672
32,11dd74426e8374ac110c4036c77c09ab_000000000032,0.390658,257.923124,153.653249,20.155357,16.432514
32,11dd74426e8374ac110c4036c77c09ab_000000000032,0.390658,248.911028,201.659223,20.655172,11.843554
33,11dd74426e8374ac110c4036c77c09ab_000000000033,0.390658,258.602150,153.916140,17.276188,19.459795
33,11dd74426e8374ac110c4036c77c09ab_000000000033,0.390658,250.142373,200.970207,19.827862,13.651975
34,11dd74426e8374ac110c4036c77c09ab_000000000034,0.383342,255.404046,149.752400,21.495440,15.319065
34,11dd74426e8374ac110c4036c77c09ab_000000000034,0.383342,245.573618,198.053931,20.321245,11.271749
35,11dd74426e8374ac110c4036c77c09ab_000000000035,0.383342,253.965977,151.251360,20.361301,15.898550
35,11dd74426e8374ac110c4036c77c09ab_000000000035,0.383342,244.940650,197.554235,20.321268,11.271737
36,11dd74426e8374ac110c4036c77c09ab_000000000036,0.383342,253.187174,150.572733,20.524006,15.712513
36,11dd74426e8374ac110c4036c77c09ab_000000000036,0.383342,244.992616,196.935914,19.473818,13.190514
37,11dd74426e8374ac110c4036c77c09ab_000000000037,0.383342,250.988996,149.430476,20.733202,15.805581
37,11dd74426e8374ac110c4036c77c09ab_000000000037,0.383342,242.742870,197.364670,19.256784,11.316344
38,11dd74426e8374ac110c4036c77c09ab_000000000038,0.383342,252.748006,150.599114,20.915138,14.914900
38,11dd74426e8374ac110c4036c77c09ab_000000000038,0.383342,244.207963,197.636500,19.557838,11.387578
39,11dd74426e8374ac110c4036c77c09ab_000000000039,0.383342,253.149878,150.114497,20.810717,13.742924
39,11dd74426e8374ac110c4036c77c09ab_000000000039,0.383342,244.404594,197.464857,19.997753,11.352107
40,11dd74426e8374ac110c4036c77c09ab_000000000040,0.383342,252.577837,150.847032,21.056108,13.742918
40,11dd74426e8374ac110c4036c77c09ab_000000000040,0.383342,243.404265,197.431586,19.627094,12.726948
41,11dd74426e8374ac110c4036c77c09ab_000000000041,0.390658,258.922373,155.019121,21.077518,14.990290
41,11dd74426e8374ac110c4036c77c09ab_000000000041,0.390658,249.256287,202.060444,21.244425,11.425870
42,11dd74426e8374ac110c4036c77c09ab_000000000042,0.390658,258.941233,154.090725,21.093113,14.963320
42,11dd74426e8374ac110c4036c77c09ab_000000000042,0.390658,248.434270,201.593224,21.174562,11.425870
43,11dd74426e8374ac110c4036c77c09ab_000000000043,0.390658,250.150646,201.484710,19.813293,15.724462
43,11dd74426e8374ac110c4036c77c09ab_000000000043,0.390658,260.975687,154.178696,22.794991,15.665075
44,11dd74426e8374ac110c4036c77c09ab_000000000044,0.390658,250.590184,203.015987,19.993195,11.411814
44,11dd74426e8374ac110c4036c77c09ab_000000000044,0.390658,258.330211,155.877035,20.165276,15.193027
45,11dd74426e8374ac110c4036c77c09ab_000000000045,0.390658,250.712956,203.060145,20.019041,11.455699
45,11dd74426e8374ac110c4036c77c09ab_000000000045,0.390658,257.507598,153.483815,20.964903,15.548971
46,11dd74426e8374ac110c4036c77c09ab_000000000046,0.390658,250.294902,202.412689,19.628288,10.619411
46,11dd74426e8374ac110c4036c77c09ab_000000000046,0.390658,258.974639,153.637822,20.790199,15.548961
47,11dd74426e8374ac110c4036c77c09ab_000000000047,0.390658,252.647051,202.849390,19.628288,10.619411
47,11dd74426e8374ac110c4036c77c09ab_000000000047,0.390658,260.838084,154.030471,20.790199,15.548962
48,11dd74426e8374ac110c4036c77c09ab_000000000048,0.390658,252.809618,201.816187,20.749928,10.517073
48,11dd74426e8374ac110c4036c77c09ab_000000000048,0.390658,260.155720,155.036241,16.012390,17.851133
49,11dd74426e8374ac110c4036c77c09ab_000000000049,0.383342,247.805511,197.785938,20.268320,10.413092
49,11dd74426e8374ac110c4036c77c09ab_000000000049,0.383342,255.642184,151.432830,20.400843,15.086329
50,11dd74426e8374ac110c4036c77c09ab_000000000050,0.392232,257.094631,203.683867,20.547569,11.051546
50,11dd74426e8374ac110c4036c77c09ab_000000000050,0.392232,263.448847,155.583105,18.042685,17.650452
51,11dd74426e8374ac110c4036c77c09ab_000000000051,0.392232,257.439822,203.474249,20.538496,11.000004
51,11dd74426e8374ac110c4036c77c09ab_000000000051,0.392232,263.946535,155.329222,18.042685,17.650452
52,11dd74426e8374ac110c4036c77c09ab_000000000052,0.390658,257.767043,204.250645,19.642332,12.847846
52,11dd74426e8374ac110c4036c77c09ab_000000000052,0.390658,262.990302,155.288199,17.970259,17.188942
53,11dd74426e8374ac110c4036c77c09ab_000000000059,0.390658,260.069429,203.040641,23.107489,13.206350
53,11dd74426e8374ac110c4036c77c09ab_000000000059,0.390658,261.444290,155.990556,18.317997,17.686766
54,11dd74426e8374ac110c4036c77c09ab_000000000060,0.390658,257.064507,202.018956,21.000072,12.084747
54,11dd74426e8374ac110c4036c77c09ab_000000000060,0.390658,260.877283,154.378651,18.530518,15.318564
55,11dd74426e8374ac110c4036c77c09ab_000000000061,0.390658,254.826046,202.631457,20.965023,13.710695
55,11dd74426e8374ac110c4036c77c09ab_000000000061,0.390658,260.423916,154.896790,18.430159,15.449968
56,11dd74426e8374ac110c4036c77c09ab_000000000062,0.390658,258.516479,204.237436,21.618940,11.983077
56,11dd74426e8374ac110c4036c77c09ab_000000000062,0.390658,262.916124,155.465335,18.243484,15.591556
57,11dd74426e8374ac110c4036c77c09ab_000000000063,0.390658,256.979098,204.268814,21.248335,11.983077
57,11dd74426e8374ac110c4036c77c09ab_000000000063,0.390658,260.885676,154.715338,18.243484,15.728724
58,11dd74426e8374ac110c4036c77c09ab_000000000064,0.390658,256.948197,203.071257,21.218651,12.176951
58,11dd74426e8374ac110c4036c77c09ab_000000000064,0.390658,260.044536,154.137745,17.871496,15.224882
59,11dd74426e8374ac110c4036c77c09ab_000000000065,0.390658,257.132510,203.201277,21.145378,12.019677
59,11dd74426e8374ac110c4036c77c09ab_000000000065,0.390658,260.787344,153.486462,19.401342,14.642526
60,11dd74426e8374ac110c4036c77c09ab_000000000066,0.390658,259.450872,203.542602,20.260056,11.983077
60,11dd74426e8374ac110c4036c77c09ab_000000000066,0.390658,260.522010,154.347308,15.235654,17.579599
61,11dd74426e8374ac110c4036c77c09ab_000000000067,0.390658,260.093965,203.980232,19.060328,16.297970
61,11dd74426e8374ac110c4036c77c09ab_000000000067,0.390658,261.768209,155.415692,16.771936,16.247801
62,11dd74426e8374ac110c4036c77c09ab_000000000068,0.390658,259.505331,204.042322,20.044554,14.410422
62,11dd74426e8374ac110c4036c77c09ab_000000000068,0.390658,261.974101,155.551566,16.771914,16.247807
63,11dd74426e8374ac110c4036c77c09ab_000000000069,0.390658,261.022707,204.911669,20.172668,11.947764
63,11dd74426e8374ac110c4036c77c09ab_000000000069,0.390658,263.599537,155.622239,18.799976,15.238753
64,11dd74426e8374ac110c4036c77c09ab_000000000070,0.390658,260.642731,205.128886,20.259245,11.947764
64,11dd74426e8374ac110c4036c77c09ab_000000000070,0.390658,263.136942,155.641350,15.689188,17.048084
65,11dd74426e8374ac110c4036c77c09ab_000000000071,0.390658,261.297984,205.033702,19.492044,12.227715
65,11dd74426e8374ac110c4036c77c09ab_000000000071,0.390658,262.457249,155.722801,14.454338,18.360916
66,11dd74426e8374ac110c4036c77c09ab_000000000072,0.390658,261.586829,205.902381,19.524902,12.227715
66,11dd74426e8374ac110c4036c77c09ab_000000000072,0.390658,261.883971,156.639204,16.902435,16.794090
67,11dd74426e8374ac110c4036c77c09ab_000000000073,0.383342,258.298457,201.128338,19.385025,13.192130
67,11dd74426e8374ac110c4036c77c09ab_000000000073,0.383342,259.299722,151.211784,16.456852,16.781895
68,11dd74426e8374ac110c4036c77c09ab_000000000074,0.383342,258.192772,201.508732,19.535376,14.322443
68,11dd74426e8374ac110c4036c77c09ab_000000000074,0.383342,255.844921,151.945021,14.882422,18.115673
69,11dd74426e8374ac110c4036c77c09ab_000000000075,0.383342,259.472675,201.656158,19.535400,14.322432
69,11dd74426e8374ac110c4036c77c09ab_000000000075,0.383342,257.832476,153.002135,14.882400,18.115662
70,11dd74426e8374ac110c4036c77c09ab_000000000076,0.390658,264.783766,204.017524,19.908215,15.508022
70,11dd74426e8374ac110c4036c77c09ab_000000000076,0.390658,266.518573,157.004718,17.778746,17.290470
71,11dd74426e8374ac110c4036c77c09ab_000000000077,0.390658,264.700360,204.799555,19.908215,15.508022
71,11dd74426e8374ac110c4036c77c09ab_000000000077,0.390658,265.744435,156.368111,16.677467,18.406994
72,11dd74426e8374ac110c4036c77c09ab_000000000078,0.390658,267.656522,205.459744,19.754995,16.040657
72,11dd74426e8374ac110c4036c77c09ab_000000000078,0.390658,267.558905,154.462677,14.844995,19.532888
73,11dd74426e8374ac110c4036c77c09ab_000000000079,0.390658,269.463075,205.468733,19.837160,16.040657
73,11dd74426e8374ac110c4036c77c09ab_000000000079,0.390658,268.935435,154.993465,16.771936,19.043110
74,11dd74426e8374ac110c4036c77c09ab_000000000080,0.383342,262.686389,201.931404,18.304724,16.122690
74,11dd74426e8374ac110c4036c77c09ab_000000000080,0.383342,264.207402,152.873988,17.619125,16.805916
75,11dd74426e8374ac110c4036c77c09ab_000000000081,0.383342,262.634096,200.986153,20.430019,15.233546
75,11dd74426e8374ac110c4036c77c09ab_000000000081,0.383342,263.118514,152.174279,16.805939,17.619131
76,11dd74426e8374ac110c4036c77c09ab_000000000082,0.383342,262.769567,200.774126,18.323606,16.272703
76,11dd74426e8374ac110c4036c77c09ab_000000000082,0.383342,263.133886,152.251525,15.898544,18.594805
77,11dd74426e8374ac110c4036c77c09ab_000000000083,0.383342,261.438166,201.348273,16.800697,17.829308
77,11dd74426e8374ac110c4036c77c09ab_000000000083,0.383342,263.202207,152.953480,16.258278,18.573696
78,11dd74426e8374ac110c4036c77c09ab_000000000084,0.383342,262.971579,201.298273,16.800697,17.829302
78,11dd74426e8374ac110c4036c77c09ab_000000000084,0.383342,264.213602,153.178960,16.258278,18.573700
79,11dd74426e8374ac110c4036c77c09ab_000000000085,0.383342,264.433654,200.353466,19.545004,15.034622
79,11dd74426e8374ac110c4036c77c09ab_000000000085,0.383342,265.781386,152.150753,15.802990,17.226713
80,11dd74426e8374ac110c4036c77c09ab_000000000086,0.383342,265.534076,201.276560,17.633713,15.333663
80,11dd74426e8374ac110c4036c77c09ab_000000000086,0.383342,265.695027,152.699514,16.805916,16.534870
81,11dd74426e8374ac110c4036c77c09ab_000000000087,0.383342,265.290955,201.299326,16.001469,16.728809
81,11dd74426e8374ac110c4036c77c09ab_000000000087,0.383342,268.443556,152.662371,16.805939,15.721684
82,11dd74426e8374ac110c4036c77c09ab_000000000088,0.383342,265.093014,201.282924,16.363426,16.456394
82,11dd74426e8374ac110c4036c77c09ab_000000000088,0.383342,268.389742,153.246110,16.010033,14.860604
83,11dd74426e8374ac110c4036c77c09ab_000000000089,0.383342,264.862948,201.803631,15.516583,16.728815
83,11dd74426e8374ac110c4036c77c09ab_000000000089,0.383342,266.931036,152.475426,16.629242,15.429206
84,11dd74426e8374ac110c4036c77c09ab_000000000090,0.383342,266.207615,201.682597,16.365133,16.850037
84,11dd74426e8374ac110c4036c77c09ab_000000000090,0.383342,267.511196,153.075579,15.667473,14.528995
85,11dd74426e8374ac110c4036c77c09ab_000000000091,0.383342,266.813816,201.249864,16.365158,16.607582
85,11dd74426e8374ac110c4036c77c09ab_000000000091,0.383342,268.181038,152.821063,15.667473,14.312148
86,11dd74426e8374ac110c4036c77c09ab_000000000092,0.376288,261.609076,197.937386,14.715277,16.906908
86,11dd74426e8374ac110c4036c77c09ab_000000000092,0.376288,263.386869,149.545588,17.296196,13.008274
87,11dd74426e8374ac110c4036c77c09ab_000000000093,0.376288,261.218916,198.809734,16.302008,15.112086
87,11dd74426e8374ac110c4036c77c09ab_000000000093,0.376288,263.906172,150.588339,14.510872,15.514775
88,11dd74426e8374ac110c4036c77c09ab_000000000094,0.383342,267.423620,202.218887,17.516632,14.647549
88,11dd74426e8374ac110c4036c77c09ab_000000000094,0.383342,269.434385,152.570840,18.223278,12.599708
89,11dd74426e8374ac110c4036c77c09ab_000000000095,0.383342,267.363395,202.174081,17.516632,14.546876
89,11dd74426e8374ac110c4036c77c09ab_000000000095,0.383342,268.804436,152.726245,18.223301,12.599708
90,11dd74426e8374ac110c4036c77c09ab_000000000096,0.383342,267.484640,204.139058,17.687737,14.882420
90,11dd74426e8374ac110c4036c77c09ab_000000000096,0.383342,269.832069,153.388424,16.763590,13.549501
91,11dd74426e8374ac110c4036c77c09ab_000000000097,0.383342,267.634547,202.866337,18.343611,14.914898
91,11dd74426e8374ac110c4036c77c09ab_000000000097,0.383342,270.591382,154.418409,18.294500,13.738654
92,11dd74426e8374ac110c4036c77c09ab_000000000098,0.383342,267.872100,202.667647,18.343611,14.914898
92,11dd74426e8374ac110c4036c77c09ab_000000000098,0.383342,270.770840,154.189876,18.321991,13.691180
93,11dd74426e8374ac110c4036c77c09ab_000000000099,0.383342,268.118731,203.065004,17.421545,15.685387
93,11dd74426e8374ac110c4036c77c09ab_000000000099,0.383342,271.623976,154.191151,17.941059,14.061896
94,11dd74426e8374ac110c4036c77c09ab_000000000100,0.383342,269.237497,203.861331,18.172178,15.086319
94,11dd74426e8374ac110c4036c77c09ab_000000000100,0.383342,271.281018,152.592892,18.343611,13.714841
95,11dd74426e8374ac110c4036c77c09ab_000000000101,0.376288,265.558749,198.527518,15.964580,16.496717
95,11dd74426e8374ac110c4036c77c09ab_000000000101,0.376288,265.918892,149.276750,18.093168,12.505582
96,11dd74426e8374ac110c4036c77c09ab_000000000102,0.376288,265.170610,198.596763,17.837822,15.818442
96,11dd74426e8374ac110c4036c77c09ab_000000000102,0.376288,266.499424,150.017246,17.836697,13.740864
97,11dd74426e8374ac110c4036c77c09ab_000000000103,0.390658,274.430443,205.364344,16.864380,17.457592
97,11dd74426e8374ac110c4036c77c09ab_000000000103,0.390658,275.878599,155.153839,18.530518,14.206743
98,11dd74426e8374ac110c4036c77c09ab_000000000104,0.390658,275.679289,206.565288,19.518833,13.341998
98,11dd74426e8374ac110c4036c77c09ab_000000000104,0.390658,277.862265,156.403281,20.087091,12.897250
99,11dd74426e8374ac110c4036c77c09ab_000000000105,0.383342,270.390072,202.195934,18.594805,16.456394
99,11dd74426e8374ac110c4036c77c09ab_000000000105,0.383342,272.721029,152.313680,18.494148,15.035892
100,11dd74426e8374ac110c4036c77c09ab_000000000106,0.390658,273.242589,204.027801,16.187548,18.237267
100,11dd74426e8374ac110c4036c77c09ab_000000000106,0.390658,274.993062,155.331070,20.440767,13.801897
101,11dd74426e8374ac110c4036c77c09ab_000000000107,0.390658,272.485261,204.603129,17.994888,17.645462
101,11dd74426e8374ac110c4036c77c09ab_000000000107,0.390658,276.521144,156.329246,19.152508,15.042345
102,11dd74426e8374ac110c4036c77c09ab_000000000108,0.390658,276.212628,204.171913,16.345228,17.054737
102,11dd74426e8374ac110c4036c77c09ab_000000000108,0.390658,278.325862,156.337543,19.475639,14.398500
103,11dd74426e8374ac110c4036c77c09ab_000000000109,0.390658,277.468270,204.770704,15.745506,16.850437
103,11dd74426e8374ac110c4036c77c09ab_000000000109,0.390658,279.402531,156.424979,19.392544,14.151312
104,11dd74426e8374ac110c4036c77c09ab_000000000110,0.383342,271.059071,200.889054,15.450626,16.534876
104,11dd74426e8374ac110c4036c77c09ab_000000000110,0.383342,274.026436,154.998405,19.245506,12.468925
105,11dd74426e8374ac110c4036c77c09ab_000000000111,0.390658,277.331668,204.712406,18.202616,16.685730
105,11dd74426e8374ac110c4036c77c09ab_000000000111,0.390658,279.843690,157.827892,19.916679,15.024849
106,11dd74426e8374ac110c4036c77c09ab_000000000112,0.390658,275.867989,204.688204,18.202641,16.685741
106,11dd74426e8374ac110c4036c77c09ab_000000000112,0.390658,278.743630,157.931350,19.916679,15.199548
107,11dd74426e8374ac110c4036c77c09ab_000000000113,0.383342,271.691267,201.641745,14.689886,19.338581
107,11dd74426e8374ac110c4036c77c09ab_000000000113,0.383342,274.521219,155.550570,19.886522,14.229154
108,11dd74426e8374ac110c4036c77c09ab_000000000114,0.383342,271.413119,201.843524,15.059634,19.693356
108,11dd74426e8374ac110c4036c77c09ab_000000000114,0.383342,274.842206,155.597259,19.886522,14.057720
109,11dd74426e8374ac110c4036c77c09ab_000000000115,0.376288,266.528890,197.364938,13.922669,18.814417
109,11dd74426e8374ac110c4036c77c09ab_000000000115,0.376288,269.467173,152.869874,20.921623,11.439170
110,11dd74426e8374ac110c4036c77c09ab_000000000116,0.376288,267.285050,198.599887,15.350102,17.848927
110,11dd74426e8374ac110c4036c77c09ab_000000000116,0.376288,270.217407,152.955713,21.020014,10.909119
111,11dd74426e8374ac110c4036c77c09ab_000000000117,0.383342,272.014454,201.110954,15.643187,19.209265
111,11dd74426e8374ac110c4036c77c09ab_000000000117,0.383342,277.704634,156.437574,20.912729,10.675569
112,11dd74426e8374ac110c4036c77c09ab_000000000118,0.383342,271.878001,202.412944,16.270725,18.271641
112,11dd74426e8374ac110c4036c77c09ab_000000000118,0.383342,276.462236,156.032777,20.886946,10.701346
113,11dd74426e8374ac110c4036c77c09ab_000000000119,0.383342,273.014174,202.572350,18.473677,16.764345
113,11dd74426e8374ac110c4036c77c09ab_000000000119,0.383342,276.575035,155.853472,21.142935,11.384670
114,11dd74426e8374ac110c4036c77c09ab_000000000120,0.383342,271.941103,201.861423,21.921879,15.723989
114,11dd74426e8374ac110c4036c77c09ab_000000000120,0.383342,277.057862,156.686884,20.877867,13.017224
115,11dd74426e8374ac110c4036c77c09ab_000000000121,0.383342,268.684033,198.601966,17.614994,18.103497
115,11dd74426e8374ac110c4036c77c09ab_000000000121,0.383342,275.549413,154.151937,21.435730,14.688224
116,11dd74426e8374ac110c4036c77c09ab_000000000122,0.383342,267.462717,200.182712,18.122295,17.057800
116,11dd74426e8374ac110c4036c77c09ab_000000000122,0.383342,275.427209,154.845305,20.296141,12.005859
117,11dd74426e8374ac110c4036c77c09ab_000000000123,0.383342,267.953452,199.547662,18.122318,17.057800
117,11dd74426e8374ac110c4036c77c09ab_000000000123,0.383342,275.995624,154.105727,20.355989,12.070756
118,11dd74426e8374ac110c4036c77c09ab_000000000124,0.376288,260.301598,194.661215,14.993107,19.633816
118,11dd74426e8374ac110c4036c77c09ab_000000000124,0.376288,270.122279,151.759474,20.335073,11.005909
119,11dd74426e8374ac110c4036c77c09ab_000000000125,0.376288,260.635214,194.369445,16.323299,18.679218
119,11dd74426e8374ac110c4036c77c09ab_000000000125,0.376288,270.327946,152.038762,20.335096,11.005920
120,11dd74426e8374ac110c4036c77c09ab_000000000126,0.376288,259.621436,192.355369,18.217442,17.625801
120,11dd74426e8374ac110c4036c77c09ab_000000000126,0.376288,270.252707,152.283623,20.075825,12.066759
121,11dd74426e8374ac110c4036c77c09ab_000000000127,0.383342,264.857543,195.844804,16.457834,19.029356
121,11dd74426e8374ac110c4036c77c09ab_000000000127,0.383342,275.166774,153.881113,20.278568,13.739628
122,11dd74426e8374ac110c4036c77c09ab_000000000128,0.383342,264.583607,195.992733,16.457811,19.029354
122,11dd74426e8374ac110c4036c77c09ab_000000000128,0.383342,276.679738,154.953225,20.270870,13.935614
123,11dd74426e8374ac110c4036c77c09ab_000000000129,0.383342,264.183888,197.114248,17.143562,20.057966
123,11dd74426e8374ac110c4036c77c09ab_000000000129,0.383342,276.520028,154.023825,20.516449,14.374403
124,11dd74426e8374ac110c4036c77c09ab_000000000130,0.383342,262.681102,197.497262,16.719370,20.240923
124,11dd74426e8374ac110c4036c77c09ab_000000000130,0.383342,276.553275,154.634893,20.516449,14.374393
125,11dd74426e8374ac110c4036c77c09ab_000000000131,0.383342,266.213979,197.500023,16.457811,20.915138
125,11dd74426e8374ac110c4036c77c09ab_000000000131,0.383342,279.610087,155.358092,21.034817,14.180056
126,11dd74426e8374ac110c4036c77c09ab_000000000132,0.383342,266.157053,197.074379,16.567427,20.933704
126,11dd74426e8374ac110c4036c77c09ab_000000000132,0.383342,279.974711,155.107589,20.981354,14.180056
127,11dd74426e8374ac110c4036c77c09ab_000000000133,0.383342,267.760518,197.148010,14.914875,20.915152
127,11dd74426e8374ac110c4036c77c09ab_000000000133,0.383342,279.919891,154.264899,20.643589,13.881023
128,11dd74426e8374ac110c4036c77c09ab_000000000134,0.383342,267.446737,194.908525,14.896929,22.445681
128,11dd74426e8374ac110c4036c77c09ab_000000000134,0.383342,280.455783,155.946242,21.091696,14.017465
129,11dd74426e8374ac110c4036c77c09ab_000000000135,0.383342,269.360239,194.704500,14.950321,24.150520
129,11dd74426e8374ac110c4036c77c09ab_000000000135,0.383342,281.687371,155.069662,21.031260,13.978853
130,11dd74426e8374ac110c4036c77c09ab_000000000136,0.383342,266.266412,196.701894,16.629267,23.143806
130,11dd74426e8374ac110c4036c77c09ab_000000000136,0.383342,279.912802,156.381327,21.266825,13.504891
131,11dd74426e8374ac110c4036c77c09ab_000000000137,0.383342,266.653497,195.192989,16.629242,23.143797
131,11dd74426e8374ac110c4036c77c09ab_000000000137,0.383342,278.874686,155.204220,21.132242,13.549752
132,11dd74426e8374ac110c4036c77c09ab_000000000138,0.376288,261.005991,192.380679,15.018048,23.429934
132,11dd74426e8374ac110c4036c77c09ab_000000000138,0.376288,275.730500,152.103896,20.200327,13.157159
133,11dd74426e8374ac110c4036c77c09ab_000000000139,0.376288,262.375089,192.119661,14.852618,23.436249
133,11dd74426e8374ac110c4036c77c09ab_000000000139,0.376288,277.204441,152.313733,20.070244,13.064241
134,11dd74426e8374ac110c4036c77c09ab_000000000140,0.383342,266.774813,195.716130,15.568759,23.869102
134,11dd74426e8374ac110c4036c77c09ab_000000000140,0.383342,281.213271,155.146381,20.244291,13.455783
135,11dd74426e8374ac110c4036c77c09ab_000000000141,0.383342,267.314050,194.774435,17.657858,24.343857
135,11dd74426e8374ac110c4036c77c09ab_000000000141,0.383342,281.193337,155.444019,19.643847,13.675209
136,11dd74426e8374ac110c4036c77c09ab_000000000142,0.383342,267.620274,194.976494,17.657883,24.343861
136,11dd74426e8374ac110c4036c77c09ab_000000000142,0.383342,282.113530,155.287654,19.643824,13.560866
137,11dd74426e8374ac110c4036c77c09ab_000000000143,0.390658,272.931952,196.214645,18.169592,24.983171
137,11dd74426e8374ac110c4036c77c09ab_000000000143,0.390658,287.439461,157.713954,19.693596,14.005513
138,11dd74426e8374ac110c4036c77c09ab_000000000144,0.390658,271.693668,196.141587,16.757488,24.954905
138,11dd74426e8374ac110c4036c77c09ab_000000000144,0.390658,287.209201,158.475098,19.340899,14.648582
139,11dd74426e8374ac110c4036c77c09ab_000000000145,0.390658,271.677812,199.137306,16.924538,25.572126
139,11dd74426e8374ac110c4036c77c09ab_000000000145,0.390658,288.209475,158.407226,19.765892,13.836132
140,11dd74426e8374ac110c4036c77c09ab_000000000146,0.390658,271.946461,197.705709,16.924538,25.448593
140,11dd74426e8374ac110c4036c77c09ab_000000000146,0.390658,288.949708,159.167833,19.798080,13.671178
141,11dd74426e8374ac110c4036c77c09ab_000000000147,0.390658,269.722735,197.260353,18.022690,26.255289
141,11dd74426e8374ac110c4036c77c09ab_000000000147,0.390658,288.367226,158.651781,19.719515,13.760318
142,11dd74426e8374ac110c4036c77c09ab_000000000148,0.390658,269.347790,197.434318,17.603373,26.382193
142,11dd74426e8374ac110c4036c77c09ab_000000000148,0.390658,287.399165,158.631549,19.518822,14.330273
143,11dd74426e8374ac110c4036c77c09ab_000000000149,0.383342,266.148817,194.803951,17.092485,27.032787
143,11dd74426e8374ac110c4036c77c09ab_000000000149,0.383342,282.213296,155.858900,19.029339,15.772070
144,11dd74426e8374ac110c4036c77c09ab_000000000150,0.390658,272.063630,195.985005,20.467043,28.058846
144,11dd74426e8374ac110c4036c77c09ab_000000000150,0.390658,291.306459,159.683147,18.519001,13.627187
145,11dd74426e8374ac110c4036c77c09ab_000000000151,0.390658,270.709561,195.654267,20.467091,28.110146
145,11dd74426e8374ac110c4036c77c09ab_000000000151,0.390658,289.750814,159.578150,17.970259,16.016970
146,11dd74426e8374ac110c4036c77c09ab_000000000152,0.390658,271.918945,196.573114,18.208387,28.219357
146,11dd74426e8374ac110c4036c77c09ab_000000000152,0.390658,290.705689,160.638260,18.507866,14.640534
147,11dd74426e8374ac110c4036c77c09ab_000000000153,0.390658,272.732688,196.180214,18.125410,28.133656
147,11dd74426e8374ac110c4036c77c09ab_000000000153,0.390658,291.417738,159.456511,18.746447,13.716907
148,11dd74426e8374ac110c4036c77c09ab_000000000154,0.390658,273.087461,194.767955,17.789307,30.884216
148,11dd74426e8374ac110c4036c77c09ab_000000000154,0.390658,292.793862,159.208773,18.491270,12.930471
149,11dd74426e8374ac110c4036c77c09ab_000000000155,0.390658,272.020544,193.760361,17.789307,30.884211
149,11dd74426e8374ac110c4036c77c09ab_000000000155,0.390658,290.710457,159.942341,18.692226,12.997469
150,11dd74426e8374ac110c4036c77c09ab_000000000156,0.390658,272.635453,192.121847,21.095520,28.127361
150,11dd74426e8374ac110c4036c77c09ab_000000000156,0.390658,292.396242,159.381975,18.555267,13.166652
151,11dd74426e8374ac110c4036c77c09ab_000000000157,0.390658,274.272716,192.719958,23.585510,27.079660
151,11dd74426e8374ac110c4036c77c09ab_000000000157,0.390658,291.406388,159.731991,18.852242,14.032427
152,11dd74426e8374ac110c4036c77c09ab_000000000158,0.388955,274.422795,191.023444,23.826597,26.904787
152,11dd74426e8374ac110c4036c77c09ab_000000000158,0.388955,291.410017,159.088628,18.090368,13.393841
153,11dd74426e8374ac110c4036c77c09ab_000000000159,0.390658,274.204355,194.754447,16.946617,32.320889
153,11dd74426e8374ac110c4036c77c09ab_000000000159,0.390658,293.366926,160.917853,17.179024,13.312963
154,11dd74426e8374ac110c4036c77c09ab_000000000160,0.383342,267.955558,189.566813,16.728821,31.396826
154,11dd74426e8374ac110c4036c77c09ab_000000000160,0.383342,286.201625,156.445096,16.914831,13.217299
155,11dd74426e8374ac110c4036c77c09ab_000000000161,0.383342,270.655678,188.337764,15.880248,32.609051
155,11dd74426e8374ac110c4036c77c09ab_000000000161,0.383342,288.309957,157.006456,17.314995,13.886288
156,11dd74426e8374ac110c4036c77c09ab_000000000162,0.383342,269.635485,188.010494,16.001469,32.487843
156,11dd74426e8374ac110c4036c77c09ab_000000000162,0.383342,286.652796,156.921489,16.972130,13.886279
157,11dd74426e8374ac110c4036c77c09ab_000000000163,0.376288,263.642719,184.049236,29.954771,21.738140
157,11dd74426e8374ac110c4036c77c09ab_000000000163,0.376288,281.183305,152.946985,16.659855,14.135629
158,11dd74426e8374ac110c4036c77c09ab_000000000164,0.383342,268.849733,187.057779,19.933762,32.584034
158,11dd74426e8374ac110c4036c77c09ab_000000000164,0.383342,287.427060,156.202068,17.684742,14.003160
159,11dd74426e8374ac110c4036c77c09ab_000000000165,0.383342,268.171164,187.054515,15.880248,35.518421
159,11dd74426e8374ac110c4036c77c09ab_000000000165,0.383342,286.176871,155.861251,17.654818,13.862668
160,11dd74426e8374ac110c4036c77c09ab_000000000166,0.383342,270.019341,186.258292,20.317104,32.200691
160,11dd74426e8374ac110c4036c77c09ab_000000000166,0.383342,287.329961,156.691786,16.243937,14.668015
161,11dd74426e8374ac110c4036c77c09ab_000000000167,0.383342,267.159277,186.408995,20.700445,32.200691
161,11dd74426e8374ac110c4036c77c09ab_000000000167,0.383342,285.916155,156.297529,16.629267,13.714849
162,11dd74426e8374ac110c4036c77c09ab_000000000168,0.390658,274.631923,189.935424,16.855177,31.335253
162,11dd74426e8374ac110c4036c77c09ab_000000000168,0.390658,293.097609,159.410015,17.198147,13.255798
163,11dd74426e8374ac110c4036c77c09ab_000000000169,0.398252,281.356102,193.903017,32.872845,14.188026
163,11dd74426e8374ac110c4036c77c09ab_000000000169,0.398252,298.311107,161.675780,17.632233,13.713973
164,11dd74426e8374ac110c4036c77c09ab_000000000170,0.390658,267.883515,200.319461,3.953192,7.412221
164,11dd74426e8374ac110c4036c77c09ab_000000000170,0.390658,276.664612,185.151035,23.535522,14.041720
164,11dd74426e8374ac110c4036c77c09ab_000000000170,0.390658,292.012952,158.418111,17.918207,11.461842
165,11dd74426e8374ac110c4036c77c09ab_000000000171,0.390658,280.708245,182.368909,16.924562,14.577349
165,11dd74426e8374ac110c4036c77c09ab_000000000171,0.390658,294.210354,158.411935,19.518822,12.106612
166,11dd74426e8374ac110c4036c77c09ab_000000000172,0.390658,278.413416,181.055602,17.330868,14.350737
166,11dd74426e8374ac110c4036c77c09ab_000000000172,0.390658,292.908194,156.524455,19.518822,11.983071
167,11dd74426e8374ac110c4036c77c09ab_000000000173,0.390658,279.419985,181.576960,16.902601,15.669368
167,11dd74426e8374ac110c4036c77c09ab_000000000173,0.390658,294.568847,157.124689,20.593060,12.315800
168,11dd74426e8374ac110c4036c77c09ab_000000000174,0.390658,280.595821,182.066104,18.360916,13.673022
168,11dd74426e8374ac110c4036c77c09ab_000000000174,0.390658,293.849454,157.329877,20.483925,12.345221
169,11dd74426e8374ac110c4036c77c09ab_000000000175,0.390658,279.497668,181.583016,19.532888,18.579683
169,11dd74426e8374ac110c4036c77c09ab_000000000175,0.390658,291.102164,157.123055,20.966667,12.140601
170,11dd74426e8374ac110c4036c77c09ab_000000000176,0.390658,277.889924,183.134941,19.357214,16.556150
170,11dd74426e8374ac110c4036c77c09ab_000000000176,0.390658,292.117436,158.331927,20.762493,11.262313
171,11dd74426e8374ac110c4036c77c09ab_000000000177,0.390658,279.273536,183.119312,16.411823,18.059103
171,11dd74426e8374ac110c4036c77c09ab_000000000177,0.390658,292.642978,158.108069,21.367340,11.005592
172,11dd74426e8374ac110c4036c77c09ab_000000000178,0.390658,278.854718,183.990137,16.469025,18.094278
172,11dd74426e8374ac110c4036c77c09ab_000000000178,0.390658,291.668599,158.729082,21.169769,11.842267
173,11dd74426e8374ac110c4036c77c09ab_000000000179,0.390658,279.726831,182.932304,16.771936,17.820162
173,11dd74426e8374ac110c4036c77c09ab_000000000179,0.390658,292.021894,157.669914,22.041811,11.043539
174,11dd74426e8374ac110c4036c77c09ab_000000000180,0.383342,273.973768,178.088220,16.560385,17.327044
174,11dd74426e8374ac110c4036c77c09ab_000000000180,0.383342,288.490000,153.949808,21.755922,11.063905
175,11dd74426e8374ac110c4036c77c09ab_000000000181,0.383342,274.775313,178.438618,16.488157,17.245714
175,11dd74426e8374ac110c4036c77c09ab_000000000181,0.383342,288.126195,154.375007,21.848902,11.063905
176,11dd74426e8374ac110c4036c77c09ab_000000000182,0.381732,272.722697,177.746478,16.375111,16.626488
176,11dd74426e8374ac110c4036c77c09ab_000000000182,0.381732,284.521843,153.952181,21.638794,11.360367
177,11dd74426e8374ac110c4036c77c09ab_000000000183,0.381732,273.715284,178.758870,16.313461,16.603281
177,11dd74426e8374ac110c4036c77c09ab_000000000183,0.381732,285.833139,154.683540,21.849766,11.295205
178,11dd74426e8374ac110c4036c77c09ab_000000000184,0.376288,269.317223,176.603899,16.491577,15.145325
178,11dd74426e8374ac110c4036c77c09ab_000000000184,0.376288,282.885720,151.693422,20.663960,14.193457
179,11dd74426e8374ac110c4036c77c09ab_000000000185,0.376288,268.687243,176.266493,16.491600,15.145319
179,11dd74426e8374ac110c4036c77c09ab_000000000185,0.376288,282.010455,151.516221,21.720661,11.042866
180,11dd74426e8374ac110c4036c77c09ab_000000000186,0.376288,269.155192,174.599343,16.496721,14.102029
180,11dd74426e8374ac110c4036c77c09ab_000000000186,0.376288,279.764116,152.336447,21.203449,13.462506
181,11dd74426e8374ac110c4036c77c09ab_000000000187,0.383342,274.326763,178.596468,16.860455,14.226692
181,11dd74426e8374ac110c4036c77c09ab_000000000187,0.383342,287.033026,154.565426,22.452810,11.267971
182,11dd74426e8374ac110c4036c77c09ab_000000000188,0.383342,274.350746,178.813840,16.972130,14.400587
182,11dd74426e8374ac110c4036c77c09ab_000000000188,0.383342,288.457992,154.675803,22.329460,11.233822
183,11dd74426e8374ac110c4036c77c09ab_000000000189,0.383342,274.497002,179.286548,17.143562,14.229149
183,11dd74426e8374ac110c4036c77c09ab_000000000189,0.383342,287.030686,154.380821,22.561678,10.969954
184,11dd74426e8374ac110c4036c77c09ab_000000000190,0.383342,274.901238,179.090186,17.143539,14.229152
184,11dd74426e8374ac110c4036c77c09ab_000000000190,0.383342,287.339530,154.537829,22.488819,11.067783
185,11dd74426e8374ac110c4036c77c09ab_000000000191,0.390658,279.309659,181.988540,17.133577,14.689683
185,11dd74426e8374ac110c4036c77c09ab_000000000191,0.390658,292.799013,158.253588,22.542532,11.174937
186,11dd74426e8374ac110c4036c77c09ab_000000000192,0.390658,279.747266,181.413307,17.125494,14.736742
186,11dd74426e8374ac110c4036c77c09ab_000000000192,0.390658,293.248684,157.976451,22.542509,11.174937
187,11dd74426e8374ac110c4036c77c09ab_000000000193,0.376288,271.135046,174.749811,15.631837,14.162529
187,11dd74426e8374ac110c4036c77c09ab_000000000193,0.376288,281.834598,152.569032,21.703321,11.318111
188,11dd74426e8374ac110c4036c77c09ab_000000000194,0.383342,274.899179,173.336997,16.463684,17.780773
188,11dd74426e8374ac110c4036c77c09ab_000000000194,0.383342,287.926522,155.220282,20.456972,11.642187
189,11dd74426e8374ac110c4036c77c09ab_000000000195,0.383342,275.430438,171.907176,16.800674,18.172178
189,11dd74426e8374ac110c4036c77c09ab_000000000195,0.383342,287.793204,154.953903,19.794876,11.622066
190,11dd74426e8374ac110c4036c77c09ab_000000000196,0.383342,276.043588,168.601592,17.522224,16.687836
190,11dd74426e8374ac110c4036c77c09ab_000000000196,0.383342,286.199262,156.030472,17.649109,13.396300
191,11dd74426e8374ac110c4036c77c09ab_000000000197,0.383342,275.056502,168.504072,17.718552,16.884159
191,11dd74426e8374ac110c4036c77c09ab_000000000197,0.383342,286.397508,155.107554,18.222904,11.993644
192,11dd74426e8374ac110c4036c77c09ab_000000000198,0.383342,275.342605,169.789274,17.138369,17.762754
192,11dd74426e8374ac110c4036c77c09ab_000000000198,0.383342,286.374953,155.513626,17.853203,12.445376
193,11dd74426e8374ac110c4036c77c09ab_000000000199,0.383342,276.493729,169.719433,17.125734,18.135542
193,11dd74426e8374ac110c4036c77c09ab_000000000199,0.383342,288.066438,155.454501,18.008350,12.321505
194,11dd74426e8374ac110c4036c77c09ab_000000000200,0.383342,274.939446,168.150503,17.486427,17.486429
194,11dd74426e8374ac110c4036c77c09ab_000000000200,0.383342,285.843506,154.090437,17.334929,12.728449
195,11dd74426e8374ac110c4036c77c09ab_000000000201,0.383342,276.376321,167.957545,17.657858,17.657867
195,11dd74426e8374ac110c4036c77c09ab_000000000201,0.383342,286.170390,155.637760,18.861534,14.154552
196,11dd74426e8374ac110c4036c77c09ab_000000000202,0.383342,274.783807,167.674918,17.717218,17.980932
196,11dd74426e8374ac110c4036c77c09ab_000000000202,0.383342,286.088944,155.006875,18.062281,13.092118
197,11dd74426e8374ac110c4036c77c09ab_000000000203,0.383342,278.415608,168.778534,17.682215,18.569334
197,11dd74426e8374ac110c4036c77c09ab_000000000203,0.383342,287.045707,154.766924,17.968060,13.927904
198,11dd74426e8374ac110c4036c77c09ab_000000000204,0.383342,277.381657,168.003521,17.829290,18.686483
198,11dd74426e8374ac110c4036c77c09ab_000000000204,0.383342,287.457593,154.389970,16.728821,12.849669
199,11dd74426e8374ac110c4036c77c09ab_000000000205,0.392232,283.613617,171.326225,18.489452,20.395042
199,11dd74426e8374ac110c4036c77c09ab_000000000205,0.392232,293.491603,158.020301,18.109070,13.023654
200,11dd74426e8374ac110c4036c77c09ab_000000000206,0.390658,282.795870,171.049824,18.415232,20.313177
200,11dd74426e8374ac110c4036c77c09ab_000000000206,0.390658,292.268677,157.520079,18.036377,12.971375
201,11dd74426e8374ac110c4036c77c09ab_000000000207,0.383342,276.986079,169.238314,17.577394,20.729172
201,11dd74426e8374ac110c4036c77c09ab_000000000207,0.383342,288.408507,156.724097,20.633179,13.493447
202,11dd74426e8374ac110c4036c77c09ab_000000000208,0.383342,276.164154,168.912729,17.577349,20.729172
202,11dd74426e8374ac110c4036c77c09ab_000000000208,0.383342,287.256376,155.449225,19.399462,12.910573
203,11dd74426e8374ac110c4036c77c09ab_000000000209,0.390658,282.948089,172.432160,18.283447,21.866022
203,11dd74426e8374ac110c4036c77c09ab_000000000209,0.390658,295.430135,159.743925,21.489038,14.151314
204,11dd74426e8374ac110c4036c77c09ab_000000000210,0.383342,277.591203,170.164123,18.080906,21.070688
204,11dd74426e8374ac110c4036c77c09ab_000000000210,0.383342,289.738410,156.836849,19.615957,14.035551
205,11dd74426e8374ac110c4036c77c09ab_000000000211,0.383342,277.344713,169.497100,17.819815,21.456512
205,11dd74426e8374ac110c4036c77c09ab_000000000211,0.383342,289.320745,156.776215,19.588043,14.111820
206,11dd74426e8374ac110c4036c77c09ab_000000000212,0.376288,273.840836,169.495427,18.174379,20.698601
206,11dd74426e8374ac110c4036c77c09ab_000000000212,0.376288,284.993247,154.192281,18.812374,15.188238
207,11dd74426e8374ac110c4036c77c09ab_000000000213,0.376288,273.841640,168.707769,18.174402,20.866884
207,11dd74426e8374ac110c4036c77c09ab_000000000213,0.376288,285.013412,155.360522,19.157841,15.112092
208,11dd74426e8374ac110c4036c77c09ab_000000000214,0.383342,278.129459,171.085942,17.486427,21.943754
208,11dd74426e8374ac110c4036c77c09ab_000000000214,0.383342,290.220980,156.650232,19.274519,15.759021
209,11dd74426e8374ac110c4036c77c09ab_000000000215,0.383342,279.947594,170.828899,17.297867,22.494381
209,11dd74426e8374ac110c4036c77c09ab_000000000215,0.383342,291.672713,157.519770,19.274519,15.759021
210,11dd74426e8374ac110c4036c77c09ab_000000000216,0.383342,278.900002,171.402379,17.084343,22.779116
210,11dd74426e8374ac110c4036c77c09ab_000000000216,0.383342,291.562933,157.849122,20.229387,15.429209
211,11dd74426e8374ac110c4036c77c09ab_000000000217,0.383342,276.960576,170.994798,17.213707,23.517319
211,11dd74426e8374ac110c4036c77c09ab_000000000217,0.383342,289.090609,157.442547,19.886522,15.772074
212,11dd74426e8374ac110c4036c77c09ab_000000000218,0.383342,277.663337,169.827845,19.516962,21.820194
212,11dd74426e8374ac110c4036c77c09ab_000000000218,0.383342,289.314030,157.724134,20.160202,15.405442
213,11dd74426e8374ac110c4036c77c09ab_000000000219,0.383342,279.680794,172.214511,17.250372,23.767178
213,11dd74426e8374ac110c4036c77c09ab_000000000219,0.383342,291.991665,159.576183,19.543682,14.914901
214,11dd74426e8374ac110c4036c77c09ab_000000000220,0.383342,280.264931,171.405678,19.153275,22.183859
214,11dd74426e8374ac110c4036c77c09ab_000000000220,0.383342,291.214781,160.221563,20.073257,14.587650
215,11dd74426e8374ac110c4036c77c09ab_000000000221,0.383342,282.229885,171.621097,19.245531,23.040405
215,11dd74426e8374ac110c4036c77c09ab_000000000221,0.383342,290.920793,159.245392,19.277748,14.148282
216,11dd74426e8374ac110c4036c77c09ab_000000000222,0.376288,276.159474,168.830171,18.891426,22.882553
216,11dd74426e8374ac110c4036c77c09ab_000000000222,0.376288,284.790381,155.874003,18.923050,13.887966
217,11dd74426e8374ac110c4036c77c09ab_000000000223,0.390658,285.845333,176.762563,19.295214,25.391960
217,11dd74426e8374ac110c4036c77c09ab_000000000223,0.390658,296.900109,163.065803,20.088737,13.101354
218,11dd74426e8374ac110c4036c77c09ab_000000000224,0.383342,280.920641,173.245022,18.172155,25.715343
218,11dd74426e8374ac110c4036c77c09ab_000000000224,0.383342,289.673436,159.246000,19.456528,14.459497
219,11dd74426e8374ac110c4036c77c09ab_000000000225,0.383342,280.236153,173.325439,18.708422,25.330858
219,11dd74426e8374ac110c4036c77c09ab_000000000225,0.383342,290.662791,158.334008,19.456528,14.459498
220,11dd74426e8374ac110c4036c77c09ab_000000000226,0.383342,281.198437,174.581114,18.857906,25.543900
220,11dd74426e8374ac110c4036c77c09ab_000000000226,0.383342,291.272876,160.924021,18.877350,14.930597
221,11dd74426e8374ac110c4036c77c09ab_000000000227,0.383342,281.697058,174.752734,18.857906,25.543905
221,11dd74426e8374ac110c4036c77c09ab_000000000227,0.383342,292.167777,160.974336,18.840124,14.893367
222,11dd74426e8374ac110c4036c77c09ab_000000000228,0.383342,281.220665,174.519778,18.857906,25.886776
222,11dd74426e8374ac110c4036c77c09ab_000000000228,0.383342,290.598917,160.294410,19.293119,14.823816
223,11dd74426e8374ac110c4036c77c09ab_000000000229,0.383342,282.097292,174.262665,18.857931,25.886770
223,11dd74426e8374ac110c4036c77c09ab_000000000229,0.383342,291.801889,160.381647,19.287037,14.788677
224,11dd74426e8374ac110c4036c77c09ab_000000000230,0.383342,283.507121,173.966783,19.200794,25.886778
224,11dd74426e8374ac110c4036c77c09ab_000000000230,0.383342,293.440778,160.200307,20.807558,16.255520
225,11dd74426e8374ac110c4036c77c09ab_000000000231,0.383342,282.044578,173.772667,17.846815,24.529490
225,11dd74426e8374ac110c4036c77c09ab_000000000231,0.383342,292.922434,161.323389,15.637805,23.032433
226,11dd74426e8374ac110c4036c77c09ab_000000000232,0.383342,281.914910,173.946684,17.783480,24.767031
226,11dd74426e8374ac110c4036c77c09ab_000000000232,0.383342,292.641034,161.609211,16.001446,23.032433
227,11dd74426e8374ac110c4036c77c09ab_000000000233,0.376288,279.630289,172.276629,17.011271,20.872715
227,11dd74426e8374ac110c4036c77c09ab_000000000233,0.376288,290.134071,158.291249,21.871967,14.627940
228,11dd74426e8374ac110c4036c77c09ab_000000000234,0.376288,279.741563,173.548657,17.967953,23.203594
228,11dd74426e8374ac110c4036c77c09ab_000000000234,0.376288,289.245278,157.724393,21.772980,14.925257
229,11dd74426e8374ac110c4036c77c09ab_000000000235,0.376288,279.079177,173.018595,18.110828,21.015558
229,11dd74426e8374ac110c4036c77c09ab_000000000235,0.376288,288.568285,159.151575,21.611111,14.995093
230,11dd74426e8374ac110c4036c77c09ab_000000000236,0.376288,280.161902,172.181764,14.368111,22.616459
230,11dd74426e8374ac110c4036c77c09ab_000000000236,0.376288,289.292521,157.811817,21.617840,15.281587
231,11dd74426e8374ac110c4036c77c09ab_000000000237,0.376288,280.104622,173.541572,15.698509,23.148636
231,11dd74426e8374ac110c4036c77c09ab_000000000237,0.376288,288.774068,157.292307,21.357924,15.482157
232,11dd74426e8374ac110c4036c77c09ab_000000000238,0.376288,280.195663,172.562876,16.230650,22.616482
232,11dd74426e8374ac110c4036c77c09ab_000000000238,0.376288,288.714722,158.312160,21.567244,16.630882
233,11dd74426e8374ac110c4036c77c09ab_000000000239,0.376288,281.527692,172.976129,16.230650,22.350401
233,11dd74426e8374ac110c4036c77c09ab_000000000239,0.376288,290.451450,159.216869,18.443871,20.109787
234,11dd74426e8374ac110c4036c77c09ab_000000000240,0.376288,279.560860,173.630913,18.006100,24.232502
234,11dd74426e8374ac110c4036c77c09ab_000000000240,0.376288,288.419368,159.148244,21.521334,16.299261
235,11dd74426e8374ac110c4036c77c09ab_000000000241,0.376288,279.313875,174.552170,19.038872,24.155540
235,11dd74426e8374ac110c4036c77c09ab_000000000241,0.376288,288.457195,158.674290,21.679598,16.439922
236,11dd74426e8374ac110c4036c77c09ab_000000000242,0.383342,287.387612,169.231061,22.848553,44.023579
237,11dd74426e8374ac110c4036c77c09ab_000000000243,0.383342,288.826430,167.718741,30.875891,34.293312
238,11dd74426e8374ac110c4036c77c09ab_000000000244,0.369484,275.852967,162.881253,32.436874,29.694471
239,11dd74426e8374ac110c4036c77c09ab_000000000245,0.376288,280.186867,166.979573,31.862993,33.260502
240,11dd74426e8374ac110c4036c77c09ab_000000000246,0.383342,285.500572,169.417292,21.943756,42.687450
241,11dd74426e8374ac110c4036c77c09ab_000000000247,0.383342,286.265991,168.970918,22.183859,43.276707
242,11dd74426e8374ac110c4036c77c09ab_000000000248,0.383342,287.550621,169.383319,39.336231,25.048321
243,11dd74426e8374ac110c4036c77c09ab_000000000249,0.383342,287.465338,169.302610,39.337505,26.635267
244,11dd74426e8374ac110c4036c77c09ab_000000000250,0.383342,286.977504,169.749522,39.728420,26.342777
245,11dd74426e8374ac110c4036c77c09ab_000000000251,0.376288,281.986248,166.158751,39.756821,25.509750
246,11dd74426e8374ac110c4036c77c09ab_000000000252,0.383342,286.886090,169.903336,40.484676,26.015076
247,11dd74426e8374ac110c4036c77c09ab_000000000253,0.376288,283.682784,166.020605,30.660427,34.541496
248,11dd74426e8374ac110c4036c77c09ab_000000000254,0.376288,281.813859,169.097688,32.477242,33.219574
249,11dd74426e8374ac110c4036c77c09ab_000000000255,0.376288,282.556583,168.764704,27.292780,35.414490
250,11dd74426e8374ac110c4036c77c09ab_000000000256,0.383342,289.441919,175.727454,28.595448,29.761208
251,11dd74426e8374ac110c4036c77c09ab_000000000257,0.383342,290.197091,175.535935,27.698301,30.514097
252,11dd74426e8374ac110c4036c77c09ab_000000000258,0.383342,288.653594,175.864831,27.427338,31.053312
253,11dd74426e8374ac110c4036c77c09ab_000000000259,0.376288,282.654513,172.111555,24.106869,32.631622
254,11dd74426e8374ac110c4036c77c09ab_000000000260,0.383342,287.806751,174.811051,24.487114,32.124161
255,11dd74426e8374ac110c4036c77c09ab_000000000261,0.384829,289.923871,176.260043,39.425716,14.724545
256,11dd74426e8374ac110c4036c77c09ab_000000000262,0.384829,288.657369,176.811144,33.042206,31.382113
257,11dd74426e8374ac110c4036c77c09ab_000000000263,0.383342,286.456422,173.438963,39.033901,20.123047
258,11dd74426e8374ac110c4036c77c09ab_000000000264,0.390658,292.869733,178.322821,39.655319,20.383566
259,11dd74426e8374ac110c4036c77c09ab_000000000265,0.390658,293.148444,177.454619,40.989132,18.127914
260,11dd74426e8374ac110c4036c77c09ab_000000000266,0.390658,291.493537,178.008261,41.139301,17.645790
261,11dd74426e8374ac110c4036c77c09ab_000000000267,0.383342,285.043950,175.508221,22.972395,38.573006
262,11dd74426e8374ac110c4036c77c09ab_000000000268,0.383342,286.809371,175.162245,41.664215,14.409329
263,11dd74426e8374ac110c4036c77c09ab_000000000269,0.383342,285.787961,175.426272,41.577213,14.899292
264,11dd74426e8374ac110c4036c77c09ab_000000000270,0.383342,285.800455,177.706972,42.387703,16.149809
265,11dd74426e8374ac110c4036c77c09ab_000000000271,0.383342,284.295353,177.593413,42.241310,14.748216
266,11dd74426e8374ac110c4036c77c09ab_000000000272,0.383342,282.228411,179.054540,29.066132,37.069843
267,11dd74426e8374ac110c4036c77c09ab_000000000273,0.383342,282.633231,177.226812,25.268280,39.714489
268,11dd74426e8374ac110c4036c77c09ab_000000000274,0.383342,284.701928,176.888499,32.641335,37.921558
269,11dd74426e8374ac110c4036c77c09ab_000000000275,0.383342,286.843999,175.545107,24.000988,44.401806
270,11dd74426e8374ac110c4036c77c09ab_000000000276,0.392232,290.778176,180.215646,48.704109,15.372326
271,11dd74426e8374ac110c4036c77c09ab_000000000277,0.392232,291.709345,179.160875,29.585527,41.381683
272,11dd74426e8374ac110c4036c77c09ab_000000000278,0.392232,289.751487,180.007871,24.890709,44.803299
273,11dd74426e8374ac110c4036c77c09ab_000000000279,0.383342,284.467861,175.111461,26.547901,43.519142
274,11dd74426e8374ac110c4036c77c09ab_000000000280,0.383342,284.595493,175.163731,33.899315,37.897835
275,11dd74426e8374ac110c4036c77c09ab_000000000281,0.383342,285.203028,175.418621,26.426680,43.276707
276,11dd74426e8374ac110c4036c77c09ab_000000000282,0.383342,285.495401,174.639175,27.539106,42.598717
277,11dd74426e8374ac110c4036c77c09ab_000000000283,0.392232,289.640549,179.795224,14.976933,49.368317
278,11dd74426e8374ac110c4036c77c09ab_000000000284,0.392232,290.342038,179.677392,21.888615,49.442516
279,11dd74426e8374ac110c4036c77c09ab_000000000285,0.392232,291.578058,179.850729,28.443974,47.089497
280,11dd74426e8374ac110c4036c77c09ab_000000000286,0.390658,289.911497,179.310660,22.159838,48.833683
281,11dd74426e8374ac110c4036c77c09ab_000000000287,0.390658,290.440736,178.915353,14.916814,50.827560
282,11dd74426e8374ac110c4036c77c09ab_000000000288,0.392232,283.427053,186.422044,27.649670,18.603813
282,11dd74426e8374ac110c4036c77c09ab_000000000288,0.392232,301.903122,169.452923,11.039074,16.124514
283,11dd74426e8374ac110c4036c77c09ab_000000000289,0.392232,283.649096,185.672197,27.890457,17.716574
283,11dd74426e8374ac110c4036c77c09ab_000000000289,0.392232,296.685432,171.982060,1.961161,2.353394
283,11dd74426e8374ac110c4036c77c09ab_000000000289,0.392232,304.333938,167.553132,12.435444,13.624362
284,11dd74426e8374ac110c4036c77c09ab_000000000290,0.383342,278.418181,183.281862,14.503971,22.592680
284,11dd74426e8374ac110c4036c77c09ab_000000000290,0.383342,298.279412,161.163188,10.043530,12.650270
285,11dd74426e8374ac110c4036c77c09ab_000000000291,0.383342,275.839447,184.423417,16.692228,19.669174
285,11dd74426e8374ac110c4036c77c09ab_000000000291,0.383342,297.261840,161.132198,11.554505,10.057803
286,11dd74426e8374ac110c4036c77c09ab_000000000292,0.390658,280.340668,188.533000,18.083755,18.835003
286,11dd74426e8374ac110c4036c77c09ab_000000000292,0.390658,303.123833,163.629639,11.836043,10.310776
287,11dd74426e8374ac110c4036c77c09ab_000000000293,0.383342,276.141225,185.157882,16.942627,20.953773
287,11dd74426e8374ac110c4036c77c09ab_000000000293,0.383342,296.576228,160.250388,13.881018,10.677715
288,11dd74426e8374ac110c4036c77c09ab_000000000294,0.383342,276.315348,187.742127,19.562845,16.373253
288,11dd74426e8374ac110c4036c77c09ab_000000000294,0.383342,297.723141,160.677787,12.547651,9.941308
289,11dd74426e8374ac110c4036c77c09ab_000000000295,0.398252,287.777932,194.207770,17.742928,20.492781
289,11dd74426e8374ac110c4036c77c09ab_000000000295,0.398252,310.482961,167.285028,17.127586,12.216002
290,11dd74426e8374ac110c4036c77c09ab_000000000296,0.398252,287.935079,195.489314,16.741732,20.660013
290,11dd74426e8374ac110c4036c77c09ab_000000000296,0.398252,309.775933,167.007511,15.133558,11.628956
291,11dd74426e8374ac110c4036c77c09ab_000000000297,0.398252,285.573208,195.545063,16.424498,18.529203
291,11dd74426e8374ac110c4036c77c09ab_000000000297,0.398252,307.081804,167.211073,17.428707,13.989989
292,11dd74426e8374ac110c4036c77c09ab_000000000298,0.390658,280.274835,194.125077,17.296024,18.344288
292,11dd74426e8374ac110c4036c77c09ab_000000000298,0.390658,302.249335,164.927544,16.801003,12.600764
293,11dd74426e8374ac110c4036c77c09ab_000000000299,0.390658,278.763253,194.198778,17.296072,18.344290
293,11dd74426e8374ac110c4036c77c09ab_000000000299,0.390658,301.921220,163.926078,16.891657,12.437457
294,11dd74426e8374ac110c4036c77c09ab_000000000300,0.383342,273.422364,187.659218,18.256081,16.612829
294,11dd74426e8374ac110c4036c77c09ab_000000000300,0.383342,296.519958,158.972298,15.429194,11.486189
295,11dd74426e8374ac110c4036c77c09ab_000000000301,0.383342,272.281932,187.554410,17.963451,16.815420
295,11dd74426e8374ac110c4036c77c09ab_000000000301,0.383342,295.622109,158.910132,15.176434,11.230564
296,11dd74426e8374ac110c4036c77c09ab_000000000302,0.383342,272.911881,190.299512,16.587666,17.046183
296,11dd74426e8374ac110c4036c77c09ab_000000000302,0.383342,294.295248,158.986185,14.547912,11.793971
297,11dd74426e8374ac110c4036c77c09ab_000000000303,0.383342,273.136425,189.471902,16.587666,17.046188
297,11dd74426e8374ac110c4036c77c09ab_000000000303,0.383342,293.458606,158.545473,15.115905,10.768041
298,11dd74426e8374ac110c4036c77c09ab_000000000304,0.376288,267.992198,185.627068,16.323299,15.986720
298,11dd74426e8374ac110c4036c77c09ab_000000000304,0.376288,288.890648,154.503952,16.932976,8.654633
299,11dd74426e8374ac110c4036c77c09ab_000000000305,0.376288,266.892822,186.092835,15.187016,17.718212
299,11dd74426e8374ac110c4036c77c09ab_000000000305,0.376288,287.234901,154.406262,16.197762,10.647933
300,11dd74426e8374ac110c4036c77c09ab_000000000306,0.376288,267.906555,184.755362,15.145330,18.006104
300,11dd74426e8374ac110c4036c77c09ab_000000000306,0.376288,288.998798,152.018276,14.449826,9.903115
301,11dd74426e8374ac110c4036c77c09ab_000000000307,0.383342,272.457037,190.408496,15.600650,18.172173
301,11dd74426e8374ac110c4036c77c09ab_000000000307,0.383342,296.066939,153.666525,18.000723,9.874696
302,11dd74426e8374ac110c4036c77c09ab_000000000308,0.383342,272.232727,189.791486,15.429194,18.172171
302,11dd74426e8374ac110c4036c77c09ab_000000000308,0.383342,296.569934,153.764571,18.218973,11.057757
303,11dd74426e8374ac110c4036c77c09ab_000000000309,0.384829,272.136126,190.029527,14.800670,18.758980
303,11dd74426e8374ac110c4036c77c09ab_000000000309,0.384829,290.956713,154.649435,22.362169,8.170803
304,11dd74426e8374ac110c4036c77c09ab_000000000310,0.383342,273.478424,189.982583,14.410967,18.501823
304,11dd74426e8374ac110c4036c77c09ab_000000000310,0.383342,291.736400,154.692520,22.410368,8.648185
305,11dd74426e8374ac110c4036c77c09ab_000000000311,0.383342,272.635863,189.218427,14.691032,19.008825
305,11dd74426e8374ac110c4036c77c09ab_000000000311,0.383342,288.430243,155.317229,20.123070,13.940675
306,11dd74426e8374ac110c4036c77c09ab_000000000312,0.376288,268.367752,186.132717,14.130979,18.973095
306,11dd74426e8374ac110c4036c77c09ab_000000000312,0.376288,285.598515,152.721141,19.633827,13.684175
307,11dd74426e8374ac110c4036c77c09ab_000000000313,0.390658,278.741031,192.859230,15.591547,20.026690
307,11dd74426e8374ac110c4036c77c09ab_000000000313,0.390658,296.019460,157.464476,20.383566,14.577349
308,11dd74426e8374ac110c4036c77c09ab_000000000314,0.390658,278.829611,193.359319,17.579599,19.142231
308,11dd74426e8374ac110c4036c77c09ab_000000000314,0.390658,296.528049,156.910392,22.658152,11.329076
309,11dd74426e8374ac110c4036c77c09ab_000000000315,0.390658,279.294280,191.317629,15.602277,20.803011
309,11dd74426e8374ac110c4036c77c09ab_000000000315,0.390658,296.610310,156.759699,23.682007,11.244620
310,11dd74426e8374ac110c4036c77c09ab_000000000316,0.390658,279.466266,193.105501,16.685766,21.778149
310,11dd74426e8374ac110c4036c77c09ab_000000000316,0.390658,297.180155,156.481334,22.264681,12.872632
311,11dd74426e8374ac110c4036c77c09ab_000000000317,0.398252,285.385944,197.269171,17.010061,22.201481
311,11dd74426e8374ac110c4036c77c09ab_000000000317,0.398252,304.104519,159.977730,22.278046,13.139603
312,11dd74426e8374ac110c4036c77c09ab_000000000318,0.390658,278.211173,191.571960,16.296728,21.413157
312,11dd74426e8374ac110c4036c77c09ab_000000000318,0.390658,294.600607,156.256987,21.960766,13.615684
313,11dd74426e8374ac110c4036c77c09ab_000000000319,0.390658,277.918752,191.487171,16.296753,21.413157
313,11dd74426e8374ac110c4036c77c09ab_000000000319,0.390658,295.025528,156.733590,24.066322,12.995810
314,11dd74426e8374ac110c4036c77c09ab_000000000320,0.390658,278.413416,191.591118,18.310963,22.211538
314,11dd74426e8374ac110c4036c77c09ab_000000000320,0.390658,295.440316,156.608743,24.829588,12.996382
315,11dd74426e8374ac110c4036c77c09ab_000000000321,0.390658,279.360685,189.524058,19.827862,21.453094
315,11dd74426e8374ac110c4036c77c09ab_000000000321,0.390658,295.616165,156.759568,24.710821,13.209569
316,11dd74426e8374ac110c4036c77c09ab_000000000322,0.390658,278.346630,190.024743,22.375185,18.231634
316,11dd74426e8374ac110c4036c77c09ab_000000000322,0.390658,295.709704,157.165629,25.080473,13.392952
317,11dd74426e8374ac110c4036c77c09ab_000000000323,0.390658,277.226135,189.434083,17.444191,23.511728
317,11dd74426e8374ac110c4036c77c09ab_000000000323,0.390658,294.725596,156.048746,23.570107,13.230087
318,11dd74426e8374ac110c4036c77c09ab_000000000324,0.390658,277.666102,188.924135,19.060328,22.651421
318,11dd74426e8374ac110c4036c77c09ab_000000000324,0.390658,294.547244,155.867199,23.827024,13.294316
319,11dd74426e8374ac110c4036c77c09ab_000000000325,0.390658,277.928766,187.847668,20.091360,21.314312
319,11dd74426e8374ac110c4036c77c09ab_000000000325,0.390658,296.353297,156.702330,22.373455,13.260381
320,11dd74426e8374ac110c4036c77c09ab_000000000326,0.390658,279.470653,188.089314,19.060352,22.927658
320,11dd74426e8374ac110c4036c77c09ab_000000000326,0.390658,297.762279,156.614347,22.373480,13.260375
321,11dd74426e8374ac110c4036c77c09ab_000000000327,0.383342,274.893727,184.952254,19.881796,21.370275
321,11dd74426e8374ac110c4036c77c09ab_000000000327,0.383342,289.986164,154.613168,23.490808,12.911187
322,11dd74426e8374ac110c4036c77c09ab_000000000328,0.383342,274.394007,180.275026,18.933762,13.774092
322,11dd74426e8374ac110c4036c77c09ab_000000000328,0.383342,288.888433,153.335008,24.263062,12.919294
323,11dd74426e8374ac110c4036c77c09ab_000000000329,0.383342,273.496510,179.180254,18.910831,13.698226
323,11dd74426e8374ac110c4036c77c09ab_000000000329,0.383342,289.088199,153.978820,24.423449,12.852904
324,11dd74426e8374ac110c4036c77c09ab_000000000330,0.390658,279.154555,181.458563,19.395287,14.700884
324,11dd74426e8374ac110c4036c77c09ab_000000000330,0.390658,284.146291,156.470974,1.048248,1.222975
324,11dd74426e8374ac110c4036c77c09ab_000000000330,0.390658,296.436179,156.854550,23.472013,14.206740
325,11dd74426e8374ac110c4036c77c09ab_000000000331,0.390658,280.255378,181.970729,19.329716,14.619361
325,11dd74426e8374ac110c4036c77c09ab_000000000331,0.390658,284.718305,156.838384,0.781316,1.171973
325,11dd74426e8374ac110c4036c77c09ab_000000000331,0.390658,297.121761,156.838407,23.910263,13.882163
326,11dd74426e8374ac110c4036c77c09ab_000000000332,0.383342,271.798333,176.791693,15.992743,16.805939
326,11dd74426e8374ac110c4036c77c09ab_000000000332,0.383342,294.231817,154.142590,20.285097,9.161003
327,11dd74426e8374ac110c4036c77c09ab_000000000333,0.390658,277.432170,181.608565,16.297993,16.850443
327,11dd74426e8374ac110c4036c77c09ab_000000000333,0.390658,300.180118,157.579558,20.672245,9.335844
328,11dd74426e8374ac110c4036c77c09ab_000000000334,0.390658,278.691889,180.652545,20.010267,15.715821
328,11dd74426e8374ac110c4036c77c09ab_000000000334,0.390658,300.353081,156.347236,21.851894,9.934329
329,11dd74426e8374ac110c4036c77c09ab_000000000335,0.390658,278.323310,180.570296,18.915703,15.722139
329,11dd74426e8374ac110c4036c77c09ab_000000000335,0.390658,299.865522,156.834259,21.646862,9.643625
330,11dd74426e8374ac110c4036c77c09ab_000000000336,0.392232,279.475212,182.055695,19.461510,15.461538
330,11dd74426e8374ac110c4036c77c09ab_000000000336,0.392232,301.969795,158.260574,18.906031,11.100031
331,11dd74426e8374ac110c4036c77c09ab_000000000337,0.390658,281.270316,181.239354,17.494478,14.782716
331,11dd74426e8374ac110c4036c77c09ab_000000000337,0.390658,302.690447,158.876270,19.088415,10.964753
332,11dd74426e8374ac110c4036c77c09ab_000000000338,0.390658,279.638800,180.838289,17.494478,14.782716
332,11dd74426e8374ac110c4036c77c09ab_000000000338,0.390658,302.528762,159.022636,18.829710,10.625909
334,11dd74426e8374ac110c4036c77c09ab_000000000374,0.383342,283.069942,126.974530,45.633934,28.117125
335,11dd74426e8374ac110c4036c77c09ab_000000000375,0.383342,283.778553,127.143868,27.106325,44.183342
336,11dd74426e8374ac110c4036c77c09ab_000000000376,0.383342,280.915611,124.217905,27.106348,42.285900
337,11dd74426e8374ac110c4036c77c09ab_000000000377,0.383342,282.512126,122.543313,38.548992,38.670212
338,11dd74426e8374ac110c4036c77c09ab_000000000378,0.376288,269.726216,122.493639,23.391108,41.228920
339,11dd74426e8374ac110c4036c77c09ab_000000000379,0.376288,271.746951,122.972876,23.174255,41.078728
340,11dd74426e8374ac110c4036c77c09ab_000000000380,0.383342,273.729219,123.285406,36.172901,41.830284
341,11dd74426e8374ac110c4036c77c09ab_000000000381,0.383342,272.459050,123.612874,48.344837,23.315235
342,11dd74426e8374ac110c4036c77c09ab_000000000382,0.383342,281.049607,124.058652,34.317940,50.035103
343,11dd74426e8374ac110c4036c77c09ab_000000000383,0.383342,279.369867,123.225696,37.105614,46.674412
344,11dd74426e8374ac110c4036c77c09ab_000000000384,0.383342,280.169470,125.805179,30.020203,49.063488
345,11dd74426e8374ac110c4036c77c09ab_000000000385,0.383342,281.424994,124.547597,49.701508,24.971975
346,11dd74426e8374ac110c4036c77c09ab_000000000386,0.383342,279.646845,125.264842,49.615757,25.754627
347,11dd74426e8374ac110c4036c77c09ab_000000000387,0.390658,282.350610,124.790055,48.011803,27.154888
348,11dd74426e8374ac110c4036c77c09ab_000000000388,0.390658,281.923948,126.677774,49.280632,25.303293
349,11dd74426e8374ac110c4036c77c09ab_000000000389,0.390658,281.029111,126.726618,49.192383,25.304665
350,11dd74426e8374ac110c4036c77c09ab_000000000390,0.383342,276.833669,120.831952,49.841824,22.843674
351,11dd74426e8374ac110c4036c77c09ab_000000000391,0.390658,282.666135,123.879327,50.378162,24.474361
352,11dd74426e8374ac110c4036c77c09ab_000000000392,0.390658,278.787789,124.435187,49.786858,25.881578
353,11dd74426e8374ac110c4036c77c09ab_000000000393,0.390658,279.004434,125.030294,30.987812,48.648685
354,11dd74426e8374ac110c4036c77c09ab_000000000394,0.343351,247.841292,110.953464,44.455944,23.128565
355,11dd74426e8374ac110c4036c77c09ab_000000000395,0.337676,242.875570,109.327389,34.183907,38.398335
356,11dd74426e8374ac110c4036c77c09ab_000000000396,0.337676,244.838971,108.557096,32.590931,39.341152
357,11dd74426e8374ac110c4036c77c09ab_000000000397,0.343351,248.973466,110.417418,45.578499,20.629129
358,11dd74426e8374ac110c4036c77c09ab_000000000398,0.343351,246.630469,110.933628,45.581367,20.523132
359,11dd74426e8374ac110c4036c77c09ab_000000000399,0.343351,245.997794,111.430821,37.367500,35.980778
360,11dd74426e8374ac110c4036c77c09ab_000000000400,0.343351,244.097000,111.091263,37.528469,35.683624
361,11dd74426e8374ac110c4036c77c09ab_000000000401,0.343351,243.977737,111.037604,40.745140,32.776066
362,11dd74426e8374ac110c4036c77c09ab_000000000402,0.343351,242.796274,112.705582,40.282085,33.658886
363,11dd74426e8374ac110c4036c77c09ab_000000000403,0.337676,239.261217,108.605355,46.661655,18.825819
364,11dd74426e8374ac110c4036c77c09ab_000000000404,0.337676,236.539817,107.666266,44.668949,18.560865
365,11dd74426e8374ac110c4036c77c09ab_000000000405,0.337676,236.904822,109.034365,44.654316,18.341482
366,11dd74426e8374ac110c4036c77c09ab_000000000406,0.338788,234.172116,109.859994,44.463680,19.173588
367,11dd74426e8374ac110c4036c77c09ab_000000000407,0.338788,236.958994,109.584708,44.161770,19.065205
368,11dd74426e8374ac110c4036c77c09ab_000000000408,0.338788,235.166583,108.201752,43.101505,19.154575
369,11dd74426e8374ac110c4036c77c09ab_000000000409,0.338788,233.860601,107.722271,40.780418,21.671564
370,11dd74426e8374ac110c4036c77c09ab_000000000410,0.333241,228.995806,107.079808,41.234001,19.355646
371,11dd74426e8374ac110c4036c77c09ab_000000000411,0.333241,229.947182,107.602947,37.953346,25.369633
372,11dd74426e8374ac110c4036c77c09ab_000000000412,0.339814,235.313177,109.522596,38.738777,26.505478
373,11dd74426e8374ac110c4036c77c09ab_000000000413,0.350446,242.760798,113.263886,37.848171,26.984343
374,11dd74426e8374ac110c4036c77c09ab_000000000414,0.338788,236.109376,107.774338,36.589153,26.086710
375,11dd74426e8374ac110c4036c77c09ab_000000000415,0.344520,237.441396,112.172527,36.519173,26.528076
376,11dd74426e8374ac110c4036c77c09ab_000000000416,0.344520,236.986164,113.226864,36.519173,26.528076
377,11dd74426e8374ac110c4036c77c09ab_000000000417,0.344520,239.604721,112.630777,36.174652,25.839035
378,11dd74426e8374ac110c4036c77c09ab_000000000418,0.344520,241.179498,111.421055,33.418488,24.805475
379,11dd74426e8374ac110c4036c77c09ab_000000000419,0.338788,237.355226,109.567421,33.201267,24.392769
380,11dd74426e8374ac110c4036c77c09ab_000000000420,0.338788,235.208642,110.874333,32.069664,24.171627
381,11dd74426e8374ac110c4036c77c09ab_000000000421,0.338788,235.071278,110.765866,32.089577,24.191519
382,11dd74426e8374ac110c4036c77c09ab_000000000422,0.344520,242.888453,112.055371,33.971161,24.758656
383,11dd74426e8374ac110c4036c77c09ab_000000000423,0.350446,247.022811,114.420985,34.557884,25.308699
384,11dd74426e8374ac110c4036c77c09ab_000000000424,0.338788,240.289704,109.785729,33.462433,23.751207
385,11dd74426e8374ac110c4036c77c09ab_000000000425,0.333241,239.830871,107.748242,36.589081,23.283453
386,11dd74426e8374ac110c4036c77c09ab_000000000426,0.350446,253.336871,114.979273,38.478157,24.485580
387,11dd74426e8374ac110c4036c77c09ab_000000000427,0.350446,253.953531,115.263968,38.052654,25.702774
388,11dd74426e8374ac110c4036c77c09ab_000000000428,0.350446,255.286035,114.444075,37.577206,25.025715
389,11dd74426e8374ac110c4036c77c09ab_000000000429,0.338788,245.771278,110.717873,35.750992,24.626295
390,11dd74426e8374ac110c4036c77c09ab_000000000430,0.338788,245.535983,111.575111,35.750969,24.488100
391,11dd74426e8374ac110c4036c77c09ab_000000000431,0.338788,244.187735,109.972731,36.390663,23.308672
392,11dd74426e8374ac110c4036c77c09ab_000000000432,0.338788,246.212919,109.651394,34.556423,27.441864
393,11dd74426e8374ac110c4036c77c09ab_000000000433,0.344520,253.158839,112.844031,36.731152,23.013659
394,11dd74426e8374ac110c4036c77c09ab_000000000434,0.344520,251.325967,112.538076,33.073967,29.973282
395,11dd74426e8374ac110c4036c77c09ab_000000000435,0.344520,251.686658,113.390514,36.125023,23.111732
396,11dd74426e8374ac110c4036c77c09ab_000000000436,0.338788,248.806416,111.370677,36.462334,22.724653
397,11dd74426e8374ac110c4036c77c09ab_000000000437,0.338788,247.501593,110.687807,34.870747,26.700651
398,11dd74426e8374ac110c4036c77c09ab_000000000438,0.344520,254.921205,114.444125,37.759983,22.656002
399,11dd74426e8374ac110c4036c77c09ab_000000000439,0.344520,252.557379,114.509722,38.676189,27.781469
400,11dd74426e8374ac110c4036c77c09ab_000000000440,0.338788,249.132136,114.268679,37.131744,24.914200
401,11dd74426e8374ac110c4036c77c09ab_000000000441,0.338788,252.023542,112.353017,35.851898,23.378399
402,11dd74426e8374ac110c4036c77c09ab_000000000442,0.338788,250.605899,111.063940,35.623158,23.385883
403,11dd74426e8374ac110c4036c77c09ab_000000000443,0.338788,252.219755,114.064215,35.933949,25.393320
404,11dd74426e8374ac110c4036c77c09ab_000000000444,0.338788,252.157411,113.697894,35.933949,25.393330
405,11dd74426e8374ac110c4036c77c09ab_000000000445,0.344520,254.936198,114.023284,35.781406,25.018444
406,11dd74426e8374ac110c4036c77c09ab_000000000446,0.344520,255.199131,114.113862,35.849117,25.015270
407,11dd74426e8374ac110c4036c77c09ab_000000000447,0.344520,256.463326,115.725006,36.145443,25.175955
408,11dd74426e8374ac110c4036c77c09ab_000000000448,0.344520,256.079546,115.659210,37.029137,25.092131
409,11dd74426e8374ac110c4036c77c09ab_000000000449,0.344520,258.025885,115.015967,38.416977,26.805235
410,11dd74426e8374ac110c4036c77c09ab_000000000450,0.344520,257.715703,116.055143,37.469673,26.355953
411,11dd74426e8374ac110c4036c77c09ab_000000000451,0.338788,253.041686,112.849021,36.631706,25.767803
412,11dd74426e8374ac110c4036c77c09ab_000000000452,0.338788,253.656960,114.255476,37.093571,24.823290
413,11dd74426e8374ac110c4036c77c09ab_000000000453,0.338788,253.714631,114.328325,37.090179,24.857351
414,11dd74426e8374ac110c4036c77c09ab_000000000454,0.338788,255.351357,115.085978,36.447548,26.329678
415,11dd74426e8374ac110c4036c77c09ab_000000000455,0.338788,252.615202,114.448599,30.490961,34.895210
416,11dd74426e8374ac110c4036c77c09ab_000000000456,0.338788,256.319253,114.470000,35.892593,26.139858
417,11dd74426e8374ac110c4036c77c09ab_000000000457,0.344520,258.710594,116.892494,35.990593,27.065617
418,11dd74426e8374ac110c4036c77c09ab_000000000458,0.338788,255.313454,114.430723,35.365013,26.644255
419,11dd74426e8374ac110c4036c77c09ab_000000000459,0.338788,256.708806,113.943973,34.531506,24.543579
420,11dd74426e8374ac110c4036c77c09ab_000000000460,0.344520,261.267014,117.342122,34.667961,25.323862
421,11dd74426e8374ac110c4036c77c09ab_000000000461,0.344520,259.695413,115.974438,35.469669,25.462227
422,11dd74426e8374ac110c4036c77c09ab_000000000462,0.344520,258.810960,116.923405,34.820770,28.349665
423,11dd74426e8374ac110c4036c77c09ab_000000000463,0.344520,261.731983,118.673217,34.685669,25.417051
424,11dd74426e8374ac110c4036c77c09ab_000000000464,0.344520,263.667135,116.782497,35.008026,24.961826
425,11dd74426e8374ac110c4036c77c09ab_000000000465,0.344520,263.119632,117.642883,34.880531,24.944427
426,11dd74426e8374ac110c4036c77c09ab_000000000466,0.344520,264.449539,118.665574,35.354523,26.659227
427,11dd74426e8374ac110c4036c77c09ab_000000000467,0.344520,261.934418,119.990203,34.050396,30.044485
428,11dd74426e8374ac110c4036c77c09ab_000000000468,0.344520,260.726157,119.284381,34.942795,27.619471
429,11dd74426e8374ac110c4036c77c09ab_000000000469,0.344520,260.191923,120.052277,33.011536,31.987926
430,11dd74426e8374ac110c4036c77c09ab_000000000470,0.338788,258.519682,117.733496,39.393669,22.605776
431,11dd74426e8374ac110c4036c77c09ab_000000000471,0.327869,248.887079,111.910861,35.885590,26.356657
432,11dd74426e8374ac110c4036c77c09ab_000000000472,0.344520,262.229165,118.227164,35.999615,27.377766
433,11dd74426e8374ac110c4036c77c09ab_000000000473,0.338788,260.584505,118.158192,32.810474,28.739870
434,11dd74426e8374ac110c4036c77c09ab_000000000474,0.333241,254.284783,117.661535,33.008492,28.299047
435,11dd74426e8374ac110c4036c77c09ab_000000000475,0.344520,265.365071,121.617917,31.020679,30.916197
436,11dd74426e8374ac110c4036c77c09ab_000000000476,0.344520,266.561746,121.154810,32.610470,30.971752
437,11dd74426e8374ac110c4036c77c09ab_000000000477,0.344520,267.803630,125.830250,31.460876,31.908859
438,11dd74426e8374ac110c4036c77c09ab_000000000478,0.344520,269.425699,121.773723,31.292191,30.987747
439,11dd74426e8374ac110c4036c77c09ab_000000000479,0.344520,269.340599,122.341622,31.187557,30.987749
440,11dd74426e8374ac110c4036c77c09ab_000000000480,0.337676,262.813768,121.743505,30.601437,30.601437
441,11dd74426e8374ac110c4036c77c09ab_000000000481,0.337676,263.960432,120.433970,30.982990,29.559601
442,11dd74426e8374ac110c4036c77c09ab_000000000482,0.337676,264.376797,121.420029,31.445564,28.968466
443,11dd74426e8374ac110c4036c77c09ab_000000000483,0.337676,264.181764,120.275973,31.445564,29.062471
444,11dd74426e8374ac110c4036c77c09ab_000000000484,0.338788,266.387292,122.155106,33.140972,29.712315
445,11dd74426e8374ac110c4036c77c09ab_000000000485,0.343351,268.756331,124.647553,33.728828,30.677904
446,11dd74426e8374ac110c4036c77c09ab_000000000486,0.343351,269.384103,122.635323,33.728828,30.836325
447,11dd74426e8374ac110c4036c77c09ab_000000000487,0.343351,269.868994,123.720711,33.331203,32.175190
448,11dd74426e8374ac110c4036c77c09ab_000000000488,0.343351,269.388651,123.685473,33.435020,32.200191
449,11dd74426e8374ac110c4036c77c09ab_000000000489,0.344520,271.006552,125.396729,32.704781,32.571220
450,11dd74426e8374ac110c4036c77c09ab_000000000490,0.344520,268.808657,124.718096,32.841610,33.303108
451,11dd74426e8374ac110c4036c77c09ab_000000000491,0.344520,269.996142,124.250374,32.272594,33.288303
452,11dd74426e8374ac110c4036c77c09ab_000000000492,0.344520,270.473075,125.520604,32.269985,33.283165
453,11dd74426e8374ac110c4036c77c09ab_000000000493,0.337676,269.725738,119.694304,32.001129,33.645752
454,11dd74426e8374ac110c4036c77c09ab_000000000494,0.338788,269.367323,121.986756,31.926739,34.627651
455,11dd74426e8374ac110c4036c77c09ab_000000000495,0.338788,268.341694,123.069518,32.147331,34.575344
456,11dd74426e8374ac110c4036c77c09ab_000000000496,0.344520,274.615858,125.274693,33.628513,35.378242
457,11dd74426e8374ac110c4036c77c09ab_000000000497,0.344520,274.367288,125.253718,33.441891,35.297031
458,11dd74426e8374ac110c4036c77c09ab_000000000498,0.344520,273.770812,125.548550,32.745953,34.972786
459,11dd74426e8374ac110c4036c77c09ab_000000000499,0.344520,275.537362,125.276660,32.334774,34.933983
460,11dd74426e8374ac110c4036c77c09ab_000000000500,0.344520,276.483637,123.847964,33.927425,33.845840
460,11dd74426e8374ac110c4036c77c09ab_000000000500,0.344520,280.325785,132.207432,4.838322,3.353933
461,11dd74426e8374ac110c4036c77c09ab_000000000501,0.344520,278.953906,124.611433,32.906246,33.826870
461,11dd74426e8374ac110c4036c77c09ab_000000000501,0.344520,281.492305,134.092895,3.917659,3.917659
462,11dd74426e8374ac110c4036c77c09ab_000000000502,0.344520,275.626394,123.606080,33.228817,33.119877
462,11dd74426e8374ac110c4036c77c09ab_000000000502,0.344520,278.891769,133.172327,3.389649,3.389628
463,11dd74426e8374ac110c4036c77c09ab_000000000503,0.344520,279.808773,123.009593,32.672123,32.937057
464,11dd74426e8374ac110c4036c77c09ab_000000000504,0.344520,278.219634,123.997503,32.684090,32.684090
465,11dd74426e8374ac110c4036c77c09ab_000000000505,0.338788,272.934900,122.545972,31.260223,32.273293
466,11dd74426e8374ac110c4036c77c09ab_000000000506,0.344520,277.369036,123.845282,31.801422,32.369289
467,11dd74426e8374ac110c4036c77c09ab_000000000507,0.333241,270.463436,118.803012,30.801523,30.833447
468,11dd74426e8374ac110c4036c77c09ab_000000000508,0.338788,274.978424,123.354906,31.047674,30.889063
469,11dd74426e8374ac110c4036c77c09ab_000000000509,0.338788,275.463944,122.921867,31.096474,30.851498
470,11dd74426e8374ac110c4036c77c09ab_000000000510,0.338788,275.877070,121.127150,31.455713,29.442549
471,11dd74426e8374ac110c4036c77c09ab_000000000511,0.338788,275.265435,121.501195,31.404949,29.436712
472,11dd74426e8374ac110c4036c77c09ab_000000000512,0.333241,271.457788,119.357017,31.147232,27.123430
473,11dd74426e8374ac110c4036c77c09ab_000000000513,0.333241,272.797809,118.384275,30.582794,26.990118
474,11dd74426e8374ac110c4036c77c09ab_000000000514,0.338788,271.924489,119.968241,29.458735,27.489599
475,11dd74426e8374ac110c4036c77c09ab_000000000515,0.338788,272.374091,120.940748,29.986666,26.194920
476,11dd74426e8374ac110c4036c77c09ab_000000000516,0.344520,273.605785,122.924725,28.939741,28.250679
477,11dd74426e8374ac110c4036c77c09ab_000000000517,0.338788,273.925459,122.730430,30.424067,27.309805
478,11dd74426e8374ac110c4036c77c09ab_000000000518,0.338788,272.308004,124.380214,30.626463,26.967562
479,11dd74426e8374ac110c4036c77c09ab_000000000519,0.345599,280.189228,123.458593,30.573549,26.891771
480,11dd74426e8374ac110c4036c77c09ab_000000000520,0.345599,279.091913,122.443628,30.385056,26.838531
481,11dd74426e8374ac110c4036c77c09ab_000000000521,0.344520,279.848242,123.759941,30.665014,26.292725
482,11dd74426e8374ac110c4036c77c09ab_000000000522,0.344520,278.659663,123.310754,30.651283,26.264977
483,11dd74426e8374ac110c4036c77c09ab_000000000523,0.351581,283.628946,123.995586,31.112583,27.193357
484,11dd74426e8374ac110c4036c77c09ab_000000000524,0.350446,283.123563,125.715789,32.032059,27.099163
485,11dd74426e8374ac110c4036c77c09ab_000000000525,0.350446,284.061130,125.129192,31.026108,26.104357
486,11dd74426e8374ac110c4036c77c09ab_000000000526,0.344520,278.637121,123.252959,30.588661,26.711630
487,11dd74426e8374ac110c4036c77c09ab_000000000527,0.344520,279.709332,123.553889,30.194685,25.990360
488,11dd74426e8374ac110c4036c77c09ab_000000000528,0.344520,280.274056,125.551241,30.644428,27.573595
489,11dd74426e8374ac110c4036c77c09ab_000000000529,0.344520,281.926005,124.322499,31.247591,25.948229
490,11dd74426e8374ac110c4036c77c09ab_000000000530,0.345599,280.586886,125.010434,31.771902,25.806328
491,11dd74426e8374ac110c4036c77c09ab_000000000531,0.344520,280.977522,124.098605,32.317299,25.019028
492,11dd74426e8374ac110c4036c77c09ab_000000000532,0.344520,281.130416,123.993886,31.610575,24.763481
493,11dd74426e8374ac110c4036c77c09ab_000000000533,0.345599,282.600447,124.678620,32.990673,24.681923
494,11dd74426e8374ac110c4036c77c09ab_000000000534,0.345599,282.935246,125.245355,32.068817,24.427227
495,11dd74426e8374ac110c4036c77c09ab_000000000535,0.327869,267.933290,120.043075,31.761854,22.951990
496,11dd74426e8374ac110c4036c77c09ab_000000000536,0.345599,284.322641,125.311916,33.469986,24.116570
497,11dd74426e8374ac110c4036c77c09ab_000000000537,0.345599,283.989909,125.473652,33.968197,23.948792
498,11dd74426e8374ac110c4036c77c09ab_000000000538,0.338788,278.589776,123.495857,33.500355,22.351870
499,11dd74426e8374ac110c4036c77c09ab_000000000539,0.338788,276.188088,123.251774,32.423321,25.302305
500,11dd74426e8374ac110c4036c77c09ab_000000000540,0.344520,286.989009,126.607345,32.400505,23.143202
501,11dd74426e8374ac110c4036c77c09ab_000000000541,0.338788,282.162853,124.958733,31.665741,26.059862
502,11dd74426e8374ac110c4036c77c09ab_000000000542,0.338788,280.842417,123.215298,32.588146,25.856600
503,11dd74426e8374ac110c4036c77c09ab_000000000543,0.338788,283.120265,122.984170,32.874493,25.489969
504,11dd74426e8374ac110c4036c77c09ab_000000000553,0.345599,295.840406,125.013388,25.244333,34.375458
505,11dd74426e8374ac110c4036c77c09ab_000000000554,0.338788,289.045548,123.017079,24.822685,31.940298
506,11dd74426e8374ac110c4036c77c09ab_000000000555,0.333241,286.339926,120.327003,24.319336,31.435678
507,11dd74426e8374ac110c4036c77c09ab_000000000556,0.345599,298.577164,127.234943,25.810932,32.302322
508,11dd74426e8374ac110c4036c77c09ab_000000000557,0.345599,298.695267,127.536804,25.810953,32.302330
509,11dd74426e8374ac110c4036c77c09ab_000000000558,0.345599,297.926529,128.640120,25.684729,32.264729
510,11dd74426e8374ac110c4036c77c09ab_000000000559,0.345599,298.330178,127.638170,25.810932,31.993214
511,11dd74426e8374ac110c4036c77c09ab_000000000560,0.345599,296.780846,127.300144,25.965506,32.147766
512,11dd74426e8374ac110c4036c77c09ab_000000000561,0.351581,302.126898,129.415353,26.212225,33.536823
513,11dd74426e8374ac110c4036c77c09ab_000000000562,0.344520,293.521125,126.405624,26.114649,31.282465
514,11dd74426e8374ac110c4036c77c09ab_000000000563,0.345599,299.453395,126.355705,27.317801,31.151878
515,11dd74426e8374ac110c4036c77c09ab_000000000564,0.345599,297.784758,123.334404,27.512939,31.188517
516,11dd74426e8374ac110c4036c77c09ab_000000000565,0.345599,295.985277,124.832604,27.364565,31.358614
517,11dd74426e8374ac110c4036c77c09ab_000000000566,0.345599,296.493508,124.170779,27.317801,32.014542
518,11dd74426e8374ac110c4036c77c09ab_000000000567,0.345599,293.751751,125.676489,28.152689,33.856064
519,11dd74426e8374ac110c4036c77c09ab_000000000568,0.351581,300.940590,127.151319,28.462032,35.799892
520,11dd74426e8374ac110c4036c77c09ab_000000000569,0.351581,299.876770,127.798968,27.968008,35.676922
521,11dd74426e8374ac110c4036c77c09ab_000000000570,0.351581,298.606687,128.009533,28.131910,36.061249
522,11dd74426e8374ac110c4036c77c09ab_000000000571,0.351581,299.051120,126.449745,27.903931,35.981380
523,11dd74426e8374ac110c4036c77c09ab_000000000572,0.345599,294.913465,126.762381,27.431286,35.627892
524,11dd74426e8374ac110c4036c77c09ab_000000000573,0.345599,294.760894,125.833711,27.325352,35.791168
525,11dd74426e8374ac110c4036c77c09ab_000000000574,0.344520,293.109232,125.911301,27.297171,36.882263
526,11dd74426e8374ac110c4036c77c09ab_000000000575,0.338788,288.843172,121.317026,26.462181,36.639942
527,11dd74426e8374ac110c4036c77c09ab_000000000576,0.338788,289.826225,123.581960,26.129515,36.318378
528,11dd74426e8374ac110c4036c77c09ab_000000000577,0.338788,288.995011,120.906723,26.434473,35.751961
529,11dd74426e8374ac110c4036c77c09ab_000000000578,0.338788,288.627542,122.513032,26.377443,35.679295
530,11dd74426e8374ac110c4036c77c09ab_000000000579,0.338788,289.610202,122.668458,26.152012,36.207836
531,11dd74426e8374ac110c4036c77c09ab_000000000580,0.338788,291.601205,121.456582,25.845894,36.343708
532,11dd74426e8374ac110c4036c77c09ab_000000000581,0.338788,287.707309,120.401383,25.753340,36.518120
533,11dd74426e8374ac110c4036c77c09ab_000000000582,0.338788,290.919285,123.427330,26.293863,39.851612
534,11dd74426e8374ac110c4036c77c09ab_000000000583,0.338788,288.933680,121.978071,26.149820,39.942482
535,11dd74426e8374ac110c4036c77c09ab_000000000584,0.338788,291.636502,123.512286,25.779953,39.787312
536,11dd74426e8374ac110c4036c77c09ab_000000000585,0.339814,291.531190,121.660352,26.759094,39.962009
538,11dd74426e8374ac110c4036c77c09ab_000000000593,0.339814,286.486249,130.507272,27.724298,46.314651
539,11dd74426e8374ac110c4036c77c09ab_000000000594,0.339814,287.100316,127.971050,25.611746,46.672253
540,11dd74426e8374ac110c4036c77c09ab_000000000595,0.344520,292.632845,132.090338,28.252151,47.465496
541,11dd74426e8374ac110c4036c77c09ab_000000000596,0.344520,290.994312,134.392153,27.731607,47.465496
542,11dd74426e8374ac110c4036c77c09ab_000000000597,0.338788,285.772902,130.503654,26.355049,48.317577
543,11dd74426e8374ac110c4036c77c09ab_000000000598,0.333241,281.354108,126.659697,26.766533,49.317844
544,11dd74426e8374ac110c4036c77c09ab_000000000599,0.333241,276.184015,131.365350,37.484116,51.620468
545,11dd74426e8374ac110c4036c77c09ab_000000000600,0.339814,281.495980,127.324607,30.518244,49.968239
546,11dd74426e8374ac110c4036c77c09ab_000000000601,0.339814,280.723704,129.833275,30.982605,50.092278
547,11dd74426e8374ac110c4036c77c09ab_000000000602,0.345599,282.779279,131.903355,34.866451,51.626148
548,11dd74426e8374ac110c4036c77c09ab_000000000603,0.345599,284.047326,132.668202,32.349236,51.802509
549,11dd74426e8374ac110c4036c77c09ab_000000000604,0.343351,279.735468,134.436089,29.609396,53.052513
550,11dd74426e8374ac110c4036c77c09ab_000000000605,0.322665,262.229344,124.755891,28.924427,50.128498
551,11dd74426e8374ac110c4036c77c09ab_000000000606,0.322665,262.184107,125.030374,29.170916,50.709423
552,11dd74426e8374ac110c4036c77c09ab_000000000607,0.307984,251.032793,119.956339,27.580286,49.175385
553,11dd74426e8374ac110c4036c77c09ab_000000000608,0.307984,249.660512,120.142005,28.554747,49.428326
554,11dd74426e8374ac110c4036c77c09ab_000000000609,0.333241,272.857424,128.340453,31.930157,53.427654
555,11dd74426e8374ac110c4036c77c09ab_000000000610,0.322665,264.867143,124.787637,29.385973,52.252483
556,11dd74426e8374ac110c4036c77c09ab_000000000611,0.344520,282.484884,132.833053,32.684090,55.562943
557,11dd74426e8374ac110c4036c77c09ab_000000000612,0.339814,275.277744,132.744798,39.110924,56.830574
558,11dd74426e8374ac110c4036c77c09ab_000000000613,0.338788,277.710113,131.151010,35.896976,55.486473
559,11dd74426e8374ac110c4036c77c09ab_000000000614,0.338788,276.041997,130.272743,36.179768,56.010387
560,11dd74426e8374ac110c4036c77c09ab_000000000615,0.338788,275.220977,129.690409,32.923458,57.908859
561,11dd74426e8374ac110c4036c77c09ab_000000000616,0.339814,275.847840,133.355307,35.321846,60.311455
562,11dd74426e8374ac110c4036c77c09ab_000000000617,0.339814,274.868096,132.388827,35.562126,60.551743
563,11dd74426e8374ac110c4036c77c09ab_000000000618,0.338788,273.556356,132.147535,34.711506,61.602230
564,11dd74426e8374ac110c4036c77c09ab_000000000619,0.338788,273.438244,133.351760,32.147743,61.904854
565,11dd74426e8374ac110c4036c77c09ab_000000000620,0.337676,272.371891,134.704944,36.308479,62.297588
566,11dd74426e8374ac110c4036c77c09ab_000000000621,0.338788,274.661224,132.637304,39.878712,63.780548
567,11dd74426e8374ac110c4036c77c09ab_000000000622,0.338788,274.130791,133.149085,34.608448,64.732155
568,11dd74426e8374ac110c4036c77c09ab_000000000623,0.338788,272.367268,132.259269,40.175381,65.030533
569,11dd74426e8374ac110c4036c77c09ab_000000000624,0.338788,272.760129,132.267261,39.562359,65.565048
570,11dd74426e8374ac110c4036c77c09ab_000000000625,0.338788,262.667029,146.625727,31.059731,30.150654
570,11dd74426e8374ac110c4036c77c09ab_000000000625,0.338788,288.920963,113.510706,20.896696,24.386099
571,11dd74426e8374ac110c4036c77c09ab_000000000626,0.338788,260.796434,148.514260,27.608530,29.662739
571,11dd74426e8374ac110c4036c77c09ab_000000000626,0.338788,287.428941,110.397922,20.539980,22.614389
572,11dd74426e8374ac110c4036c77c09ab_000000000627,0.338788,261.096224,145.380043,28.926256,31.390350
572,11dd74426e8374ac110c4036c77c09ab_000000000627,0.338788,289.328526,110.496236,22.347589,24.850079
573,11dd74426e8374ac110c4036c77c09ab_000000000628,0.344520,266.192076,148.421701,25.945753,30.447670
573,11dd74426e8374ac110c4036c77c09ab_000000000628,0.344520,294.048777,116.911976,22.477228,25.234663
574,11dd74426e8374ac110c4036c77c09ab_000000000629,0.344520,263.895728,148.985384,32.015675,32.511654
574,11dd74426e8374ac110c4036c77c09ab_000000000629,0.344520,294.062172,113.189782,22.289385,26.785118
575,11dd74426e8374ac110c4036c77c09ab_000000000630,0.344520,264.902921,150.991516,25.166754,28.435152
575,11dd74426e8374ac110c4036c77c09ab_000000000630,0.344520,294.764040,113.751352,23.769474,25.249746
576,11dd74426e8374ac110c4036c77c09ab_000000000631,0.344520,263.720714,153.344859,26.500782,26.808914
576,11dd74426e8374ac110c4036c77c09ab_000000000631,0.344520,293.820499,113.959570,23.632561,24.645752
577,11dd74426e8374ac110c4036c77c09ab_000000000632,0.344520,263.003096,150.626882,27.882061,24.057014
577,11dd74426e8374ac110c4036c77c09ab_000000000632,0.344520,294.256028,113.108078,24.513062,23.532547
578,11dd74426e8374ac110c4036c77c09ab_000000000633,0.344520,262.605354,151.060434,28.352749,23.695950
578,11dd74426e8374ac110c4036c77c09ab_000000000633,0.344520,294.958001,114.019583,24.461311,24.260517
579,11dd74426e8374ac110c4036c77c09ab_000000000634,0.344520,264.022863,151.041436,28.972651,23.716547
579,11dd74426e8374ac110c4036c77c09ab_000000000634,0.344520,294.523629,112.803510,25.517099,22.188404
580,11dd74426e8374ac110c4036c77c09ab_000000000635,0.344520,263.230575,150.474251,29.861813,21.360615
580,11dd74426e8374ac110c4036c77c09ab_000000000635,0.344520,294.429298,111.482782,26.378969,23.145802
581,11dd74426e8374ac110c4036c77c09ab_000000000636,0.344520,261.308965,149.184739,30.695210,19.489027
581,11dd74426e8374ac110c4036c77c09ab_000000000636,0.344520,292.949210,110.032059,26.000425,21.226452
582,11dd74426e8374ac110c4036c77c09ab_000000000637,0.344520,260.334555,150.053789,27.349026,20.070652
582,11dd74426e8374ac110c4036c77c09ab_000000000637,0.344520,291.718722,111.895422,25.816515,21.899792
583,11dd74426e8374ac110c4036c77c09ab_000000000638,0.344520,259.938075,151.584018,28.259090,19.489021
583,11dd74426e8374ac110c4036c77c09ab_000000000638,0.344520,293.666806,111.350590,27.121925,20.641216
584,11dd74426e8374ac110c4036c77c09ab_000000000639,0.338788,258.958201,148.669676,26.190390,19.312099
584,11dd74426e8374ac110c4036c77c09ab_000000000639,0.338788,291.068250,110.298440,28.533146,19.952766
585,11dd74426e8374ac110c4036c77c09ab_000000000640,0.338788,259.997746,148.952675,26.876404,18.706095
585,11dd74426e8374ac110c4036c77c09ab_000000000640,0.338788,290.925778,110.192703,28.592491,19.969133
586,11dd74426e8374ac110c4036c77c09ab_000000000641,0.344520,262.381828,151.096424,23.419296,21.108171
586,11dd74426e8374ac110c4036c77c09ab_000000000641,0.344520,295.720913,112.265639,28.420290,18.946865
587,11dd74426e8374ac110c4036c77c09ab_000000000642,0.344520,260.781733,153.253472,23.469133,19.944754
587,11dd74426e8374ac110c4036c77c09ab_000000000642,0.344520,296.393826,112.394287,27.733374,22.494841
588,11dd74426e8374ac110c4036c77c09ab_000000000643,0.344520,263.761024,154.166428,22.878860,22.007280
588,11dd74426e8374ac110c4036c77c09ab_000000000643,0.344520,295.818209,114.370948,25.335712,25.579342
589,11dd74426e8374ac110c4036c77c09ab_000000000644,0.344520,264.464343,155.308451,22.648899,20.337803
589,11dd74426e8374ac110c4036c77c09ab_000000000644,0.344520,295.790263,114.306435,29.169008,18.917364
590,11dd74426e8374ac110c4036c77c09ab_000000000645,0.338788,259.826656,153.529948,22.283529,19.975286
590,11dd74426e8374ac110c4036c77c09ab_000000000645,0.338788,292.055376,113.767610,28.692471,18.781590
591,11dd74426e8374ac110c4036c77c09ab_000000000646,0.344520,263.320869,154.904496,20.491083,18.361528
591,11dd74426e8374ac110c4036c77c09ab_000000000646,0.344520,297.605325,114.986686,29.306719,20.699919
592,11dd74426e8374ac110c4036c77c09ab_000000000647,0.338788,263.575289,156.323660,19.411354,18.332544
592,11dd74426e8374ac110c4036c77c09ab_000000000647,0.338788,296.110499,113.862284,29.585367,17.632658
593,11dd74426e8374ac110c4036c77c09ab_000000000648,0.344520,267.646132,159.757873,21.384705,18.594570
593,11dd74426e8374ac110c4036c77c09ab_000000000648,0.344520,300.826246,115.371738,28.806866,17.325380
594,11dd74426e8374ac110c4036c77c09ab_000000000649,0.344520,267.793137,159.230789,21.390488,18.609489
594,11dd74426e8374ac110c4036c77c09ab_000000000649,0.344520,300.601585,115.007777,25.579342,25.335745
595,11dd74426e8374ac110c4036c77c09ab_000000000650,0.350446,271.021368,160.507170,23.161543,19.172001
595,11dd74426e8374ac110c4036c77c09ab_000000000650,0.350446,306.646267,115.192259,29.267376,18.032858
596,11dd74426e8374ac110c4036c77c09ab_000000000651,0.345599,266.794273,160.385696,21.288908,20.113869
596,11dd74426e8374ac110c4036c77c09ab_000000000651,0.345599,302.037963,115.576062,28.989433,16.850311
597,11dd74426e8374ac110c4036c77c09ab_000000000652,0.345599,266.539461,160.889055,21.310699,20.140192
597,11dd74426e8374ac110c4036c77c09ab_000000000652,0.345599,302.650502,116.664728,28.955030,16.850307
598,11dd74426e8374ac110c4036c77c09ab_000000000653,0.344520,261.875603,171.929125,25.268183,29.274105
598,11dd74426e8374ac110c4036c77c09ab_000000000653,0.344520,302.142864,114.755926,29.349300,16.391823
599,11dd74426e8374ac110c4036c77c09ab_000000000654,0.344520,262.456476,172.923501,26.038548,29.274105
599,11dd74426e8374ac110c4036c77c09ab_000000000654,0.344520,301.786105,114.351855,29.369656,16.211845
600,11dd74426e8374ac110c4036c77c09ab_000000000655,0.344520,262.726012,176.267804,30.683001,20.750357
600,11dd74426e8374ac110c4036c77c09ab_000000000655,0.344520,301.204811,115.668903,29.397980,15.639135
601,11dd74426e8374ac110c4036c77c09ab_000000000656,0.344520,263.670604,177.092107,19.982187,30.662323
601,11dd74426e8374ac110c4036c77c09ab_000000000656,0.344520,301.551897,115.509533,29.413162,15.803574
602,11dd74426e8374ac110c4036c77c09ab_000000000657,0.343351,263.427164,174.986974,20.846783,32.573116
602,11dd74426e8374ac110c4036c77c09ab_000000000657,0.343351,301.848127,115.121245,29.737776,19.008066
603,11dd74426e8374ac110c4036c77c09ab_000000000658,0.338788,259.942164,173.338434,21.004885,31.168537
603,11dd74426e8374ac110c4036c77c09ab_000000000658,0.338788,298.622505,112.013298,28.094938,21.047724
604,11dd74426e8374ac110c4036c77c09ab_000000000659,0.343351,265.931043,177.020223,21.631100,31.588274
604,11dd74426e8374ac110c4036c77c09ab_000000000659,0.343351,303.229368,114.977242,28.663713,21.426388
605,11dd74426e8374ac110c4036c77c09ab_000000000660,0.350446,271.005561,180.649676,22.620495,32.956512
605,11dd74426e8374ac110c4036c77c09ab_000000000660,0.350446,310.431614,117.166545,30.359781,19.611107
606,11dd74426e8374ac110c4036c77c09ab_000000000661,0.350446,269.634942,179.854136,22.620708,32.565449
606,11dd74426e8374ac110c4036c77c09ab_000000000661,0.350446,308.238225,116.709076,29.087019,16.821409
607,11dd74426e8374ac110c4036c77c09ab_000000000662,0.337676,260.229116,173.889149,20.296196,31.380569
607,11dd74426e8374ac110c4036c77c09ab_000000000662,0.337676,298.339493,112.503860,28.364805,16.431028
608,11dd74426e8374ac110c4036c77c09ab_000000000663,0.338788,260.068031,175.253982,30.829760,21.343672
608,11dd74426e8374ac110c4036c77c09ab_000000000663,0.338788,297.346754,112.943478,27.124208,19.549463
609,11dd74426e8374ac110c4036c77c09ab_000000000664,0.343351,264.493995,177.427093,20.818703,32.560444
609,11dd74426e8374ac110c4036c77c09ab_000000000664,0.343351,303.029254,114.257387,29.028168,17.072329
610,11dd74426e8374ac110c4036c77c09ab_000000000665,0.344520,265.705344,177.814182,21.990517,32.339031
610,11dd74426e8374ac110c4036c77c09ab_000000000665,0.344520,305.268592,116.465376,29.219307,16.872498
611,11dd74426e8374ac110c4036c77c09ab_000000000666,0.344520,264.396107,178.346461,23.427393,31.695885
611,11dd74426e8374ac110c4036c77c09ab_000000000666,0.344520,304.093661,115.402239,29.542862,17.006226
612,11dd74426e8374ac110c4036c77c09ab_000000000667,0.344520,266.474501,176.912991,23.122784,32.884167
612,11dd74426e8374ac110c4036c77c09ab_000000000667,0.344520,306.009740,117.003763,29.413141,16.626314
613,11dd74426e8374ac110c4036c77c09ab_000000000668,0.344520,265.606303,176.616288,22.519493,34.291054
613,11dd74426e8374ac110c4036c77c09ab_000000000668,0.344520,303.732907,116.147130,29.391441,16.559647
614,11dd74426e8374ac110c4036c77c09ab_000000000669,0.343351,263.651482,177.540509,23.989773,33.021214
614,11dd74426e8374ac110c4036c77c09ab_000000000669,0.343351,302.901336,115.229705,29.496357,16.409466
615,11dd74426e8374ac110c4036c77c09ab_000000000670,0.343351,263.543472,177.696278,23.932686,33.309135
615,11dd74426e8374ac110c4036c77c09ab_000000000670,0.343351,302.715054,115.017416,29.496357,16.409472
616,11dd74426e8374ac110c4036c77c09ab_000000000671,0.343351,260.736835,185.679583,23.545202,14.954904
616,11dd74426e8374ac110c4036c77c09ab_000000000671,0.343351,270.722572,167.510103,9.137681,9.604581
616,11dd74426e8374ac110c4036c77c09ab_000000000671,0.343351,306.166166,116.367934,29.964796,16.564812
617,11dd74426e8374ac110c4036c77c09ab_000000000672,0.344520,261.367570,186.770453,23.580559,14.661834
617,11dd74426e8374ac110c4036c77c09ab_000000000672,0.344520,306.148882,116.552347,30.260185,16.393499
618,11dd74426e8374ac110c4036c77c09ab_000000000673,0.344520,260.664482,186.813750,23.393349,14.588110
618,11dd74426e8374ac110c4036c77c09ab_000000000673,0.344520,305.866015,116.102340,29.955471,16.281084
619,11dd74426e8374ac110c4036c77c09ab_000000000674,0.344520,261.369168,187.429382,22.219299,16.195993
619,11dd74426e8374ac110c4036c77c09ab_000000000674,0.344520,306.884899,116.952802,30.645144,16.449039
620,11dd74426e8374ac110c4036c77c09ab_000000000675,0.344520,260.593955,186.786224,24.526476,15.810450
620,11dd74426e8374ac110c4036c77c09ab_000000000675,0.344520,306.702566,116.681269,31.054682,19.874989
621,11dd74426e8374ac110c4036c77c09ab_000000000676,0.333241,252.111416,179.766376,23.087725,16.369894
621,11dd74426e8374ac110c4036c77c09ab_000000000676,0.333241,295.629826,112.622509,29.779163,16.917227
622,11dd74426e8374ac110c4036c77c09ab_000000000677,0.333241,251.732513,180.403528,22.879795,16.445993
622,11dd74426e8374ac110c4036c77c09ab_000000000677,0.333241,297.842326,114.386138,30.552671,15.658890
623,11dd74426e8374ac110c4036c77c09ab_000000000678,0.333241,253.029313,179.409644,23.173841,17.311893
623,11dd74426e8374ac110c4036c77c09ab_000000000678,0.333241,296.110935,112.633075,31.103462,15.237914
624,11dd74426e8374ac110c4036c77c09ab_000000000679,0.333241,253.039828,179.809130,22.948704,17.386082
624,11dd74426e8374ac110c4036c77c09ab_000000000679,0.333241,297.429782,112.929013,32.041435,16.989401
625,11dd74426e8374ac110c4036c77c09ab_000000000680,0.343351,259.769463,183.359597,22.093504,21.365147
625,11dd74426e8374ac110c4036c77c09ab_000000000680,0.343351,306.322815,115.568759,32.194901,16.187983
626,11dd74426e8374ac110c4036c77c09ab_000000000681,0.344520,258.890509,185.356750,23.248152,18.215248
626,11dd74426e8374ac110c4036c77c09ab_000000000681,0.344520,306.632712,116.403428,33.039776,15.878022
627,11dd74426e8374ac110c4036c77c09ab_000000000682,0.343351,259.119939,185.135176,22.749945,18.194815
627,11dd74426e8374ac110c4036c77c09ab_000000000682,0.343351,306.699445,116.419854,32.650494,16.303368
628,11dd74426e8374ac110c4036c77c09ab_000000000683,0.338788,257.497403,184.119719,22.489607,18.220818
628,11dd74426e8374ac110c4036c77c09ab_000000000683,0.338788,302.033610,116.386149,33.292294,15.081017
629,11dd74426e8374ac110c4036c77c09ab_000000000684,0.338788,256.126182,183.373760,22.648724,17.991665
629,11dd74426e8374ac110c4036c77c09ab_000000000684,0.338788,301.954331,116.721349,33.292336,14.969718
630,11dd74426e8374ac110c4036c77c09ab_000000000685,0.333241,252.378920,180.432573,22.533312,17.674931
630,11dd74426e8374ac110c4036c77c09ab_000000000685,0.333241,297.846720,114.197551,32.818157,14.994206
631,11dd74426e8374ac110c4036c77c09ab_000000000686,0.338788,256.799334,183.357714,22.754988,17.893423
631,11dd74426e8374ac110c4036c77c09ab_000000000686,0.338788,300.472214,115.466536,33.212166,15.060811
632,11dd74426e8374ac110c4036c77c09ab_000000000687,0.333241,250.656559,181.509728,24.214731,16.161415
632,11dd74426e8374ac110c4036c77c09ab_000000000687,0.333241,297.391727,113.712650,32.894875,15.275504
633,11dd74426e8374ac110c4036c77c09ab_000000000688,0.333241,249.024932,181.381244,25.915796,15.429329
633,11dd74426e8374ac110c4036c77c09ab_000000000688,0.333241,297.168218,114.369592,33.387577,14.666373
634,11dd74426e8374ac110c4036c77c09ab_000000000689,0.333241,249.602225,181.073224,25.944738,15.752166
634,11dd74426e8374ac110c4036c77c09ab_000000000689,0.333241,296.900937,113.326476,33.101299,17.952909
635,11dd74426e8374ac110c4036c77c09ab_000000000690,0.344520,257.713958,186.915251,28.715038,16.552481
635,11dd74426e8374ac110c4036c77c09ab_000000000690,0.344520,308.293850,118.281941,32.504280,15.625439
636,11dd74426e8374ac110c4036c77c09ab_000000000691,0.344520,258.013752,187.103198,28.443989,16.123705
636,11dd74426e8374ac110c4036c77c09ab_000000000691,0.344520,306.707024,116.595181,32.286369,15.881613
637,11dd74426e8374ac110c4036c77c09ab_000000000692,0.333241,248.116696,180.629520,27.960882,15.974007
637,11dd74426e8374ac110c4036c77c09ab_000000000692,0.333241,296.636301,113.555701,33.039795,14.579967
638,11dd74426e8374ac110c4036c77c09ab_000000000693,0.327869,242.979656,176.993068,27.439785,15.575445
638,11dd74426e8374ac110c4036c77c09ab_000000000693,0.327869,292.054003,111.452317,32.734776,14.474287
639,11dd74426e8374ac110c4036c77c09ab_000000000694,0.344520,255.563270,187.518604,27.781548,17.052418
639,11dd74426e8374ac110c4036c77c09ab_000000000694,0.344520,307.542083,117.265360,34.895271,15.861486
640,11dd74426e8374ac110c4036c77c09ab_000000000695,0.333241,247.891885,180.234996,27.549213,15.688511
640,11dd74426e8374ac110c4036c77c09ab_000000000695,0.333241,300.377369,113.986499,35.213688,17.932081
641,11dd74426e8374ac110c4036c77c09ab_000000000696,0.333241,248.949595,180.531097,27.252563,17.318789
641,11dd74426e8374ac110c4036c77c09ab_000000000696,0.333241,300.505405,113.483353,35.481438,17.669888
642,11dd74426e8374ac110c4036c77c09ab_000000000697,0.333241,247.899776,179.008205,27.819239,15.837395
642,11dd74426e8374ac110c4036c77c09ab_000000000697,0.333241,301.039091,114.616360,36.214245,15.201042
643,11dd74426e8374ac110c4036c77c09ab_000000000698,0.333241,247.755875,179.284251,27.695168,15.804227
643,11dd74426e8374ac110c4036c77c09ab_000000000698,0.333241,300.671253,113.791587,35.657127,17.068665
644,11dd74426e8374ac110c4036c77c09ab_000000000699,0.344520,252.635351,182.916025,33.892159,15.229960
644,11dd74426e8374ac110c4036c77c09ab_000000000699,0.344520,312.332713,118.075406,39.479073,14.453448
645,11dd74426e8374ac110c4036c77c09ab_000000000700,0.344520,253.731113,183.756088,31.914616,15.575109
645,11dd74426e8374ac110c4036c77c09ab_000000000700,0.344520,311.469015,118.703192,38.187267,13.169797
646,11dd74426e8374ac110c4036c77c09ab_000000000701,0.333241,242.991126,176.122552,31.695583,15.754971
646,11dd74426e8374ac110c4036c77c09ab_000000000701,0.333241,300.427363,113.131533,37.198265,11.687407
647,11dd74426e8374ac110c4036c77c09ab_000000000702,0.333241,244.174289,177.525117,30.627623,16.959621
647,11dd74426e8374ac110c4036c77c09ab_000000000702,0.333241,303.714414,114.402745,37.672417,11.472181
648,11dd74426e8374ac110c4036c77c09ab_000000000703,0.343351,253.118844,183.161265,31.363054,17.474154
648,11dd74426e8374ac110c4036c77c09ab_000000000703,0.343351,311.856266,117.409240,38.676151,12.203272
649,11dd74426e8374ac110c4036c77c09ab_000000000704,0.344520,254.223501,184.109420,33.117702,17.178473
649,11dd74426e8374ac110c4036c77c09ab_000000000704,0.344520,313.311855,118.401443,39.797581,13.803290
650,11dd74426e8374ac110c4036c77c09ab_000000000705,0.344520,254.719548,183.291099,31.209488,18.612328
650,11dd74426e8374ac110c4036c77c09ab_000000000705,0.344520,313.289355,117.096380,40.315563,11.930123
651,11dd74426e8374ac110c4036c77c09ab_000000000706,0.338788,248.700276,180.965599,32.229321,18.134863
651,11dd74426e8374ac110c4036c77c09ab_000000000706,0.338788,309.103069,115.951507,39.778137,13.937199
652,11dd74426e8374ac110c4036c77c09ab_000000000707,0.343351,249.845171,183.475067,32.500843,18.088377
652,11dd74426e8374ac110c4036c77c09ab_000000000707,0.343351,312.114764,117.091834,40.372868,14.607492
653,11dd74426e8374ac110c4036c77c09ab_000000000708,0.332182,240.493587,176.557954,32.089272,16.694895
653,11dd74426e8374ac110c4036c77c09ab_000000000708,0.332182,301.635436,113.327134,39.515984,12.627285
654,11dd74426e8374ac110c4036c77c09ab_000000000709,0.332182,240.944072,176.974885,31.512112,18.319584
654,11dd74426e8374ac110c4036c77c09ab_000000000709,0.332182,301.487187,114.678985,39.236557,13.345897
655,11dd74426e8374ac110c4036c77c09ab_000000000710,0.344520,249.804307,182.959532,33.555653,18.412033
655,11dd74426e8374ac110c4036c77c09ab_000000000710,0.344520,311.552411,117.171365,42.062263,13.558538
656,11dd74426e8374ac110c4036c77c09ab_000000000711,0.344520,249.033636,182.611626,35.323864,16.322054
656,11dd74426e8374ac110c4036c77c09ab_000000000711,0.344520,314.607339,118.220582,44.227692,10.941330
657,11dd74426e8374ac110c4036c77c09ab_000000000712,0.338788,243.986993,178.907373,34.496601,16.290060
657,11dd74426e8374ac110c4036c77c09ab_000000000712,0.338788,310.312236,117.087505,43.603649,11.141973
658,11dd74426e8374ac110c4036c77c09ab_000000000713,0.338788,242.065262,179.769108,34.497261,16.070150
658,11dd74426e8374ac110c4036c77c09ab_000000000713,0.338788,307.576412,116.403973,43.677490,11.259473
659,11dd74426e8374ac110c4036c77c09ab_000000000714,0.343351,244.566027,182.499941,34.784031,15.989090
659,11dd74426e8374ac110c4036c77c09ab_000000000714,0.343351,311.755005,118.027530,43.855457,13.087296
660,11dd74426e8374ac110c4036c77c09ab_000000000715,0.337676,242.391006,179.508351,35.345016,16.124168
660,11dd74426e8374ac110c4036c77c09ab_000000000715,0.337676,308.419629,115.707990,43.642872,13.138159
661,11dd74426e8374ac110c4036c77c09ab_000000000716,0.337676,241.066126,178.760699,35.558578,16.230946
661,11dd74426e8374ac110c4036c77c09ab_000000000716,0.337676,309.782884,116.066173,43.893410,11.474988
662,11dd74426e8374ac110c4036c77c09ab_000000000717,0.343351,242.532243,180.547134,36.446404,15.325825
662,11dd74426e8374ac110c4036c77c09ab_000000000717,0.343351,313.502083,116.378958,44.280769,11.013662
663,11dd74426e8374ac110c4036c77c09ab_000000000718,0.344520,245.114652,182.266033,37.275375,14.591179
663,11dd74426e8374ac110c4036c77c09ab_000000000718,0.344520,315.707895,117.887416,44.527462,12.942242
664,11dd74426e8374ac110c4036c77c09ab_000000000719,0.344520,246.310065,181.619910,36.794384,14.533156
664,11dd74426e8374ac110c4036c77c09ab_000000000719,0.344520,315.693996,116.756591,44.254478,15.066609
665,11dd74426e8374ac110c4036c77c09ab_000000000720,0.344520,246.890602,182.912493,41.291908,15.561503
665,11dd74426e8374ac110c4036c77c09ab_000000000720,0.344520,317.686260,117.300329,43.161705,18.034723
666,11dd74426e8374ac110c4036c77c09ab_000000000721,0.344520,244.093728,182.405174,41.270477,15.588017
666,11dd74426e8374ac110c4036c77c09ab_000000000721,0.344520,315.682704,117.286472,43.085732,17.958725
667,11dd74426e8374ac110c4036c77c09ab_000000000722,0.344520,245.703033,183.144030,44.298260,15.059114
667,11dd74426e8374ac110c4036c77c09ab_000000000722,0.344520,318.208991,118.082008,44.301559,10.131863
668,11dd74426e8374ac110c4036c77c09ab_000000000723,0.344520,245.182572,183.381919,44.399570,14.890559
668,11dd74426e8374ac110c4036c77c09ab_000000000723,0.344520,321.149927,118.743923,44.710804,9.860518
669,11dd74426e8374ac110c4036c77c09ab_000000000724,0.344520,243.270740,181.714683,45.317142,15.222521
669,11dd74426e8374ac110c4036c77c09ab_000000000724,0.344520,320.993795,118.814146,44.565357,9.808986
670,11dd74426e8374ac110c4036c77c09ab_000000000725,0.344520,242.359287,181.840156,45.195477,14.186362
670,11dd74426e8374ac110c4036c77c09ab_000000000725,0.344520,319.136698,117.807542,44.476345,9.838833
671,11dd74426e8374ac110c4036c77c09ab_000000000726,0.344520,243.464322,181.716028,45.135906,14.271446
671,11dd74426e8374ac110c4036c77c09ab_000000000726,0.344520,319.387140,117.813335,44.648540,9.800905
672,11dd74426e8374ac110c4036c77c09ab_000000000727,0.344520,244.066203,181.990505,44.769936,15.014766
672,11dd74426e8374ac110c4036c77c09ab_000000000727,0.344520,322.157393,118.431355,45.003323,9.905509
673,11dd74426e8374ac110c4036c77c09ab_000000000728,0.344520,244.146634,182.282855,44.911854,14.956382
673,11dd74426e8374ac110c4036c77c09ab_000000000728,0.344520,320.255717,117.854834,45.003304,10.003860
674,11dd74426e8374ac110c4036c77c09ab_000000000729,0.344520,242.957677,182.553673,46.825474,16.773546
674,11dd74426e8374ac110c4036c77c09ab_000000000729,0.344520,319.975941,118.302938,44.835587,12.634091
675,11dd74426e8374ac110c4036c77c09ab_000000000730,0.344520,243.136834,182.693824,47.258625,14.435663
675,11dd74426e8374ac110c4036c77c09ab_000000000730,0.344520,321.642252,118.856496,45.179138,10.169592
676,11dd74426e8374ac110c4036c77c09ab_000000000731,0.344520,242.730913,181.465334,47.801418,14.805491
676,11dd74426e8374ac110c4036c77c09ab_000000000731,0.344520,321.210319,118.527231,44.873604,13.388134
677,11dd74426e8374ac110c4036c77c09ab_000000000732,0.344520,241.775764,182.080630,49.214260,15.188129
677,11dd74426e8374ac110c4036c77c09ab_000000000732,0.344520,323.008622,120.997395,44.991844,11.964391
678,11dd74426e8374ac110c4036c77c09ab_000000000733,0.344520,240.119315,180.846547,49.214260,15.158701
678,11dd74426e8374ac110c4036c77c09ab_000000000733,0.344520,321.595907,118.810056,45.058796,11.721789
679,11dd74426e8374ac110c4036c77c09ab_000000000734,0.343351,238.508098,180.490929,48.061504,15.815769
679,11dd74426e8374ac110c4036c77c09ab_000000000734,0.343351,322.157293,119.131716,45.144028,10.902134
680,11dd74426e8374ac110c4036c77c09ab_000000000735,0.344520,242.638159,182.174036,46.617126,17.313139
680,11dd74426e8374ac110c4036c77c09ab_000000000735,0.344520,323.627619,119.660444,47.229061,9.528277
681,11dd74426e8374ac110c4036c77c09ab_000000000736,0.344520,236.920452,180.809664,49.896866,14.139539
681,11dd74426e8374ac110c4036c77c09ab_000000000736,0.344520,321.927516,118.730371,47.590004,9.443132
682,11dd74426e8374ac110c4036c77c09ab_000000000737,0.344520,238.617547,181.582249,50.196976,14.159894
682,11dd74426e8374ac110c4036c77c09ab_000000000737,0.344520,320.562366,118.394608,47.801437,9.360136
683,11dd74426e8374ac110c4036c77c09ab_000000000738,0.343351,239.479074,180.914773,49.784336,15.330633
683,11dd74426e8374ac110c4036c77c09ab_000000000738,0.343351,322.001985,118.372997,46.837166,9.244179
684,11dd74426e8374ac110c4036c77c09ab_000000000739,0.343351,236.306579,180.319400,52.551304,15.200786
684,11dd74426e8374ac110c4036c77c09ab_000000000739,0.343351,324.940774,120.342947,43.021706,9.632998
685,11dd74426e8374ac110c4036c77c09ab_000000000740,0.343351,236.419325,180.182785,52.441845,15.209456
685,11dd74426e8374ac110c4036c77c09ab_000000000740,0.343351,322.957432,118.870734,42.737534,9.632998
686,11dd74426e8374ac110c4036c77c09ab_000000000741,0.343351,235.021717,180.269649,53.962803,15.417947
686,11dd74426e8374ac110c4036c77c09ab_000000000741,0.343351,322.688917,119.851748,42.031845,9.557674
687,11dd74426e8374ac110c4036c77c09ab_000000000742,0.343351,235.181761,179.811080,53.975464,15.538662
687,11dd74426e8374ac110c4036c77c09ab_000000000742,0.343351,323.138601,119.290775,41.765930,9.980827
688,11dd74426e8374ac110c4036c77c09ab_000000000743,0.343351,234.712693,178.828682,53.888557,16.545710
688,11dd74426e8374ac110c4036c77c09ab_000000000743,0.343351,322.277290,118.545029,41.765907,9.980825
689,11dd74426e8374ac110c4036c77c09ab_000000000744,0.343351,237.576080,179.930490,53.909805,16.681082
689,11dd74426e8374ac110c4036c77c09ab_000000000744,0.343351,323.194513,118.328632,41.765888,9.980823
690,11dd74426e8374ac110c4036c77c09ab_000000000745,0.343351,232.905092,179.003375,53.854187,16.503712
690,11dd74426e8374ac110c4036c77c09ab_000000000745,0.343351,321.867905,118.722226,41.305264,9.827277
691,11dd74426e8374ac110c4036c77c09ab_000000000746,0.343351,233.313744,177.878202,53.943565,16.490274
691,11dd74426e8374ac110c4036c77c09ab_000000000746,0.343351,321.190592,117.361984,41.529476,9.628010
692,11dd74426e8374ac110c4036c77c09ab_000000000747,0.343351,233.229121,178.124734,53.308773,15.941534
692,11dd74426e8374ac110c4036c77c09ab_000000000747,0.343351,322.579336,118.200997,41.192078,8.652561
693,11dd74426e8374ac110c4036c77c09ab_000000000748,0.343351,235.809303,179.481581,52.934700,15.817923
693,11dd74426e8374ac110c4036c77c09ab_000000000748,0.343351,324.593357,118.926604,41.151718,9.673729
694,11dd74426e8374ac110c4036c77c09ab_000000000749,0.343351,233.348091,178.611636,52.934681,15.716022
694,11dd74426e8374ac110c4036c77c09ab_000000000749,0.343351,321.558357,117.932586,41.458790,9.520168
695,11dd74426e8374ac110c4036c77c09ab_000000000750,0.343351,234.789666,180.020854,52.104027,15.946438
695,11dd74426e8374ac110c4036c77c09ab_000000000750,0.343351,326.074183,119.572420,43.544945,10.017766
696,11dd74426e8374ac110c4036c77c09ab_000000000751,0.343351,232.827302,179.389645,52.111614,15.943797
696,11dd74426e8374ac110c4036c77c09ab_000000000751,0.343351,323.986374,119.326223,43.544945,10.017756
697,11dd74426e8374ac110c4036c77c09ab_000000000752,0.343351,236.411969,180.220800,51.869171,15.801995
697,11dd74426e8374ac110c4036c77c09ab_000000000752,0.343351,326.081686,119.352565,43.320709,8.720407
698,11dd74426e8374ac110c4036c77c09ab_000000000753,0.343351,235.558098,180.359678,51.869171,15.905395
698,11dd74426e8374ac110c4036c77c09ab_000000000753,0.343351,324.917994,120.020039,43.166931,9.007552
699,11dd74426e8374ac110c4036c77c09ab_000000000754,0.344520,234.484563,180.007388,52.711506,12.580765
699,11dd74426e8374ac110c4036c77c09ab_000000000754,0.344520,326.176175,120.613468,43.438408,8.531932
700,11dd74426e8374ac110c4036c77c09ab_000000000755,0.337676,234.108958,178.063026,50.893284,14.235876
700,11dd74426e8374ac110c4036c77c09ab_000000000755,0.337676,322.896457,118.408295,42.823868,8.356469
701,11dd74426e8374ac110c4036c77c09ab_000000000756,0.343351,235.115539,179.606398,51.748524,14.578515
701,11dd74426e8374ac110c4036c77c09ab_000000000756,0.343351,323.776704,119.071403,43.409252,8.534488
702,11dd74426e8374ac110c4036c77c09ab_000000000757,0.338788,231.585069,176.318796,48.978958,15.395903
702,11dd74426e8374ac110c4036c77c09ab_000000000757,0.338788,326.316579,118.886533,43.018730,8.424894
703,11dd74426e8374ac110c4036c77c09ab_000000000758,0.338788,230.582558,176.927536,48.922756,15.328689
703,11dd74426e8374ac110c4036c77c09ab_000000000758,0.338788,323.732924,118.821883,42.355007,8.305363
704,11dd74426e8374ac110c4036c77c09ab_000000000759,0.338788,230.813594,175.398377,48.806110,16.127893
704,11dd74426e8374ac110c4036c77c09ab_000000000759,0.338788,328.212980,119.505105,42.422997,9.090649
705,11dd74426e8374ac110c4036c77c09ab_000000000760,0.338788,233.781487,177.031815,49.080303,16.272982
705,11dd74426e8374ac110c4036c77c09ab_000000000760,0.338788,329.214147,119.406761,43.534710,8.304313
706,11dd74426e8374ac110c4036c77c09ab_000000000761,0.338788,229.961867,175.342195,49.116550,16.748192
706,11dd74426e8374ac110c4036c77c09ab_000000000761,0.338788,327.469585,119.592015,45.110207,8.389894
707,11dd74426e8374ac110c4036c77c09ab_000000000762,0.338788,231.898941,177.500524,48.351093,16.753031
707,11dd74426e8374ac110c4036c77c09ab_000000000762,0.338788,326.756400,119.907499,46.042870,8.776723
708,11dd74426e8374ac110c4036c77c09ab_000000000763,0.338788,320.657029,118.868202,50.558201,9.474079
708,11dd74426e8374ac110c4036c77c09ab_000000000763,0.338788,223.223173,173.263890,50.396252,12.895432
709,11dd74426e8374ac110c4036c77c09ab_000000000764,0.338788,320.093471,118.054150,46.615627,9.846691
709,11dd74426e8374ac110c4036c77c09ab_000000000764,0.338788,221.454211,175.710636,48.284386,13.849011
710,11dd74426e8374ac110c4036c77c09ab_000000000765,0.338788,317.434362,117.109910,46.597927,10.031852
710,11dd74426e8374ac110c4036c77c09ab_000000000765,0.338788,218.966109,174.795262,48.387630,14.055523
711,11dd74426e8374ac110c4036c77c09ab_000000000766,0.338788,319.783735,119.455530,47.319984,10.198103
711,11dd74426e8374ac110c4036c77c09ab_000000000766,0.338788,219.507563,176.627147,47.032951,14.258737
712,11dd74426e8374ac110c4036c77c09ab_000000000767,0.344520,324.186098,119.668308,48.155739,10.124949
712,11dd74426e8374ac110c4036c77c09ab_000000000767,0.344520,222.876742,177.920878,47.544140,14.579615
713,11dd74426e8374ac110c4036c77c09ab_000000000768,0.344520,324.638071,120.964108,48.549168,10.776800
713,11dd74426e8374ac110c4036c77c09ab_000000000768,0.344520,223.216279,179.439342,45.893726,15.023650
714,11dd74426e8374ac110c4036c77c09ab_000000000769,0.338788,318.630647,118.785935,48.146648,12.628630
714,11dd74426e8374ac110c4036c77c09ab_000000000769,0.338788,218.084647,175.056570,44.972904,14.629141
715,11dd74426e8374ac110c4036c77c09ab_000000000770,0.338788,319.600197,119.302244,48.429752,12.696692
715,11dd74426e8374ac110c4036c77c09ab_000000000770,0.338788,218.787120,175.799261,44.572186,14.810426
716,11dd74426e8374ac110c4036c77c09ab_000000000771,0.344520,326.005050,120.357139,49.748199,12.963471
716,11dd74426e8374ac110c4036c77c09ab_000000000771,0.344520,224.227993,180.500954,42.462505,9.478992
717,11dd74426e8374ac110c4036c77c09ab_000000000772,0.344520,327.143645,121.194563,49.295616,13.704010
717,11dd74426e8374ac110c4036c77c09ab_000000000772,0.344520,222.095053,179.801946,41.469677,9.354391
718,11dd74426e8374ac110c4036c77c09ab_000000000773,0.338788,319.441556,116.572995,48.634979,10.454252
718,11dd74426e8374ac110c4036c77c09ab_000000000773,0.338788,217.333374,177.026749,1.818114,0.909072
718,11dd74426e8374ac110c4036c77c09ab_000000000773,0.338788,213.324384,175.191638,1.016365,1.016365
718,11dd74426e8374ac110c4036c77c09ab_000000000773,0.338788,206.819600,171.515812,13.064757,11.257054
719,11dd74426e8374ac110c4036c77c09ab_000000000774,0.338788,319.076692,117.170641,48.401257,10.136168
719,11dd74426e8374ac110c4036c77c09ab_000000000774,0.338788,212.818414,175.753356,0.677577,0.677577
719,11dd74426e8374ac110c4036c77c09ab_000000000774,0.338788,206.264127,172.304637,11.494656,11.999498
720,11dd74426e8374ac110c4036c77c09ab_000000000775,0.338788,320.631017,116.367146,48.403366,9.907989
720,11dd74426e8374ac110c4036c77c09ab_000000000775,0.338788,207.189612,171.380444,12.873961,14.567904
721,11dd74426e8374ac110c4036c77c09ab_000000000776,0.338788,319.839359,116.267798,49.138241,9.638634
721,11dd74426e8374ac110c4036c77c09ab_000000000776,0.338788,207.530800,171.429792,14.095742,14.349337
722,11dd74426e8374ac110c4036c77c09ab_000000000777,0.338788,322.512529,116.600290,53.167000,10.601130
722,11dd74426e8374ac110c4036c77c09ab_000000000777,0.338788,208.800119,171.158403,21.540319,11.280616
722,11dd74426e8374ac110c4036c77c09ab_000000000777,0.338788,202.024350,157.903346,0.677577,1.016365
723,11dd74426e8374ac110c4036c77c09ab_000000000778,0.338788,320.986720,115.726313,53.811367,11.463834
723,11dd74426e8374ac110c4036c77c09ab_000000000778,0.338788,208.611101,172.133020,17.635878,11.575423
724,11dd74426e8374ac110c4036c77c09ab_000000000779,0.338788,320.691562,116.521403,54.019245,11.697805
724,11dd74426e8374ac110c4036c77c09ab_000000000779,0.338788,208.263421,172.086856,17.813316,10.875928
725,11dd74426e8374ac110c4036c77c09ab_000000000780,0.338788,323.032436,117.855993,53.888557,14.463140
725,11dd74426e8374ac110c4036c77c09ab_000000000780,0.338788,208.375682,169.457400,22.699799,10.517713
726,11dd74426e8374ac110c4036c77c09ab_000000000781,0.338788,324.666433,118.307735,53.781467,14.784543
726,11dd74426e8374ac110c4036c77c09ab_000000000781,0.338788,208.841558,168.454847,21.748259,13.606055
727,11dd74426e8374ac110c4036c77c09ab_000000000782,0.338788,323.274555,117.965504,54.209976,14.891676
727,11dd74426e8374ac110c4036c77c09ab_000000000782,0.338788,210.848896,168.201697,23.417946,16.104982
728,11dd74426e8374ac110c4036c77c09ab_000000000783,0.338788,323.061179,117.669012,54.209976,15.213081
728,11dd74426e8374ac110c4036c77c09ab_000000000783,0.338788,211.242067,169.536586,23.417965,16.351484
729,11dd74426e8374ac110c4036c77c09ab_000000000784,0.338788,326.060854,119.343383,53.869678,15.438235
729,11dd74426e8374ac110c4036c77c09ab_000000000784,0.338788,211.405941,168.801421,25.926497,16.498682
730,11dd74426e8374ac110c4036c77c09ab_000000000785,0.344520,331.024127,121.467168,55.018200,16.015203
730,11dd74426e8374ac110c4036c77c09ab_000000000785,0.344520,215.005972,170.801759,26.785122,16.894499
731,11dd74426e8374ac110c4036c77c09ab_000000000786,0.344520,330.458919,121.356299,54.700829,15.800287
731,11dd74426e8374ac110c4036c77c09ab_000000000786,0.344520,215.279040,170.193843,27.059219,17.126520
732,11dd74426e8374ac110c4036c77c09ab_000000000787,0.338788,325.251414,118.439774,52.979038,15.608292
732,11dd74426e8374ac110c4036c77c09ab_000000000787,0.338788,215.310982,168.860219,26.706678,14.069118
733,11dd74426e8374ac110c4036c77c09ab_000000000788,0.338788,326.914835,119.704421,53.597786,15.854463
733,11dd74426e8374ac110c4036c77c09ab_000000000788,0.338788,214.964336,169.133158,26.208029,15.169995
734,11dd74426e8374ac110c4036c77c09ab_000000000789,0.344520,333.253732,122.711849,57.126434,18.326971
734,11dd74426e8374ac110c4036c77c09ab_000000000789,0.344520,218.979375,173.214517,27.725151,14.879914
735,11dd74426e8374ac110c4036c77c09ab_000000000790,0.344520,332.109480,122.572371,57.249992,18.416035
735,11dd74426e8374ac110c4036c77c09ab_000000000790,0.344520,218.285267,172.984514,27.757534,14.831718
736,11dd74426e8374ac110c4036c77c09ab_000000000791,0.344520,335.505059,123.952861,59.067726,19.675180
736,11dd74426e8374ac110c4036c77c09ab_000000000791,0.344520,220.082139,173.931850,29.964975,14.792512
737,11dd74426e8374ac110c4036c77c09ab_000000000792,0.344520,335.072642,124.190697,60.602150,20.653376
737,11dd74426e8374ac110c4036c77c09ab_000000000792,0.344520,220.667597,173.112184,30.949564,15.664085
738,11dd74426e8374ac110c4036c77c09ab_000000000793,0.344520,335.317427,124.415022,60.613987,20.642666
738,11dd74426e8374ac110c4036c77c09ab_000000000793,0.344520,221.606323,175.077396,31.085131,15.608561
739,11dd74426e8374ac110c4036c77c09ab_000000000794,0.345599,334.572991,123.936154,60.436302,20.764717
739,11dd74426e8374ac110c4036c77c09ab_000000000794,0.345599,221.955930,173.940172,32.921551,15.797653
740,11dd74426e8374ac110c4036c77c09ab_000000000795,0.345599,335.577620,124.410688,60.873428,20.764717
740,11dd74426e8374ac110c4036c77c09ab_000000000795,0.345599,222.916853,174.567741,32.994473,15.835748
741,11dd74426e8374ac110c4036c77c09ab_000000000796,0.345599,333.452368,121.759286,59.883629,17.145107
741,11dd74426e8374ac110c4036c77c09ab_000000000796,0.345599,221.784080,173.721546,33.767933,15.371033
742,11dd74426e8374ac110c4036c77c09ab_000000000797,0.344520,223.476962,172.165479,34.759960,17.176756
742,11dd74426e8374ac110c4036c77c09ab_000000000797,0.344520,337.648324,121.641058,67.017479,13.442992
743,11dd74426e8374ac110c4036c77c09ab_000000000798,0.344520,224.438671,174.631815,33.193489,15.118590
743,11dd74426e8374ac110c4036c77c09ab_000000000798,0.344520,338.923348,120.337015,65.058624,14.021116
744,11dd74426e8374ac110c4036c77c09ab_000000000799,0.345599,224.395563,174.364197,34.260239,15.501270
744,11dd74426e8374ac110c4036c77c09ab_000000000799,0.345599,340.061779,119.536971,66.095039,13.298161
745,11dd74426e8374ac110c4036c77c09ab_000000000800,0.338788,218.979033,171.614757,33.695099,15.240802
745,11dd74426e8374ac110c4036c77c09ab_000000000800,0.338788,332.903951,119.512674,64.794884,13.062189
746,11dd74426e8374ac110c4036c77c09ab_000000000801,0.343351,223.480800,176.742927,32.514130,15.122220
746,11dd74426e8374ac110c4036c77c09ab_000000000801,0.343351,337.235096,121.393663,65.173615,12.774853
747,11dd74426e8374ac110c4036c77c09ab_000000000802,0.343351,225.755269,175.453622,30.525927,15.210279
747,11dd74426e8374ac110c4036c77c09ab_000000000802,0.343351,336.491959,120.901343,65.142288,12.774836
748,11dd74426e8374ac110c4036c77c09ab_000000000803,0.338788,224.015162,174.176700,28.374340,15.148335
748,11dd74426e8374ac110c4036c77c09ab_000000000803,0.338788,331.036934,118.118645,65.299057,12.743324
749,11dd74426e8374ac110c4036c77c09ab_000000000804,0.338788,225.124785,174.359473,28.069174,15.320210
749,11dd74426e8374ac110c4036c77c09ab_000000000804,0.338788,333.351754,119.503896,65.430336,12.693340
750,11dd74426e8374ac110c4036c77c09ab_000000000805,0.345599,229.362641,176.245216,28.954945,15.912450
750,11dd74426e8374ac110c4036c77c09ab_000000000805,0.345599,338.953580,120.855738,67.710945,12.567326
751,11dd74426e8374ac110c4036c77c09ab_000000000806,0.345599,229.749372,176.680685,28.954966,15.922669
751,11dd74426e8374ac110c4036c77c09ab_000000000806,0.345599,336.949237,120.214194,67.689117,12.211404
752,11dd74426e8374ac110c4036c77c09ab_000000000807,0.344520,226.382423,176.116204,27.786636,16.793566
752,11dd74426e8374ac110c4036c77c09ab_000000000807,0.344520,338.399860,120.942397,69.486359,12.446816
753,11dd74426e8374ac110c4036c77c09ab_000000000808,0.344520,231.071447,176.431390,26.977400,19.890438
753,11dd74426e8374ac110c4036c77c09ab_000000000808,0.344520,340.846893,122.188518,69.673256,13.211303
754,11dd74426e8374ac110c4036c77c09ab_000000000809,0.344520,229.991498,176.697182,26.036278,17.258522
754,11dd74426e8374ac110c4036c77c09ab_000000000809,0.344520,340.151396,121.975569,69.624702,13.489415
755,11dd74426e8374ac110c4036c77c09ab_000000000810,0.344520,229.784857,176.591517,26.561659,17.749403
755,11dd74426e8374ac110c4036c77c09ab_000000000810,0.344520,338.065496,120.941924,69.666756,13.787862
756,11dd74426e8374ac110c4036c77c09ab_000000000811,0.344520,230.895885,176.125498,26.666208,17.746254
756,11dd74426e8374ac110c4036c77c09ab_000000000811,0.344520,339.400029,120.823242,69.624657,13.802849
757,11dd74426e8374ac110c4036c77c09ab_000000000812,0.339814,226.354424,173.468740,24.862118,17.857830
757,11dd74426e8374ac110c4036c77c09ab_000000000812,0.339814,332.233023,118.483257,69.839935,13.761192
758,11dd74426e8374ac110c4036c77c09ab_000000000813,0.338788,225.896591,174.098454,24.689228,18.016468
758,11dd74426e8374ac110c4036c77c09ab_000000000813,0.338788,331.027773,117.936038,69.580025,13.211411
759,11dd74426e8374ac110c4036c77c09ab_000000000814,0.345599,230.116403,176.357645,26.440536,18.226015
759,11dd74426e8374ac110c4036c77c09ab_000000000814,0.345599,339.706182,122.075427,72.186119,13.635562
760,11dd74426e8374ac110c4036c77c09ab_000000000815,0.339814,226.626997,175.024035,27.280016,18.049313
760,11dd74426e8374ac110c4036c77c09ab_000000000815,0.339814,329.876975,118.950760,71.798073,14.195036
761,11dd74426e8374ac110c4036c77c09ab_000000000816,0.345599,230.219129,176.100798,27.769501,18.450420
761,11dd74426e8374ac110c4036c77c09ab_000000000816,0.345599,337.228264,120.431512,73.098946,12.835349
762,11dd74426e8374ac110c4036c77c09ab_000000000817,0.344520,232.419543,178.479126,26.148062,18.242826
762,11dd74426e8374ac110c4036c77c09ab_000000000817,0.344520,338.907451,122.469598,73.325539,14.437992
763,11dd74426e8374ac110c4036c77c09ab_000000000818,0.344520,230.411866,176.052142,26.118160,18.539970
763,11dd74426e8374ac110c4036c77c09ab_000000000818,0.344520,337.592116,121.224832,73.189026,14.510236
764,11dd74426e8374ac110c4036c77c09ab_000000000819,0.344520,230.368612,176.316715,26.432085,18.661390
764,11dd74426e8374ac110c4036c77c09ab_000000000819,0.344520,337.654212,120.730457,73.411713,13.081527
765,11dd74426e8374ac110c4036c77c09ab_000000000820,0.345599,231.595534,177.556210,26.475002,18.733482
765,11dd74426e8374ac110c4036c77c09ab_000000000820,0.345599,339.510200,121.792666,74.244339,13.082779
766,11dd74426e8374ac110c4036c77c09ab_000000000821,0.339814,231.089667,175.406326,26.296848,18.749565
766,11dd74426e8374ac110c4036c77c09ab_000000000821,0.339814,334.956242,120.180366,74.665253,12.069486
767,11dd74426e8374ac110c4036c77c09ab_000000000822,0.338788,229.638773,173.189956,26.045231,19.002384
767,11dd74426e8374ac110c4036c77c09ab_000000000822,0.338788,334.602318,120.512796,75.895126,16.932001
768,11dd74426e8374ac110c4036c77c09ab_000000000823,0.344520,234.046048,175.632605,26.192598,19.259279
768,11dd74426e8374ac110c4036c77c09ab_000000000823,0.344520,339.715762,121.718798,77.293541,17.447186
769,11dd74426e8374ac110c4036c77c09ab_000000000824,0.344520,235.288374,177.277530,26.280704,19.546375
769,11dd74426e8374ac110c4036c77c09ab_000000000824,0.344520,342.414289,122.966002,77.897041,22.225182
770,11dd74426e8374ac110c4036c77c09ab_000000000825,0.344520,234.162143,176.967412,26.296371,19.470737
770,11dd74426e8374ac110c4036c77c09ab_000000000825,0.344520,342.472326,123.251487,77.897041,22.225193
771,11dd74426e8374ac110c4036c77c09ab_000000000826,0.322665,220.823799,166.085633,24.393515,18.443893
771,11dd74426e8374ac110c4036c77c09ab_000000000826,0.322665,321.340576,115.513906,72.263947,22.431648
772,11dd74426e8374ac110c4036c77c09ab_000000000827,0.344520,234.389139,176.591707,26.038338,19.719397
772,11dd74426e8374ac110c4036c77c09ab_000000000827,0.344520,341.381148,122.413632,77.448830,23.462337
773,11dd74426e8374ac110c4036c77c09ab_000000000828,0.344520,236.961099,177.362609,26.147242,19.719402
773,11dd74426e8374ac110c4036c77c09ab_000000000828,0.344520,343.644271,123.477589,77.419662,22.533493
774,11dd74426e8374ac110c4036c77c09ab_000000000829,0.338788,234.150672,174.711371,26.685505,18.848980
774,11dd74426e8374ac110c4036c77c09ab_000000000829,0.338788,338.388523,122.622501,76.065392,22.712473
775,11dd74426e8374ac110c4036c77c09ab_000000000830,0.333241,228.082689,171.338602,26.533157,18.685661
775,11dd74426e8374ac110c4036c77c09ab_000000000830,0.333241,330.075663,120.043970,74.801895,23.008827
776,11dd74426e8374ac110c4036c77c09ab_000000000831,0.338788,233.734920,174.396011,24.782818,19.666790
776,11dd74426e8374ac110c4036c77c09ab_000000000831,0.338788,335.301276,120.924413,75.983604,22.733984
777,11dd74426e8374ac110c4036c77c09ab_000000000832,0.338788,232.264569,172.503167,22.170256,20.735966
777,11dd74426e8374ac110c4036c77c09ab_000000000832,0.338788,333.564386,119.975530,76.083565,22.740711
778,11dd74426e8374ac110c4036c77c09ab_000000000833,0.338788,233.888951,172.519750,26.084974,18.286514
778,11dd74426e8374ac110c4036c77c09ab_000000000833,0.338788,336.135365,121.542313,76.512222,23.389061
779,11dd74426e8374ac110c4036c77c09ab_000000000834,0.338788,234.961933,172.418356,18.953739,23.513746
779,11dd74426e8374ac110c4036c77c09ab_000000000834,0.338788,335.526294,121.390898,76.619232,23.501854
780,11dd74426e8374ac110c4036c77c09ab_000000000835,0.338788,236.745349,173.185014,24.477322,18.822212
780,11dd74426e8374ac110c4036c77c09ab_000000000835,0.338788,334.630668,122.368058,77.062027,23.853230
781,11dd74426e8374ac110c4036c77c09ab_000000000836,0.333241,231.470380,170.403234,24.068043,18.430901
781,11dd74426e8374ac110c4036c77c09ab_000000000836,0.333241,328.207286,119.600022,75.566925,22.731150
782,11dd74426e8374ac110c4036c77c09ab_000000000837,0.344520,240.300407,175.876507,25.092106,20.219866
782,11dd74426e8374ac110c4036c77c09ab_000000000837,0.344520,341.568443,123.556265,76.807625,25.275684
783,11dd74426e8374ac110c4036c77c09ab_000000000838,0.344520,239.711143,175.634434,24.730951,20.678129
783,11dd74426e8374ac110c4036c77c09ab_000000000838,0.344520,338.682979,123.731164,75.976814,24.710335
784,11dd74426e8374ac110c4036c77c09ab_000000000839,0.344520,240.567398,175.721479,24.534866,20.678133
784,11dd74426e8374ac110c4036c77c09ab_000000000839,0.344520,341.159157,124.816875,76.099831,24.748907
785,11dd74426e8374ac110c4036c77c09ab_000000000840,0.344520,239.046642,176.587102,22.458429,20.957272
785,11dd74426e8374ac110c4036c77c09ab_000000000840,0.344520,341.019132,124.600109,75.797112,26.224829
786,11dd74426e8374ac110c4036c77c09ab_000000000841,0.344520,237.995985,175.784321,22.458408,20.957272
786,11dd74426e8374ac110c4036c77c09ab_000000000841,0.344520,337.998396,123.894246,75.539688,26.557552
787,11dd74426e8374ac110c4036c77c09ab_000000000842,0.343351,237.523877,176.429271,20.953472,20.066040
787,11dd74426e8374ac110c4036c77c09ab_000000000842,0.343351,337.847381,121.260966,75.279854,19.614872
788,11dd74426e8374ac110c4036c77c09ab_000000000843,0.343351,236.425800,175.735025,20.953493,20.066046
788,11dd74426e8374ac110c4036c77c09ab_000000000843,0.343351,337.011553,121.280676,75.132759,19.730965
789,11dd74426e8374ac110c4036c77c09ab_000000000844,0.343351,240.429219,177.019196,20.259834,19.465322
789,11dd74426e8374ac110c4036c77c09ab_000000000844,0.343351,339.171809,121.847737,75.157532,18.551895
790,11dd74426e8374ac110c4036c77c09ab_000000000845,0.344520,240.183198,178.268889,20.468626,18.511946
790,11dd74426e8374ac110c4036c77c09ab_000000000845,0.344520,341.799413,123.149744,75.119171,18.759871
791,11dd74426e8374ac110c4036c77c09ab_000000000846,0.343351,240.539346,177.693135,20.594048,19.000072
791,11dd74426e8374ac110c4036c77c09ab_000000000846,0.343351,341.181975,123.119145,74.805016,19.528147
792,11dd74426e8374ac110c4036c77c09ab_000000000847,0.344520,240.024459,178.534134,20.443014,18.891073
792,11dd74426e8374ac110c4036c77c09ab_000000000847,0.344520,342.946272,123.477242,74.643906,19.403452
793,11dd74426e8374ac110c4036c77c09ab_000000000848,0.343351,237.839880,177.887422,20.373608,18.880270
793,11dd74426e8374ac110c4036c77c09ab_000000000848,0.343351,339.117762,122.271152,73.983063,20.061100
794,11dd74426e8374ac110c4036c77c09ab_000000000849,0.344520,236.297691,177.632712,23.120090,21.300493
794,11dd74426e8374ac110c4036c77c09ab_000000000849,0.344520,355.828214,131.169518,29.533421,19.465942
795,11dd74426e8374ac110c4036c77c09ab_000000000850,0.344520,237.835711,176.569081,24.848497,18.514580
795,11dd74426e8374ac110c4036c77c09ab_000000000850,0.344520,357.987859,132.260433,29.844172,17.445087
796,11dd74426e8374ac110c4036c77c09ab_000000000851,0.344520,236.604719,176.849298,21.882328,20.672758
796,11dd74426e8374ac110c4036c77c09ab_000000000851,0.344520,357.287001,132.768781,30.466175,17.996437
797,11dd74426e8374ac110c4036c77c09ab_000000000852,0.344520,237.671735,176.584410,24.361261,19.732643
797,11dd74426e8374ac110c4036c77c09ab_000000000852,0.344520,357.878935,133.760497,31.564461,17.421619
798,11dd74426e8374ac110c4036c77c09ab_000000000853,0.344520,236.729708,176.184397,21.262259,20.954102
798,11dd74426e8374ac110c4036c77c09ab_000000000853,0.344520,356.676604,132.308071,31.812546,17.867302
799,11dd74426e8374ac110c4036c77c09ab_000000000854,0.345599,237.117313,178.034045,22.101606,21.328802
799,11dd74426e8374ac110c4036c77c09ab_000000000854,0.345599,358.469691,133.289116,32.458500,18.360382
800,11dd74426e8374ac110c4036c77c09ab_000000000855,0.344520,237.513753,177.058063,20.046217,22.334122
800,11dd74426e8374ac110c4036c77c09ab_000000000855,0.344520,357.289230,133.330751,32.466133,18.303095
801,11dd74426e8374ac110c4036c77c09ab_000000000856,0.344520,235.448207,175.902498,20.046238,22.116232
801,11dd74426e8374ac110c4036c77c09ab_000000000856,0.344520,354.067425,131.082799,33.062737,18.335484
802,11dd74426e8374ac110c4036c77c09ab_000000000857,0.344520,235.271741,175.670676,19.937273,22.116238
802,11dd74426e8374ac110c4036c77c09ab_000000000857,0.344520,355.034454,131.355783,33.172714,18.633537
803,11dd74426e8374ac110c4036c77c09ab_000000000858,0.339814,234.797815,172.760511,26.866571,20.694525
803,11dd74426e8374ac110c4036c77c09ab_000000000858,0.339814,349.307216,129.145818,31.648108,18.461397
804,11dd74426e8374ac110c4036c77c09ab_000000000859,0.338788,234.444135,171.949875,19.707153,23.751663
804,11dd74426e8374ac110c4036c77c09ab_000000000859,0.338788,350.654448,130.139556,32.567776,17.290236
805,11dd74426e8374ac110c4036c77c09ab_000000000860,0.338788,235.594866,170.959802,20.893574,23.591030
805,11dd74426e8374ac110c4036c77c09ab_000000000860,0.338788,350.114917,129.397950,29.864252,22.136766
806,11dd74426e8374ac110c4036c77c09ab_000000000861,0.344520,239.284972,175.374183,20.167717,24.116434
806,11dd74426e8374ac110c4036c77c09ab_000000000861,0.344520,355.376115,131.304033,33.337780,19.501505
807,11dd74426e8374ac110c4036c77c09ab_000000000862,0.344520,238.473528,175.837017,19.758305,24.274485
807,11dd74426e8374ac110c4036c77c09ab_000000000862,0.344520,355.886167,131.267676,33.555630,19.610439
808,11dd74426e8374ac110c4036c77c09ab_000000000863,0.322665,222.962417,164.371813,18.608612,22.834856
808,11dd74426e8374ac110c4036c77c09ab_000000000863,0.322665,332.183280,123.029367,31.379524,19.102520
809,11dd74426e8374ac110c4036c77c09ab_000000000864,0.322665,224.729806,165.597658,18.966017,22.898823
809,11dd74426e8374ac110c4036c77c09ab_000000000864,0.322665,334.139513,124.026164,31.500780,16.797977
810,11dd74426e8374ac110c4036c77c09ab_000000000865,0.344520,237.236921,177.058630,20.337790,25.576326
810,11dd74426e8374ac110c4036c77c09ab_000000000865,0.344520,353.552873,132.840518,30.397308,20.061695
811,11dd74426e8374ac110c4036c77c09ab_000000000866,0.327869,228.130803,168.400819,19.208204,24.340155
811,11dd74426e8374ac110c4036c77c09ab_000000000866,0.327869,337.311571,126.301189,30.273558,19.250734
812,11dd74426e8374ac110c4036c77c09ab_000000000867,0.344520,240.882521,175.736115,19.832512,26.294079
812,11dd74426e8374ac110c4036c77c09ab_000000000867,0.344520,353.284137,132.161350,31.812504,20.264130
813,11dd74426e8374ac110c4036c77c09ab_000000000868,0.344520,239.745040,176.583947,20.183720,25.730400
813,11dd74426e8374ac110c4036c77c09ab_000000000868,0.344520,355.219709,133.441337,32.659046,18.174034
814,11dd74426e8374ac110c4036c77c09ab_000000000869,0.344520,240.677962,176.754252,20.152409,25.782270
814,11dd74426e8374ac110c4036c77c09ab_000000000869,0.344520,354.992146,131.370839,32.573925,19.098560
815,11dd74426e8374ac110c4036c77c09ab_000000000870,0.344520,241.236399,176.694954,19.393429,23.319342
815,11dd74426e8374ac110c4036c77c09ab_000000000870,0.344520,355.062715,131.402359,32.357212,19.719397
816,11dd74426e8374ac110c4036c77c09ab_000000000871,0.344520,242.163139,175.992234,19.192760,23.223232
816,11dd74426e8374ac110c4036c77c09ab_000000000871,0.344520,354.195358,132.126759,32.339085,19.568447
817,11dd74426e8374ac110c4036c77c09ab_000000000872,0.344520,241.004546,176.530116,19.828348,22.334118
817,11dd74426e8374ac110c4036c77c09ab_000000000872,0.344520,351.135258,132.318354,32.587803,19.803362
818,11dd74426e8374ac110c4036c77c09ab_000000000873,0.344520,241.563467,176.085755,20.162460,22.307375
818,11dd74426e8374ac110c4036c77c09ab_000000000873,0.344520,349.646695,133.210093,30.773518,20.735596
819,11dd74426e8374ac110c4036c77c09ab_000000000874,0.344520,242.243676,174.414188,19.226048,24.383146
819,11dd74426e8374ac110c4036c77c09ab_000000000874,0.344520,349.862462,131.586889,29.151724,22.764856
820,11dd74426e8374ac110c4036c77c09ab_000000000875,0.344520,242.438142,175.775836,20.216375,26.741909
820,11dd74426e8374ac110c4036c77c09ab_000000000875,0.344520,351.453052,132.978576,29.777008,23.686663
821,11dd74426e8374ac110c4036c77c09ab_000000000876,0.344520,243.072300,175.053140,25.770653,24.184774
821,11dd74426e8374ac110c4036c77c09ab_000000000876,0.344520,349.820659,133.446162,30.040928,20.041550
822,11dd74426e8374ac110c4036c77c09ab_000000000877,0.344520,242.784513,175.805202,19.901882,27.400723
822,11dd74426e8374ac110c4036c77c09ab_000000000877,0.344520,349.282240,132.590581,30.716406,24.745050
823,11dd74426e8374ac110c4036c77c09ab_000000000878,0.344520,241.443650,175.213625,19.723671,26.509325
823,11dd74426e8374ac110c4036c77c09ab_000000000878,0.344520,350.088554,133.158554,31.156267,24.438784
824,11dd74426e8374ac110c4036c77c09ab_000000000879,0.344520,241.849277,174.739142,19.384703,28.149378
824,11dd74426e8374ac110c4036c77c09ab_000000000879,0.344520,350.175925,132.773218,32.740654,18.459770
825,11dd74426e8374ac110c4036c77c09ab_000000000880,0.344520,241.732741,174.861608,18.624250,28.345451
825,11dd74426e8374ac110c4036c77c09ab_000000000880,0.344520,349.929688,132.637883,32.271164,23.296875
826,11dd74426e8374ac110c4036c77c09ab_000000000881,0.345599,241.924205,174.861998,22.860853,27.936796
826,11dd74426e8374ac110c4036c77c09ab_000000000881,0.345599,349.738465,132.617735,30.049519,24.068123
827,11dd74426e8374ac110c4036c77c09ab_000000000882,0.333241,235.914214,167.615078,25.992781,26.992502
827,11dd74426e8374ac110c4036c77c09ab_000000000882,0.333241,335.951757,128.639809,28.136473,24.553553
828,11dd74426e8374ac110c4036c77c09ab_000000000883,0.333241,234.993815,167.037195,23.587646,27.920082
828,11dd74426e8374ac110c4036c77c09ab_000000000883,0.333241,335.639629,127.612506,28.031073,24.553541
829,11dd74426e8374ac110c4036c77c09ab_000000000884,0.344520,244.951055,174.631353,22.225145,30.069353
829,11dd74426e8374ac110c4036c77c09ab_000000000884,0.344520,348.400879,132.791838,27.957424,26.358051
830,11dd74426e8374ac110c4036c77c09ab_000000000891,0.344520,244.194452,178.312227,28.866333,21.827652
830,11dd74426e8374ac110c4036c77c09ab_000000000891,0.344520,337.398891,130.009684,28.216677,21.285526
831,11dd74426e8374ac110c4036c77c09ab_000000000892,0.344520,245.629246,179.622242,28.676010,21.893564
831,11dd74426e8374ac110c4036c77c09ab_000000000892,0.344520,339.266355,130.468449,27.906179,21.360270
832,11dd74426e8374ac110c4036c77c09ab_000000000893,0.338788,332.629120,129.100486,20.819899,25.604086
832,11dd74426e8374ac110c4036c77c09ab_000000000893,0.338788,243.967453,176.437488,29.037380,22.211332
833,11dd74426e8374ac110c4036c77c09ab_000000000894,0.338788,334.683604,130.516361,19.241877,22.120628
833,11dd74426e8374ac110c4036c77c09ab_000000000894,0.338788,245.181252,175.105597,29.215582,21.182962
834,11dd74426e8374ac110c4036c77c09ab_000000000895,0.338788,335.442321,128.121806,23.556219,14.858264
834,11dd74426e8374ac110c4036c77c09ab_000000000895,0.338788,245.086670,174.177672,28.677914,21.165434
835,11dd74426e8374ac110c4036c77c09ab_000000000896,0.344520,339.139199,130.479615,19.155331,20.946861
835,11dd74426e8374ac110c4036c77c09ab_000000000896,0.344520,248.977870,178.406390,28.951979,21.613161
836,11dd74426e8374ac110c4036c77c09ab_000000000897,0.344520,339.644078,130.869871,18.993185,21.037775
836,11dd74426e8374ac110c4036c77c09ab_000000000897,0.344520,249.893023,177.666546,29.299255,21.608620
837,11dd74426e8374ac110c4036c77c09ab_000000000898,0.338788,334.361916,127.229271,20.296001,20.671865
837,11dd74426e8374ac110c4036c77c09ab_000000000898,0.338788,246.012197,174.566666,30.071672,22.019001
838,11dd74426e8374ac110c4036c77c09ab_000000000899,0.338788,335.927634,128.508278,20.389982,20.859802
838,11dd74426e8374ac110c4036c77c09ab_000000000899,0.338788,247.240719,175.052558,30.016689,22.086266
839,11dd74426e8374ac110c4036c77c09ab_000000000900,0.338788,334.391920,126.612891,19.781179,18.003637
839,11dd74426e8374ac110c4036c77c09ab_000000000900,0.338788,244.328511,172.471736,30.445324,24.867546
840,11dd74426e8374ac110c4036c77c09ab_000000000901,0.338788,334.520826,127.196052,22.070297,15.302976
840,11dd74426e8374ac110c4036c77c09ab_000000000901,0.338788,243.236609,173.554581,30.302149,25.605330
841,11dd74426e8374ac110c4036c77c09ab_000000000902,0.338788,333.252748,125.053986,23.838102,13.255765
841,11dd74426e8374ac110c4036c77c09ab_000000000902,0.338788,244.035566,171.494276,31.577652,19.489496
842,11dd74426e8374ac110c4036c77c09ab_000000000903,0.338788,334.554924,124.878275,24.220686,13.349183
842,11dd74426e8374ac110c4036c77c09ab_000000000903,0.338788,243.464047,173.183628,31.601679,19.445721
843,11dd74426e8374ac110c4036c77c09ab_000000000904,0.338788,333.628012,124.369431,24.285036,13.312893
843,11dd74426e8374ac110c4036c77c09ab_000000000904,0.338788,242.449335,170.787440,30.181555,22.095324
844,11dd74426e8374ac110c4036c77c09ab_000000000905,0.327869,323.943351,120.041984,23.711857,12.643713
844,11dd74426e8374ac110c4036c77c09ab_000000000905,0.327869,235.205959,163.665862,21.310265,30.344337
845,11dd74426e8374ac110c4036c77c09ab_000000000906,0.333241,328.958318,122.719873,24.099670,12.851833
845,11dd74426e8374ac110c4036c77c09ab_000000000906,0.333241,239.302962,168.715867,30.161524,22.856777
846,11dd74426e8374ac110c4036c77c09ab_000000000907,0.327869,320.753934,121.008781,18.341724,13.118707
846,11dd74426e8374ac110c4036c77c09ab_000000000907,0.327869,233.903689,164.521885,32.545307,21.942989
847,11dd74426e8374ac110c4036c77c09ab_000000000908,0.327869,319.652320,121.931002,14.076248,17.595314
847,11dd74426e8374ac110c4036c77c09ab_000000000908,0.327869,233.873671,164.717797,31.721632,22.510981
848,11dd74426e8374ac110c4036c77c09ab_000000000909,0.327869,319.008329,121.384588,14.003906,17.550348
848,11dd74426e8374ac110c4036c77c09ab_000000000909,0.327869,233.373783,165.023103,33.191097,20.278370
849,11dd74426e8374ac110c4036c77c09ab_000000000910,0.327869,319.024598,121.412894,13.636354,18.328417
849,11dd74426e8374ac110c4036c77c09ab_000000000910,0.327869,232.051041,165.264873,31.378273,25.219927
850,11dd74426e8374ac110c4036c77c09ab_000000000911,0.327869,318.475322,121.299959,18.683521,14.176496
850,11dd74426e8374ac110c4036c77c09ab_000000000911,0.327869,232.638520,164.750126,29.748434,25.400261
851,11dd74426e8374ac110c4036c77c09ab_000000000912,0.333241,322.838212,123.017947,13.693116,19.693830
851,11dd74426e8374ac110c4036c77c09ab_000000000912,0.333241,237.833867,168.462123,33.931126,19.789772
852,11dd74426e8374ac110c4036c77c09ab_000000000913,0.333241,323.378467,122.726738,19.034184,16.583773
852,11dd74426e8374ac110c4036c77c09ab_000000000913,0.333241,236.702427,169.058382,33.099632,20.036737
853,11dd74426e8374ac110c4036c77c09ab_000000000914,0.344520,332.782771,127.667601,14.681149,21.281458
853,11dd74426e8374ac110c4036c77c09ab_000000000914,0.344520,241.562142,169.456764,28.283630,25.130392
854,11dd74426e8374ac110c4036c77c09ab_000000000915,0.344520,331.749840,127.193570,14.627653,21.477690
854,11dd74426e8374ac110c4036c77c09ab_000000000915,0.344520,239.115782,168.158062,29.522528,20.519009
855,11dd74426e8374ac110c4036c77c09ab_000000000916,0.333241,322.241291,121.913172,20.268053,16.840366
855,11dd74426e8374ac110c4036c77c09ab_000000000916,0.333241,233.142217,163.245381,23.593464,20.660925
856,11dd74426e8374ac110c4036c77c09ab_000000000917,0.333241,322.143316,121.925711,13.214632,19.474226
856,11dd74426e8374ac110c4036c77c09ab_000000000917,0.333241,233.223616,161.951642,21.607321,20.293362
857,11dd74426e8374ac110c4036c77c09ab_000000000918,0.333241,321.309991,121.698133,18.777744,16.244249
857,11dd74426e8374ac110c4036c77c09ab_000000000918,0.333241,230.835099,160.424194,17.795065,18.861420
858,11dd74426e8374ac110c4036c77c09ab_000000000919,0.333241,319.553846,122.586721,19.224865,15.946191
858,11dd74426e8374ac110c4036c77c09ab_000000000919,0.333241,231.584972,160.386576,19.526621,18.146469
859,11dd74426e8374ac110c4036c77c09ab_000000000920,0.338788,325.368265,124.137310,18.867687,16.472446
859,11dd74426e8374ac110c4036c77c09ab_000000000920,0.338788,235.337652,161.452437,19.240017,17.184313
860,11dd74426e8374ac110c4036c77c09ab_000000000921,0.333241,318.492983,120.633213,19.224865,15.350076
860,11dd74426e8374ac110c4036c77c09ab_000000000921,0.333241,228.995664,158.284407,19.891447,18.877396
861,11dd74426e8374ac110c4036c77c09ab_000000000922,0.327869,313.791144,119.041058,18.768311,14.809362
861,11dd74426e8374ac110c4036c77c09ab_000000000922,0.327869,226.283920,156.993338,19.441559,18.433989
862,11dd74426e8374ac110c4036c77c09ab_000000000923,0.333241,234.674283,159.034311,20.514261,18.588993
862,11dd74426e8374ac110c4036c77c09ab_000000000923,0.333241,323.730644,119.436920,27.407326,15.223209
863,11dd74426e8374ac110c4036c77c09ab_000000000924,0.333241,235.192816,158.752905,20.338345,17.493082
863,11dd74426e8374ac110c4036c77c09ab_000000000924,0.333241,324.244722,119.108165,22.996523,13.811207
864,11dd74426e8374ac110c4036c77c09ab_000000000925,0.333241,234.695456,160.334711,20.127588,17.071558
864,11dd74426e8374ac110c4036c77c09ab_000000000925,0.333241,322.753661,121.231578,22.097115,18.552830
865,11dd74426e8374ac110c4036c77c09ab_000000000926,0.333241,235.780747,160.170958,20.555611,17.363764
865,11dd74426e8374ac110c4036c77c09ab_000000000926,0.333241,321.443295,120.384564,22.687466,13.048144
866,11dd74426e8374ac110c4036c77c09ab_000000000927,0.333241,235.765268,159.562352,21.064768,17.702862
866,11dd74426e8374ac110c4036c77c09ab_000000000927,0.333241,321.758474,119.851163,22.812511,13.048144
867,11dd74426e8374ac110c4036c77c09ab_000000000928,0.333241,232.071450,160.748282,20.229509,16.895685
867,11dd74426e8374ac110c4036c77c09ab_000000000928,0.333241,319.892273,119.640609,22.611538,12.505529
868,11dd74426e8374ac110c4036c77c09ab_000000000929,0.333241,231.563575,161.012745,19.939774,16.685413
868,11dd74426e8374ac110c4036c77c09ab_000000000929,0.333241,321.215331,120.597812,22.676664,12.147424
869,11dd74426e8374ac110c4036c77c09ab_000000000930,0.327869,229.368356,155.994043,19.058338,16.645672
869,11dd74426e8374ac110c4036c77c09ab_000000000930,0.327869,317.685927,117.057665,23.441862,12.390286
870,11dd74426e8374ac110c4036c77c09ab_000000000931,0.327869,228.601955,155.946465,18.944973,16.645678
870,11dd74426e8374ac110c4036c77c09ab_000000000931,0.327869,316.098813,117.674110,23.297419,13.349179
871,11dd74426e8374ac110c4036c77c09ab_000000000932,0.327869,228.812716,163.609849,13.442623,26.885246
871,11dd74426e8374ac110c4036c77c09ab_000000000932,0.327869,313.771672,117.183037,24.069584,12.797171
872,11dd74426e8374ac110c4036c77c09ab_000000000933,0.327869,229.231978,164.108226,13.114754,26.557377
872,11dd74426e8374ac110c4036c77c09ab_000000000933,0.327869,314.263436,117.108915,24.096800,13.014997
873,11dd74426e8374ac110c4036c77c09ab_000000000934,0.337676,233.829814,171.250736,19.194792,17.877352
873,11dd74426e8374ac110c4036c77c09ab_000000000934,0.337676,320.912116,120.614257,25.716511,13.360853
874,11dd74426e8374ac110c4036c77c09ab_000000000935,0.345599,239.920347,176.283912,17.254213,16.969374
874,11dd74426e8374ac110c4036c77c09ab_000000000935,0.345599,328.381635,123.674919,27.834829,12.580665
875,11dd74426e8374ac110c4036c77c09ab_000000000936,0.345599,241.141060,176.971872,18.503277,19.994368
875,11dd74426e8374ac110c4036c77c09ab_000000000936,0.345599,329.788458,123.998528,21.666592,21.629118
876,11dd74426e8374ac110c4036c77c09ab_000000000937,0.327869,246.290523,171.223125,18.842474,18.779667
876,11dd74426e8374ac110c4036c77c09ab_000000000937,0.327869,310.492424,117.299104,26.161489,11.687032
877,11dd74426e8374ac110c4036c77c09ab_000000000938,0.327869,247.956703,170.230593,17.177774,18.406542
877,11dd74426e8374ac110c4036c77c09ab_000000000938,0.327869,312.682645,117.034702,26.155886,12.024977
878,11dd74426e8374ac110c4036c77c09ab_000000000939,0.327869,252.718146,176.183462,27.475546,15.552193
878,11dd74426e8374ac110c4036c77c09ab_000000000939,0.327869,309.142426,117.293861,19.868845,17.245924
879,11dd74426e8374ac110c4036c77c09ab_000000000940,0.327869,253.819360,175.682613,27.015400,16.002016
879,11dd74426e8374ac110c4036c77c09ab_000000000940,0.327869,308.808454,116.556937,19.895500,16.960709
880,11dd74426e8374ac110c4036c77c09ab_000000000941,0.327869,258.427234,176.913402,20.932697,14.268028
880,11dd74426e8374ac110c4036c77c09ab_000000000941,0.327869,307.917360,116.713297,19.213106,17.180336
881,11dd74426e8374ac110c4036c77c09ab_000000000942,0.333241,262.136443,178.860419,19.916811,16.333899
881,11dd74426e8374ac110c4036c77c09ab_000000000942,0.333241,312.551071,118.046722,17.672785,19.086597
882,11dd74426e8374ac110c4036c77c09ab_000000000943,0.344520,273.149249,185.678140,20.482040,16.886787
882,11dd74426e8374ac110c4036c77c09ab_000000000943,0.344520,323.715137,122.890218,18.270962,19.489033
883,11dd74426e8374ac110c4036c77c09ab_000000000944,0.344520,272.439243,184.482075,20.942804,13.912706
883,11dd74426e8374ac110c4036c77c09ab_000000000944,0.344520,323.174300,122.179287,19.003468,18.215500
884,11dd74426e8374ac110c4036c77c09ab_000000000945,0.344520,273.421854,185.413315,20.671228,14.125340
884,11dd74426e8374ac110c4036c77c09ab_000000000945,0.344520,323.201027,122.360905,19.052357,18.181688
885,11dd74426e8374ac110c4036c77c09ab_000000000946,0.344520,271.833557,185.615877,21.793570,16.366531
885,11dd74426e8374ac110c4036c77c09ab_000000000946,0.344520,320.981536,121.901141,17.515873,16.133049
886,11dd74426e8374ac110c4036c77c09ab_000000000947,0.350446,274.365685,188.360194,22.297491,19.532825
886,11dd74426e8374ac110c4036c77c09ab_000000000947,0.350446,324.795280,124.130344,18.010197,16.454344
887,11dd74426e8374ac110c4036c77c09ab_000000000948,0.344520,269.834417,184.197127,19.065710,20.155184
887,11dd74426e8374ac110c4036c77c09ab_000000000948,0.344520,320.300191,122.072297,20.658949,11.984467
888,11dd74426e8374ac110c4036c77c09ab_000000000949,0.333241,259.957361,179.469116,23.801495,17.822651
888,11dd74426e8374ac110c4036c77c09ab_000000000949,0.333241,310.123299,117.733455,19.518322,12.759197
889,11dd74426e8374ac110c4036c77c09ab_000000000950,0.333241,259.920343,179.398030,23.830784,17.980328
889,11dd74426e8374ac110c4036c77c09ab_000000000950,0.333241,309.205503,118.085530,17.661415,15.311055
890,11dd74426e8374ac110c4036c77c09ab_000000000951,0.343351,268.474739,185.933219,24.732616,17.321152
890,11dd74426e8374ac110c4036c77c09ab_000000000951,0.343351,319.520278,121.400337,19.543879,13.572138
891,11dd74426e8374ac110c4036c77c09ab_000000000952,0.343351,266.666196,185.297421,25.189865,17.046606
891,11dd74426e8374ac110c4036c77c09ab_000000000952,0.343351,318.095552,121.421000,17.966148,16.023861
892,11dd74426e8374ac110c4036c77c09ab_000000000953,0.345599,270.128067,186.375796,23.418507,16.978424
892,11dd74426e8374ac110c4036c77c09ab_000000000953,0.345599,321.021626,121.877927,18.351233,15.008306
893,11dd74426e8374ac110c4036c77c09ab_000000000954,0.343351,267.072772,185.190291,25.950041,16.633240
893,11dd74426e8374ac110c4036c77c09ab_000000000954,0.343351,317.888670,121.545513,18.456718,14.945274
894,11dd74426e8374ac110c4036c77c09ab_000000000955,0.343351,267.051816,185.641379,25.149000,18.403730
894,11dd74426e8374ac110c4036c77c09ab_000000000955,0.343351,319.300507,120.868535,19.127619,15.110806
895,11dd74426e8374ac110c4036c77c09ab_000000000956,0.343351,266.642201,183.620987,25.081310,18.349522
895,11dd74426e8374ac110c4036c77c09ab_000000000956,0.343351,317.400154,120.681551,18.706961,16.078276
896,11dd74426e8374ac110c4036c77c09ab_000000000957,0.343351,265.320832,183.564467,23.616642,16.474510
896,11dd74426e8374ac110c4036c77c09ab_000000000957,0.343351,317.139811,121.200926,18.733534,15.853632
897,11dd74426e8374ac110c4036c77c09ab_000000000958,0.343351,266.276825,182.369802,23.093296,17.565294
897,11dd74426e8374ac110c4036c77c09ab_000000000958,0.343351,317.723470,121.135762,18.451731,16.023861
898,11dd74426e8374ac110c4036c77c09ab_000000000959,0.343351,266.217937,183.769694,25.059431,18.199871
898,11dd74426e8374ac110c4036c77c09ab_000000000959,0.343351,317.803775,120.382471,18.886787,15.662221
899,11dd74426e8374ac110c4036c77c09ab_000000000960,0.343351,266.880685,182.320491,24.603022,18.068302
899,11dd74426e8374ac110c4036c77c09ab_000000000960,0.343351,318.107770,119.758513,18.733240,15.662221
900,11dd74426e8374ac110c4036c77c09ab_000000000961,0.343351,265.879804,183.562791,24.183409,17.872505
900,11dd74426e8374ac110c4036c77c09ab_000000000961,0.343351,317.602069,120.758483,18.349527,15.309372
901,11dd74426e8374ac110c4036c77c09ab_000000000962,0.344520,267.055501,182.766833,18.898434,22.499117
901,11dd74426e8374ac110c4036c77c09ab_000000000962,0.344520,318.101938,121.286413,18.930479,15.041839
902,11dd74426e8374ac110c4036c77c09ab_000000000963,0.343351,263.860229,183.073520,24.934406,17.051924
902,11dd74426e8374ac110c4036c77c09ab_000000000963,0.343351,315.687884,120.615056,18.653563,15.405834
903,11dd74426e8374ac110c4036c77c09ab_000000000964,0.343351,265.900824,183.165247,25.741858,18.051714
903,11dd74426e8374ac110c4036c77c09ab_000000000964,0.343351,317.874357,120.701481,20.093189,16.188820
904,11dd74426e8374ac110c4036c77c09ab_000000000965,0.343351,264.458725,180.669687,22.336285,17.237803
904,11dd74426e8374ac110c4036c77c09ab_000000000965,0.343351,317.067826,120.681562,17.811930,17.811951
905,11dd74426e8374ac110c4036c77c09ab_000000000966,0.343351,264.601858,180.267344,22.093504,17.480572
905,11dd74426e8374ac110c4036c77c09ab_000000000966,0.343351,316.925699,119.957390,19.594990,15.016070
906,11dd74426e8374ac110c4036c77c09ab_000000000967,0.344520,265.139379,181.290908,20.373096,19.392555
906,11dd74426e8374ac110c4036c77c09ab_000000000967,0.344520,317.268667,121.207684,20.448292,16.530643
907,11dd74426e8374ac110c4036c77c09ab_000000000968,0.344520,265.007787,180.581197,20.768021,18.460442
907,11dd74426e8374ac110c4036c77c09ab_000000000968,0.344520,317.881083,120.836059,20.425329,16.900980
908,11dd74426e8374ac110c4036c77c09ab_000000000969,0.343351,264.734114,181.654096,24.046984,18.024246
908,11dd74426e8374ac110c4036c77c09ab_000000000969,0.343351,317.362558,120.205798,18.903385,15.405834
909,11dd74426e8374ac110c4036c77c09ab_000000000970,0.343351,264.900823,181.534372,24.222807,17.496704
909,11dd74426e8374ac110c4036c77c09ab_000000000970,0.343351,316.777265,120.898870,19.250423,16.837423
910,11dd74426e8374ac110c4036c77c09ab_000000000971,0.343351,264.560448,178.631000,15.794137,23.004503
910,11dd74426e8374ac110c4036c77c09ab_000000000971,0.343351,318.038886,121.368400,19.453535,14.996701
911,11dd74426e8374ac110c4036c77c09ab_000000000972,0.344520,263.869906,177.907189,19.717741,20.952885
911,11dd74426e8374ac110c4036c77c09ab_000000000972,0.344520,318.103032,121.014554,20.399508,15.833138
912,11dd74426e8374ac110c4036c77c09ab_000000000973,0.344520,263.797003,178.088617,19.717762,20.952887
912,11dd74426e8374ac110c4036c77c09ab_000000000973,0.344520,317.085788,122.007532,18.643555,18.341394
913,11dd74426e8374ac110c4036c77c09ab_000000000974,0.343351,263.263284,178.860494,21.541155,22.200596
913,11dd74426e8374ac110c4036c77c09ab_000000000974,0.343351,315.546470,121.435094,16.995026,18.694511
914,11dd74426e8374ac110c4036c77c09ab_000000000975,0.343351,263.365258,176.521082,22.821867,21.607939
914,11dd74426e8374ac110c4036c77c09ab_000000000975,0.343351,316.473039,121.096123,17.480587,18.694511
915,11dd74426e8374ac110c4036c77c09ab_000000000976,0.344520,262.945332,176.899302,17.121473,26.306507
915,11dd74426e8374ac110c4036c77c09ab_000000000976,0.344520,316.307736,121.864016,17.468096,18.967876
916,11dd74426e8374ac110c4036c77c09ab_000000000977,0.344520,262.872702,175.670529,17.364450,26.215624
916,11dd74426e8374ac110c4036c77c09ab_000000000977,0.344520,316.332444,122.043458,17.732775,18.967867
917,11dd74426e8374ac110c4036c77c09ab_000000000978,0.343351,258.876131,173.362921,17.098320,23.396860
917,11dd74426e8374ac110c4036c77c09ab_000000000978,0.343351,315.012248,120.831767,17.658403,18.886787
918,11dd74426e8374ac110c4036c77c09ab_000000000979,0.343351,257.947445,173.928923,24.574499,25.585632
918,11dd74426e8374ac110c4036c77c09ab_000000000979,0.343351,314.414548,122.978904,17.250820,18.705021
919,11dd74426e8374ac110c4036c77c09ab_000000000980,0.343351,257.887237,173.782406,21.061712,25.380148
919,11dd74426e8374ac110c4036c77c09ab_000000000980,0.343351,313.779232,121.306693,19.347431,16.737095
920,11dd74426e8374ac110c4036c77c09ab_000000000981,0.338788,254.075090,170.595455,21.725119,25.307585
920,11dd74426e8374ac110c4036c77c09ab_000000000981,0.338788,309.330548,119.795456,16.255600,19.450354
921,11dd74426e8374ac110c4036c77c09ab_000000000982,0.344520,259.218375,174.369630,23.577888,26.319101
921,11dd74426e8374ac110c4036c77c09ab_000000000982,0.344520,315.871597,122.789095,16.679552,19.692656
922,11dd74426e8374ac110c4036c77c09ab_000000000983,0.339814,256.223923,168.389919,25.350767,20.164043
922,11dd74426e8374ac110c4036c77c09ab_000000000983,0.339814,309.860542,120.705103,16.763519,18.375423
923,11dd74426e8374ac110c4036c77c09ab_000000000984,0.334216,249.962539,165.389282,19.430614,25.409252
923,11dd74426e8374ac110c4036c77c09ab_000000000984,0.334216,302.639696,117.883668,16.145220,18.201944
924,11dd74426e8374ac110c4036c77c09ab_000000000985,0.334216,250.157675,166.340648,27.971004,20.519726
924,11dd74426e8374ac110c4036c77c09ab_000000000985,0.334216,304.423135,117.357181,15.747583,17.861357
925,11dd74426e8374ac110c4036c77c09ab_000000000986,0.344520,259.570592,169.639833,19.719803,29.496159
925,11dd74426e8374ac110c4036c77c09ab_000000000986,0.344520,313.649688,121.445015,16.505777,19.064812
926,11dd74426e8374ac110c4036c77c09ab_000000000987,0.344520,258.704055,168.757462,19.803347,29.746832
926,11dd74426e8374ac110c4036c77c09ab_000000000987,0.344520,312.320790,121.299944,19.261646,15.421140
927,11dd74426e8374ac110c4036c77c09ab_000000000988,0.344520,259.215032,168.068095,24.309238,21.205620
927,11dd74426e8374ac110c4036c77c09ab_000000000988,0.344520,313.901476,123.434535,15.579395,19.174664
928,11dd74426e8374ac110c4036c77c09ab_000000000989,0.344520,259.326690,167.298559,24.050848,21.306807
928,11dd74426e8374ac110c4036c77c09ab_000000000989,0.344520,312.874580,122.541208,15.688361,19.174664
929,11dd74426e8374ac110c4036c77c09ab_000000000990,0.334216,250.069939,160.659968,21.588823,20.116081
929,11dd74426e8374ac110c4036c77c09ab_000000000990,0.334216,302.867756,118.420588,15.097122,18.964773
930,11dd74426e8374ac110c4036c77c09ab_000000000991,0.334216,251.109531,159.538342,19.430614,18.234863
930,11dd74426e8374ac110c4036c77c09ab_000000000991,0.334216,304.947205,118.289800,15.096082,18.683273
931,11dd74426e8374ac110c4036c77c09ab_000000000992,0.345599,258.420902,164.081247,22.463932,14.169558
931,11dd74426e8374ac110c4036c77c09ab_000000000992,0.345599,314.854107,123.977877,13.931537,20.147150
932,11dd74426e8374ac110c4036c77c09ab_000000000993,0.345599,254.806162,162.936566,21.529736,17.158211
932,11dd74426e8374ac110c4036c77c09ab_000000000993,0.345599,312.070964,121.070862,14.426015,20.764725
933,11dd74426e8374ac110c4036c77c09ab_000000000994,0.343351,253.943879,164.028092,19.218151,16.720869
933,11dd74426e8374ac110c4036c77c09ab_000000000994,0.343351,310.628385,123.443017,15.586898,20.163834
934,11dd74426e8374ac110c4036c77c09ab_000000000995,0.344520,254.083119,164.111881,20.614201,17.051914
934,11dd74426e8374ac110c4036c77c09ab_000000000995,0.344520,312.856139,122.586061,15.212985,20.477142
935,11dd74426e8374ac110c4036c77c09ab_000000000996,0.344520,253.636214,164.561499,18.642986,18.642988
935,11dd74426e8374ac110c4036c77c09ab_000000000996,0.344520,311.811012,121.288105,15.148577,20.477142
936,11dd74426e8374ac110c4036c77c09ab_000000000997,0.343351,258.487493,183.012893,19.045679,19.617058
936,11dd74426e8374ac110c4036c77c09ab_000000000997,0.343351,313.132159,123.681250,15.261192,20.907845
937,11dd74426e8374ac110c4036c77c09ab_000000000998,0.343351,259.565767,183.097746,21.195478,17.252121
937,11dd74426e8374ac110c4036c77c09ab_000000000998,0.343351,314.138929,123.413541,15.261192,20.924793
938,11dd74426e8374ac110c4036c77c09ab_000000000999,0.344520,306.176134,121.168026,16.607447,21.112309
938,11dd74426e8374ac110c4036c77c09ab_000000000999,0.344520,249.551783,182.816816,25.380165,18.852297
938,11dd74426e8374ac110c4036c77c09ab_000000000999,0.344520,222.007976,94.771215,29.355062,6.035385
939,11dd74426e8374ac110c4036c77c09ab_000000001000,0.344520,306.898735,122.105942,14.900111,20.419956
939,11dd74426e8374ac110c4036c77c09ab_000000001000,0.344520,251.151309,182.471286,24.186247,17.540459
939,11dd74426e8374ac110c4036c77c09ab_000000001000,0.344520,223.491870,95.566331,24.343744,10.939273
940,11dd74426e8374ac110c4036c77c09ab_000000001001,0.343351,305.851274,122.791721,16.744974,20.019997
940,11dd74426e8374ac110c4036c77c09ab_000000001001,0.343351,251.503414,183.077900,24.864161,17.698063
940,11dd74426e8374ac110c4036c77c09ab_000000001001,0.343351,221.480358,95.643599,24.996437,5.358286
941,11dd74426e8374ac110c4036c77c09ab_000000001002,0.344520,308.334392,121.951913,18.561777,17.164665
941,11dd74426e8374ac110c4036c77c09ab_000000001002,0.344520,250.697570,181.726479,25.275679,19.065714
941,11dd74426e8374ac110c4036c77c09ab_000000001002,0.344520,223.196324,95.339041,19.015011,19.874977
942,11dd74426e8374ac110c4036c77c09ab_000000001003,0.343351,304.753134,121.092560,20.268763,19.654541
942,11dd74426e8374ac110c4036c77c09ab_000000001003,0.343351,248.010663,180.270026,25.130117,19.432589
942,11dd74426e8374ac110c4036c77c09ab_000000001003,0.343351,219.630803,94.462828,25.729452,6.242262
943,11dd74426e8374ac110c4036c77c09ab_000000001004,0.344520,304.883026,121.559722,18.604105,18.604105
943,11dd74426e8374ac110c4036c77c09ab_000000001004,0.344520,249.271965,181.296880,25.711502,20.046238
943,11dd74426e8374ac110c4036c77c09ab_000000001004,0.344520,219.388914,93.908547,25.679182,6.720820
944,11dd74426e8374ac110c4036c77c09ab_000000001005,0.344520,305.856531,122.279327,20.606672,19.134773
944,11dd74426e8374ac110c4036c77c09ab_000000001005,0.344520,250.072286,181.497002,25.871250,20.426422
944,11dd74426e8374ac110c4036c77c09ab_000000001005,0.344520,220.030810,95.457186,25.744705,7.658505
945,11dd74426e8374ac110c4036c77c09ab_000000001006,0.344520,304.866435,122.520285,18.399715,19.347567
945,11dd74426e8374ac110c4036c77c09ab_000000001006,0.344520,246.613076,183.024193,26.749922,20.538984
945,11dd74426e8374ac110c4036c77c09ab_000000001006,0.344520,219.185995,96.284485,25.606552,8.721516
946,11dd74426e8374ac110c4036c77c09ab_000000001007,0.344520,306.905759,123.246188,20.984901,19.505802
946,11dd74426e8374ac110c4036c77c09ab_000000001007,0.344520,249.023605,181.860595,25.636768,20.516090
946,11dd74426e8374ac110c4036c77c09ab_000000001007,0.344520,220.387338,95.364705,24.709524,8.654753
947,11dd74426e8374ac110c4036c77c09ab_000000001008,0.344520,306.011423,122.708664,18.220453,19.124104
947,11dd74426e8374ac110c4036c77c09ab_000000001008,0.344520,247.073439,180.958836,26.980324,19.292610
947,11dd74426e8374ac110c4036c77c09ab_000000001008,0.344520,219.074505,95.097704,24.064852,8.857201
948,11dd74426e8374ac110c4036c77c09ab_000000001009,0.344520,305.409984,122.732320,19.357828,17.990387
948,11dd74426e8374ac110c4036c77c09ab_000000001009,0.344520,244.885911,180.319190,26.544563,19.206108
948,11dd74426e8374ac110c4036c77c09ab_000000001009,0.344520,218.093198,94.566351,28.025408,7.015273
949,11dd74426e8374ac110c4036c77c09ab_000000001010,0.344520,305.137252,121.663390,17.988346,18.732082
949,11dd74426e8374ac110c4036c77c09ab_000000001010,0.344520,245.384755,180.439343,26.561363,19.177404
949,11dd74426e8374ac110c4036c77c09ab_000000001010,0.344520,219.012221,94.363085,28.381956,7.115079
950,11dd74426e8374ac110c4036c77c09ab_000000001011,0.344520,304.431431,121.462468,17.801094,19.455650
950,11dd74426e8374ac110c4036c77c09ab_000000001011,0.344520,244.106871,179.364693,26.890575,18.984175
950,11dd74426e8374ac110c4036c77c09ab_000000001011,0.344520,216.195497,93.827232,26.974394,6.483326
951,11dd74426e8374ac110c4036c77c09ab_000000001012,0.343351,303.799950,123.001097,20.115213,17.658382
951,11dd74426e8374ac110c4036c77c09ab_000000001012,0.343351,243.532202,180.183371,26.787691,18.982679
951,11dd74426e8374ac110c4036c77c09ab_000000001012,0.343351,217.043434,94.421523,26.982042,6.534709
952,11dd74426e8374ac110c4036c77c09ab_000000001013,0.343351,303.240621,121.000687,19.462440,18.355185
952,11dd74426e8374ac110c4036c77c09ab_000000001013,0.343351,244.248347,178.380675,26.468315,19.169914
952,11dd74426e8374ac110c4036c77c09ab_000000001013,0.343351,217.520927,92.758826,27.687143,8.686167
953,11dd74426e8374ac110c4036c77c09ab_000000001014,0.343351,304.805190,122.495606,19.193905,18.119047
953,11dd74426e8374ac110c4036c77c09ab_000000001014,0.343351,245.027781,180.242385,26.224989,19.067385
953,11dd74426e8374ac110c4036c77c09ab_000000001014,0.343351,217.250819,93.601496,27.687122,8.794744
954,11dd74426e8374ac110c4036c77c09ab_000000001015,0.328798,291.437161,116.600734,18.625710,19.703243
954,11dd74426e8374ac110c4036c77c09ab_000000001015,0.328798,233.944776,173.655361,26.142710,18.357399
954,11dd74426e8374ac110c4036c77c09ab_000000001015,0.328798,208.183523,90.017456,26.832815,10.588083
955,11dd74426e8374ac110c4036c77c09ab_000000001016,0.343351,303.353032,122.080364,19.942804,20.609783
955,11dd74426e8374ac110c4036c77c09ab_000000001016,0.343351,242.392191,179.747665,28.881495,17.480907
955,11dd74426e8374ac110c4036c77c09ab_000000001016,0.343351,215.202219,94.444418,31.402096,8.140499
956,11dd74426e8374ac110c4036c77c09ab_000000001017,0.322665,285.949209,115.053482,18.614698,19.480505
956,11dd74426e8374ac110c4036c77c09ab_000000001017,0.322665,228.495316,169.464868,27.549597,16.529751
956,11dd74426e8374ac110c4036c77c09ab_000000001017,0.322665,204.600194,88.682170,30.579048,10.768638
957,11dd74426e8374ac110c4036c77c09ab_000000001018,0.322665,287.556644,113.469700,18.759073,16.932959
957,11dd74426e8374ac110c4036c77c09ab_000000001018,0.322665,226.090929,167.602712,23.345169,15.329729
957,11dd74426e8374ac110c4036c77c09ab_000000001018,0.322665,203.773051,88.366399,29.284174,11.223907
958,11dd74426e8374ac110c4036c77c09ab_000000001019,0.343351,305.992877,122.322558,18.937271,20.636778
958,11dd74426e8374ac110c4036c77c09ab_000000001019,0.343351,240.121977,179.273902,24.419569,16.003414
958,11dd74426e8374ac110c4036c77c09ab_000000001019,0.343351,216.902376,93.900126,32.681698,12.703517
959,11dd74426e8374ac110c4036c77c09ab_000000001020,0.343351,305.532631,122.664452,20.378868,17.998150
959,11dd74426e8374ac110c4036c77c09ab_000000001020,0.343351,240.040854,178.171655,23.293745,15.973938
959,11dd74426e8374ac110c4036c77c09ab_000000001020,0.343351,217.219300,95.177852,32.160404,13.050966
960,11dd74426e8374ac110c4036c77c09ab_000000001021,0.344520,305.096416,123.824623,17.853201,19.312334
960,11dd74426e8374ac110c4036c77c09ab_000000001021,0.344520,239.667132,179.076569,24.292837,16.052658
960,11dd74426e8374ac110c4036c77c09ab_000000001021,0.344520,215.220098,94.982650,32.349453,12.935514
961,11dd74426e8374ac110c4036c77c09ab_000000001022,0.344520,307.390682,123.029864,20.265917,16.759920
961,11dd74426e8374ac110c4036c77c09ab_000000001022,0.344520,241.853083,179.285123,24.244072,16.009510
961,11dd74426e8374ac110c4036c77c09ab_000000001022,0.344520,214.480612,95.809487,21.233324,15.566437
962,11dd74426e8374ac110c4036c77c09ab_000000001023,0.344520,304.888283,122.901994,18.635626,20.547794
962,11dd74426e8374ac110c4036c77c09ab_000000001023,0.344520,239.745272,177.816138,24.310816,16.761677
962,11dd74426e8374ac110c4036c77c09ab_000000001023,0.344520,212.085202,94.639086,21.284380,13.892613
963,11dd74426e8374ac110c4036c77c09ab_000000001024,0.344520,303.356340,121.400625,20.155184,15.797328
963,11dd74426e8374ac110c4036c77c09ab_000000001024,0.344520,237.085668,176.833674,24.235262,18.718592
963,11dd74426e8374ac110c4036c77c09ab_000000001024,0.344520,212.539488,93.920007,20.811422,14.275341
964,11dd74426e8374ac110c4036c77c09ab_000000001025,0.344520,301.479582,121.196066,20.516884,16.026911
964,11dd74426e8374ac110c4036c77c09ab_000000001025,0.344520,236.324585,176.469577,23.653967,19.060274
964,11dd74426e8374ac110c4036c77c09ab_000000001025,0.344520,210.932433,94.509292,16.948162,15.561503
965,11dd74426e8374ac110c4036c77c09ab_000000001026,0.345599,299.363916,119.998975,20.679323,15.978889
965,11dd74426e8374ac110c4036c77c09ab_000000001026,0.345599,235.120162,175.969026,23.444031,19.168066
965,11dd74426e8374ac110c4036c77c09ab_000000001026,0.345599,208.593017,92.750848,17.564671,12.513387
966,11dd74426e8374ac110c4036c77c09ab_000000001027,0.345599,303.744632,121.685679,20.283247,16.300653
966,11dd74426e8374ac110c4036c77c09ab_000000001027,0.345599,236.372220,178.307714,24.114872,17.982805
966,11dd74426e8374ac110c4036c77c09ab_000000001027,0.345599,211.020626,95.470224,17.538073,12.551762
967,11dd74426e8374ac110c4036c77c09ab_000000001028,0.345599,304.128642,121.387826,20.284470,16.241465
967,11dd74426e8374ac110c4036c77c09ab_000000001028,0.345599,237.466687,177.882972,24.096458,18.015606
967,11dd74426e8374ac110c4036c77c09ab_000000001028,0.345599,211.380990,95.099967,17.470930,12.674991
968,11dd74426e8374ac110c4036c77c09ab_000000001029,0.344520,302.851692,121.038042,19.966270,16.278088
968,11dd74426e8374ac110c4036c77c09ab_000000001029,0.344520,236.105769,177.877750,24.683197,16.728415
968,11dd74426e8374ac110c4036c77c09ab_000000001029,0.344520,210.140335,96.390045,14.598908,14.380999
969,11dd74426e8374ac110c4036c77c09ab_000000001030,0.344520,300.162145,120.355089,19.385565,18.299307
969,11dd74426e8374ac110c4036c77c09ab_000000001030,0.344520,234.778827,178.073225,24.683176,16.728415
969,11dd74426e8374ac110c4036c77c09ab_000000001030,0.344520,209.399082,95.148781,14.372060,13.870713
970,11dd74426e8374ac110c4036c77c09ab_000000001031,0.345599,302.083884,120.146136,19.731308,15.723983
970,11dd74426e8374ac110c4036c77c09ab_000000001031,0.345599,234.814093,176.146645,25.038502,18.778860
970,11dd74426e8374ac110c4036c77c09ab_000000001031,0.345599,210.145807,95.584658,15.965917,13.509631
971,11dd74426e8374ac110c4036c77c09ab_000000001032,0.328798,287.662928,114.220381,18.086277,14.557257
971,11dd74426e8374ac110c4036c77c09ab_000000001032,0.328798,222.499881,164.911490,17.783165,19.457830
971,11dd74426e8374ac110c4036c77c09ab_000000001032,0.328798,200.298693,90.238317,14.811301,13.061562
972,11dd74426e8374ac110c4036c77c09ab_000000001033,0.327869,287.724910,115.124232,17.976515,14.516111
972,11dd74426e8374ac110c4036c77c09ab_000000001033,0.327869,222.734135,165.227671,18.024523,17.737909
972,11dd74426e8374ac110c4036c77c09ab_000000001033,0.327869,200.257889,91.401347,14.955995,15.542515
973,11dd74426e8374ac110c4036c77c09ab_000000001034,0.344520,299.946188,120.477019,16.995728,16.995724
973,11dd74426e8374ac110c4036c77c09ab_000000001034,0.344520,232.092308,172.144261,16.421267,20.207144
973,11dd74426e8374ac110c4036c77c09ab_000000001034,0.344520,208.725728,94.353528,15.792555,13.870710
974,11dd74426e8374ac110c4036c77c09ab_000000001035,0.333241,290.836826,116.614452,16.439281,16.333900
974,11dd74426e8374ac110c4036c77c09ab_000000001035,0.333241,224.632394,166.882290,15.883630,19.499792
974,11dd74426e8374ac110c4036c77c09ab_000000001035,0.333241,203.024321,92.124204,17.328520,13.996113
975,11dd74426e8374ac110c4036c77c09ab_000000001036,0.333241,292.806677,117.132832,17.434561,14.155838
975,11dd74426e8374ac110c4036c77c09ab_000000001036,0.333241,225.878935,166.637078,16.274044,20.536308
975,11dd74426e8374ac110c4036c77c09ab_000000001036,0.333241,204.052620,92.134424,13.195676,15.552026
976,11dd74426e8374ac110c4036c77c09ab_000000001037,0.343351,301.812773,120.458941,17.263771,16.069408
976,11dd74426e8374ac110c4036c77c09ab_000000001037,0.343351,232.739369,173.130681,17.589478,20.846800
976,11dd74426e8374ac110c4036c77c09ab_000000001037,0.343351,209.611704,95.445058,15.799585,13.299927
977,11dd74426e8374ac110c4036c77c09ab_000000001038,0.327869,284.484143,114.595717,15.863217,14.930104
977,11dd74426e8374ac110c4036c77c09ab_000000001038,0.327869,219.656722,163.414737,14.754098,20.655737
977,11dd74426e8374ac110c4036c77c09ab_000000001038,0.327869,200.741187,89.639702,14.546719,12.700223
978,11dd74426e8374ac110c4036c77c09ab_000000001039,0.339814,294.148404,118.521243,16.594360,15.039256
978,11dd74426e8374ac110c4036c77c09ab_000000001039,0.339814,227.655108,169.539290,18.214024,23.651054
978,11dd74426e8374ac110c4036c77c09ab_000000001039,0.339814,208.722703,94.162270,16.247162,14.437603
979,11dd74426e8374ac110c4036c77c09ab_000000001040,0.339814,293.065704,118.373280,17.637238,14.752637
979,11dd74426e8374ac110c4036c77c09ab_000000001040,0.339814,226.384457,169.067711,16.914595,21.710089
979,11dd74426e8374ac110c4036c77c09ab_000000001040,0.339814,207.952315,93.626841,16.180668,14.632624
980,11dd74426e8374ac110c4036c77c09ab_000000001041,0.339814,294.620398,120.189595,15.291622,15.631447
980,11dd74426e8374ac110c4036c77c09ab_000000001041,0.339814,227.904535,169.687170,16.990692,22.427713
980,11dd74426e8374ac110c4036c77c09ab_000000001041,0.339814,210.232722,93.259546,16.870998,12.787569
981,11dd74426e8374ac110c4036c77c09ab_000000001042,0.339814,293.677738,119.118966,16.226234,15.688950
981,11dd74426e8374ac110c4036c77c09ab_000000001042,0.339814,227.216009,170.001006,21.771149,20.357443
981,11dd74426e8374ac110c4036c77c09ab_000000001042,0.339814,209.041922,94.354328,14.744361,11.880116
982,11dd74426e8374ac110c4036c77c09ab_000000001043,0.334216,290.377946,116.764928,16.128922,16.777782
982,11dd74426e8374ac110c4036c77c09ab_000000001043,0.334216,226.546233,165.576646,21.379490,21.150213
982,11dd74426e8374ac110c4036c77c09ab_000000001043,0.334216,207.309713,90.165181,16.568928,10.252329
983,11dd74426e8374ac110c4036c77c09ab_000000001044,0.334216,287.403472,115.798384,16.254885,16.825607
983,11dd74426e8374ac110c4036c77c09ab_000000001044,0.334216,224.159208,166.554684,17.251863,22.451036
983,11dd74426e8374ac110c4036c77c09ab_000000001044,0.334216,204.862879,89.563065,16.468300,10.366026
984,11dd74426e8374ac110c4036c77c09ab_000000001045,0.322665,278.422285,114.843171,14.889462,15.388682
984,11dd74426e8374ac110c4036c77c09ab_000000001045,0.322665,218.286873,162.589880,15.810565,21.941193
984,11dd74426e8374ac110c4036c77c09ab_000000001045,0.322665,199.918072,89.572422,17.921001,8.060539
985,11dd74426e8374ac110c4036c77c09ab_000000001050,0.344520,296.085242,118.167865,15.872481,17.917084
985,11dd74426e8374ac110c4036c77c09ab_000000001050,0.344520,227.919770,169.144690,20.767159,17.080391
985,11dd74426e8374ac110c4036c77c09ab_000000001050,0.344520,211.236412,94.923520,12.171872,9.398538
986,11dd74426e8374ac110c4036c77c09ab_000000001051,0.344520,298.026954,118.131024,20.045418,14.987430
986,11dd74426e8374ac110c4036c77c09ab_000000001051,0.344520,229.362092,169.033946,20.337790,16.177803
986,11dd74426e8374ac110c4036c77c09ab_000000001051,0.344520,213.579715,94.840292,11.548375,7.953127
987,11dd74426e8374ac110c4036c77c09ab_000000001052,0.344520,292.359315,115.612454,20.206450,19.053114
987,11dd74426e8374ac110c4036c77c09ab_000000001052,0.344520,210.817958,90.516679,17.868719,11.218343
987,11dd74426e8374ac110c4036c77c09ab_000000001052,0.344520,222.758566,165.890922,25.844776,21.449806
988,11dd74426e8374ac110c4036c77c09ab_000000001053,0.344520,289.951352,116.686673,17.977222,19.320711
988,11dd74426e8374ac110c4036c77c09ab_000000001053,0.344520,210.982816,90.203322,17.649441,11.003642
988,11dd74426e8374ac110c4036c77c09ab_000000001053,0.344520,222.333992,164.966464,22.847969,20.132326
989,11dd74426e8374ac110c4036c77c09ab_000000001054,0.344520,291.955349,116.198290,19.101183,17.724501
989,11dd74426e8374ac110c4036c77c09ab_000000001054,0.344520,211.285743,90.247723,17.976255,11.003642
989,11dd74426e8374ac110c4036c77c09ab_000000001054,0.344520,222.876637,164.736409,19.729307,20.202244
990,11dd74426e8374ac110c4036c77c09ab_000000001055,0.344520,291.458061,115.742617,17.115208,18.482649
990,11dd74426e8374ac110c4036c77c09ab_000000001055,0.344520,213.533243,90.871588,18.161364,10.537581
990,11dd74426e8374ac110c4036c77c09ab_000000001055,0.344520,221.930951,163.041269,19.293146,19.982187
991,11dd74426e8374ac110c4036c77c09ab_000000001056,0.344520,290.141338,115.002057,16.938742,18.173866
991,11dd74426e8374ac110c4036c77c09ab_000000001056,0.344520,210.975961,90.855659,17.784588,10.648093
991,11dd74426e8374ac110c4036c77c09ab_000000001056,0.344520,222.171026,164.637641,19.417864,19.978992
992,11dd74426e8374ac110c4036c77c09ab_000000001057,0.356575,300.547041,119.731042,18.691339,19.779211
992,11dd74426e8374ac110c4036c77c09ab_000000001057,0.356575,218.354898,93.435751,16.584362,12.278815
992,11dd74426e8374ac110c4036c77c09ab_000000001057,0.356575,230.097708,170.391192,17.902084,22.167826
993,11dd74426e8374ac110c4036c77c09ab_000000001058,0.356575,301.503007,119.696841,18.898464,17.115591
993,11dd74426e8374ac110c4036c77c09ab_000000001058,0.356575,218.682353,93.708438,17.118986,11.299057
993,11dd74426e8374ac110c4036c77c09ab_000000001058,0.356575,229.614382,171.337506,18.041981,22.237762
994,11dd74426e8374ac110c4036c77c09ab_000000001059,0.350446,297.526585,118.971318,21.166927,16.470974
994,11dd74426e8374ac110c4036c77c09ab_000000001059,0.350446,218.194371,92.409718,16.854734,11.908943
994,11dd74426e8374ac110c4036c77c09ab_000000001059,0.350446,227.151363,167.279383,21.923388,15.168447
995,11dd74426e8374ac110c4036c77c09ab_000000001060,0.350446,297.127756,118.294318,21.285959,16.037376
995,11dd74426e8374ac110c4036c77c09ab_000000001060,0.350446,216.816778,91.903022,16.733925,11.414541
995,11dd74426e8374ac110c4036c77c09ab_000000001060,0.350446,226.032563,167.321723,16.844767,21.166771
996,11dd74426e8374ac110c4036c77c09ab_000000001061,0.350446,296.151987,117.577384,20.534588,15.736629
996,11dd74426e8374ac110c4036c77c09ab_000000001061,0.350446,215.662984,91.962324,16.488674,11.238551
996,11dd74426e8374ac110c4036c77c09ab_000000001061,0.350446,225.750970,167.998285,17.177202,19.947735
997,11dd74426e8374ac110c4036c77c09ab_000000001062,0.351581,296.838029,117.272763,19.524778,15.596955
997,11dd74426e8374ac110c4036c77c09ab_000000001062,0.351581,215.770369,92.175130,16.798391,10.573602
997,11dd74426e8374ac110c4036c77c09ab_000000001062,0.351581,226.576666,169.433421,19.742638,16.416124
998,11dd74426e8374ac110c4036c77c09ab_000000001063,0.351581,297.462502,115.886524,16.125099,17.257631
998,11dd74426e8374ac110c4036c77c09ab_000000001063,0.351581,216.785372,91.457226,16.565779,10.784442
998,11dd74426e8374ac110c4036c77c09ab_000000001063,0.351581,227.044897,168.753080,16.352135,20.754620
999,11dd74426e8374ac110c4036c77c09ab_000000001064,0.350446,294.336787,114.858561,16.665243,16.951874
999,11dd74426e8374ac110c4036c77c09ab_000000001064,0.350446,213.837752,90.465506,15.395540,11.332486
999,11dd74426e8374ac110c4036c77c09ab_000000001064,0.350446,224.224313,167.340001,20.131813,17.161545
1000,11dd74426e8374ac110c4036c77c09ab_000000001065,0.350446,295.604651,116.202219,18.433430,15.629889
1000,11dd74426e8374ac110c4036c77c09ab_000000001065,0.350446,214.798591,91.652433,15.202243,11.440876
1000,11dd74426e8374ac110c4036c77c09ab_000000001065,0.350446,224.500046,168.512232,17.066383,22.385788
1001,11dd74426e8374ac110c4036c77c09ab_000000001066,0.350446,295.572781,116.104180,18.180029,15.672423
1001,11dd74426e8374ac110c4036c77c09ab_000000001066,0.350446,215.135027,91.973062,16.243870,10.515651
1001,11dd74426e8374ac110c4036c77c09ab_000000001066,0.350446,225.479408,166.510119,17.066404,22.607431
1002,11dd74426e8374ac110c4036c77c09ab_000000001067,0.350446,295.439353,115.828822,17.970219,15.626258
1002,11dd74426e8374ac110c4036c77c09ab_000000001067,0.350446,214.502453,91.977928,15.081756,11.552792
1002,11dd74426e8374ac110c4036c77c09ab_000000001067,0.350446,224.823413,166.485200,17.066404,22.607437
1003,11dd74426e8374ac110c4036c77c09ab_000000001068,0.350446,294.484374,115.538748,14.575337,15.672423
1003,11dd74426e8374ac110c4036c77c09ab_000000001068,0.350446,213.526662,91.891439,15.123743,10.516629
1003,11dd74426e8374ac110c4036c77c09ab_000000001068,0.350446,225.120984,167.153826,15.985869,20.374151
1004,11dd74426e8374ac110c4036c77c09ab_000000001069,0.350446,295.520761,117.846625,13.773209,16.522800
1004,11dd74426e8374ac110c4036c77c09ab_000000001069,0.350446,216.502994,93.255952,15.404096,10.417151
1004,11dd74426e8374ac110c4036c77c09ab_000000001069,0.350446,226.841172,169.926968,17.177223,20.058559
1005,11dd74426e8374ac110c4036c77c09ab_000000001070,0.350446,292.190968,116.335722,13.635011,16.299322
1005,11dd74426e8374ac110c4036c77c09ab_000000001070,0.350446,211.687420,91.584639,14.937162,10.573492
1005,11dd74426e8374ac110c4036c77c09ab_000000001070,0.350446,223.809763,168.957156,19.940451,18.652994
1006,11dd74426e8374ac110c4036c77c09ab_000000001071,0.350446,294.265388,117.305053,13.635011,16.299318
1006,11dd74426e8374ac110c4036c77c09ab_000000001071,0.350446,214.634298,92.797981,14.372564,11.398929
1006,11dd74426e8374ac110c4036c77c09ab_000000001071,0.350446,224.805317,167.857178,18.963634,20.530874
1007,11dd74426e8374ac110c4036c77c09ab_000000001072,0.350446,291.184869,115.464494,13.635011,16.142601
1007,11dd74426e8374ac110c4036c77c09ab_000000001072,0.350446,211.045456,91.862029,14.372564,11.398929
1007,11dd74426e8374ac110c4036c77c09ab_000000001072,0.350446,222.414289,166.837240,19.134344,20.185699
1008,11dd74426e8374ac110c4036c77c09ab_000000001073,0.345599,288.273805,113.079023,15.551953,14.169558
1008,11dd74426e8374ac110c4036c77c09ab_000000001073,0.345599,210.162450,90.712965,14.014709,9.994339
1008,11dd74426e8374ac110c4036c77c09ab_000000001073,0.345599,220.955288,165.615295,19.827917,17.155294
1009,11dd74426e8374ac110c4036c77c09ab_000000001074,0.345599,287.281980,113.653267,14.182910,15.209736
1009,11dd74426e8374ac110c4036c77c09ab_000000001074,0.345599,208.515793,90.365341,13.459650,10.045958
1009,11dd74426e8374ac110c4036c77c09ab_000000001074,0.345599,220.101711,164.803252,19.783241,17.464909
1010,11dd74426e8374ac110c4036c77c09ab_000000001075,0.344520,288.353423,114.947301,14.925744,14.925739
1010,11dd74426e8374ac110c4036c77c09ab_000000001075,0.344520,210.572983,91.163307,13.155093,9.988124
1010,11dd74426e8374ac110c4036c77c09ab_000000001075,0.344520,220.858152,167.036205,16.461031,20.304712
1011,11dd74426e8374ac110c4036c77c09ab_000000001076,0.350446,293.812807,115.462505,16.270479,14.922615
1011,11dd74426e8374ac110c4036c77c09ab_000000001076,0.350446,213.811935,92.778484,13.096337,10.418855
1011,11dd74426e8374ac110c4036c77c09ab_000000001076,0.350446,225.027340,167.713012,18.300964,21.723343
1012,11dd74426e8374ac110c4036c77c09ab_000000001077,0.344520,286.977949,112.587397,16.015219,15.143634
1012,11dd74426e8374ac110c4036c77c09ab_000000001077,0.344520,208.092768,89.762336,12.617411,10.042413
1012,11dd74426e8374ac110c4036c77c09ab_000000001077,0.344520,219.202355,162.578540,20.185043,18.623098
1013,11dd74426e8374ac110c4036c77c09ab_000000001078,0.350446,294.666891,115.644177,16.265751,15.534967
1013,11dd74426e8374ac110c4036c77c09ab_000000001078,0.350446,215.020742,93.353670,12.657744,9.920922
1013,11dd74426e8374ac110c4036c77c09ab_000000001078,0.350446,225.177067,174.350771,16.850584,14.372567
1014,11dd74426e8374ac110c4036c77c09ab_000000001079,0.344520,289.025705,113.673244,16.756367,15.134792
1014,11dd74426e8374ac110c4036c77c09ab_000000001079,0.344520,210.457246,90.689255,12.836374,9.483938
1014,11dd74426e8374ac110c4036c77c09ab_000000001079,0.344520,221.290506,169.379161,17.052902,14.129540
1015,11dd74426e8374ac110c4036c77c09ab_000000001080,0.345599,287.732942,112.787719,16.846663,15.764769
1015,11dd74426e8374ac110c4036c77c09ab_000000001080,0.345599,210.708671,90.037408,12.285702,9.130368
1015,11dd74426e8374ac110c4036c77c09ab_000000001080,0.345599,218.901079,169.719399,20.092369,15.764778
1016,11dd74426e8374ac110c4036c77c09ab_000000001081,0.344520,286.807897,114.236233,16.640020,15.869656
1016,11dd74426e8374ac110c4036c77c09ab_000000001081,0.344520,210.612684,91.441180,12.039670,8.886416
1016,11dd74426e8374ac110c4036c77c09ab_000000001081,0.344520,219.162402,170.104916,17.410397,15.099282
1017,11dd74426e8374ac110c4036c77c09ab_000000001082,0.344520,288.443633,114.212524,16.783197,15.290367
1017,11dd74426e8374ac110c4036c77c09ab_000000001082,0.344520,211.630579,92.340436,12.283320,8.783043
1017,11dd74426e8374ac110c4036c77c09ab_000000001082,0.344520,219.686605,168.531191,17.555510,17.687511
1018,11dd74426e8374ac110c4036c77c09ab_000000001083,0.344520,286.609856,113.048085,17.102234,16.023724
1018,11dd74426e8374ac110c4036c77c09ab_000000001083,0.344520,209.614050,90.131943,13.118694,9.776344
1018,11dd74426e8374ac110c4036c77c09ab_000000001083,0.344520,217.448463,166.114343,15.742235,19.933182
1019,11dd74426e8374ac110c4036c77c09ab_000000001084,0.344520,284.335588,111.932810,17.165211,16.131674
1019,11dd74426e8374ac110c4036c77c09ab_000000001084,0.344520,207.351473,89.817724,13.075145,9.241320
1019,11dd74426e8374ac110c4036c77c09ab_000000001084,0.344520,215.717975,165.846859,15.716055,19.933182
1020,11dd74426e8374ac110c4036c77c09ab_000000001085,0.344520,205.648405,91.192504,28.363977,7.722958
1020,11dd74426e8374ac110c4036c77c09ab_000000001085,0.344520,281.482822,114.884480,18.997873,17.309904
1020,11dd74426e8374ac110c4036c77c09ab_000000001085,0.344520,211.486013,168.026396,15.225391,21.569780
1020,11dd74426e8374ac110c4036c77c09ab_000000001085,0.344520,124.496621,139.724241,4.287581,5.265292
1020,11dd74426e8374ac110c4036c77c09ab_000000001085,0.344520,123.352652,147.337851,5.646864,7.703147
1021,11dd74426e8374ac110c4036c77c09ab_000000001086,0.344520,200.326758,90.865195,23.137922,8.396037
1021,11dd74426e8374ac110c4036c77c09ab_000000001086,0.344520,283.216632,114.405791,17.540117,15.834842
1021,11dd74426e8374ac110c4036c77c09ab_000000001086,0.344520,213.119920,168.623472,15.337491,19.864401
1021,11dd74426e8374ac110c4036c77c09ab_000000001086,0.344520,126.048109,141.297261,4.930371,3.543710
1021,11dd74426e8374ac110c4036c77c09ab_000000001086,0.344520,124.194997,148.409526,5.229450,5.665242
1022,11dd74426e8374ac110c4036c77c09ab_000000001087,0.344520,201.927904,91.347227,22.895031,7.353149
1022,11dd74426e8374ac110c4036c77c09ab_000000001087,0.344520,283.155862,116.454462,16.896959,16.698572
1022,11dd74426e8374ac110c4036c77c09ab_000000001087,0.344520,215.287955,167.493014,16.536983,21.360270
1022,11dd74426e8374ac110c4036c77c09ab_000000001087,0.344520,124.458297,139.966660,6.244770,4.455331
1022,11dd74426e8374ac110c4036c77c09ab_000000001087,0.344520,123.326294,148.731105,4.409858,6.201371
1023,11dd74426e8374ac110c4036c77c09ab_000000001088,0.344520,201.342320,91.549578,22.792015,7.470887
1023,11dd74426e8374ac110c4036c77c09ab_000000001088,0.344520,283.339056,114.105040,16.896938,16.698593
1023,11dd74426e8374ac110c4036c77c09ab_000000001088,0.344520,214.704811,167.787099,15.388357,21.332891
1023,11dd74426e8374ac110c4036c77c09ab_000000001088,0.344520,123.802985,139.507654,6.625196,4.622229
1023,11dd74426e8374ac110c4036c77c09ab_000000001088,0.344520,123.090982,148.235509,4.622229,6.162972
1024,11dd74426e8374ac110c4036c77c09ab_000000001089,0.344520,199.872935,91.153435,22.238415,7.164111
1024,11dd74426e8374ac110c4036c77c09ab_000000001089,0.344520,283.146672,113.901091,18.242826,14.932084
1024,11dd74426e8374ac110c4036c77c09ab_000000001089,0.344520,214.622739,167.126246,16.043228,22.978584
1024,11dd74426e8374ac110c4036c77c09ab_000000001089,0.344520,124.358331,139.181743,6.577536,5.846709
1024,11dd74426e8374ac110c4036c77c09ab_000000001089,0.344520,123.168175,148.734364,4.261480,6.183327
1025,11dd74426e8374ac110c4036c77c09ab_000000001090,0.344520,200.666863,91.859582,21.350849,7.837662
1025,11dd74426e8374ac110c4036c77c09ab_000000001090,0.344520,285.253244,114.714543,16.462933,15.314696
1025,11dd74426e8374ac110c4036c77c09ab_000000001090,0.344520,215.945833,169.543052,16.126772,22.978596
1025,11dd74426e8374ac110c4036c77c09ab_000000001090,0.344520,125.425316,139.517695,6.008911,6.162972
1025,11dd74426e8374ac110c4036c77c09ab_000000001090,0.344520,124.407410,149.659127,4.734213,6.013737
1026,11dd74426e8374ac110c4036c77c09ab_000000001091,0.344520,199.421193,91.488640,19.551600,9.387431
1026,11dd74426e8374ac110c4036c77c09ab_000000001091,0.344520,282.858528,113.596955,14.616761,16.809305
1026,11dd74426e8374ac110c4036c77c09ab_000000001091,0.344520,214.133505,166.337628,19.105179,24.497808
1026,11dd74426e8374ac110c4036c77c09ab_000000001091,0.344520,123.480460,138.668106,6.333928,6.333930
1026,11dd74426e8374ac110c4036c77c09ab_000000001091,0.344520,122.564349,147.700024,2.756164,9.302052
1027,11dd74426e8374ac110c4036c77c09ab_000000001092,0.328798,192.803247,87.707984,22.181219,12.646076
1027,11dd74426e8374ac110c4036c77c09ab_000000001092,0.328798,268.745987,108.271192,13.484731,15.577195
1027,11dd74426e8374ac110c4036c77c09ab_000000001092,0.328798,204.970197,160.051575,14.267673,23.347094
1027,11dd74426e8374ac110c4036c77c09ab_000000001092,0.328798,119.448889,132.153888,7.286535,6.512744
1027,11dd74426e8374ac110c4036c77c09ab_000000001092,0.328798,117.519278,141.297117,4.823441,9.097373
1028,11dd74426e8374ac110c4036c77c09ab_000000001093,0.328798,192.015489,88.104020,23.186438,11.957133
1028,11dd74426e8374ac110c4036c77c09ab_000000001093,0.328798,269.936314,107.748856,16.843973,13.620738
1028,11dd74426e8374ac110c4036c77c09ab_000000001093,0.328798,205.055949,160.158920,14.224525,23.402723
1028,11dd74426e8374ac110c4036c77c09ab_000000001093,0.328798,120.079081,132.861303,6.575959,6.904757
1028,11dd74426e8374ac110c4036c77c09ab_000000001093,0.328798,118.215886,141.081253,4.574905,9.045837
1029,11dd74426e8374ac110c4036c77c09ab_000000001094,0.338788,196.546746,90.914577,21.969057,16.060150
1029,11dd74426e8374ac110c4036c77c09ab_000000001094,0.338788,278.071585,112.072303,16.498692,13.606055
1029,11dd74426e8374ac110c4036c77c09ab_000000001094,0.338788,210.649022,164.286595,16.284405,26.569304
1029,11dd74426e8374ac110c4036c77c09ab_000000001094,0.338788,123.866262,137.036002,8.570754,6.856599
1029,11dd74426e8374ac110c4036c77c09ab_000000001094,0.338788,121.506044,144.082829,5.012266,9.202850
1030,11dd74426e8374ac110c4036c77c09ab_000000001095,0.334216,193.605574,89.923301,20.670973,18.168221
1030,11dd74426e8374ac110c4036c77c09ab_000000001095,0.334216,275.037382,111.064348,16.472980,12.505864
1030,11dd74426e8374ac110c4036c77c09ab_000000001095,0.334216,208.114595,160.675318,14.833874,25.939003
1030,11dd74426e8374ac110c4036c77c09ab_000000001095,0.334216,122.736976,135.224920,9.224366,7.352762
1030,11dd74426e8374ac110c4036c77c09ab_000000001095,0.334216,120.061246,142.269026,5.679721,7.772241
1031,11dd74426e8374ac110c4036c77c09ab_000000001096,0.334216,190.285542,89.060323,16.242910,18.448748
1031,11dd74426e8374ac110c4036c77c09ab_000000001096,0.334216,272.759430,109.837841,16.381725,11.308669
1031,11dd74426e8374ac110c4036c77c09ab_000000001096,0.334216,207.171857,162.267650,14.199507,26.439461
1031,11dd74426e8374ac110c4036c77c09ab_000000001096,0.334216,121.831497,134.642795,9.117424,7.024910
1031,11dd74426e8374ac110c4036c77c09ab_000000001096,0.334216,119.589112,142.626864,5.829195,8.071167
1032,11dd74426e8374ac110c4036c77c09ab_000000001097,0.334216,187.621683,89.916590,16.740196,16.142345
1032,11dd74426e8374ac110c4036c77c09ab_000000001097,0.334216,272.791212,110.328303,14.995984,12.969503
1032,11dd74426e8374ac110c4036c77c09ab_000000001097,0.334216,207.801838,162.609975,14.221334,26.487225
1032,11dd74426e8374ac110c4036c77c09ab_000000001097,0.334216,122.126375,134.668172,7.352762,8.355412
1032,11dd74426e8374ac110c4036c77c09ab_000000001097,0.334216,119.879420,143.068145,5.829185,8.071172
1033,11dd74426e8374ac110c4036c77c09ab_000000001098,0.334216,187.378140,89.752694,17.162128,11.938885
1033,11dd74426e8374ac110c4036c77c09ab_000000001098,0.334216,273.697537,110.075468,14.509612,13.131624
1033,11dd74426e8374ac110c4036c77c09ab_000000001098,0.334216,209.443015,160.064053,13.942236,27.073847
1033,11dd74426e8374ac110c4036c77c09ab_000000001098,0.334216,123.313492,134.840471,7.686978,8.021194
1033,11dd74426e8374ac110c4036c77c09ab_000000001098,0.334216,120.696948,142.564984,4.782514,8.754415
1034,11dd74426e8374ac110c4036c77c09ab_000000001099,0.338788,186.941295,91.893588,14.018690,8.634722
1034,11dd74426e8374ac110c4036c77c09ab_000000001099,0.338788,275.467583,112.843251,14.861634,13.115795
1034,11dd74426e8374ac110c4036c77c09ab_000000001099,0.338788,211.965260,161.423374,13.557762,28.019381
1034,11dd74426e8374ac110c4036c77c09ab_000000001099,0.338788,123.657001,136.638002,6.436981,7.114557
1034,11dd74426e8374ac110c4036c77c09ab_000000001099,0.338788,121.765439,144.326622,7.665895,6.707664
1035,11dd74426e8374ac110c4036c77c09ab_000000001100,0.338788,186.511999,91.704601,10.632630,13.014790
1035,11dd74426e8374ac110c4036c77c09ab_000000001100,0.338788,276.546644,111.815089,11.933318,15.034083
1035,11dd74426e8374ac110c4036c77c09ab_000000001100,0.338788,211.720598,162.523754,14.355995,27.962051
1035,11dd74426e8374ac110c4036c77c09ab_000000001100,0.338788,123.605750,137.039434,7.575553,7.575548
1035,11dd74426e8374ac110c4036c77c09ab_000000001100,0.338788,121.573009,144.677569,6.060434,7.878568
1036,11dd74426e8374ac110c4036c77c09ab_000000001101,0.333241,184.326348,89.219015,10.536380,13.031835
1036,11dd74426e8374ac110c4036c77c09ab_000000001101,0.333241,271.618429,110.365120,14.262843,13.181443
1036,11dd74426e8374ac110c4036c77c09ab_000000001101,0.333241,207.232808,159.363260,14.790569,30.793480
1037,11dd74426e8374ac110c4036c77c09ab_000000001102,0.333241,184.306762,89.291240,13.910158,13.488640
1037,11dd74426e8374ac110c4036c77c09ab_000000001102,0.333241,271.133700,110.596440,14.175180,13.006080
1037,11dd74426e8374ac110c4036c77c09ab_000000001102,0.333241,206.753184,157.416810,14.952187,30.955116
1038,11dd74426e8374ac110c4036c77c09ab_000000001103,0.333241,185.198360,89.152454,14.509072,13.612005
1038,11dd74426e8374ac110c4036c77c09ab_000000001103,0.333241,271.288361,110.679801,13.710731,14.604923
1038,11dd74426e8374ac110c4036c77c09ab_000000001103,0.333241,207.589439,156.511513,14.871378,31.197582
1039,11dd74426e8374ac110c4036c77c09ab_000000001104,0.327869,182.050121,87.454594,15.627562,13.420800
1039,11dd74426e8374ac110c4036c77c09ab_000000001104,0.327869,266.763376,108.477123,12.367104,14.822317
1039,11dd74426e8374ac110c4036c77c09ab_000000001104,0.327869,204.180008,153.719232,14.098360,31.147541
1040,11dd74426e8374ac110c4036c77c09ab_000000001105,0.333241,184.906937,89.261331,14.896193,13.793700
1040,11dd74426e8374ac110c4036c77c09ab_000000001105,0.333241,271.590076,110.195987,13.863663,15.619726
1040,11dd74426e8374ac110c4036c77c09ab_000000001105,0.333241,207.552014,155.554849,18.470690,31.617723
1041,11dd74426e8374ac110c4036c77c09ab_000000001106,0.338788,189.013314,91.172287,12.602935,15.584271
1041,11dd74426e8374ac110c4036c77c09ab_000000001106,0.338788,275.469217,112.622276,16.060152,15.757120
1041,11dd74426e8374ac110c4036c77c09ab_000000001106,0.338788,210.393608,158.214768,13.212749,35.233997
1042,11dd74426e8374ac110c4036c77c09ab_000000001107,0.338788,187.210316,92.074624,10.780210,14.852701
1042,11dd74426e8374ac110c4036c77c09ab_000000001107,0.338788,274.584984,112.592562,16.060152,15.757129
1042,11dd74426e8374ac110c4036c77c09ab_000000001107,0.338788,209.560118,158.476406,16.844511,34.428501
1043,11dd74426e8374ac110c4036c77c09ab_000000001108,0.333241,183.852786,91.014120,14.224809,12.365884
1043,11dd74426e8374ac110c4036c77c09ab_000000001108,0.333241,269.685677,110.495739,18.631004,11.887282
1043,11dd74426e8374ac110c4036c77c09ab_000000001108,0.333241,205.316897,155.646712,19.179161,33.300083
1044,11dd74426e8374ac110c4036c77c09ab_000000001109,0.338788,187.339223,92.721432,12.878428,13.484463
1044,11dd74426e8374ac110c4036c77c09ab_000000001109,0.338788,275.949091,112.042206,17.570019,14.998804
1044,11dd74426e8374ac110c4036c77c09ab_000000001109,0.338788,208.979542,159.276780,18.101360,34.531826
1045,11dd74426e8374ac110c4036c77c09ab_000000001110,0.338788,188.844685,92.623366,13.029935,13.029927
1045,11dd74426e8374ac110c4036c77c09ab_000000001110,0.338788,277.451907,113.043890,16.907103,15.302559
1045,11dd74426e8374ac110c4036c77c09ab_000000001110,0.338788,208.836947,164.919466,23.260710,19.806511
1046,11dd74426e8374ac110c4036c77c09ab_000000001111,0.338788,187.218236,92.468354,12.726899,12.575396
1046,11dd74426e8374ac110c4036c77c09ab_000000001111,0.338788,275.546759,112.218104,15.302593,16.666191
1046,11dd74426e8374ac110c4036c77c09ab_000000001111,0.338788,207.065276,163.386058,22.891235,19.827944
1047,11dd74426e8374ac110c4036c77c09ab_000000001119,0.333241,183.412092,88.378560,12.220442,14.157834
1047,11dd74426e8374ac110c4036c77c09ab_000000001119,0.333241,269.145544,109.956460,15.227460,15.423516
1047,11dd74426e8374ac110c4036c77c09ab_000000001119,0.333241,205.030742,160.878098,24.241985,14.290689
1047,11dd74426e8374ac110c4036c77c09ab_000000001119,0.333241,105.290398,129.650423,8.008884,10.854143
1048,11dd74426e8374ac110c4036c77c09ab_000000001120,0.333241,184.969094,89.695700,15.030524,10.110738
1048,11dd74426e8374ac110c4036c77c09ab_000000001120,0.333241,270.331616,110.447016,15.280078,14.950926
1048,11dd74426e8374ac110c4036c77c09ab_000000001120,0.333241,206.592707,162.660064,19.235828,19.801579
1048,11dd74426e8374ac110c4036c77c09ab_000000001120,0.333241,106.605666,129.415533,8.163097,11.153539
1049,11dd74426e8374ac110c4036c77c09ab_000000001121,0.338788,109.168211,132.844828,10.067681,12.727075
1049,11dd74426e8374ac110c4036c77c09ab_000000001121,0.338788,114.675612,140.979701,5.895030,6.385019
1049,11dd74426e8374ac110c4036c77c09ab_000000001121,0.338788,204.166591,168.987585,18.550053,12.282606
1049,11dd74426e8374ac110c4036c77c09ab_000000001121,0.338788,215.722309,155.853360,10.165142,16.021448
1049,11dd74426e8374ac110c4036c77c09ab_000000001121,0.338788,275.948140,112.362095,16.452000,17.668089
1049,11dd74426e8374ac110c4036c77c09ab_000000001121,0.338788,188.086195,90.301288,16.025496,14.177203
1050,11dd74426e8374ac110c4036c77c09ab_000000001122,0.338788,107.676810,134.171178,8.649631,12.545036
1050,11dd74426e8374ac110c4036c77c09ab_000000001122,0.338788,111.859960,142.208181,5.509882,5.030751
1050,11dd74426e8374ac110c4036c77c09ab_000000001122,0.338788,203.587504,168.492099,17.131439,11.663946
1050,11dd74426e8374ac110c4036c77c09ab_000000001122,0.338788,214.038561,155.714590,9.486076,15.923058
1050,11dd74426e8374ac110c4036c77c09ab_000000001122,0.338788,273.570149,112.999722,16.388788,16.684969
1050,11dd74426e8374ac110c4036c77c09ab_000000001122,0.338788,185.721479,91.045479,13.537621,15.096647
1051,11dd74426e8374ac110c4036c77c09ab_000000001123,0.338788,108.648769,133.676643,8.697366,12.574099
1051,11dd74426e8374ac110c4036c77c09ab_000000001123,0.338788,113.958085,142.565022,5.270309,5.988992
1051,11dd74426e8374ac110c4036c77c09ab_000000001123,0.338788,205.129587,169.011747,16.817711,11.817847
1051,11dd74426e8374ac110c4036c77c09ab_000000001123,0.338788,216.709953,156.204534,9.486076,15.584269
1051,11dd74426e8374ac110c4036c77c09ab_000000001123,0.338788,274.833347,112.987325,16.290071,19.883453
1051,11dd74426e8374ac110c4036c77c09ab_000000001123,0.338788,187.053225,90.832434,13.251790,15.018682
1052,11dd74426e8374ac110c4036c77c09ab_000000001124,0.337676,106.430514,134.482211,11.325996,12.232079
1052,11dd74426e8374ac110c4036c77c09ab_000000001124,0.337676,111.131546,141.436391,6.181198,5.619269
1052,11dd74426e8374ac110c4036c77c09ab_000000001124,0.337676,202.005603,167.989269,15.939837,11.807279
1052,11dd74426e8374ac110c4036c77c09ab_000000001124,0.337676,213.672490,155.956387,14.803932,12.893744
1052,11dd74426e8374ac110c4036c77c09ab_000000001124,0.337676,272.822077,111.293150,16.978422,19.220861
1052,11dd74426e8374ac110c4036c77c09ab_000000001124,0.337676,184.595173,90.290708,16.108572,11.425853
1053,11dd74426e8374ac110c4036c77c09ab_000000001125,0.337676,106.722436,134.115732,11.174986,12.232079
1053,11dd74426e8374ac110c4036c77c09ab_000000001125,0.337676,111.479568,141.326663,6.087536,5.338306
1053,11dd74426e8374ac110c4036c77c09ab_000000001125,0.337676,203.234109,167.988537,16.543488,10.974399
1053,11dd74426e8374ac110c4036c77c09ab_000000001125,0.337676,214.484405,155.241814,9.792604,16.208448
1053,11dd74426e8374ac110c4036c77c09ab_000000001125,0.337676,273.475377,111.018572,16.349030,16.981627
1053,11dd74426e8374ac110c4036c77c09ab_000000001125,0.337676,185.124626,90.356001,13.138161,14.497279
1054,11dd74426e8374ac110c4036c77c09ab_000000001126,0.337676,103.233165,131.911491,10.678252,12.920683
1054,11dd74426e8374ac110c4036c77c09ab_000000001126,0.337676,109.210055,141.669337,6.428128,4.111677
1054,11dd74426e8374ac110c4036c77c09ab_000000001126,0.337676,201.402963,168.100399,15.078376,12.643361
1054,11dd74426e8374ac110c4036c77c09ab_000000001126,0.337676,211.655791,153.536276,16.611479,11.174996
1054,11dd74426e8374ac110c4036c77c09ab_000000001126,0.337676,271.103854,113.167650,16.937738,17.557093
1054,11dd74426e8374ac110c4036c77c09ab_000000001126,0.337676,182.695127,90.687978,13.182369,15.539144
1055,11dd74426e8374ac110c4036c77c09ab_000000001127,0.338788,104.884256,132.335994,10.820562,12.963259
1055,11dd74426e8374ac110c4036c77c09ab_000000001127,0.338788,110.382517,141.564951,5.315364,5.514679
1055,11dd74426e8374ac110c4036c77c09ab_000000001127,0.338788,203.152542,167.700462,13.654886,14.373579
1055,11dd74426e8374ac110c4036c77c09ab_000000001127,0.338788,213.533377,152.994284,16.817711,11.363309
1055,11dd74426e8374ac110c4036c77c09ab_000000001127,0.338788,272.897948,111.301448,20.462811,15.855295
1055,11dd74426e8374ac110c4036c77c09ab_000000001127,0.338788,184.477821,90.836259,13.225798,15.382469
1056,11dd74426e8374ac110c4036c77c09ab_000000001128,0.338788,105.978215,133.691427,14.500286,10.251226
1056,11dd74426e8374ac110c4036c77c09ab_000000001128,0.338788,111.082643,142.695665,6.213782,5.570986
1056,11dd74426e8374ac110c4036c77c09ab_000000001128,0.338788,202.368763,169.892103,16.060173,12.272381
1056,11dd74426e8374ac110c4036c77c09ab_000000001128,0.338788,213.272999,154.381468,15.331811,14.852696
1056,11dd74426e8374ac110c4036c77c09ab_000000001128,0.338788,273.467296,112.430901,19.652285,15.438282
1056,11dd74426e8374ac110c4036c77c09ab_000000001128,0.338788,185.689118,91.228490,16.580250,11.885490
1057,11dd74426e8374ac110c4036c77c09ab_000000001129,0.338788,105.156120,132.135149,7.792134,14.229115
1057,11dd74426e8374ac110c4036c77c09ab_000000001129,0.338788,109.722123,142.856819,6.106660,6.320925
1057,11dd74426e8374ac110c4036c77c09ab_000000001129,0.338788,201.737401,168.601092,16.211660,12.272387
1057,11dd74426e8374ac110c4036c77c09ab_000000001129,0.338788,211.621798,152.214000,15.571365,16.050495
1057,11dd74426e8374ac110c4036c77c09ab_000000001129,0.338788,270.509804,112.091978,16.817692,19.847918
1057,11dd74426e8374ac110c4036c77c09ab_000000001129,0.338788,184.365643,90.865705,15.316530,13.032986
1058,11dd74426e8374ac110c4036c77c09ab_000000001130,0.338788,105.518140,131.724132,9.942368,13.639926
1058,11dd74426e8374ac110c4036c77c09ab_000000001130,0.338788,110.699583,142.671069,7.186786,5.030753
1058,11dd74426e8374ac110c4036c77c09ab_000000001130,0.338788,202.280571,169.128723,16.211639,12.272381
1058,11dd74426e8374ac110c4036c77c09ab_000000001130,0.338788,212.192884,151.644714,12.196384,19.988518
1058,11dd74426e8374ac110c4036c77c09ab_000000001130,0.338788,271.888696,112.551030,16.817711,19.847925
1058,11dd74426e8374ac110c4036c77c09ab_000000001130,0.338788,184.997500,90.861280,15.316520,13.032975
1059,11dd74426e8374ac110c4036c77c09ab_000000001131,0.338788,105.954694,132.481805,10.070623,11.784773
1059,11dd74426e8374ac110c4036c77c09ab_000000001131,0.338788,110.567854,144.048596,6.389493,5.167971
1059,11dd74426e8374ac110c4036c77c09ab_000000001131,0.338788,202.989268,169.000426,16.762337,12.160911
1059,11dd74426e8374ac110c4036c77c09ab_000000001131,0.338788,213.861289,152.879749,12.748973,19.177052
1059,11dd74426e8374ac110c4036c77c09ab_000000001131,0.338788,271.871761,112.947810,20.389982,15.128050
1059,11dd74426e8374ac110c4036c77c09ab_000000001131,0.338788,186.140208,91.513795,14.750087,13.288380
1060,11dd74426e8374ac110c4036c77c09ab_000000001132,0.338788,106.443708,132.504138,10.605760,10.908780
1060,11dd74426e8374ac110c4036c77c09ab_000000001132,0.338788,111.244418,144.041349,7.121009,4.393820
1060,11dd74426e8374ac110c4036c77c09ab_000000001132,0.338788,203.066997,168.114880,15.908624,12.726914
1060,11dd74426e8374ac110c4036c77c09ab_000000001132,0.338788,213.068308,152.318568,14.940139,17.289190
1060,11dd74426e8374ac110c4036c77c09ab_000000001132,0.338788,272.537861,112.653768,20.550184,15.087728
1060,11dd74426e8374ac110c4036c77c09ab_000000001132,0.338788,186.622730,91.483532,11.784768,16.284416
1061,11dd74426e8374ac110c4036c77c09ab_000000001133,0.338788,107.293088,133.021419,8.130922,11.857595
1061,11dd74426e8374ac110c4036c77c09ab_000000001133,0.338788,111.698765,143.670085,5.825697,4.886073
1061,11dd74426e8374ac110c4036c77c09ab_000000001133,0.338788,203.846372,168.385783,16.019211,12.375234
1061,11dd74426e8374ac110c4036c77c09ab_000000001133,0.338788,214.809437,152.155398,16.290051,15.571386
1061,11dd74426e8374ac110c4036c77c09ab_000000001133,0.338788,273.537705,112.546201,19.638285,15.409932
1061,11dd74426e8374ac110c4036c77c09ab_000000001133,0.338788,187.398775,91.125669,11.738408,15.810941
1062,11dd74426e8374ac110c4036c77c09ab_000000001134,0.337676,106.899776,132.797438,11.932861,9.554934
1062,11dd74426e8374ac110c4036c77c09ab_000000001134,0.337676,111.888432,144.305833,5.067923,5.696160
1062,11dd74426e8374ac110c4036c77c09ab_000000001134,0.337676,203.775269,168.103294,16.007418,12.232084
1062,11dd74426e8374ac110c4036c77c09ab_000000001134,0.337676,214.291473,151.356170,15.299976,19.501207
1062,11dd74426e8374ac110c4036c77c09ab_000000001134,0.337676,271.918407,113.163435,15.997813,19.818165
1062,11dd74426e8374ac110c4036c77c09ab_000000001134,0.337676,186.478751,91.544689,11.699864,15.759020
1063,11dd74426e8374ac110c4036c77c09ab_000000001135,0.338788,107.222101,134.369552,12.732524,8.152175
1063,11dd74426e8374ac110c4036c77c09ab_000000001135,0.338788,111.640184,144.300661,7.121009,6.211947
1063,11dd74426e8374ac110c4036c77c09ab_000000001135,0.338788,204.841294,169.169582,15.595828,11.809442
1063,11dd74426e8374ac110c4036c77c09ab_000000001135,0.338788,215.172191,152.821333,17.736063,13.808400
1063,11dd74426e8374ac110c4036c77c09ab_000000001135,0.338788,273.293663,114.374323,16.318254,17.376070
1063,11dd74426e8374ac110c4036c77c09ab_000000001135,0.338788,186.820370,92.143554,15.801057,12.066268
1064,11dd74426e8374ac110c4036c77c09ab_000000001136,0.338788,106.754602,133.965277,11.504147,9.993500
1064,11dd74426e8374ac110c4036c77c09ab_000000001136,0.338788,110.910819,143.271889,7.424035,6.363450
1064,11dd74426e8374ac110c4036c77c09ab_000000001136,0.338788,202.515701,168.776194,15.337870,12.312318
1064,11dd74426e8374ac110c4036c77c09ab_000000001136,0.338788,212.736198,151.822214,14.846168,16.631453
1064,11dd74426e8374ac110c4036c77c09ab_000000001136,0.338788,272.559883,114.435520,15.436421,17.630007
1064,11dd74426e8374ac110c4036c77c09ab_000000001136,0.338788,185.097458,91.388869,13.332951,15.302590
1065,11dd74426e8374ac110c4036c77c09ab_000000001137,0.338788,106.318606,133.836339,10.271034,11.174880
1065,11dd74426e8374ac110c4036c77c09ab_000000001137,0.338788,110.978591,142.814233,7.424035,6.211942
1065,11dd74426e8374ac110c4036c77c09ab_000000001137,0.338788,202.736087,168.743647,15.337870,12.312315
1065,11dd74426e8374ac110c4036c77c09ab_000000001137,0.338788,212.475531,152.399957,15.034089,16.631453
1065,11dd74426e8374ac110c4036c77c09ab_000000001137,0.338788,272.064376,113.809566,15.504121,17.954981
1065,11dd74426e8374ac110c4036c77c09ab_000000001137,0.338788,185.908946,91.819788,13.212749,13.551533
1066,11dd74426e8374ac110c4036c77c09ab_000000001138,0.343351,107.805509,136.430223,12.279527,10.778104
1066,11dd74426e8374ac110c4036c77c09ab_000000001138,0.343351,111.773260,144.673817,7.383247,7.057510
1066,11dd74426e8374ac110c4036c77c09ab_000000001138,0.343351,205.424622,171.378416,14.665170,12.665381
1066,11dd74426e8374ac110c4036c77c09ab_000000001138,0.343351,215.085031,152.902019,13.463568,18.566677
1066,11dd74426e8374ac110c4036c77c09ab_000000001138,0.343351,274.600231,115.824240,16.137508,18.197592
1066,11dd74426e8374ac110c4036c77c09ab_000000001138,0.343351,187.061054,93.692353,13.789294,14.766484
1067,11dd74426e8374ac110c4036c77c09ab_000000001139,0.343351,107.690615,135.482372,12.225910,10.778098
1067,11dd74426e8374ac110c4036c77c09ab_000000001139,0.343351,112.239709,144.473631,7.274651,7.057510
1067,11dd74426e8374ac110c4036c77c09ab_000000001139,0.343351,205.789579,170.356998,15.701572,11.810416
1067,11dd74426e8374ac110c4036c77c09ab_000000001139,0.343351,216.284642,152.180215,13.467340,18.921597
1067,11dd74426e8374ac110c4036c77c09ab_000000001139,0.343351,275.209981,115.412288,16.137508,18.197592
1067,11dd74426e8374ac110c4036c77c09ab_000000001139,0.343351,187.191865,94.012956,13.789294,14.766481
1068,11dd74426e8374ac110c4036c77c09ab_000000001140,0.333241,103.556484,131.265392,11.624325,12.369474
1068,11dd74426e8374ac110c4036c77c09ab_000000001140,0.333241,108.231191,139.737363,6.428187,6.322808
1068,11dd74426e8374ac110c4036c77c09ab_000000001140,0.333241,200.092559,165.573378,11.865906,12.386343
1068,11dd74426e8374ac110c4036c77c09ab_000000001140,0.333241,207.529600,148.807212,14.138224,17.201488
1068,11dd74426e8374ac110c4036c77c09ab_000000001140,0.333241,265.951505,110.437162,18.536936,16.777668
1068,11dd74426e8374ac110c4036c77c09ab_000000001140,0.333241,181.635120,90.274234,12.033055,14.702239
1069,11dd74426e8374ac110c4036c77c09ab_000000001141,0.333241,104.526318,131.349394,9.532498,12.709991
1069,11dd74426e8374ac110c4036c77c09ab_000000001141,0.333241,108.967172,141.078411,6.208613,6.535386
1069,11dd74426e8374ac110c4036c77c09ab_000000001141,0.333241,200.689907,166.278484,13.237417,10.986166
1069,11dd74426e8374ac110c4036c77c09ab_000000001141,0.333241,209.309136,148.550986,13.648187,17.073008
1069,11dd74426e8374ac110c4036c77c09ab_000000001141,0.333241,267.481171,111.087341,18.854586,16.821236
1069,11dd74426e8374ac110c4036c77c09ab_000000001141,0.333241,182.788201,90.566165,12.033096,15.008535
1070,11dd74426e8374ac110c4036c77c09ab_000000001142,0.344520,109.506542,135.059252,11.259757,13.051068
1070,11dd74426e8374ac110c4036c77c09ab_000000001142,0.344520,113.002413,144.729965,7.064773,6.090321
1070,11dd74426e8374ac110c4036c77c09ab_000000001142,0.344520,209.095376,171.110048,12.837551,12.567280
1070,11dd74426e8374ac110c4036c77c09ab_000000001142,0.344520,216.689799,150.933121,14.469860,14.125340
1070,11dd74426e8374ac110c4036c77c09ab_000000001142,0.344520,277.317623,115.840575,15.900007,19.206112
1070,11dd74426e8374ac110c4036c77c09ab_000000001142,0.344520,189.736686,92.053806,14.791123,13.712605
1071,11dd74426e8374ac110c4036c77c09ab_000000001143,0.344520,109.404094,137.256737,11.657436,12.421862
1071,11dd74426e8374ac110c4036c77c09ab_000000001143,0.344520,112.581341,145.740322,7.308402,5.846709
1071,11dd74426e8374ac110c4036c77c09ab_000000001143,0.344520,207.997154,172.137154,14.020758,10.939261
1071,11dd74426e8374ac110c4036c77c09ab_000000001143,0.344520,209.886381,150.328875,18.487423,15.360475
1071,11dd74426e8374ac110c4036c77c09ab_000000001143,0.344520,278.589241,116.432383,19.491787,15.745831
1071,11dd74426e8374ac110c4036c77c09ab_000000001143,0.344520,190.347986,93.763549,11.766266,16.233095
1072,11dd74426e8374ac110c4036c77c09ab_000000001144,0.344520,107.898814,136.920585,11.657447,12.421862
1072,11dd74426e8374ac110c4036c77c09ab_000000001144,0.344520,111.274270,145.810860,7.064773,5.846710
1072,11dd74426e8374ac110c4036c77c09ab_000000001144,0.344520,206.427487,172.709701,13.096320,11.555573
1072,11dd74426e8374ac110c4036c77c09ab_000000001144,0.344520,206.537211,150.925467,18.488453,15.063803
1072,11dd74426e8374ac110c4036c77c09ab_000000001144,0.344520,276.669629,117.052326,17.902679,20.856926
1072,11dd74426e8374ac110c4036c77c09ab_000000001144,0.344520,188.446815,93.963661,11.878219,16.089994
1073,11dd74426e8374ac110c4036c77c09ab_000000001145,0.344520,106.850880,135.115154,10.631126,12.942239
1073,11dd74426e8374ac110c4036c77c09ab_000000001145,0.344520,110.193070,144.362325,7.087430,6.779267
1073,11dd74426e8374ac110c4036c77c09ab_000000001145,0.344520,206.154567,170.652661,13.096299,10.477048
1073,11dd74426e8374ac110c4036c77c09ab_000000001145,0.344520,204.613834,147.159020,15.349119,16.765093
1073,11dd74426e8374ac110c4036c77c09ab_000000001145,0.344520,275.827147,115.860657,17.872610,19.875584
1073,11dd74426e8374ac110c4036c77c09ab_000000001145,0.344520,187.325189,92.687880,12.202047,16.233091
1074,11dd74426e8374ac110c4036c77c09ab_000000001146,0.344520,106.564933,135.731880,9.528660,12.937276
1074,11dd74426e8374ac110c4036c77c09ab_000000001146,0.344520,110.246102,145.395161,7.064794,6.577548
1074,11dd74426e8374ac110c4036c77c09ab_000000001146,0.344520,204.518347,172.689545,13.030313,10.720781
1074,11dd74426e8374ac110c4036c77c09ab_000000001146,0.344520,204.390582,149.008567,14.896010,16.821732
1074,11dd74426e8374ac110c4036c77c09ab_000000001146,0.344520,275.682223,116.470990,18.360834,16.834023
1074,11dd74426e8374ac110c4036c77c09ab_000000001146,0.344520,187.228377,93.930363,12.256867,15.769508
1075,11dd74426e8374ac110c4036c77c09ab_000000001147,0.333241,104.443801,132.161343,10.730154,12.965591
1075,11dd74426e8374ac110c4036c77c09ab_000000001147,0.333241,108.042797,140.725065,6.664815,6.998056
1075,11dd74426e8374ac110c4036c77c09ab_000000001147,0.333241,199.750572,166.969322,12.720283,10.454600
1075,11dd74426e8374ac110c4036c77c09ab_000000001147,0.333241,200.150465,143.759104,14.542449,18.968401
1075,11dd74426e8374ac110c4036c77c09ab_000000001147,0.333241,268.484574,116.462639,14.157851,19.373869
1075,11dd74426e8374ac110c4036c77c09ab_000000001147,0.333241,183.037298,92.587993,12.795336,15.072481
1076,11dd74426e8374ac110c4036c77c09ab_000000001148,0.344520,107.580379,135.701726,10.939282,13.404463
1076,11dd74426e8374ac110c4036c77c09ab_000000001148,0.344520,111.176311,144.792744,7.552009,7.064774
1076,11dd74426e8374ac110c4036c77c09ab_000000001148,0.344520,205.778357,173.511598,13.521672,10.257186
1076,11dd74426e8374ac110c4036c77c09ab_000000001148,0.344520,207.060762,148.211664,17.226025,16.536983
1076,11dd74426e8374ac110c4036c77c09ab_000000001148,0.344520,277.634008,118.927749,14.791144,20.183723
1076,11dd74426e8374ac110c4036c77c09ab_000000001148,0.344520,188.463028,95.088504,13.147985,15.652368
1077,11dd74426e8374ac110c4036c77c09ab_000000001149,0.350446,112.746025,137.128460,15.801877,19.155397
1077,11dd74426e8374ac110c4036c77c09ab_000000001149,0.350446,210.020406,148.029097,17.099024,21.571241
1077,11dd74426e8374ac110c4036c77c09ab_000000001149,0.350446,285.663248,118.011474,20.574694,23.489120
1077,11dd74426e8374ac110c4036c77c09ab_000000001149,0.350446,193.452677,92.996219,13.672336,16.971970
1078,11dd74426e8374ac110c4036c77c09ab_000000001150,0.344520,111.169719,137.922058,11.713696,20.326708
1078,11dd74426e8374ac110c4036c77c09ab_000000001150,0.344520,206.532080,148.242669,15.797328,20.373079
1078,11dd74426e8374ac110c4036c77c09ab_000000001150,0.344520,281.361176,117.593710,17.033787,21.044977
1078,11dd74426e8374ac110c4036c77c09ab_000000001150,0.344520,190.538373,93.605231,13.436298,15.847937
1079,11dd74426e8374ac110c4036c77c09ab_000000001151,0.344520,108.421830,135.051902,16.953598,17.145529
1079,11dd74426e8374ac110c4036c77c09ab_000000001151,0.344520,204.235922,146.995938,15.847942,16.881504
1079,11dd74426e8374ac110c4036c77c09ab_000000001151,0.344520,279.179619,116.332869,16.015219,20.699911
1079,11dd74426e8374ac110c4036c77c09ab_000000001151,0.344520,188.119264,91.472532,14.416680,15.480210
1080,11dd74426e8374ac110c4036c77c09ab_000000001152,0.343351,106.562245,135.437662,18.736351,13.795812
1080,11dd74426e8374ac110c4036c77c09ab_000000001152,0.343351,202.133199,145.908489,16.708164,16.200157
1080,11dd74426e8374ac110c4036c77c09ab_000000001152,0.343351,278.654198,116.137560,15.248346,20.091785
1080,11dd74426e8374ac110c4036c77c09ab_000000001152,0.343351,185.870140,91.654336,16.217667,14.444075
1081,11dd74426e8374ac110c4036c77c09ab_000000001153,0.343351,109.676722,136.960411,18.526997,13.439926
1081,11dd74426e8374ac110c4036c77c09ab_000000001153,0.343351,203.938766,145.965700,15.794137,16.824188
1081,11dd74426e8374ac110c4036c77c09ab_000000001153,0.343351,280.763529,117.116363,20.412481,15.200796
1081,11dd74426e8374ac110c4036c77c09ab_000000001153,0.343351,188.251256,92.729099,16.621939,14.651367
1082,11dd74426e8374ac110c4036c77c09ab_000000001154,0.350446,110.329243,139.412562,19.576422,13.629148
1082,11dd74426e8374ac110c4036c77c09ab_000000001154,0.350446,206.931501,148.717508,16.470963,16.821409
1082,11dd74426e8374ac110c4036c77c09ab_000000001154,0.350446,285.933120,120.297544,14.633688,21.201578
1082,11dd74426e8374ac110c4036c77c09ab_000000001154,0.350446,191.062697,94.755871,19.726107,13.741774
1083,11dd74426e8374ac110c4036c77c09ab_000000001155,0.343351,107.339143,136.999307,18.474312,13.522434
1083,11dd74426e8374ac110c4036c77c09ab_000000001155,0.343351,201.527578,145.394594,16.137487,16.137487
1083,11dd74426e8374ac110c4036c77c09ab_000000001155,0.343351,278.791861,117.679128,17.900785,20.315042
1083,11dd74426e8374ac110c4036c77c09ab_000000001155,0.343351,186.286587,92.636199,19.437565,13.608385
1084,11dd74426e8374ac110c4036c77c09ab_000000001156,0.344520,107.672029,135.913698,18.337599,14.087836
1084,11dd74426e8374ac110c4036c77c09ab_000000001156,0.344520,208.397651,150.491284,24.699368,18.802303
1084,11dd74426e8374ac110c4036c77c09ab_000000001156,0.344520,281.109115,116.559276,16.313856,21.048050
1084,11dd74426e8374ac110c4036c77c09ab_000000001156,0.344520,187.719230,91.018383,18.413887,15.144917
1085,11dd74426e8374ac110c4036c77c09ab_000000001157,0.344520,108.841651,135.094600,17.718538,14.174829
1085,11dd74426e8374ac110c4036c77c09ab_000000001157,0.344520,209.746651,150.405133,25.041239,18.631378
1085,11dd74426e8374ac110c4036c77c09ab_000000001157,0.344520,281.465285,116.031950,18.879719,17.363852
1085,11dd74426e8374ac110c4036c77c09ab_000000001157,0.344520,188.611926,91.255914,21.478552,13.098764
1086,11dd74426e8374ac110c4036c77c09ab_000000001158,0.345599,108.037294,137.700702,16.720480,14.568350
1086,11dd74426e8374ac110c4036c77c09ab_000000001158,0.345599,214.417764,153.747302,14.109399,18.499422
1086,11dd74426e8374ac110c4036c77c09ab_000000001158,0.345599,280.460746,117.523325,17.595045,18.328157
1086,11dd74426e8374ac110c4036c77c09ab_000000001158,0.345599,189.012064,92.206567,18.414272,15.107404
1087,11dd74426e8374ac110c4036c77c09ab_000000001159,0.345599,107.468862,139.356683,16.334381,14.368840
1087,11dd74426e8374ac110c4036c77c09ab_000000001159,0.345599,215.779615,155.380945,16.721081,15.191019
1087,11dd74426e8374ac110c4036c77c09ab_000000001159,0.345599,281.444239,119.076506,19.214556,16.623829
1087,11dd74426e8374ac110c4036c77c09ab_000000001159,0.345599,189.143668,93.826763,22.642027,13.340260
1088,11dd74426e8374ac110c4036c77c09ab_000000001160,0.345599,106.601342,139.309855,16.099840,14.120546
1088,11dd74426e8374ac110c4036c77c09ab_000000001160,0.345599,213.781473,155.959281,16.393202,15.081733
1088,11dd74426e8374ac110c4036c77c09ab_000000001160,0.345599,280.397802,117.535022,13.132761,22.463932
1088,11dd74426e8374ac110c4036c77c09ab_000000001160,0.345599,187.351063,93.068529,22.731907,13.551707
1089,11dd74426e8374ac110c4036c77c09ab_000000001161,0.345599,106.247685,136.164945,14.333223,14.500866
1089,11dd74426e8374ac110c4036c77c09ab_000000001161,0.345599,216.342816,155.030241,12.364908,20.991570
1089,11dd74426e8374ac110c4036c77c09ab_000000001161,0.345599,283.775302,119.293792,11.404787,21.081537
1089,11dd74426e8374ac110c4036c77c09ab_000000001161,0.345599,189.257742,93.217356,17.353733,15.089274
1090,11dd74426e8374ac110c4036c77c09ab_000000001162,0.345599,105.686182,137.263852,17.014463,11.486230
1090,11dd74426e8374ac110c4036c77c09ab_000000001162,0.345599,216.023078,155.136479,12.463141,20.771902
1090,11dd74426e8374ac110c4036c77c09ab_000000001162,0.345599,283.844764,120.855094,11.404787,21.081537
1090,11dd74426e8374ac110c4036c77c09ab_000000001162,0.345599,188.802667,93.476481,20.956135,11.889815
1091,11dd74426e8374ac110c4036c77c09ab_000000001163,0.344520,104.306078,135.772391,14.816778,14.272051
1091,11dd74426e8374ac110c4036c77c09ab_000000001163,0.344520,214.396374,154.127621,12.942249,23.419289
1091,11dd74426e8374ac110c4036c77c09ab_000000001163,0.344520,282.010053,117.754710,10.680156,24.805475
1091,11dd74426e8374ac110c4036c77c09ab_000000001163,0.344520,188.145108,91.550209,20.717091,13.743258
1092,11dd74426e8374ac110c4036c77c09ab_000000001164,0.343351,101.727346,136.212580,16.982180,11.246969
1092,11dd74426e8374ac110c4036c77c09ab_000000001164,0.343351,213.327789,153.450554,20.751652,16.459841
1092,11dd74426e8374ac110c4036c77c09ab_000000001164,0.343351,280.028607,119.819266,14.223575,23.018339
1092,11dd74426e8374ac110c4036c77c09ab_000000001164,0.343351,186.660828,91.431737,20.532415,13.783607
1093,11dd74426e8374ac110c4036c77c09ab_000000001165,0.343351,103.017238,137.293902,15.508668,13.512501
1093,11dd74426e8374ac110c4036c77c09ab_000000001165,0.343351,213.412600,153.374147,24.398182,13.137486
1093,11dd74426e8374ac110c4036c77c09ab_000000001165,0.343351,282.048957,120.133100,16.276428,20.729410
1093,11dd74426e8374ac110c4036c77c09ab_000000001165,0.343351,188.074530,91.527361,22.650738,10.242810
1094,11dd74426e8374ac110c4036c77c09ab_000000001166,0.344520,106.759409,137.661502,15.939224,12.691555
1094,11dd74426e8374ac110c4036c77c09ab_000000001166,0.344520,218.521809,155.172149,14.237355,23.983747
1094,11dd74426e8374ac110c4036c77c09ab_000000001166,0.344520,285.762454,121.427194,19.497963,14.475769
1094,11dd74426e8374ac110c4036c77c09ab_000000001166,0.344520,190.764948,92.234035,20.537933,11.807058
1095,11dd74426e8374ac110c4036c77c09ab_000000001167,0.344520,104.147686,138.977310,15.894824,12.548545
1095,11dd74426e8374ac110c4036c77c09ab_000000001167,0.344520,216.645325,154.132290,15.407430,23.419289
1095,11dd74426e8374ac110c4036c77c09ab_000000001167,0.344520,282.833694,122.547863,12.788157,19.505806
1095,11dd74426e8374ac110c4036c77c09ab_000000001167,0.344520,188.077314,92.778173,20.183729,11.863720
1096,11dd74426e8374ac110c4036c77c09ab_000000001168,0.343351,100.479284,138.611645,13.588730,13.570676
1096,11dd74426e8374ac110c4036c77c09ab_000000001168,0.343351,215.532305,152.938274,21.211039,16.901497
1096,11dd74426e8374ac110c4036c77c09ab_000000001168,0.343351,281.808377,124.248720,12.360629,15.794137
1096,11dd74426e8374ac110c4036c77c09ab_000000001168,0.343351,187.174010,93.378352,17.465855,12.201697
1097,11dd74426e8374ac110c4036c77c09ab_000000001169,0.343351,104.281762,137.892293,12.703979,13.047330
1097,11dd74426e8374ac110c4036c77c09ab_000000001169,0.343351,218.287074,153.167977,18.254112,23.141485
1097,11dd74426e8374ac110c4036c77c09ab_000000001169,0.343351,284.537915,123.658460,13.871318,15.554762
1097,11dd74426e8374ac110c4036c77c09ab_000000001169,0.343351,189.501372,92.595177,17.806650,11.617744
1098,11dd74426e8374ac110c4036c77c09ab_000000001170,0.343351,99.644106,139.369703,13.823621,14.323265
1098,11dd74426e8374ac110c4036c77c09ab_000000001170,0.343351,215.470986,153.190548,23.165575,16.190487
1098,11dd74426e8374ac110c4036c77c09ab_000000001170,0.343351,281.659649,124.843339,13.942444,14.618075
1098,11dd74426e8374ac110c4036c77c09ab_000000001170,0.343351,187.358992,92.574734,17.589487,10.749128
1099,11dd74426e8374ac110c4036c77c09ab_000000001171,0.343351,100.441080,139.976791,13.029244,14.549322
1099,11dd74426e8374ac110c4036c77c09ab_000000001171,0.343351,216.611123,154.493631,17.658382,23.032677
1099,11dd74426e8374ac110c4036c77c09ab_000000001171,0.343351,282.868271,126.262563,13.772948,13.998744
1099,11dd74426e8374ac110c4036c77c09ab_000000001171,0.343351,188.695449,92.964137,14.081574,15.295504
1100,11dd74426e8374ac110c4036c77c09ab_000000001172,0.344520,100.026540,141.194698,13.861429,12.142192
1100,11dd74426e8374ac110c4036c77c09ab_000000001172,0.344520,219.933725,164.432157,23.266403,19.637337
1100,11dd74426e8374ac110c4036c77c09ab_000000001172,0.344520,281.873288,124.950738,14.705982,15.249595
1100,11dd74426e8374ac110c4036c77c09ab_000000001172,0.344520,188.178353,92.669375,17.380157,11.948867
1101,11dd74426e8374ac110c4036c77c09ab_000000001173,0.343351,99.582106,141.526187,16.488424,12.741041
1101,11dd74426e8374ac110c4036c77c09ab_000000001173,0.343351,221.683448,163.944622,23.828533,15.459270
1101,11dd74426e8374ac110c4036c77c09ab_000000001173,0.343351,279.411795,126.443858,15.271608,14.998294
1101,11dd74426e8374ac110c4036c77c09ab_000000001173,0.343351,186.966226,91.758857,16.982180,11.693872
1102,11dd74426e8374ac110c4036c77c09ab_000000001174,0.343351,100.410589,141.077624,16.155312,12.741041
1102,11dd74426e8374ac110c4036c77c09ab_000000001174,0.343351,222.925663,164.338048,24.278572,15.295509
1102,11dd74426e8374ac110c4036c77c09ab_000000001174,0.343351,281.035984,126.553889,15.237449,14.964125
1102,11dd74426e8374ac110c4036c77c09ab_000000001174,0.343351,188.844785,92.899203,16.612299,12.377784
1103,11dd74426e8374ac110c4036c77c09ab_000000001175,0.351581,105.417485,145.875791,17.752237,9.852333
1103,11dd74426e8374ac110c4036c77c09ab_000000001175,0.351581,229.971665,171.398029,25.233810,16.770477
1103,11dd74426e8374ac110c4036c77c09ab_000000001175,0.351581,286.979677,129.137601,17.579063,15.469576
1103,11dd74426e8374ac110c4036c77c09ab_000000001175,0.351581,193.337364,95.750888,16.472883,11.039725
1104,11dd74426e8374ac110c4036c77c09ab_000000001176,0.345599,101.182680,143.884316,17.595373,9.508063
1104,11dd74426e8374ac110c4036c77c09ab_000000001176,0.345599,224.223480,168.632884,19.353542,21.772736
1104,11dd74426e8374ac110c4036c77c09ab_000000001176,0.345599,281.225961,126.756464,17.279949,15.206354
1104,11dd74426e8374ac110c4036c77c09ab_000000001176,0.345599,188.037452,93.760982,14.377794,13.515121
1105,11dd74426e8374ac110c4036c77c09ab_000000001177,0.345599,100.789978,144.165041,18.915817,10.522713
1105,11dd74426e8374ac110c4036c77c09ab_000000001177,0.345599,222.544275,167.016148,23.681503,19.660307
1105,11dd74426e8374ac110c4036c77c09ab_000000001177,0.345599,280.427966,127.882783,17.679020,13.696500
1105,11dd74426e8374ac110c4036c77c09ab_000000001177,0.345599,186.978970,93.796557,14.991980,12.364523
1106,11dd74426e8374ac110c4036c77c09ab_000000001178,0.345599,102.700813,144.565990,18.915827,10.522713
1106,11dd74426e8374ac110c4036c77c09ab_000000001178,0.345599,227.643969,170.551165,20.868574,19.495766
1106,11dd74426e8374ac110c4036c77c09ab_000000001178,0.345599,219.668531,159.872539,0.691198,0.691198
1106,11dd74426e8374ac110c4036c77c09ab_000000001178,0.345599,281.876280,126.363837,17.508520,13.704009
1106,11dd74426e8374ac110c4036c77c09ab_000000001178,0.345599,189.105172,94.040368,15.146533,12.364528
1107,11dd74426e8374ac110c4036c77c09ab_000000001179,0.345599,102.732148,144.179005,17.677586,11.577971
1107,11dd74426e8374ac110c4036c77c09ab_000000001179,0.345599,228.729261,170.796453,18.840080,18.737638
1107,11dd74426e8374ac110c4036c77c09ab_000000001179,0.345599,283.103278,127.892233,16.798168,13.345670
1107,11dd74426e8374ac110c4036c77c09ab_000000001179,0.345599,189.611294,93.890181,13.685036,13.685019
1108,11dd74426e8374ac110c4036c77c09ab_000000001180,0.344520,101.751214,144.299493,17.716257,11.616910
1108,11dd74426e8374ac110c4036c77c09ab_000000001180,0.344520,226.607085,170.653607,18.747915,18.698311
1108,11dd74426e8374ac110c4036c77c09ab_000000001180,0.344520,280.157078,127.973598,16.900955,13.737040
1108,11dd74426e8374ac110c4036c77c09ab_000000001180,0.344520,187.050124,94.452843,13.398701,13.642324
1109,11dd74426e8374ac110c4036c77c09ab_000000001181,0.344520,101.244432,143.465129,17.782074,10.226501
1109,11dd74426e8374ac110c4036c77c09ab_000000001181,0.344520,227.932871,172.668339,21.570421,18.797066
1109,11dd74426e8374ac110c4036c77c09ab_000000001181,0.344520,280.271091,127.327770,15.625026,13.095858
1109,11dd74426e8374ac110c4036c77c09ab_000000001181,0.344520,186.523502,93.647907,14.125360,12.264936
1110,11dd74426e8374ac110c4036c77c09ab_000000001182,0.344520,100.852315,143.789053,18.094894,10.539311
1110,11dd74426e8374ac110c4036c77c09ab_000000001182,0.344520,230.601474,173.337551,19.392588,18.738884
1110,11dd74426e8374ac110c4036c77c09ab_000000001182,0.344520,279.772542,126.092109,14.598887,13.509423
1110,11dd74426e8374ac110c4036c77c09ab_000000001182,0.344520,186.423956,93.817917,14.618149,12.255211
1111,11dd74426e8374ac110c4036c77c09ab_000000001183,0.345599,101.880828,144.909912,18.463083,10.369403
1111,11dd74426e8374ac110c4036c77c09ab_000000001183,0.345599,231.209899,174.512950,19.162708,18.808386
1111,11dd74426e8374ac110c4036c77c09ab_000000001183,0.345599,281.723878,127.150146,14.837426,13.600998
1111,11dd74426e8374ac110c4036c77c09ab_000000001183,0.345599,188.582850,94.458793,13.685036,12.951893
1112,11dd74426e8374ac110c4036c77c09ab_000000001184,0.344520,101.774807,143.166838,19.105211,11.093343
1112,11dd74426e8374ac110c4036c77c09ab_000000001184,0.344520,230.343210,172.248181,16.078449,18.758190
1112,11dd74426e8374ac110c4036c77c09ab_000000001184,0.344520,280.213664,125.945934,14.125340,13.436298
1112,11dd74426e8374ac110c4036c77c09ab_000000001184,0.344520,187.528066,92.948057,16.622946,9.614816
1113,11dd74426e8374ac110c4036c77c09ab_000000001185,0.344520,102.737768,144.104208,19.105200,10.939272
1113,11dd74426e8374ac110c4036c77c09ab_000000001185,0.344520,232.075675,173.248182,16.078428,19.001799
1113,11dd74426e8374ac110c4036c77c09ab_000000001185,0.344520,281.205738,126.530488,14.373132,13.301263
1113,11dd74426e8374ac110c4036c77c09ab_000000001185,0.344520,187.815181,93.871254,14.473666,12.207446
1114,11dd74426e8374ac110c4036c77c09ab_000000001186,0.345599,103.653710,143.586906,20.154955,10.837826
1114,11dd74426e8374ac110c4036c77c09ab_000000001186,0.345599,232.648594,174.032014,18.675253,19.766245
1114,11dd74426e8374ac110c4036c77c09ab_000000001186,0.345599,282.890085,125.583360,14.682894,12.673645
1114,11dd74426e8374ac110c4036c77c09ab_000000001186,0.345599,190.596538,93.880320,15.336312,12.364903
1115,11dd74426e8374ac110c4036c77c09ab_000000001187,0.345599,102.898208,143.897004,20.092360,11.128075
1115,11dd74426e8374ac110c4036c77c09ab_000000001187,0.345599,232.480625,174.664677,18.469400,19.694653
1115,11dd74426e8374ac110c4036c77c09ab_000000001187,0.345599,281.598518,125.965725,14.528340,12.519086
1115,11dd74426e8374ac110c4036c77c09ab_000000001187,0.345599,189.714442,93.981337,16.596365,10.812793
1116,11dd74426e8374ac110c4036c77c09ab_000000001188,0.344520,104.241996,143.073842,20.669693,11.658209
1116,11dd74426e8374ac110c4036c77c09ab_000000001188,0.344520,231.671162,174.648753,17.872610,20.029661
1116,11dd74426e8374ac110c4036c77c09ab_000000001188,0.344520,280.716840,124.524850,16.809294,11.206179
1116,11dd74426e8374ac110c4036c77c09ab_000000001188,0.344520,189.212209,92.662446,14.144464,11.623245
1117,11dd74426e8374ac110c4036c77c09ab_000000001189,0.345599,104.594668,143.526546,20.644497,12.085177
1117,11dd74426e8374ac110c4036c77c09ab_000000001189,0.345599,233.765737,173.314871,19.375565,20.147150
1117,11dd74426e8374ac110c4036c77c09ab_000000001189,0.345599,279.581877,123.938411,17.853676,12.824476
1117,11dd74426e8374ac110c4036c77c09ab_000000001189,0.345599,188.740588,91.958980,13.616608,12.441558
1118,11dd74426e8374ac110c4036c77c09ab_000000001190,0.345599,105.764386,144.702192,21.792467,10.046180
1118,11dd74426e8374ac110c4036c77c09ab_000000001190,0.345599,235.191100,174.411352,15.824209,20.356794
1118,11dd74426e8374ac110c4036c77c09ab_000000001190,0.345599,282.690623,124.096224,17.532312,13.117078
1118,11dd74426e8374ac110c4036c77c09ab_000000001190,0.345599,191.606714,92.554581,15.835516,10.361520
1119,11dd74426e8374ac110c4036c77c09ab_000000001191,0.345599,105.256060,143.512076,21.637924,9.737062
1119,11dd74426e8374ac110c4036c77c09ab_000000001191,0.345599,233.846905,174.180608,15.882787,21.736723
1119,11dd74426e8374ac110c4036c77c09ab_000000001191,0.345599,280.286765,124.111981,16.617521,11.730030
1119,11dd74426e8374ac110c4036c77c09ab_000000001191,0.345599,188.819584,93.805458,14.837426,11.282625
1120,11dd74426e8374ac110c4036c77c09ab_000000001192,0.345599,105.720248,144.153672,21.483360,9.737062
1120,11dd74426e8374ac110c4036c77c09ab_000000001192,0.345599,235.751834,173.216374,19.007942,19.699141
1120,11dd74426e8374ac110c4036c77c09ab_000000001192,0.345599,281.608495,124.670552,16.873325,11.917058
1120,11dd74426e8374ac110c4036c77c09ab_000000001192,0.345599,189.408056,94.207620,13.994374,12.556600
1121,11dd74426e8374ac110c4036c77c09ab_000000001193,0.345599,106.185132,143.942587,19.871983,9.902421
1121,11dd74426e8374ac110c4036c77c09ab_000000001193,0.345599,235.394823,172.874171,16.537556,21.947033
1121,11dd74426e8374ac110c4036c77c09ab_000000001193,0.345599,281.966582,122.544393,18.527660,11.614872
1121,11dd74426e8374ac110c4036c77c09ab_000000001193,0.345599,190.389503,93.356743,12.707512,13.196280
1122,11dd74426e8374ac110c4036c77c09ab_000000001194,0.345599,109.207572,144.323624,19.266247,10.639561
1122,11dd74426e8374ac110c4036c77c09ab_000000001194,0.345599,236.809176,174.012576,16.486530,22.237640
1122,11dd74426e8374ac110c4036c77c09ab_000000001194,0.345599,283.850164,123.536492,18.701324,11.282635
1122,11dd74426e8374ac110c4036c77c09ab_000000001194,0.345599,190.386719,94.160939,14.473623,12.077343
1123,11dd74426e8374ac110c4036c77c09ab_000000001195,0.345599,109.215451,144.817195,19.355019,10.616247
1123,11dd74426e8374ac110c4036c77c09ab_000000001195,0.345599,241.936777,174.488112,21.466919,19.489439
1123,11dd74426e8374ac110c4036c77c09ab_000000001195,0.345599,282.472704,124.077345,19.584412,11.125517
1123,11dd74426e8374ac110c4036c77c09ab_000000001195,0.345599,190.031522,93.701013,15.410131,11.439064
1124,11dd74426e8374ac110c4036c77c09ab_000000001196,0.343351,109.866410,143.069317,17.076410,9.480350
1124,11dd74426e8374ac110c4036c77c09ab_000000001196,0.343351,244.937124,179.794231,19.976252,12.456740
1124,11dd74426e8374ac110c4036c77c09ab_000000001196,0.343351,283.487598,124.018995,19.509279,12.172456
1124,11dd74426e8374ac110c4036c77c09ab_000000001196,0.343351,188.995567,92.504331,15.112423,12.213396
1125,11dd74426e8374ac110c4036c77c09ab_000000001197,0.343351,111.396421,144.509414,17.252644,9.424842
1125,11dd74426e8374ac110c4036c77c09ab_000000001197,0.343351,245.847913,180.872923,19.932138,12.487845
1125,11dd74426e8374ac110c4036c77c09ab_000000001197,0.343351,283.976030,124.413773,19.501022,12.437642
1125,11dd74426e8374ac110c4036c77c09ab_000000001197,0.343351,189.817773,93.761687,15.355120,12.130543
1126,11dd74426e8374ac110c4036c77c09ab_000000001198,0.344520,110.892477,143.692640,18.123955,9.524664
1126,11dd74426e8374ac110c4036c77c09ab_000000001198,0.344520,249.543708,181.153049,16.737379,12.274047
1126,11dd74426e8374ac110c4036c77c09ab_000000001198,0.344520,284.922412,123.556633,18.283873,12.981214
1126,11dd74426e8374ac110c4036c77c09ab_000000001198,0.344520,189.967235,93.184253,13.294087,11.757871
1127,11dd74426e8374ac110c4036c77c09ab_000000001199,0.344520,111.965056,144.275196,18.191645,9.411813
1127,11dd74426e8374ac110c4036c77c09ab_000000001199,0.344520,249.856077,181.048352,13.700282,14.622175
1127,11dd74426e8374ac110c4036c77c09ab_000000001199,0.344520,285.408240,123.573455,18.460443,13.118877
1127,11dd74426e8374ac110c4036c77c09ab_000000001199,0.344520,190.259207,93.435662,13.294066,11.757871
1128,11dd74426e8374ac110c4036c77c09ab_000000001200,0.345599,109.280830,143.790808,19.345705,8.513903
1128,11dd74426e8374ac110c4036c77c09ab_000000001200,0.345599,251.778711,181.864574,18.459423,14.852407
1128,11dd74426e8374ac110c4036c77c09ab_000000001200,0.345599,284.353438,124.184733,19.906408,13.598319
1128,11dd74426e8374ac110c4036c77c09ab_000000001200,0.345599,188.670684,92.883801,10.782692,12.165085
1129,11dd74426e8374ac110c4036c77c09ab_000000001201,0.345599,109.473511,143.386252,19.345716,8.513903
1129,11dd74426e8374ac110c4036c77c09ab_000000001201,0.345599,250.886997,182.063382,19.801573,15.218819
1129,11dd74426e8374ac110c4036c77c09ab_000000001201,0.345599,282.982116,123.312140,19.906408,13.598322
1129,11dd74426e8374ac110c4036c77c09ab_000000001201,0.345599,189.021472,92.758990,10.794694,12.036089
1130,11dd74426e8374ac110c4036c77c09ab_000000001202,0.338788,107.557715,140.869560,18.504436,9.409961
1130,11dd74426e8374ac110c4036c77c09ab_000000001202,0.338788,247.313009,178.040985,16.050495,14.852704
1130,11dd74426e8374ac110c4036c77c09ab_000000001202,0.338788,279.637303,121.826646,19.940090,13.119445
1130,11dd74426e8374ac110c4036c77c09ab_000000001202,0.338788,185.023824,90.494721,12.896294,14.630764
1131,11dd74426e8374ac110c4036c77c09ab_000000001203,0.338788,107.487151,141.801259,18.787344,8.787625
1131,11dd74426e8374ac110c4036c77c09ab_000000001203,0.338788,245.071555,178.426692,14.567904,14.567904
1131,11dd74426e8374ac110c4036c77c09ab_000000001203,0.338788,279.719788,120.582140,16.421272,16.281778
1131,11dd74426e8374ac110c4036c77c09ab_000000001203,0.338788,183.522972,91.604127,12.742656,14.731580
1132,11dd74426e8374ac110c4036c77c09ab_000000001204,0.338788,103.881300,140.702006,18.971935,10.356486
1132,11dd74426e8374ac110c4036c77c09ab_000000001204,0.338788,240.943398,176.814924,11.759500,14.215126
1132,11dd74426e8374ac110c4036c77c09ab_000000001204,0.338788,275.712204,119.237759,18.367817,13.931114
1132,11dd74426e8374ac110c4036c77c09ab_000000001204,0.338788,247.522477,178.634774,3.169794,4.084671
1132,11dd74426e8374ac110c4036c77c09ab_000000001204,0.338788,180.303035,90.962974,14.581923,15.050322
1133,11dd74426e8374ac110c4036c77c09ab_000000001205,0.338788,103.361455,140.704011,18.728226,7.740408
1133,11dd74426e8374ac110c4036c77c09ab_000000001205,0.338788,241.201893,177.202161,12.196384,12.873961
1133,11dd74426e8374ac110c4036c77c09ab_000000001205,0.338788,276.170118,120.015097,17.998590,9.534951
1133,11dd74426e8374ac110c4036c77c09ab_000000001205,0.338788,247.975657,179.200008,3.181725,2.727186
1133,11dd74426e8374ac110c4036c77c09ab_000000001205,0.338788,181.226969,89.977626,12.645283,13.629861
1134,11dd74426e8374ac110c4036c77c09ab_000000001206,0.338788,101.622383,140.327268,18.728235,7.740408
1134,11dd74426e8374ac110c4036c77c09ab_000000001206,0.338788,239.536507,176.584902,12.196384,12.873961
1134,11dd74426e8374ac110c4036c77c09ab_000000001206,0.338788,273.709849,119.766310,18.055622,8.895502
1134,11dd74426e8374ac110c4036c77c09ab_000000001206,0.338788,246.446952,178.837109,2.892605,2.785482
1134,11dd74426e8374ac110c4036c77c09ab_000000001206,0.338788,179.818611,89.820452,12.660688,13.629861
1135,11dd74426e8374ac110c4036c77c09ab_000000001207,0.338788,104.418215,141.459379,18.541916,6.707676
1135,11dd74426e8374ac110c4036c77c09ab_000000001207,0.338788,240.284245,175.900708,11.518807,13.212749
1135,11dd74426e8374ac110c4036c77c09ab_000000001207,0.338788,276.209924,119.978208,18.708776,8.366652
1135,11dd74426e8374ac110c4036c77c09ab_000000001207,0.338788,247.509802,179.332947,3.181725,3.030217
1135,11dd74426e8374ac110c4036c77c09ab_000000001207,0.338788,180.440647,90.220572,12.873961,12.535178
1136,11dd74426e8374ac110c4036c77c09ab_000000001208,0.338788,103.891887,142.451200,18.874439,7.375307
1136,11dd74426e8374ac110c4036c77c09ab_000000001208,0.338788,240.193262,176.874125,14.752196,12.403123
1136,11dd74426e8374ac110c4036c77c09ab_000000001208,0.338788,275.535655,121.123077,18.685970,8.357233
1136,11dd74426e8374ac110c4036c77c09ab_000000001208,0.338788,247.569003,180.462772,2.892646,2.892626
1136,11dd74426e8374ac110c4036c77c09ab_000000001208,0.338788,179.839434,90.959697,11.363309,15.302591
1137,11dd74426e8374ac110c4036c77c09ab_000000001209,0.333241,101.002628,139.122727,18.647776,6.293143
1137,11dd74426e8374ac110c4036c77c09ab_000000001209,0.333241,236.092733,173.961633,13.329631,13.662872
1137,11dd74426e8374ac110c4036c77c09ab_000000001209,0.333241,270.072695,118.295422,18.573862,7.200942
1137,11dd74426e8374ac110c4036c77c09ab_000000001209,0.333241,242.598860,177.513543,3.094050,2.475249
1137,11dd74426e8374ac110c4036c77c09ab_000000001209,0.333241,176.589402,89.334329,12.196116,12.377716
1138,11dd74426e8374ac110c4036c77c09ab_000000001210,0.327869,99.051574,136.967293,18.336731,6.167643
1138,11dd74426e8374ac110c4036c77c09ab_000000001210,0.327869,231.113581,170.727739,13.114754,13.442623
1138,11dd74426e8374ac110c4036c77c09ab_000000001210,0.327869,264.786897,115.997925,18.274446,7.084858
1138,11dd74426e8374ac110c4036c77c09ab_000000001210,0.327869,237.607242,174.480000,3.225818,2.932559
1138,11dd74426e8374ac110c4036c77c09ab_000000001210,0.327869,173.049877,86.676736,12.131138,12.459022
1139,11dd74426e8374ac110c4036c77c09ab_000000001211,0.333241,99.210625,139.882699,18.426798,5.843795
1139,11dd74426e8374ac110c4036c77c09ab_000000001211,0.333241,235.893325,174.414408,12.540238,16.228525
1139,11dd74426e8374ac110c4036c77c09ab_000000001211,0.333241,269.061176,118.223451,18.441513,9.168057
1139,11dd74426e8374ac110c4036c77c09ab_000000001211,0.333241,242.258196,178.416959,4.806079,3.049995
1139,11dd74426e8374ac110c4036c77c09ab_000000001211,0.333241,175.704089,88.669790,12.364893,12.144094
1140,11dd74426e8374ac110c4036c77c09ab_000000001212,0.333241,102.003601,139.991687,18.631248,5.862579
1140,11dd74426e8374ac110c4036c77c09ab_000000001212,0.333241,237.131344,174.101263,11.310905,15.753427
1140,11dd74426e8374ac110c4036c77c09ab_000000001212,0.333241,271.243330,118.331037,18.069342,8.601502
1140,11dd74426e8374ac110c4036c77c09ab_000000001212,0.333241,242.387147,177.314644,4.121963,4.768542
1140,11dd74426e8374ac110c4036c77c09ab_000000001212,0.333241,176.782810,88.152732,13.114623,10.432090
1141,11dd74426e8374ac110c4036c77c09ab_000000001213,0.327869,99.737299,137.541744,18.558939,6.842961
1141,11dd74426e8374ac110c4036c77c09ab_000000001213,0.327869,232.151859,170.793117,11.197590,15.863227
1141,11dd74426e8374ac110c4036c77c09ab_000000001213,0.327869,266.265409,116.492660,17.823147,6.820088
1141,11dd74426e8374ac110c4036c77c09ab_000000001213,0.327869,237.469562,173.503878,5.427686,3.072270
1141,11dd74426e8374ac110c4036c77c09ab_000000001213,0.327869,172.838415,85.957041,10.886531,12.130702
1142,11dd74426e8374ac110c4036c77c09ab_000000001214,0.327869,99.467303,138.562952,17.741919,7.917881
1142,11dd74426e8374ac110c4036c77c09ab_000000001214,0.327869,233.157339,171.656974,11.399686,15.921901
1142,11dd74426e8374ac110c4036c77c09ab_000000001214,0.327869,267.133109,117.396761,18.000568,7.075285
1142,11dd74426e8374ac110c4036c77c09ab_000000001214,0.327869,239.166740,175.773025,7.578265,2.867452
1142,11dd74426e8374ac110c4036c77c09ab_000000001214,0.327869,173.489170,86.499804,10.410537,12.316706
1143,11dd74426e8374ac110c4036c77c09ab_000000001215,0.327869,99.487065,138.468278,17.095667,9.275317
1143,11dd74426e8374ac110c4036c77c09ab_000000001215,0.327869,233.001989,171.206535,11.263488,16.316833
1143,11dd74426e8374ac110c4036c77c09ab_000000001215,0.327869,266.832916,116.784418,17.819304,6.812489
1143,11dd74426e8374ac110c4036c77c09ab_000000001215,0.327869,237.644063,175.171679,4.373599,3.578401
1143,11dd74426e8374ac110c4036c77c09ab_000000001215,0.327869,173.202905,86.468266,9.505355,12.751109
1144,11dd74426e8374ac110c4036c77c09ab_000000001216,0.333241,98.043550,141.283819,18.420523,6.462845
1144,11dd74426e8374ac110c4036c77c09ab_000000001216,0.333241,233.997896,174.504756,12.224083,16.650034
1144,11dd74426e8374ac110c4036c77c09ab_000000001216,0.333241,268.021548,118.448344,17.624683,7.742285
1144,11dd74426e8374ac110c4036c77c09ab_000000001216,0.333241,238.979036,178.971757,3.665648,4.332130
1144,11dd74426e8374ac110c4036c77c09ab_000000001216,0.333241,174.974596,87.346427,13.573734,8.991359
1145,11dd74426e8374ac110c4036c77c09ab_000000001217,0.333241,99.808888,140.671867,18.364447,5.620438
1145,11dd74426e8374ac110c4036c77c09ab_000000001217,0.333241,235.346073,173.985206,15.289353,15.000188
1145,11dd74426e8374ac110c4036c77c09ab_000000001217,0.333241,269.561810,118.311460,17.618866,7.778641
1145,11dd74426e8374ac110c4036c77c09ab_000000001217,0.333241,239.944955,178.378090,4.470906,2.980597
1145,11dd74426e8374ac110c4036c77c09ab_000000001217,0.333241,176.690143,86.243411,8.718566,13.666940
1146,11dd74426e8374ac110c4036c77c09ab_000000001218,0.338788,103.152235,143.617439,17.978161,5.233076
1146,11dd74426e8374ac110c4036c77c09ab_000000001218,0.338788,240.364703,177.349306,13.019700,13.618297
1146,11dd74426e8374ac110c4036c77c09ab_000000001218,0.338788,275.557987,121.089289,17.726778,8.181585
1146,11dd74426e8374ac110c4036c77c09ab_000000001218,0.338788,244.914877,181.839555,4.322282,3.194752
1146,11dd74426e8374ac110c4036c77c09ab_000000001218,0.338788,179.528705,87.961282,14.146920,8.855739
1147,11dd74426e8374ac110c4036c77c09ab_000000001219,0.337676,101.632821,143.503492,18.070150,4.872632
1147,11dd74426e8374ac110c4036c77c09ab_000000001219,0.337676,239.079456,177.045999,13.169365,13.507041
1147,11dd74426e8374ac110c4036c77c09ab_000000001219,0.337676,274.015361,120.898171,18.360701,8.703850
1147,11dd74426e8374ac110c4036c77c09ab_000000001219,0.337676,243.281651,181.485767,4.983442,3.322293
1147,11dd74426e8374ac110c4036c77c09ab_000000001219,0.337676,177.960058,87.752522,8.834605,13.610061
1148,11dd74426e8374ac110c4036c77c09ab_000000001220,0.337676,102.222775,143.624020,15.997783,10.744783
1148,11dd74426e8374ac110c4036c77c09ab_000000001220,0.337676,240.397246,177.586994,13.169365,13.844717
1148,11dd74426e8374ac110c4036c77c09ab_000000001220,0.337676,274.487601,120.591905,16.937222,8.845740
1148,11dd74426e8374ac110c4036c77c09ab_000000001220,0.337676,244.046698,181.966395,4.530390,3.322293
1148,11dd74426e8374ac110c4036c77c09ab_000000001220,0.337676,178.834751,88.051956,8.834605,13.610065
1149,11dd74426e8374ac110c4036c77c09ab_000000001221,0.337676,102.819696,143.334304,15.997793,10.506008
1149,11dd74426e8374ac110c4036c77c09ab_000000001221,0.337676,240.310106,177.350988,12.831689,14.182393
1149,11dd74426e8374ac110c4036c77c09ab_000000001221,0.337676,275.562974,120.549005,16.765766,8.605742
1149,11dd74426e8374ac110c4036c77c09ab_000000001221,0.337676,245.757935,182.359883,4.326649,4.389335
1149,11dd74426e8374ac110c4036c77c09ab_000000001221,0.337676,180.004642,87.028736,14.899439,8.977866
1150,11dd74426e8374ac110c4036c77c09ab_000000001222,0.337676,103.353600,142.892073,15.997793,10.506016
1150,11dd74426e8374ac110c4036c77c09ab_000000001222,0.337676,240.578388,176.715949,12.831689,13.844717
1150,11dd74426e8374ac110c4036c77c09ab_000000001222,0.337676,276.428310,120.188988,17.074341,8.605732
1150,11dd74426e8374ac110c4036c77c09ab_000000001222,0.337676,245.536603,181.623504,5.436472,3.171277
1150,11dd74426e8374ac110c4036c77c09ab_000000001222,0.337676,180.451840,86.189518,11.918372,12.340266
1151,11dd74426e8374ac110c4036c77c09ab_000000001223,0.338788,101.479818,144.631964,18.405701,4.683589
1151,11dd74426e8374ac110c4036c77c09ab_000000001223,0.338788,239.478650,177.824073,13.375051,14.470851
1151,11dd74426e8374ac110c4036c77c09ab_000000001223,0.338788,275.371513,121.724652,17.120728,8.181591
1151,11dd74426e8374ac110c4036c77c09ab_000000001223,0.338788,244.613599,183.073598,5.623901,3.523398
1151,11dd74426e8374ac110c4036c77c09ab_000000001223,0.338788,178.846310,86.970599,15.963017,6.642334
1152,11dd74426e8374ac110c4036c77c09ab_000000001224,0.337676,99.452086,143.239281,18.371376,4.834575
1152,11dd74426e8374ac110c4036c77c09ab_000000001224,0.337676,238.317459,177.799526,13.355289,14.417637
1152,11dd74426e8374ac110c4036c77c09ab_000000001224,0.337676,273.477973,120.637268,17.064531,8.154723
1152,11dd74426e8374ac110c4036c77c09ab_000000001224,0.337676,242.891131,182.532946,5.587503,3.322293
1152,11dd74426e8374ac110c4036c77c09ab_000000001224,0.337676,177.908615,86.640988,15.705398,7.097627
1153,11dd74426e8374ac110c4036c77c09ab_000000001225,0.337676,99.826242,143.283984,17.619118,4.911997
1153,11dd74426e8374ac110c4036c77c09ab_000000001225,0.337676,239.132898,176.229180,13.169365,15.195421
1153,11dd74426e8374ac110c4036c77c09ab_000000001225,0.337676,274.280861,120.836969,17.153957,6.888594
1153,11dd74426e8374ac110c4036c77c09ab_000000001225,0.337676,243.369265,182.511924,5.241521,5.405310
1153,11dd74426e8374ac110c4036c77c09ab_000000001225,0.337676,176.591217,86.469965,14.861063,10.534419
1154,11dd74426e8374ac110c4036c77c09ab_000000001226,0.344520,102.239449,146.156779,17.492363,4.941200
1154,11dd74426e8374ac110c4036c77c09ab_000000001226,0.344520,243.197584,181.101468,14.229932,14.315390
1154,11dd74426e8374ac110c4036c77c09ab_000000001226,0.344520,280.003890,123.452850,18.069914,8.031060
1154,11dd74426e8374ac110c4036c77c09ab_000000001226,0.344520,247.504027,185.793036,7.549633,3.389639
1154,11dd74426e8374ac110c4036c77c09ab_000000001226,0.344520,180.494793,87.255227,16.192472,6.519394
1155,11dd74426e8374ac110c4036c77c09ab_000000001227,0.344520,103.576401,146.867973,17.715006,4.300524
1155,11dd74426e8374ac110c4036c77c09ab_000000001227,0.344520,244.125480,181.389403,15.143635,15.252570
1155,11dd74426e8374ac110c4036c77c09ab_000000001227,0.344520,279.938325,122.748879,17.707247,7.781296
1155,11dd74426e8374ac110c4036c77c09ab_000000001227,0.344520,249.037526,187.071215,7.855084,3.238492
1155,11dd74426e8374ac110c4036c77c09ab_000000001227,0.344520,180.341185,87.956858,14.341885,10.920373
1156,11dd74426e8374ac110c4036c77c09ab_000000001228,0.337676,102.342129,144.350877,16.611469,5.436478
1156,11dd74426e8374ac110c4036c77c09ab_000000001228,0.337676,238.485411,178.336934,13.776023,14.179209
1156,11dd74426e8374ac110c4036c77c09ab_000000001228,0.337676,274.106252,120.882641,16.981060,7.013914
1156,11dd74426e8374ac110c4036c77c09ab_000000001228,0.337676,243.719966,183.212976,6.940866,3.737386
1156,11dd74426e8374ac110c4036c77c09ab_000000001228,0.337676,176.058239,87.210218,12.558460,10.429454
1157,11dd74426e8374ac110c4036c77c09ab_000000001229,0.337676,102.248167,144.250856,14.558908,4.344807
1157,11dd74426e8374ac110c4036c77c09ab_000000001229,0.337676,238.614719,176.805418,14.143604,14.265266
1157,11dd74426e8374ac110c4036c77c09ab_000000001229,0.337676,272.638235,120.184557,16.858780,6.764987
1157,11dd74426e8374ac110c4036c77c09ab_000000001229,0.337676,242.533257,182.562604,7.097647,3.322288
1157,11dd74426e8374ac110c4036c77c09ab_000000001229,0.337676,175.341502,86.379935,13.721613,10.256282
1158,11dd74426e8374ac110c4036c77c09ab_000000001230,0.337676,103.191749,144.495323,14.346264,5.134452
1158,11dd74426e8374ac110c4036c77c09ab_000000001230,0.337676,239.704396,176.995072,14.183135,14.278622
1158,11dd74426e8374ac110c4036c77c09ab_000000001230,0.337676,274.281005,120.686474,16.955751,7.130928
1158,11dd74426e8374ac110c4036c77c09ab_000000001230,0.337676,244.349007,183.439399,6.940866,3.737396
1158,11dd74426e8374ac110c4036c77c09ab_000000001230,0.337676,177.649360,86.712546,12.493580,9.717206
1159,11dd74426e8374ac110c4036c77c09ab_000000001231,0.338788,104.410750,145.305778,13.938993,5.151372
1159,11dd74426e8374ac110c4036c77c09ab_000000001231,0.338788,241.310287,179.119343,14.872449,14.461618
1159,11dd74426e8374ac110c4036c77c09ab_000000001231,0.338788,275.349305,121.269932,16.326569,7.146513
1159,11dd74426e8374ac110c4036c77c09ab_000000001231,0.338788,245.109623,184.277740,7.692508,3.647998
1159,11dd74426e8374ac110c4036c77c09ab_000000001231,0.338788,179.039029,86.692004,13.243829,6.146093
