frame_id,frame_name,nm_per_pixel,cx_nm,cy_nm,diameter_nm,height_nm
0,11dd74426e8374ac110c4036c77c09ab_000000000000,0.398252,306.124217,193.854718,161.348602,75.301392
1,11dd74426e8374ac110c4036c77c09ab_000000000001,0.398252,328.530070,195.995186,158.964371,72.852882
2,11dd74426e8374ac110c4036c77c09ab_000000000002,0.398252,327.030380,196.958900,157.323715,72.872475
3,11dd74426e8374ac110c4036c77c09ab_000000000003,0.398252,325.616228,196.380920,160.091309,81.146698
4,11dd74426e8374ac110c4036c77c09ab_000000000004,0.390658,323.290945,196.654171,156.435669,72.998413
5,11dd74426e8374ac110c4036c77c09ab_000000000005,0.390658,318.984386,195.148193,156.072250,73.487038
6,11dd74426e8374ac110c4036c77c09ab_000000000006,0.392232,328.783817,197.445138,158.514771,73.992760
7,11dd74426e8374ac110c4036c77c09ab_000000000007,0.390658,324.841010,197.224850,153.130096,69.478516
8,11dd74426e8374ac110c4036c77c09ab_000000000008,0.390658,331.124845,197.788733,152.021927,68.412277
9,11dd74426e8374ac110c4036c77c09ab_000000000009,0.398252,336.036908,204.041878,159.481216,71.953278
10,11dd74426e8374ac110c4036c77c09ab_000000000010,0.398252,336.736376,204.592488,159.941010,71.950203
11,11dd74426e8374ac110c4036c77c09ab_000000000011,0.398252,388.639897,237.669800,0.890524,0.712418
11,11dd74426e8374ac110c4036c77c09ab_000000000011,0.398252,340.685055,205.886367,159.826630,72.897171
12,11dd74426e8374ac110c4036c77c09ab_000000000012,0.398252,336.158444,204.993097,160.120255,73.011963
13,11dd74426e8374ac110c4036c77c09ab_000000000013,0.390658,328.435448,202.937731,156.862259,71.509048
14,11dd74426e8374ac110c4036c77c09ab_000000000014,0.390658,315.759576,195.340279,155.778580,66.880806
15,11dd74426e8374ac110c4036c77c09ab_000000000015,0.390658,326.873532,201.697540,156.619766,66.694801
16,11dd74426e8374ac110c4036c77c09ab_000000000016,0.390658,331.400217,200.141943,156.541412,66.359642
17,11dd74426e8374ac110c4036c77c09ab_000000000017,0.383342,324.120412,197.223490,153.740097,65.116852
18,11dd74426e8374ac110c4036c77c09ab_000000000018,0.383342,320.832925,195.835140,153.013092,65.567657
19,11dd74426e8374ac110c4036c77c09ab_000000000019,0.383342,320.521273,196.549460,153.193695,65.508415
20,11dd74426e8374ac110c4036c77c09ab_000000000020,0.390658,326.991202,198.221356,156.087555,67.198036
21,11dd74426e8374ac110c4036c77c09ab_000000000021,0.390658,326.820265,197.095139,156.015869,67.324280
22,11dd74426e8374ac110c4036c77c09ab_000000000022,0.390658,324.615114,200.247333,156.012299,66.960945
23,11dd74426e8374ac110c4036c77c09ab_000000000023,0.390658,325.360091,199.013759,156.622375,66.920380
24,11dd74426e8374ac110c4036c77c09ab_000000000024,0.390658,328.277721,201.958321,156.542160,67.101364
25,11dd74426e8374ac110c4036c77c09ab_000000000025,0.390658,326.779349,202.835465,156.028732,68.716614
26,11dd74426e8374ac110c4036c77c09ab_000000000026,0.390658,327.579144,204.087506,156.015427,67.010139
27,11dd74426e8374ac110c4036c77c09ab_000000000027,0.390658,329.433457,201.836502,155.081558,67.389389
28,11dd74426e8374ac110c4036c77c09ab_000000000028,0.390658,328.004327,204.466933,155.081558,67.285011
29,11dd74426e8374ac110c4036c77c09ab_000000000029,0.390658,329.720894,202.420415,153.994919,66.731155
30,11dd74426e8374ac110c4036c77c09ab_000000000030,0.390658,330.103278,204.616410,153.994949,66.844765
31,11dd74426e8374ac110c4036c77c09ab_000000000031,0.390658,387.108128,229.662286,1.171973,1.562631
31,11dd74426e8374ac110c4036c77c09ab_000000000031,0.390658,328.125454,201.079293,154.306183,66.844780
32,11dd74426e8374ac110c4036c77c09ab_000000000032,0.390658,333.103313,201.481849,154.746857,66.161644
33,11dd74426e8374ac110c4036c77c09ab_000000000033,0.390658,328.942798,203.835023,154.171143,66.029335
34,11dd74426e8374ac110c4036c77c09ab_000000000034,0.383342,325.623619,200.991370,151.288483,65.600464
35,11dd74426e8374ac110c4036c77c09ab_000000000035,0.383342,326.829423,200.435356,151.151230,65.540932
36,11dd74426e8374ac110c4036c77c09ab_000000000036,0.383342,322.667251,198.950750,152.577805,65.368378
37,11dd74426e8374ac110c4036c77c09ab_000000000037,0.383342,321.771298,196.810551,151.378296,65.359711
38,11dd74426e8374ac110c4036c77c09ab_000000000038,0.383342,321.450053,197.809967,151.234344,65.359726
39,11dd74426e8374ac110c4036c77c09ab_000000000039,0.383342,321.678738,197.171712,150.661453,66.357773
40,11dd74426e8374ac110c4036c77c09ab_000000000040,0.383342,324.026846,197.385914,150.996811,66.525490
41,11dd74426e8374ac110c4036c77c09ab_000000000041,0.390658,328.140714,202.560783,154.211472,67.495895
42,11dd74426e8374ac110c4036c77c09ab_000000000042,0.390658,329.085479,200.685440,154.153046,67.307091
43,11dd74426e8374ac110c4036c77c09ab_000000000043,0.390658,316.490128,200.258683,157.100693,72.850586
44,11dd74426e8374ac110c4036c77c09ab_000000000044,0.390658,328.608793,199.634415,156.828659,71.813721
45,11dd74426e8374ac110c4036c77c09ab_000000000045,0.390658,331.442683,200.517842,157.892334,71.662964
46,11dd74426e8374ac110c4036c77c09ab_000000000046,0.390658,325.085672,198.022534,155.442764,72.230133
47,11dd74426e8374ac110c4036c77c09ab_000000000047,0.390658,329.791401,201.666615,154.955948,72.195107
48,11dd74426e8374ac110c4036c77c09ab_000000000048,0.390658,328.697731,200.090893,155.675934,71.730240
49,11dd74426e8374ac110c4036c77c09ab_000000000049,0.383342,325.564353,197.874661,152.160263,71.346542
50,11dd74426e8374ac110c4036c77c09ab_000000000050,0.392232,333.033830,201.928158,157.416214,72.441757
51,11dd74426e8374ac110c4036c77c09ab_000000000051,0.392232,334.137701,202.288191,156.699921,72.253891
52,11dd74426e8374ac110c4036c77c09ab_000000000052,0.390658,330.449157,202.055365,157.196289,71.403442
53,11dd74426e8374ac110c4036c77c09ab_000000000059,0.390658,317.646841,193.707237,154.451859,83.354553
54,11dd74426e8374ac110c4036c77c09ab_000000000060,0.390658,322.655649,193.054845,154.806580,72.370949
55,11dd74426e8374ac110c4036c77c09ab_000000000061,0.390658,320.568811,192.163049,155.141281,72.067429
56,11dd74426e8374ac110c4036c77c09ab_000000000062,0.390658,326.576581,196.810730,156.409561,75.113815
57,11dd74426e8374ac110c4036c77c09ab_000000000063,0.390658,328.137185,195.706497,156.634171,75.207863
58,11dd74426e8374ac110c4036c77c09ab_000000000064,0.390658,328.681326,194.639639,156.329178,76.335213
59,11dd74426e8374ac110c4036c77c09ab_000000000065,0.390658,329.455298,198.164632,155.892502,74.370750
60,11dd74426e8374ac110c4036c77c09ab_000000000066,0.390658,327.299718,197.405932,156.954300,73.482269
61,11dd74426e8374ac110c4036c77c09ab_000000000067,0.390658,328.505597,197.259388,156.869583,73.678299
62,11dd74426e8374ac110c4036c77c09ab_000000000068,0.390658,330.160241,197.193841,157.195740,74.985779
63,11dd74426e8374ac110c4036c77c09ab_000000000069,0.390658,331.215332,196.758440,156.791519,74.488754
64,11dd74426e8374ac110c4036c77c09ab_000000000070,0.390658,332.395651,197.442699,156.979935,74.731461
65,11dd74426e8374ac110c4036c77c09ab_000000000071,0.390658,326.528130,194.972761,160.193039,75.692261
66,11dd74426e8374ac110c4036c77c09ab_000000000072,0.390658,325.915152,194.066397,160.273010,74.915855
67,11dd74426e8374ac110c4036c77c09ab_000000000073,0.383342,328.986023,194.925851,157.472977,74.192192
68,11dd74426e8374ac110c4036c77c09ab_000000000074,0.383342,315.824660,190.640352,157.532257,74.799904
69,11dd74426e8374ac110c4036c77c09ab_000000000075,0.383342,319.138539,190.501185,157.944260,73.992249
70,11dd74426e8374ac110c4036c77c09ab_000000000076,0.390658,333.467504,197.048560,162.488129,75.736206
71,11dd74426e8374ac110c4036c77c09ab_000000000077,0.390658,333.933413,199.467245,162.140289,76.453522
72,11dd74426e8374ac110c4036c77c09ab_000000000078,0.390658,337.279660,198.127769,163.609924,75.776924
73,11dd74426e8374ac110c4036c77c09ab_000000000079,0.390658,335.064184,199.721576,163.739380,75.409279
74,11dd74426e8374ac110c4036c77c09ab_000000000080,0.383342,331.244449,195.919008,161.411331,73.509384
75,11dd74426e8374ac110c4036c77c09ab_000000000081,0.383342,331.945082,197.078263,159.968460,73.591103
76,11dd74426e8374ac110c4036c77c09ab_000000000082,0.383342,330.625333,195.439328,159.962006,73.562088
77,11dd74426e8374ac110c4036c77c09ab_000000000083,0.383342,330.600064,195.538650,161.105713,73.218842
78,11dd74426e8374ac110c4036c77c09ab_000000000084,0.383342,336.265840,198.744807,161.078735,73.562088
79,11dd74426e8374ac110c4036c77c09ab_000000000085,0.383342,334.259895,196.703345,160.842819,72.630394
80,11dd74426e8374ac110c4036c77c09ab_000000000086,0.383342,334.076904,196.363616,161.330322,72.630394
81,11dd74426e8374ac110c4036c77c09ab_000000000087,0.383342,333.227114,197.881119,161.399582,72.744057
82,11dd74426e8374ac110c4036c77c09ab_000000000088,0.383342,335.412797,196.042511,161.673935,72.978493
83,11dd74426e8374ac110c4036c77c09ab_000000000089,0.383342,334.667640,196.181046,162.524399,72.322571
84,11dd74426e8374ac110c4036c77c09ab_000000000090,0.383342,334.322529,196.929012,162.090363,71.358116
85,11dd74426e8374ac110c4036c77c09ab_000000000091,0.383342,335.121197,195.977829,162.348999,71.580154
86,11dd74426e8374ac110c4036c77c09ab_000000000092,0.376288,327.552507,189.328182,159.157959,70.595772
87,11dd74426e8374ac110c4036c77c09ab_000000000093,0.376288,326.991864,191.072845,158.803040,70.470810
88,11dd74426e8374ac110c4036c77c09ab_000000000094,0.383342,337.627610,195.987445,161.156555,71.658318
89,11dd74426e8374ac110c4036c77c09ab_000000000095,0.383342,334.501144,193.806418,160.777328,77.444565
90,11dd74426e8374ac110c4036c77c09ab_000000000096,0.383342,337.064507,195.751132,162.828705,78.917412
91,11dd74426e8374ac110c4036c77c09ab_000000000097,0.383342,336.129551,197.094899,160.984192,71.299255
92,11dd74426e8374ac110c4036c77c09ab_000000000098,0.383342,332.609074,199.379085,159.928772,71.574547
93,11dd74426e8374ac110c4036c77c09ab_000000000099,0.383342,331.286330,197.323490,160.362091,71.070602
94,11dd74426e8374ac110c4036c77c09ab_000000000100,0.383342,335.438207,196.050080,159.477905,81.454880
95,11dd74426e8374ac110c4036c77c09ab_000000000101,0.376288,325.904431,190.992495,159.515579,71.607346
96,11dd74426e8374ac110c4036c77c09ab_000000000102,0.376288,326.000524,190.235727,160.781143,71.252991
97,11dd74426e8374ac110c4036c77c09ab_000000000103,0.390658,344.013738,201.438358,165.458923,73.805435
98,11dd74426e8374ac110c4036c77c09ab_000000000104,0.390658,347.983550,202.052313,165.031342,74.419708
99,11dd74426e8374ac110c4036c77c09ab_000000000105,0.383342,340.850169,195.276108,162.501144,73.015297
100,11dd74426e8374ac110c4036c77c09ab_000000000106,0.390658,339.840514,199.649246,164.851700,74.801903
101,11dd74426e8374ac110c4036c77c09ab_000000000107,0.390658,337.477493,198.389098,165.012466,74.657806
102,11dd74426e8374ac110c4036c77c09ab_000000000108,0.390658,331.437247,198.445429,163.994583,73.324768
103,11dd74426e8374ac110c4036c77c09ab_000000000109,0.390658,336.117749,200.016203,164.151001,73.493301
104,11dd74426e8374ac110c4036c77c09ab_000000000110,0.383342,331.233429,198.123795,160.265610,75.399185
105,11dd74426e8374ac110c4036c77c09ab_000000000111,0.390658,329.303532,197.926884,166.985504,74.253983
106,11dd74426e8374ac110c4036c77c09ab_000000000112,0.390658,330.016892,201.972818,167.268890,74.369171
107,11dd74426e8374ac110c4036c77c09ab_000000000113,0.383342,329.537568,195.342650,164.984848,72.249054
108,11dd74426e8374ac110c4036c77c09ab_000000000114,0.383342,334.198828,197.754703,164.034286,74.238495
109,11dd74426e8374ac110c4036c77c09ab_000000000115,0.376288,321.365085,191.692765,148.718140,98.832214
110,11dd74426e8374ac110c4036c77c09ab_000000000116,0.376288,322.068214,191.462224,161.789734,72.859924
111,11dd74426e8374ac110c4036c77c09ab_000000000117,0.383342,328.488807,195.154571,165.919968,73.709442
112,11dd74426e8374ac110c4036c77c09ab_000000000118,0.383342,329.442271,195.477735,167.466080,71.825607
113,11dd74426e8374ac110c4036c77c09ab_000000000119,0.383342,327.801277,194.705354,165.851440,72.478142
114,11dd74426e8374ac110c4036c77c09ab_000000000120,0.383342,326.214728,196.994688,165.163971,74.587280
115,11dd74426e8374ac110c4036c77c09ab_000000000121,0.383342,313.866235,193.483593,167.807281,73.103539
116,11dd74426e8374ac110c4036c77c09ab_000000000122,0.383342,322.583793,196.498688,168.393341,73.102890
117,11dd74426e8374ac110c4036c77c09ab_000000000123,0.383342,321.766665,194.648487,168.371582,73.438927
118,11dd74426e8374ac110c4036c77c09ab_000000000124,0.376288,314.957458,193.843987,165.503738,69.884964
119,11dd74426e8374ac110c4036c77c09ab_000000000125,0.376288,314.980448,189.945232,165.726410,69.707474
120,11dd74426e8374ac110c4036c77c09ab_000000000126,0.376288,317.632541,196.093862,168.136902,69.015854
121,11dd74426e8374ac110c4036c77c09ab_000000000127,0.383342,321.439150,198.377048,171.484833,70.226395
122,11dd74426e8374ac110c4036c77c09ab_000000000128,0.383342,326.315922,199.709736,171.069733,70.506241
123,11dd74426e8374ac110c4036c77c09ab_000000000129,0.383342,327.611244,201.053958,170.723129,71.868347
124,11dd74426e8374ac110c4036c77c09ab_000000000130,0.383342,327.164870,199.368720,170.637970,71.957878
125,11dd74426e8374ac110c4036c77c09ab_000000000131,0.383342,332.882916,200.046353,171.406281,70.736832
126,11dd74426e8374ac110c4036c77c09ab_000000000132,0.383342,328.626056,199.738795,171.367813,70.765442
127,11dd74426e8374ac110c4036c77c09ab_000000000133,0.383342,325.215687,195.617171,171.427597,72.072830
128,11dd74426e8374ac110c4036c77c09ab_000000000134,0.383342,324.914633,195.907380,171.146698,71.515396
129,11dd74426e8374ac110c4036c77c09ab_000000000135,0.383342,323.471744,195.790686,170.073639,73.656464
130,11dd74426e8374ac110c4036c77c09ab_000000000136,0.383342,325.756586,198.518321,171.392227,71.085732
131,11dd74426e8374ac110c4036c77c09ab_000000000137,0.383342,322.719521,197.529200,171.283310,71.275414
132,11dd74426e8374ac110c4036c77c09ab_000000000138,0.376288,316.728085,192.020410,166.900635,71.477112
133,11dd74426e8374ac110c4036c77c09ab_000000000139,0.376288,318.422255,192.760642,167.925934,69.756714
134,11dd74426e8374ac110c4036c77c09ab_000000000140,0.383342,323.431758,196.633761,172.961151,70.879356
135,11dd74426e8374ac110c4036c77c09ab_000000000141,0.383342,322.825721,194.998874,170.252914,72.749886
136,11dd74426e8374ac110c4036c77c09ab_000000000142,0.383342,321.501106,195.002968,170.314148,73.267387
137,11dd74426e8374ac110c4036c77c09ab_000000000143,0.390658,328.517781,198.925418,176.295319,71.870361
138,11dd74426e8374ac110c4036c77c09ab_000000000144,0.390658,329.056032,201.044195,176.154968,72.219238
139,11dd74426e8374ac110c4036c77c09ab_000000000145,0.390658,331.674350,200.911885,177.344833,71.661629
140,11dd74426e8374ac110c4036c77c09ab_000000000146,0.390658,331.693425,201.959656,177.344833,71.944145
141,11dd74426e8374ac110c4036c77c09ab_000000000147,0.390658,331.605251,203.160170,177.146683,72.172577
142,11dd74426e8374ac110c4036c77c09ab_000000000148,0.390658,333.789515,202.105557,176.217438,73.643456
143,11dd74426e8374ac110c4036c77c09ab_000000000149,0.383342,327.311033,201.121623,173.170364,70.662041
144,11dd74426e8374ac110c4036c77c09ab_000000000150,0.390658,333.439177,204.063781,176.347321,71.402649
145,11dd74426e8374ac110c4036c77c09ab_000000000151,0.390658,330.804908,204.377876,176.287064,71.157219
146,11dd74426e8374ac110c4036c77c09ab_000000000152,0.390658,336.680130,202.658615,175.792908,71.280754
147,11dd74426e8374ac110c4036c77c09ab_000000000153,0.390658,341.865478,206.355844,175.875381,71.160934
148,11dd74426e8374ac110c4036c77c09ab_000000000154,0.390658,337.534003,204.236673,176.034012,70.171936
149,11dd74426e8374ac110c4036c77c09ab_000000000155,0.390658,336.662080,205.057951,175.905762,70.171928
150,11dd74426e8374ac110c4036c77c09ab_000000000156,0.390658,335.255150,203.252088,177.142685,70.551788
151,11dd74426e8374ac110c4036c77c09ab_000000000157,0.390658,336.938931,205.137136,176.163559,71.157227
152,11dd74426e8374ac110c4036c77c09ab_000000000158,0.388955,333.017439,202.766065,175.185776,70.890259
153,11dd74426e8374ac110c4036c77c09ab_000000000159,0.390658,336.496032,206.797074,176.405670,69.467751
154,11dd74426e8374ac110c4036c77c09ab_000000000160,0.383342,325.527830,201.440060,173.877228,67.770447
155,11dd74426e8374ac110c4036c77c09ab_000000000161,0.383342,331.926176,200.083601,173.603714,67.599953
156,11dd74426e8374ac110c4036c77c09ab_000000000162,0.383342,332.395433,203.282880,173.752869,67.918678
157,11dd74426e8374ac110c4036c77c09ab_000000000163,0.376288,321.860158,199.080054,170.203827,68.052841
158,11dd74426e8374ac110c4036c77c09ab_000000000164,0.383342,326.135996,200.375155,173.334808,70.108841
159,11dd74426e8374ac110c4036c77c09ab_000000000165,0.383342,325.897554,200.205688,173.406433,70.576736
160,11dd74426e8374ac110c4036c77c09ab_000000000166,0.383342,317.410857,198.221292,172.800980,69.003014
161,11dd74426e8374ac110c4036c77c09ab_000000000167,0.383342,325.124928,199.843802,172.601791,69.067650
162,11dd74426e8374ac110c4036c77c09ab_000000000168,0.390658,342.588543,206.591755,175.385956,70.732567
163,11dd74426e8374ac110c4036c77c09ab_000000000169,0.398252,347.191451,207.461654,178.277817,72.653389
164,11dd74426e8374ac110c4036c77c09ab_000000000170,0.390658,347.928184,203.576866,175.156052,73.335777
165,11dd74426e8374ac110c4036c77c09ab_000000000171,0.390658,344.367819,206.118836,174.186920,72.763199
166,11dd74426e8374ac110c4036c77c09ab_000000000172,0.390658,346.284413,206.861667,175.209824,73.099976
167,11dd74426e8374ac110c4036c77c09ab_000000000173,0.390658,338.974672,203.268469,176.255920,71.764793
168,11dd74426e8374ac110c4036c77c09ab_000000000174,0.390658,336.270826,204.418578,176.273239,72.182297
169,11dd74426e8374ac110c4036c77c09ab_000000000175,0.390658,330.858604,203.296128,172.597092,75.153862
170,11dd74426e8374ac110c4036c77c09ab_000000000176,0.390658,337.322102,205.093764,172.612396,71.508545
171,11dd74426e8374ac110c4036c77c09ab_000000000177,0.390658,336.638093,201.536308,171.338654,72.026764
172,11dd74426e8374ac110c4036c77c09ab_000000000178,0.390658,335.007030,204.093443,171.299454,71.784920
173,11dd74426e8374ac110c4036c77c09ab_000000000179,0.390658,339.784028,204.081044,171.328857,71.740410
174,11dd74426e8374ac110c4036c77c09ab_000000000180,0.383342,334.329081,202.395256,168.243393,70.406601
175,11dd74426e8374ac110c4036c77c09ab_000000000181,0.383342,334.932146,203.649352,168.243393,70.427643
176,11dd74426e8374ac110c4036c77c09ab_000000000182,0.381732,329.455155,197.854206,168.059265,69.019539
177,11dd74426e8374ac110c4036c77c09ab_000000000183,0.381732,331.840073,200.765893,167.806000,69.399445
178,11dd74426e8374ac110c4036c77c09ab_000000000184,0.376288,329.444858,198.701101,166.212265,67.393181
179,11dd74426e8374ac110c4036c77c09ab_000000000185,0.376288,324.825427,198.425063,166.542419,67.043854
180,11dd74426e8374ac110c4036c77c09ab_000000000186,0.376288,324.098596,199.472717,167.144424,66.009979
181,11dd74426e8374ac110c4036c77c09ab_000000000187,0.383342,333.349763,205.021347,171.305328,67.119949
182,11dd74426e8374ac110c4036c77c09ab_000000000188,0.383342,331.156498,203.323474,171.295868,67.232681
183,11dd74426e8374ac110c4036c77c09ab_000000000189,0.383342,328.654741,201.070594,172.697281,67.833992
184,11dd74426e8374ac110c4036c77c09ab_000000000190,0.383342,332.168432,203.310956,172.702164,67.782532
185,11dd74426e8374ac110c4036c77c09ab_000000000191,0.390658,340.562650,205.680419,174.994995,68.414734
186,11dd74426e8374ac110c4036c77c09ab_000000000192,0.390658,337.616431,205.629417,175.347473,68.158920
187,11dd74426e8374ac110c4036c77c09ab_000000000193,0.376288,326.331499,198.750595,168.150665,65.665588
188,11dd74426e8374ac110c4036c77c09ab_000000000194,0.383342,324.101647,199.768673,169.655838,66.685585
189,11dd74426e8374ac110c4036c77c09ab_000000000195,0.383342,325.543062,201.669073,169.900345,66.623680
190,11dd74426e8374ac110c4036c77c09ab_000000000196,0.383342,334.305122,205.164117,173.613495,65.873711
191,11dd74426e8374ac110c4036c77c09ab_000000000197,0.383342,341.542262,227.311055,1.371504,1.371480
191,11dd74426e8374ac110c4036c77c09ab_000000000197,0.383342,328.211947,202.202181,173.970627,66.161110
192,11dd74426e8374ac110c4036c77c09ab_000000000198,0.383342,363.675676,240.803303,2.228641,1.200054
192,11dd74426e8374ac110c4036c77c09ab_000000000198,0.383342,331.211903,206.297741,175.245270,66.518951
193,11dd74426e8374ac110c4036c77c09ab_000000000199,0.383342,333.687105,207.391425,175.288834,66.430351
194,11dd74426e8374ac110c4036c77c09ab_000000000200,0.383342,326.761524,201.648367,174.886215,66.998108
195,11dd74426e8374ac110c4036c77c09ab_000000000201,0.383342,335.867243,202.853867,174.501602,67.970749
196,11dd74426e8374ac110c4036c77c09ab_000000000202,0.383342,330.772806,201.891652,175.001999,67.954628
197,11dd74426e8374ac110c4036c77c09ab_000000000203,0.383342,335.668507,203.441490,176.511551,68.170158
198,11dd74426e8374ac110c4036c77c09ab_000000000204,0.383342,334.242394,204.228178,176.479568,68.583412
199,11dd74426e8374ac110c4036c77c09ab_000000000205,0.392232,345.663450,211.745528,180.112274,69.747299
200,11dd74426e8374ac110c4036c77c09ab_000000000206,0.390658,340.893698,208.417479,179.243851,69.419556
201,11dd74426e8374ac110c4036c77c09ab_000000000207,0.383342,325.926544,199.327868,175.700180,68.284637
202,11dd74426e8374ac110c4036c77c09ab_000000000208,0.383342,321.651316,197.785400,164.844467,111.653244
203,11dd74426e8374ac110c4036c77c09ab_000000000209,0.390658,333.401528,203.584162,177.722641,69.889305
204,11dd74426e8374ac110c4036c77c09ab_000000000210,0.383342,328.179214,201.884820,176.108139,68.545738
205,11dd74426e8374ac110c4036c77c09ab_000000000211,0.383342,328.006542,201.955269,176.224213,68.190567
206,11dd74426e8374ac110c4036c77c09ab_000000000212,0.376288,272.147424,159.983605,0.752577,0.752577
206,11dd74426e8374ac110c4036c77c09ab_000000000212,0.376288,328.221783,200.227315,174.141129,66.646614
207,11dd74426e8374ac110c4036c77c09ab_000000000213,0.376288,326.628827,199.866415,174.162491,66.530151
208,11dd74426e8374ac110c4036c77c09ab_000000000214,0.383342,282.535032,162.937043,1.150025,1.150025
208,11dd74426e8374ac110c4036c77c09ab_000000000214,0.383342,333.978238,202.330305,161.122757,120.414833
209,11dd74426e8374ac110c4036c77c09ab_000000000215,0.383342,283.908689,162.441886,1.150025,1.150025
209,11dd74426e8374ac110c4036c77c09ab_000000000215,0.383342,335.024145,202.381311,177.890686,67.337563
210,11dd74426e8374ac110c4036c77c09ab_000000000216,0.383342,390.013868,247.179656,1.697147,0.969784
210,11dd74426e8374ac110c4036c77c09ab_000000000216,0.383342,390.269437,240.279507,1.580535,0.650820
210,11dd74426e8374ac110c4036c77c09ab_000000000216,0.383342,384.199870,240.854543,6.060232,4.146470
210,11dd74426e8374ac110c4036c77c09ab_000000000216,0.383342,328.867375,196.427607,179.036285,63.664364
211,11dd74426e8374ac110c4036c77c09ab_000000000217,0.383342,331.299596,199.667644,179.716095,63.774723
212,11dd74426e8374ac110c4036c77c09ab_000000000218,0.383342,332.572714,199.046773,179.716080,63.696671
213,11dd74426e8374ac110c4036c77c09ab_000000000219,0.383342,337.733273,207.078719,178.364441,68.676773
214,11dd74426e8374ac110c4036c77c09ab_000000000220,0.383342,394.756433,247.456329,3.171131,1.359056
214,11dd74426e8374ac110c4036c77c09ab_000000000220,0.383342,390.680177,247.673526,3.515493,3.030596
214,11dd74426e8374ac110c4036c77c09ab_000000000220,0.383342,387.664567,240.939522,1.714368,0.857178
214,11dd74426e8374ac110c4036c77c09ab_000000000220,0.383342,390.284060,241.450637,2.417317,2.417329
214,11dd74426e8374ac110c4036c77c09ab_000000000220,0.383342,382.894112,241.365447,4.364067,2.303231
214,11dd74426e8374ac110c4036c77c09ab_000000000220,0.383342,331.670795,199.207746,179.651306,64.384514
215,11dd74426e8374ac110c4036c77c09ab_000000000221,0.383342,339.541019,207.566975,177.979126,69.279846
216,11dd74426e8374ac110c4036c77c09ab_000000000222,0.376288,333.011582,202.448298,174.698120,67.481712
217,11dd74426e8374ac110c4036c77c09ab_000000000223,0.390658,339.078727,209.291476,181.770844,70.305908
218,11dd74426e8374ac110c4036c77c09ab_000000000224,0.383342,370.384154,243.790181,0.766683,0.766683
218,11dd74426e8374ac110c4036c77c09ab_000000000224,0.383342,332.840497,205.556256,178.286865,68.561104
219,11dd74426e8374ac110c4036c77c09ab_000000000225,0.383342,335.392559,204.863134,178.412415,68.561104
220,11dd74426e8374ac110c4036c77c09ab_000000000226,0.383342,332.087875,201.260743,178.706177,68.212517
221,11dd74426e8374ac110c4036c77c09ab_000000000227,0.383342,326.468636,197.337061,177.543335,64.323082
222,11dd74426e8374ac110c4036c77c09ab_000000000228,0.383342,281.578854,164.117742,1.626371,3.252765
222,11dd74426e8374ac110c4036c77c09ab_000000000228,0.383342,327.478066,200.926700,178.834763,67.972298
223,11dd74426e8374ac110c4036c77c09ab_000000000229,0.383342,328.647113,199.725552,178.947617,67.972298
224,11dd74426e8374ac110c4036c77c09ab_000000000230,0.383342,291.360593,169.462554,1.542936,1.028619
224,11dd74426e8374ac110c4036c77c09ab_000000000230,0.383342,330.752942,200.137789,179.323685,69.074638
225,11dd74426e8374ac110c4036c77c09ab_000000000231,0.383342,329.452145,201.861493,178.746841,69.035782
226,11dd74426e8374ac110c4036c77c09ab_000000000232,0.383342,329.136164,202.815121,178.489639,69.205086
227,11dd74426e8374ac110c4036c77c09ab_000000000233,0.376288,323.946877,197.991518,174.314438,68.218330
228,11dd74426e8374ac110c4036c77c09ab_000000000234,0.376288,323.397695,198.414774,174.588638,68.247559
229,11dd74426e8374ac110c4036c77c09ab_000000000235,0.376288,325.282443,200.179085,174.755051,68.365067
230,11dd74426e8374ac110c4036c77c09ab_000000000236,0.376288,324.803218,197.872964,174.721054,68.599289
231,11dd74426e8374ac110c4036c77c09ab_000000000237,0.376288,322.834962,195.934427,174.964294,68.462975
232,11dd74426e8374ac110c4036c77c09ab_000000000238,0.376288,326.706800,200.186664,176.090210,68.411079
233,11dd74426e8374ac110c4036c77c09ab_000000000239,0.376288,328.190341,200.977963,176.124542,68.447922
234,11dd74426e8374ac110c4036c77c09ab_000000000240,0.376288,326.639897,199.795907,175.911423,68.377655
235,11dd74426e8374ac110c4036c77c09ab_000000000241,0.376288,328.526070,199.904999,175.626663,68.665237
236,11dd74426e8374ac110c4036c77c09ab_000000000242,0.383342,318.434303,198.353393,180.582428,71.435730
237,11dd74426e8374ac110c4036c77c09ab_000000000243,0.383342,330.590494,200.539053,179.905685,70.676888
238,11dd74426e8374ac110c4036c77c09ab_000000000244,0.369484,317.911480,194.658553,173.590714,67.132103
239,11dd74426e8374ac110c4036c77c09ab_000000000245,0.376288,321.006941,195.766447,176.777206,68.323517
240,11dd74426e8374ac110c4036c77c09ab_000000000246,0.383342,328.324558,200.735263,180.006439,69.518677
241,11dd74426e8374ac110c4036c77c09ab_000000000247,0.383342,327.873855,201.701245,180.101822,69.447189
242,11dd74426e8374ac110c4036c77c09ab_000000000248,0.383342,322.021672,200.464369,180.202545,69.623978
243,11dd74426e8374ac110c4036c77c09ab_000000000249,0.383342,330.197794,202.359598,179.952759,69.022339
244,11dd74426e8374ac110c4036c77c09ab_000000000250,0.383342,328.145054,202.424151,179.951294,68.818199
245,11dd74426e8374ac110c4036c77c09ab_000000000251,0.376288,322.017274,198.648921,176.257584,66.744492
246,11dd74426e8374ac110c4036c77c09ab_000000000252,0.383342,324.172517,202.899047,179.434540,67.995552
247,11dd74426e8374ac110c4036c77c09ab_000000000253,0.376288,322.357918,199.783114,176.007935,67.096329
248,11dd74426e8374ac110c4036c77c09ab_000000000254,0.376288,323.062563,197.169444,169.205353,67.090622
249,11dd74426e8374ac110c4036c77c09ab_000000000255,0.376288,322.754876,194.858592,169.332886,67.240021
250,11dd74426e8374ac110c4036c77c09ab_000000000256,0.383342,334.168739,202.135265,172.512558,68.095222
251,11dd74426e8374ac110c4036c77c09ab_000000000257,0.383342,333.944054,204.436414,172.182556,68.403671
252,11dd74426e8374ac110c4036c77c09ab_000000000258,0.383342,338.568604,205.281104,172.088242,68.226471
253,11dd74426e8374ac110c4036c77c09ab_000000000259,0.376288,327.049028,198.011844,168.907288,66.463562
254,11dd74426e8374ac110c4036c77c09ab_000000000260,0.383342,330.870794,201.269050,172.973740,67.948296
255,11dd74426e8374ac110c4036c77c09ab_000000000261,0.384829,337.445686,204.724946,173.361206,68.469521
256,11dd74426e8374ac110c4036c77c09ab_000000000262,0.384829,329.627862,197.155838,174.061432,76.474060
257,11dd74426e8374ac110c4036c77c09ab_000000000263,0.383342,327.632559,201.897057,172.852875,70.036667
258,11dd74426e8374ac110c4036c77c09ab_000000000264,0.390658,335.718102,203.325027,175.883240,71.373322
259,11dd74426e8374ac110c4036c77c09ab_000000000265,0.390658,336.890719,208.747120,176.019485,71.381119
260,11dd74426e8374ac110c4036c77c09ab_000000000266,0.390658,338.864323,209.367561,175.968491,71.521965
261,11dd74426e8374ac110c4036c77c09ab_000000000267,0.383342,330.632796,201.998999,172.933960,70.399887
262,11dd74426e8374ac110c4036c77c09ab_000000000268,0.383342,325.534545,202.489290,172.912903,70.278496
263,11dd74426e8374ac110c4036c77c09ab_000000000269,0.383342,332.442298,204.165988,172.975677,70.237579
264,11dd74426e8374ac110c4036c77c09ab_000000000270,0.383342,335.042488,205.100617,174.268478,70.742325
265,11dd74426e8374ac110c4036c77c09ab_000000000271,0.383342,329.608532,201.978784,174.271942,70.634338
266,11dd74426e8374ac110c4036c77c09ab_000000000272,0.383342,330.839886,204.592568,174.372971,69.767151
267,11dd74426e8374ac110c4036c77c09ab_000000000273,0.383342,329.690259,202.515705,173.883118,69.663712
268,11dd74426e8374ac110c4036c77c09ab_000000000274,0.383342,330.929872,203.912291,173.457870,70.124847
269,11dd74426e8374ac110c4036c77c09ab_000000000275,0.383342,332.836683,203.076937,173.384201,70.124840
270,11dd74426e8374ac110c4036c77c09ab_000000000276,0.392232,337.884137,207.843722,177.027267,71.707245
271,11dd74426e8374ac110c4036c77c09ab_000000000277,0.392232,338.910611,206.451015,177.021118,71.373833
272,11dd74426e8374ac110c4036c77c09ab_000000000278,0.392232,338.971945,208.785352,177.077957,71.661705
273,11dd74426e8374ac110c4036c77c09ab_000000000279,0.383342,328.034571,200.245768,173.345123,70.347778
274,11dd74426e8374ac110c4036c77c09ab_000000000280,0.383342,332.862350,201.605456,173.464783,70.293579
275,11dd74426e8374ac110c4036c77c09ab_000000000281,0.383342,331.082282,203.546310,174.123993,70.367470
276,11dd74426e8374ac110c4036c77c09ab_000000000282,0.383342,336.444057,205.036859,174.905045,70.466591
277,11dd74426e8374ac110c4036c77c09ab_000000000283,0.392232,335.805718,205.537227,178.691193,73.099220
278,11dd74426e8374ac110c4036c77c09ab_000000000284,0.392232,335.749243,207.634271,177.948486,72.869736
279,11dd74426e8374ac110c4036c77c09ab_000000000285,0.392232,336.946888,205.373573,177.928345,72.923447
280,11dd74426e8374ac110c4036c77c09ab_000000000286,0.390658,335.507203,205.409195,177.452576,72.230011
281,11dd74426e8374ac110c4036c77c09ab_000000000287,0.390658,336.308690,206.675018,177.381668,72.132904
282,11dd74426e8374ac110c4036c77c09ab_000000000288,0.392232,338.634008,209.238105,178.205139,72.451202
283,11dd74426e8374ac110c4036c77c09ab_000000000289,0.392232,339.511288,208.300401,178.079895,72.354156
284,11dd74426e8374ac110c4036c77c09ab_000000000290,0.383342,331.944894,201.684375,173.827271,71.683846
285,11dd74426e8374ac110c4036c77c09ab_000000000291,0.383342,330.467003,202.843689,173.324371,70.717651
286,11dd74426e8374ac110c4036c77c09ab_000000000292,0.390658,337.127822,207.285134,176.617752,72.081879
287,11dd74426e8374ac110c4036c77c09ab_000000000293,0.383342,332.644334,200.202272,175.482300,73.848740
288,11dd74426e8374ac110c4036c77c09ab_000000000294,0.383342,331.477650,200.677168,175.476852,74.057617
289,11dd74426e8374ac110c4036c77c09ab_000000000295,0.398252,343.923158,210.421316,183.158371,73.429459
290,11dd74426e8374ac110c4036c77c09ab_000000000296,0.398252,345.116187,210.509576,183.337326,73.439522
291,11dd74426e8374ac110c4036c77c09ab_000000000297,0.398252,319.864502,199.574236,183.705704,74.542717
292,11dd74426e8374ac110c4036c77c09ab_000000000298,0.390658,337.255625,202.507779,180.982727,72.128555
293,11dd74426e8374ac110c4036c77c09ab_000000000299,0.390658,335.378661,201.761847,181.136124,72.090523
294,11dd74426e8374ac110c4036c77c09ab_000000000300,0.383342,321.929955,199.817363,180.177048,71.034416
295,11dd74426e8374ac110c4036c77c09ab_000000000301,0.383342,325.357661,200.452577,181.026199,71.274208
296,11dd74426e8374ac110c4036c77c09ab_000000000302,0.383342,325.142430,198.210506,179.359314,72.576454
297,11dd74426e8374ac110c4036c77c09ab_000000000303,0.383342,325.652725,199.788397,180.237595,71.340721
298,11dd74426e8374ac110c4036c77c09ab_000000000304,0.376288,319.933495,196.634754,176.501556,70.213333
299,11dd74426e8374ac110c4036c77c09ab_000000000305,0.376288,322.178501,197.053783,176.030350,70.202843
300,11dd74426e8374ac110c4036c77c09ab_000000000306,0.376288,315.988415,193.575987,176.705719,71.105118
301,11dd74426e8374ac110c4036c77c09ab_000000000307,0.383342,323.019077,197.751895,181.371460,69.519592
302,11dd74426e8374ac110c4036c77c09ab_000000000308,0.383342,329.259000,199.530161,181.127701,69.522995
303,11dd74426e8374ac110c4036c77c09ab_000000000309,0.384829,327.236164,201.891390,181.931915,69.608742
304,11dd74426e8374ac110c4036c77c09ab_000000000310,0.383342,328.584245,198.690478,181.579224,69.764931
305,11dd74426e8374ac110c4036c77c09ab_000000000311,0.383342,329.300202,198.233599,181.649582,70.257065
306,11dd74426e8374ac110c4036c77c09ab_000000000312,0.376288,320.707867,195.407889,178.071167,68.964386
307,11dd74426e8374ac110c4036c77c09ab_000000000313,0.390658,330.933712,199.854708,184.713959,73.690201
308,11dd74426e8374ac110c4036c77c09ab_000000000314,0.390658,332.250394,202.089343,183.992371,73.784897
309,11dd74426e8374ac110c4036c77c09ab_000000000315,0.390658,335.529855,200.093016,183.997055,73.756889
310,11dd74426e8374ac110c4036c77c09ab_000000000316,0.390658,326.695514,199.623864,184.540482,72.587395
311,11dd74426e8374ac110c4036c77c09ab_000000000317,0.398252,334.420202,203.610896,187.747086,74.122772
312,11dd74426e8374ac110c4036c77c09ab_000000000318,0.390658,326.887600,201.052683,184.843323,72.200348
313,11dd74426e8374ac110c4036c77c09ab_000000000319,0.390658,282.323213,200.499029,0.873544,1.397661
313,11dd74426e8374ac110c4036c77c09ab_000000000319,0.390658,330.153017,200.726165,185.213699,72.199577
314,11dd74426e8374ac110c4036c77c09ab_000000000320,0.390658,281.957806,200.308683,1.733568,2.275329
314,11dd74426e8374ac110c4036c77c09ab_000000000320,0.390658,328.003588,201.775629,185.058197,71.033684
315,11dd74426e8374ac110c4036c77c09ab_000000000321,0.390658,282.726532,200.103268,1.921791,3.144743
315,11dd74426e8374ac110c4036c77c09ab_000000000321,0.390658,326.867190,199.637395,185.788391,73.095360
316,11dd74426e8374ac110c4036c77c09ab_000000000322,0.390658,282.344744,199.829922,1.921791,3.494151
316,11dd74426e8374ac110c4036c77c09ab_000000000322,0.390658,327.139964,197.830150,185.946854,73.303505
317,11dd74426e8374ac110c4036c77c09ab_000000000323,0.390658,325.778169,199.774712,185.971420,73.222687
318,11dd74426e8374ac110c4036c77c09ab_000000000324,0.390658,281.442397,200.437655,1.171973,0.781316
318,11dd74426e8374ac110c4036c77c09ab_000000000324,0.390658,324.926586,199.952921,185.830399,73.222687
319,11dd74426e8374ac110c4036c77c09ab_000000000325,0.390658,324.037854,197.816619,186.914749,75.797073
320,11dd74426e8374ac110c4036c77c09ab_000000000326,0.390658,325.436988,199.693857,186.046494,72.639656
321,11dd74426e8374ac110c4036c77c09ab_000000000327,0.383342,319.821810,195.047060,181.950043,74.658119
322,11dd74426e8374ac110c4036c77c09ab_000000000328,0.383342,323.044533,197.226345,180.388260,72.225792
323,11dd74426e8374ac110c4036c77c09ab_000000000329,0.383342,328.343135,197.701263,181.157578,70.310837
324,11dd74426e8374ac110c4036c77c09ab_000000000330,0.390658,332.355236,199.547230,185.929092,74.064423
325,11dd74426e8374ac110c4036c77c09ab_000000000331,0.390658,335.171028,201.790436,185.853195,72.020302
326,11dd74426e8374ac110c4036c77c09ab_000000000332,0.383342,329.772547,200.761258,182.292358,71.216576
327,11dd74426e8374ac110c4036c77c09ab_000000000333,0.390658,335.509349,201.192647,186.595505,72.520439
328,11dd74426e8374ac110c4036c77c09ab_000000000334,0.390658,334.869427,203.334851,186.538971,74.061409
329,11dd74426e8374ac110c4036c77c09ab_000000000335,0.390658,332.136206,202.039366,187.622055,72.572144
330,11dd74426e8374ac110c4036c77c09ab_000000000336,0.392232,341.987087,205.688839,189.953720,72.873558
331,11dd74426e8374ac110c4036c77c09ab_000000000337,0.390658,339.655271,205.517970,186.768082,74.729637
332,11dd74426e8374ac110c4036c77c09ab_000000000338,0.390658,342.179382,204.982747,187.579926,72.703064
334,11dd74426e8374ac110c4036c77c09ab_000000000374,0.383342,319.593710,177.441108,246.836578,107.115311
335,11dd74426e8374ac110c4036c77c09ab_000000000375,0.383342,313.678307,174.606313,246.729416,106.169518
336,11dd74426e8374ac110c4036c77c09ab_000000000376,0.383342,323.278132,176.824226,246.052902,107.301392
337,11dd74426e8374ac110c4036c77c09ab_000000000377,0.383342,325.986371,178.524334,245.903915,108.161827
338,11dd74426e8374ac110c4036c77c09ab_000000000378,0.376288,321.469607,172.868633,240.301453,100.667656
339,11dd74426e8374ac110c4036c77c09ab_000000000379,0.376288,323.264441,173.649413,241.163971,103.428078
340,11dd74426e8374ac110c4036c77c09ab_000000000380,0.383342,323.874482,177.676251,245.373337,102.878548
341,11dd74426e8374ac110c4036c77c09ab_000000000381,0.383342,320.878901,175.326354,245.573303,106.461960
342,11dd74426e8374ac110c4036c77c09ab_000000000382,0.383342,310.859727,172.594729,245.646606,105.858994
343,11dd74426e8374ac110c4036c77c09ab_000000000383,0.383342,310.001771,176.283152,244.982300,106.187454
344,11dd74426e8374ac110c4036c77c09ab_000000000384,0.383342,320.520945,178.359675,245.263199,106.363777
345,11dd74426e8374ac110c4036c77c09ab_000000000385,0.383342,321.912454,179.784256,244.857162,107.596977
346,11dd74426e8374ac110c4036c77c09ab_000000000386,0.383342,321.975884,178.527387,244.495422,105.781464
347,11dd74426e8374ac110c4036c77c09ab_000000000387,0.390658,322.480421,178.793928,249.458603,108.300049
348,11dd74426e8374ac110c4036c77c09ab_000000000388,0.390658,325.930031,180.886286,247.320740,101.093285
349,11dd74426e8374ac110c4036c77c09ab_000000000389,0.390658,329.492947,184.022708,249.235809,109.025902
350,11dd74426e8374ac110c4036c77c09ab_000000000390,0.383342,327.737753,177.199250,244.196655,107.064888
351,11dd74426e8374ac110c4036c77c09ab_000000000391,0.390658,331.758948,181.922719,249.023834,109.416618
352,11dd74426e8374ac110c4036c77c09ab_000000000392,0.390658,330.139712,187.231280,249.619385,108.766663
353,11dd74426e8374ac110c4036c77c09ab_000000000393,0.390658,333.976618,182.636640,249.272781,107.517159
354,11dd74426e8374ac110c4036c77c09ab_000000000394,0.343351,283.369864,160.308182,219.437485,96.493668
355,11dd74426e8374ac110c4036c77c09ab_000000000395,0.337676,283.184098,158.594120,214.748795,92.008133
356,11dd74426e8374ac110c4036c77c09ab_000000000396,0.337676,280.690749,154.242780,214.781006,92.566200
357,11dd74426e8374ac110c4036c77c09ab_000000000397,0.343351,280.777947,157.268341,219.530151,95.918831
358,11dd74426e8374ac110c4036c77c09ab_000000000398,0.343351,276.939665,156.011770,219.530121,95.918831
359,11dd74426e8374ac110c4036c77c09ab_000000000399,0.343351,281.408381,158.888172,218.708633,93.753754
360,11dd74426e8374ac110c4036c77c09ab_000000000400,0.343351,285.121595,161.985307,218.498550,93.787361
361,11dd74426e8374ac110c4036c77c09ab_000000000401,0.343351,278.739553,159.090758,218.932358,95.601875
362,11dd74426e8374ac110c4036c77c09ab_000000000402,0.343351,279.031938,160.816146,218.669312,95.233910
363,11dd74426e8374ac110c4036c77c09ab_000000000403,0.337676,282.974349,162.055536,214.572296,92.493591
364,11dd74426e8374ac110c4036c77c09ab_000000000404,0.337676,273.976285,159.823523,215.136597,93.915688
365,11dd74426e8374ac110c4036c77c09ab_000000000405,0.337676,281.197778,158.975902,214.536148,92.216530
366,11dd74426e8374ac110c4036c77c09ab_000000000406,0.338788,277.303459,156.934437,215.739838,94.883110
367,11dd74426e8374ac110c4036c77c09ab_000000000407,0.338788,276.638372,156.751220,215.938126,94.964180
368,11dd74426e8374ac110c4036c77c09ab_000000000408,0.338788,271.140752,146.675148,209.969788,83.944023
369,11dd74426e8374ac110c4036c77c09ab_000000000409,0.338788,284.672625,161.982910,191.801270,98.956696
370,11dd74426e8374ac110c4036c77c09ab_000000000410,0.333241,287.214663,163.340295,187.084106,95.327362
371,11dd74426e8374ac110c4036c77c09ab_000000000411,0.333241,284.964799,165.403798,186.968735,94.854706
372,11dd74426e8374ac110c4036c77c09ab_000000000412,0.339814,293.175318,165.324833,187.117950,81.117561
373,11dd74426e8374ac110c4036c77c09ab_000000000413,0.350446,299.780977,167.538709,193.324982,82.925179
374,11dd74426e8374ac110c4036c77c09ab_000000000414,0.338788,292.173407,159.200984,186.896851,80.183197
375,11dd74426e8374ac110c4036c77c09ab_000000000415,0.344520,295.432074,161.772059,190.217438,81.942139
376,11dd74426e8374ac110c4036c77c09ab_000000000416,0.344520,300.059592,160.694444,190.102173,81.905907
377,11dd74426e8374ac110c4036c77c09ab_000000000417,0.344520,298.197911,161.132896,190.240219,81.644722
378,11dd74426e8374ac110c4036c77c09ab_000000000418,0.344520,294.380892,158.210475,192.460129,84.615875
379,11dd74426e8374ac110c4036c77c09ab_000000000419,0.338788,292.454586,154.856111,189.218918,84.305672
380,11dd74426e8374ac110c4036c77c09ab_000000000420,0.338788,295.857214,158.922700,189.687057,84.873726
381,11dd74426e8374ac110c4036c77c09ab_000000000421,0.338788,295.469894,160.914974,189.665955,85.140213
382,11dd74426e8374ac110c4036c77c09ab_000000000422,0.344520,298.605221,161.000483,193.378464,86.662758
383,11dd74426e8374ac110c4036c77c09ab_000000000423,0.350446,307.226736,165.180450,196.793121,88.644806
384,11dd74426e8374ac110c4036c77c09ab_000000000424,0.338788,296.894278,161.181379,190.642593,85.556870
385,11dd74426e8374ac110c4036c77c09ab_000000000425,0.333241,291.278170,160.543515,187.409225,83.929359
386,11dd74426e8374ac110c4036c77c09ab_000000000426,0.350446,308.859634,168.355907,197.071274,87.996834
387,11dd74426e8374ac110c4036c77c09ab_000000000427,0.350446,305.639483,167.748177,197.617203,88.737137
388,11dd74426e8374ac110c4036c77c09ab_000000000428,0.350446,307.194031,166.012845,197.614395,88.834724
389,11dd74426e8374ac110c4036c77c09ab_000000000429,0.338788,291.843075,157.555604,190.770493,86.140785
390,11dd74426e8374ac110c4036c77c09ab_000000000430,0.338788,292.558886,157.060862,190.692627,86.234970
391,11dd74426e8374ac110c4036c77c09ab_000000000431,0.338788,297.336084,158.900388,188.959259,81.299149
392,11dd74426e8374ac110c4036c77c09ab_000000000432,0.338788,299.138628,158.212400,188.893723,81.799988
393,11dd74426e8374ac110c4036c77c09ab_000000000433,0.344520,302.192048,159.311546,193.270233,85.116325
394,11dd74426e8374ac110c4036c77c09ab_000000000434,0.344520,303.271871,163.407500,193.246185,85.366081
395,11dd74426e8374ac110c4036c77c09ab_000000000435,0.344520,299.151104,163.703857,192.054886,81.024323
396,11dd74426e8374ac110c4036c77c09ab_000000000436,0.338788,298.583423,163.266735,190.928513,82.204689
397,11dd74426e8374ac110c4036c77c09ab_000000000437,0.338788,291.346969,161.611130,190.361450,81.954453
398,11dd74426e8374ac110c4036c77c09ab_000000000438,0.344520,300.726196,160.113255,194.096390,83.133499
399,11dd74426e8374ac110c4036c77c09ab_000000000439,0.344520,296.613335,163.953289,193.293900,84.146645
400,11dd74426e8374ac110c4036c77c09ab_000000000440,0.338788,289.873268,162.670082,190.282440,81.120178
401,11dd74426e8374ac110c4036c77c09ab_000000000441,0.338788,293.970822,165.461178,191.680054,81.456627
402,11dd74426e8374ac110c4036c77c09ab_000000000442,0.338788,288.238982,163.170552,191.534180,80.387199
403,11dd74426e8374ac110c4036c77c09ab_000000000443,0.338788,287.496662,165.311656,197.072983,94.601143
404,11dd74426e8374ac110c4036c77c09ab_000000000444,0.338788,287.615788,163.512669,191.326187,80.650124
405,11dd74426e8374ac110c4036c77c09ab_000000000445,0.344520,292.346362,167.730955,200.771805,96.132652
406,11dd74426e8374ac110c4036c77c09ab_000000000446,0.344520,297.893470,170.618963,199.618225,94.507050
407,11dd74426e8374ac110c4036c77c09ab_000000000447,0.344520,289.058530,167.219337,200.608765,96.221611
408,11dd74426e8374ac110c4036c77c09ab_000000000448,0.344520,291.099935,167.615155,199.655380,95.630959
409,11dd74426e8374ac110c4036c77c09ab_000000000449,0.344520,278.580262,154.048536,203.209991,101.482887
410,11dd74426e8374ac110c4036c77c09ab_000000000450,0.344520,287.419008,157.179826,202.367889,100.219711
411,11dd74426e8374ac110c4036c77c09ab_000000000451,0.338788,278.318108,150.999860,199.013901,98.673935
412,11dd74426e8374ac110c4036c77c09ab_000000000452,0.338788,283.280540,157.044155,199.555191,98.329689
413,11dd74426e8374ac110c4036c77c09ab_000000000453,0.338788,286.252218,157.605480,199.529831,98.813271
414,11dd74426e8374ac110c4036c77c09ab_000000000454,0.338788,277.949564,153.531396,200.084473,98.792763
415,11dd74426e8374ac110c4036c77c09ab_000000000455,0.338788,277.653476,153.230479,200.108719,98.765236
416,11dd74426e8374ac110c4036c77c09ab_000000000456,0.338788,276.331862,152.669350,197.879028,91.669930
417,11dd74426e8374ac110c4036c77c09ab_000000000457,0.344520,280.974936,158.012508,203.954605,100.658676
418,11dd74426e8374ac110c4036c77c09ab_000000000458,0.338788,275.156524,155.274727,190.677582,118.893829
419,11dd74426e8374ac110c4036c77c09ab_000000000459,0.338788,288.175335,155.635290,197.797485,90.892494
420,11dd74426e8374ac110c4036c77c09ab_000000000460,0.344520,288.840176,156.777405,204.380020,100.454521
421,11dd74426e8374ac110c4036c77c09ab_000000000461,0.344520,293.185437,159.807709,204.238251,99.502869
422,11dd74426e8374ac110c4036c77c09ab_000000000462,0.344520,284.580583,159.311073,204.511948,100.647575
423,11dd74426e8374ac110c4036c77c09ab_000000000463,0.344520,291.471077,158.607502,204.952148,101.230255
424,11dd74426e8374ac110c4036c77c09ab_000000000464,0.344520,296.804941,157.593065,204.723053,101.432190
425,11dd74426e8374ac110c4036c77c09ab_000000000465,0.344520,292.961553,162.386135,204.915115,100.907303
426,11dd74426e8374ac110c4036c77c09ab_000000000466,0.344520,292.644621,156.478610,200.635529,90.564842
427,11dd74426e8374ac110c4036c77c09ab_000000000467,0.344520,292.108200,159.687819,203.214142,99.650269
428,11dd74426e8374ac110c4036c77c09ab_000000000468,0.344520,285.348563,162.725788,203.451965,99.430618
429,11dd74426e8374ac110c4036c77c09ab_000000000469,0.344520,289.109354,163.428097,203.569275,99.269524
430,11dd74426e8374ac110c4036c77c09ab_000000000470,0.338788,281.767820,163.354937,200.043152,98.041435
431,11dd74426e8374ac110c4036c77c09ab_000000000471,0.327869,363.383589,205.906142,1.466245,0.733137
431,11dd74426e8374ac110c4036c77c09ab_000000000471,0.327869,285.564605,157.418073,190.456314,93.144783
432,11dd74426e8374ac110c4036c77c09ab_000000000472,0.344520,301.864224,167.489902,197.560501,91.501076
433,11dd74426e8374ac110c4036c77c09ab_000000000473,0.338788,289.830361,164.310251,195.396469,88.230675
434,11dd74426e8374ac110c4036c77c09ab_000000000474,0.333241,254.828414,128.932879,1.791474,1.053800
434,11dd74426e8374ac110c4036c77c09ab_000000000474,0.333241,284.117114,158.434838,193.678238,87.003670
435,11dd74426e8374ac110c4036c77c09ab_000000000475,0.344520,295.932096,163.206316,199.991699,89.602615
436,11dd74426e8374ac110c4036c77c09ab_000000000476,0.344520,384.130664,216.070844,4.512200,2.005406
436,11dd74426e8374ac110c4036c77c09ab_000000000476,0.344520,297.060114,162.964296,201.352325,98.633041
437,11dd74426e8374ac110c4036c77c09ab_000000000477,0.344520,291.719795,160.120730,201.236923,98.192986
438,11dd74426e8374ac110c4036c77c09ab_000000000478,0.344520,383.623808,215.792645,2.465180,1.232590
438,11dd74426e8374ac110c4036c77c09ab_000000000478,0.344520,294.762337,164.224591,201.016663,98.531982
439,11dd74426e8374ac110c4036c77c09ab_000000000479,0.344520,383.313016,215.719426,2.941545,0.980524
439,11dd74426e8374ac110c4036c77c09ab_000000000479,0.344520,294.731552,165.579353,201.235641,98.774895
440,11dd74426e8374ac110c4036c77c09ab_000000000480,0.337676,286.836332,164.005397,199.334793,96.458984
441,11dd74426e8374ac110c4036c77c09ab_000000000481,0.337676,288.171249,164.721928,199.761627,96.265434
442,11dd74426e8374ac110c4036c77c09ab_000000000482,0.337676,288.663254,163.237825,199.868896,95.959412
443,11dd74426e8374ac110c4036c77c09ab_000000000483,0.337676,287.987860,164.374349,196.033173,85.667580
444,11dd74426e8374ac110c4036c77c09ab_000000000484,0.338788,261.099470,131.169476,1.212083,0.606047
444,11dd74426e8374ac110c4036c77c09ab_000000000484,0.338788,290.464824,162.002772,200.377472,95.670723
445,11dd74426e8374ac110c4036c77c09ab_000000000485,0.343351,294.965205,167.959903,202.189941,97.107430
446,11dd74426e8374ac110c4036c77c09ab_000000000486,0.343351,294.017197,167.983961,202.260941,98.827713
447,11dd74426e8374ac110c4036c77c09ab_000000000487,0.343351,280.243704,165.592083,201.906265,98.613098
448,11dd74426e8374ac110c4036c77c09ab_000000000488,0.343351,294.936872,162.918782,201.611526,97.994843
449,11dd74426e8374ac110c4036c77c09ab_000000000489,0.344520,296.765051,161.865338,201.239868,92.459084
450,11dd74426e8374ac110c4036c77c09ab_000000000490,0.344520,297.916937,164.187603,201.418060,92.561783
451,11dd74426e8374ac110c4036c77c09ab_000000000491,0.344520,290.383579,165.629168,200.619553,97.949081
452,11dd74426e8374ac110c4036c77c09ab_000000000492,0.344520,289.353845,163.668782,200.523727,97.983482
453,11dd74426e8374ac110c4036c77c09ab_000000000493,0.337676,376.183396,211.466363,2.718267,1.963175
453,11dd74426e8374ac110c4036c77c09ab_000000000493,0.337676,292.383605,161.396518,195.889557,92.724838
454,11dd74426e8374ac110c4036c77c09ab_000000000494,0.338788,292.670485,165.225335,194.266479,88.817703
455,11dd74426e8374ac110c4036c77c09ab_000000000495,0.338788,376.687148,212.686798,1.973219,1.879264
455,11dd74426e8374ac110c4036c77c09ab_000000000495,0.338788,291.287147,162.925538,196.494507,92.644943
456,11dd74426e8374ac110c4036c77c09ab_000000000496,0.344520,296.802208,162.715053,199.320557,94.339172
457,11dd74426e8374ac110c4036c77c09ab_000000000497,0.344520,299.469949,166.276279,199.289810,94.631256
458,11dd74426e8374ac110c4036c77c09ab_000000000498,0.344520,295.645865,162.853606,199.701035,93.824509
459,11dd74426e8374ac110c4036c77c09ab_000000000499,0.344520,294.129524,165.402698,199.599258,98.534874
460,11dd74426e8374ac110c4036c77c09ab_000000000500,0.344520,285.051292,162.071159,201.304199,101.969704
461,11dd74426e8374ac110c4036c77c09ab_000000000501,0.344520,297.013180,158.146719,191.553391,99.910942
462,11dd74426e8374ac110c4036c77c09ab_000000000502,0.344520,295.693409,163.715653,200.766006,101.504585
463,11dd74426e8374ac110c4036c77c09ab_000000000503,0.344520,291.990739,162.602680,200.679810,100.992485
464,11dd74426e8374ac110c4036c77c09ab_000000000504,0.344520,290.818835,161.800635,200.655884,100.595901
465,11dd74426e8374ac110c4036c77c09ab_000000000505,0.338788,287.704104,162.388809,196.871063,99.298111
466,11dd74426e8374ac110c4036c77c09ab_000000000506,0.344520,293.657113,164.539956,200.427795,101.064507
467,11dd74426e8374ac110c4036c77c09ab_000000000507,0.333241,288.135814,163.012403,194.499786,97.559509
468,11dd74426e8374ac110c4036c77c09ab_000000000508,0.338788,293.512452,162.352344,195.594131,94.285133
469,11dd74426e8374ac110c4036c77c09ab_000000000509,0.338788,294.604168,162.695226,195.436172,94.264351
470,11dd74426e8374ac110c4036c77c09ab_000000000510,0.338788,292.963430,163.998406,196.810669,100.011391
471,11dd74426e8374ac110c4036c77c09ab_000000000511,0.338788,296.632288,162.838225,196.793808,100.161430
472,11dd74426e8374ac110c4036c77c09ab_000000000512,0.333241,305.845800,175.214093,187.619278,91.140221
473,11dd74426e8374ac110c4036c77c09ab_000000000513,0.333241,355.930319,210.314288,0.745114,0.596120
473,11dd74426e8374ac110c4036c77c09ab_000000000513,0.333241,336.269133,207.426195,0.999722,0.666482
473,11dd74426e8374ac110c4036c77c09ab_000000000513,0.333241,296.870672,175.199814,187.867050,91.144180
474,11dd74426e8374ac110c4036c77c09ab_000000000514,0.338788,301.013213,170.814570,194.848099,91.662476
475,11dd74426e8374ac110c4036c77c09ab_000000000515,0.338788,329.335982,167.265893,217.140945,92.560738
476,11dd74426e8374ac110c4036c77c09ab_000000000516,0.344520,306.353294,171.320590,222.966797,94.117691
477,11dd74426e8374ac110c4036c77c09ab_000000000517,0.338788,307.088390,174.100150,221.338470,98.932205
478,11dd74426e8374ac110c4036c77c09ab_000000000518,0.338788,302.895677,175.888198,217.374084,94.633141
479,11dd74426e8374ac110c4036c77c09ab_000000000519,0.345599,348.220585,215.393959,1.036797,0.691198
479,11dd74426e8374ac110c4036c77c09ab_000000000519,0.345599,311.929151,172.831815,223.527863,95.376427
480,11dd74426e8374ac110c4036c77c09ab_000000000520,0.345599,310.325208,169.256266,223.664215,95.063087
481,11dd74426e8374ac110c4036c77c09ab_000000000521,0.344520,313.009453,175.561972,222.219940,95.029648
482,11dd74426e8374ac110c4036c77c09ab_000000000522,0.344520,311.907193,175.159983,222.252609,94.734230
483,11dd74426e8374ac110c4036c77c09ab_000000000523,0.351581,318.181914,179.611542,226.749130,94.566437
484,11dd74426e8374ac110c4036c77c09ab_000000000524,0.350446,310.673166,174.351862,231.180939,100.641380
485,11dd74426e8374ac110c4036c77c09ab_000000000525,0.350446,306.762284,177.018761,231.253342,100.654869
486,11dd74426e8374ac110c4036c77c09ab_000000000526,0.344520,302.504985,174.758813,227.007919,99.157066
487,11dd74426e8374ac110c4036c77c09ab_000000000527,0.344520,296.921394,170.323228,227.217377,99.647491
488,11dd74426e8374ac110c4036c77c09ab_000000000528,0.344520,290.261723,166.465477,227.208527,99.915283
489,11dd74426e8374ac110c4036c77c09ab_000000000529,0.344520,290.880489,165.292922,227.208527,99.915260
490,11dd74426e8374ac110c4036c77c09ab_000000000530,0.345599,292.138590,162.988805,227.746002,100.451752
491,11dd74426e8374ac110c4036c77c09ab_000000000531,0.344520,300.406089,162.622699,226.977844,99.998322
492,11dd74426e8374ac110c4036c77c09ab_000000000532,0.344520,304.413074,160.599902,226.966537,100.166588
493,11dd74426e8374ac110c4036c77c09ab_000000000533,0.345599,301.633238,159.835836,227.944305,100.241333
494,11dd74426e8374ac110c4036c77c09ab_000000000534,0.345599,301.380915,160.184547,227.824417,100.157013
495,11dd74426e8374ac110c4036c77c09ab_000000000535,0.327869,290.159412,157.156352,216.200592,95.165123
496,11dd74426e8374ac110c4036c77c09ab_000000000536,0.345599,305.201720,162.935859,228.009018,99.892128
497,11dd74426e8374ac110c4036c77c09ab_000000000537,0.345599,312.801628,164.330827,227.808731,100.515007
498,11dd74426e8374ac110c4036c77c09ab_000000000538,0.338788,298.069016,158.402079,223.342834,98.787613
499,11dd74426e8374ac110c4036c77c09ab_000000000539,0.338788,301.323983,158.843575,218.595551,96.669144
500,11dd74426e8374ac110c4036c77c09ab_000000000540,0.344520,293.698958,164.672947,226.842636,97.972603
501,11dd74426e8374ac110c4036c77c09ab_000000000541,0.338788,294.099273,164.694066,223.194733,96.322876
502,11dd74426e8374ac110c4036c77c09ab_000000000542,0.338788,299.240798,162.699238,223.267975,95.528435
503,11dd74426e8374ac110c4036c77c09ab_000000000543,0.338788,298.875707,167.113175,223.268494,95.115372
504,11dd74426e8374ac110c4036c77c09ab_000000000553,0.345599,320.311001,171.540090,231.996658,103.564140
505,11dd74426e8374ac110c4036c77c09ab_000000000554,0.338788,324.116419,175.021024,227.823639,97.793777
506,11dd74426e8374ac110c4036c77c09ab_000000000555,0.333241,322.357958,173.716848,224.145615,96.307549
507,11dd74426e8374ac110c4036c77c09ab_000000000556,0.345599,375.747824,217.821104,1.727995,0.691198
507,11dd74426e8374ac110c4036c77c09ab_000000000556,0.345599,335.175110,181.885626,232.670013,99.586014
508,11dd74426e8374ac110c4036c77c09ab_000000000557,0.345599,335.733186,183.278442,232.667435,99.131683
509,11dd74426e8374ac110c4036c77c09ab_000000000558,0.345599,331.086141,181.252984,232.440155,100.026787
510,11dd74426e8374ac110c4036c77c09ab_000000000559,0.345599,326.803448,179.089278,232.464325,100.344528
511,11dd74426e8374ac110c4036c77c09ab_000000000560,0.345599,334.235640,179.012834,231.810486,99.340973
512,11dd74426e8374ac110c4036c77c09ab_000000000561,0.351581,334.113477,176.512116,235.488617,101.189056
513,11dd74426e8374ac110c4036c77c09ab_000000000562,0.344520,326.161939,172.502187,230.760269,99.243301
514,11dd74426e8374ac110c4036c77c09ab_000000000563,0.345599,331.305579,176.069463,231.422760,98.825546
515,11dd74426e8374ac110c4036c77c09ab_000000000564,0.345599,332.351952,170.417663,231.513931,104.666252
516,11dd74426e8374ac110c4036c77c09ab_000000000565,0.345599,331.026952,178.414343,231.270615,99.268089
517,11dd74426e8374ac110c4036c77c09ab_000000000566,0.345599,331.246158,171.949888,230.856735,99.149803
518,11dd74426e8374ac110c4036c77c09ab_000000000567,0.345599,331.306170,175.824935,231.384186,99.036400
519,11dd74426e8374ac110c4036c77c09ab_000000000568,0.351581,309.892158,210.622163,0.703163,0.703163
519,11dd74426e8374ac110c4036c77c09ab_000000000568,0.351581,334.051654,177.954792,235.417862,100.654442
520,11dd74426e8374ac110c4036c77c09ab_000000000569,0.351581,299.807951,210.579159,1.667693,0.555891
520,11dd74426e8374ac110c4036c77c09ab_000000000569,0.351581,339.527859,176.608026,240.010330,100.466293
521,11dd74426e8374ac110c4036c77c09ab_000000000570,0.351581,333.980325,180.299844,237.390060,100.095398
522,11dd74426e8374ac110c4036c77c09ab_000000000571,0.351581,332.848351,177.092813,238.108200,100.205482
523,11dd74426e8374ac110c4036c77c09ab_000000000572,0.345599,341.521420,175.181978,236.236618,98.535759
524,11dd74426e8374ac110c4036c77c09ab_000000000573,0.345599,337.732551,172.870247,236.143463,98.547722
525,11dd74426e8374ac110c4036c77c09ab_000000000574,0.344520,332.203685,178.229798,235.517349,99.008286
526,11dd74426e8374ac110c4036c77c09ab_000000000575,0.338788,325.164442,172.927676,228.803253,97.923813
527,11dd74426e8374ac110c4036c77c09ab_000000000576,0.338788,323.562703,170.739519,228.471451,97.857071
528,11dd74426e8374ac110c4036c77c09ab_000000000577,0.338788,325.407801,177.832096,230.906540,98.366508
529,11dd74426e8374ac110c4036c77c09ab_000000000578,0.338788,303.699431,207.466388,0.677577,0.677577
529,11dd74426e8374ac110c4036c77c09ab_000000000578,0.338788,321.653709,174.742036,231.140137,98.516647
530,11dd74426e8374ac110c4036c77c09ab_000000000579,0.338788,330.378029,179.242832,236.269852,98.791962
531,11dd74426e8374ac110c4036c77c09ab_000000000580,0.338788,331.799311,177.610365,235.832352,97.615555
532,11dd74426e8374ac110c4036c77c09ab_000000000581,0.338788,327.623119,182.064367,235.895630,97.894691
533,11dd74426e8374ac110c4036c77c09ab_000000000582,0.338788,325.523495,175.200013,234.769409,98.107826
534,11dd74426e8374ac110c4036c77c09ab_000000000583,0.338788,324.367305,179.321532,236.422043,98.107826
535,11dd74426e8374ac110c4036c77c09ab_000000000584,0.338788,330.964912,175.143996,236.728119,101.363068
536,11dd74426e8374ac110c4036c77c09ab_000000000585,0.339814,330.295001,176.267724,237.258682,101.544403
538,11dd74426e8374ac110c4036c77c09ab_000000000593,0.339814,330.012203,176.069506,231.031799,96.631828
539,11dd74426e8374ac110c4036c77c09ab_000000000594,0.339814,326.187286,176.781344,231.642136,96.293488
540,11dd74426e8374ac110c4036c77c09ab_000000000595,0.344520,328.193482,179.116438,235.453217,98.167107
541,11dd74426e8374ac110c4036c77c09ab_000000000596,0.344520,333.213211,176.910952,235.245743,98.024475
542,11dd74426e8374ac110c4036c77c09ab_000000000597,0.338788,323.640452,175.690867,232.016846,95.675461
543,11dd74426e8374ac110c4036c77c09ab_000000000598,0.333241,309.437210,171.093594,229.317230,94.687073
544,11dd74426e8374ac110c4036c77c09ab_000000000599,0.333241,308.801258,166.880693,225.116898,98.970322
545,11dd74426e8374ac110c4036c77c09ab_000000000600,0.339814,320.389897,175.763375,231.126419,96.894714
546,11dd74426e8374ac110c4036c77c09ab_000000000601,0.339814,318.948032,175.958793,231.434494,96.849205
547,11dd74426e8374ac110c4036c77c09ab_000000000602,0.345599,329.479456,181.518384,235.674850,98.927788
548,11dd74426e8374ac110c4036c77c09ab_000000000603,0.345599,327.961618,181.644440,235.794662,98.927780
549,11dd74426e8374ac110c4036c77c09ab_000000000604,0.343351,323.917679,176.272685,234.857986,97.998108
550,11dd74426e8374ac110c4036c77c09ab_000000000605,0.322665,304.513728,167.626936,220.739349,93.259216
551,11dd74426e8374ac110c4036c77c09ab_000000000606,0.322665,310.499073,172.460603,220.845062,93.426582
552,11dd74426e8374ac110c4036c77c09ab_000000000607,0.307984,298.532035,161.573809,210.839951,88.431992
553,11dd74426e8374ac110c4036c77c09ab_000000000608,0.307984,294.994223,161.084031,210.744614,88.495537
554,11dd74426e8374ac110c4036c77c09ab_000000000609,0.333241,316.149050,172.506816,227.940430,95.674866
555,11dd74426e8374ac110c4036c77c09ab_000000000610,0.322665,312.164132,169.798876,220.696350,92.751686
556,11dd74426e8374ac110c4036c77c09ab_000000000611,0.344520,324.969407,177.678805,236.110962,98.994370
557,11dd74426e8374ac110c4036c77c09ab_000000000612,0.339814,324.461627,174.883476,234.308167,105.434364
558,11dd74426e8374ac110c4036c77c09ab_000000000613,0.338788,325.297588,173.997752,233.487564,104.798592
559,11dd74426e8374ac110c4036c77c09ab_000000000614,0.338788,329.673922,175.994172,217.053665,142.460831
560,11dd74426e8374ac110c4036c77c09ab_000000000615,0.338788,325.998262,174.684076,217.174911,143.684738
561,11dd74426e8374ac110c4036c77c09ab_000000000616,0.339814,323.455086,175.623127,232.812683,104.749695
562,11dd74426e8374ac110c4036c77c09ab_000000000617,0.339814,327.179993,175.817176,219.742340,142.069992
563,11dd74426e8374ac110c4036c77c09ab_000000000618,0.338788,317.856545,179.270106,231.155869,97.472054
564,11dd74426e8374ac110c4036c77c09ab_000000000619,0.338788,317.623463,171.071122,231.549637,105.788635
565,11dd74426e8374ac110c4036c77c09ab_000000000620,0.337676,315.037040,171.484640,231.443344,104.649086
566,11dd74426e8374ac110c4036c77c09ab_000000000621,0.338788,327.765839,175.751930,232.828323,96.325905
567,11dd74426e8374ac110c4036c77c09ab_000000000622,0.338788,329.035034,174.617410,233.590500,104.702164
568,11dd74426e8374ac110c4036c77c09ab_000000000623,0.338788,320.154637,172.131748,233.008743,96.495499
569,11dd74426e8374ac110c4036c77c09ab_000000000624,0.338788,314.282062,174.603701,232.835587,94.890442
570,11dd74426e8374ac110c4036c77c09ab_000000000625,0.338788,322.869121,178.566992,233.286758,95.013771
571,11dd74426e8374ac110c4036c77c09ab_000000000626,0.338788,315.066648,171.973024,233.423111,95.284355
572,11dd74426e8374ac110c4036c77c09ab_000000000627,0.338788,323.521905,175.573251,233.255554,95.318939
573,11dd74426e8374ac110c4036c77c09ab_000000000628,0.344520,332.767820,176.471490,237.231827,96.486267
574,11dd74426e8374ac110c4036c77c09ab_000000000629,0.344520,339.551471,181.747213,224.123718,146.411240
575,11dd74426e8374ac110c4036c77c09ab_000000000630,0.344520,326.937867,173.895535,232.598007,97.123222
576,11dd74426e8374ac110c4036c77c09ab_000000000631,0.344520,323.098453,176.868118,232.369934,96.954781
577,11dd74426e8374ac110c4036c77c09ab_000000000632,0.344520,327.486315,176.192955,233.245605,96.667793
578,11dd74426e8374ac110c4036c77c09ab_000000000633,0.344520,329.633029,178.637655,233.240662,96.265762
579,11dd74426e8374ac110c4036c77c09ab_000000000634,0.344520,397.829685,231.689750,20.746929,26.837166
579,11dd74426e8374ac110c4036c77c09ab_000000000634,0.344520,380.611693,217.941041,1.634201,1.198415
579,11dd74426e8374ac110c4036c77c09ab_000000000634,0.344520,374.639991,212.199026,1.420516,0.752019
579,11dd74426e8374ac110c4036c77c09ab_000000000634,0.344520,379.578132,213.276724,3.100684,3.445205
579,11dd74426e8374ac110c4036c77c09ab_000000000634,0.344520,372.687722,209.213195,0.689041,0.689041
579,11dd74426e8374ac110c4036c77c09ab_000000000634,0.344520,349.329259,209.465824,2.067123,1.722602
579,11dd74426e8374ac110c4036c77c09ab_000000000634,0.344520,354.703770,209.396916,1.722602,2.067123
579,11dd74426e8374ac110c4036c77c09ab_000000000634,0.344520,362.581774,207.605426,0.770377,0.616300
579,11dd74426e8374ac110c4036c77c09ab_000000000634,0.344520,341.141346,186.144580,226.201584,92.716660
580,11dd74426e8374ac110c4036c77c09ab_000000000635,0.344520,396.146783,229.239689,20.926086,21.499369
580,11dd74426e8374ac110c4036c77c09ab_000000000635,0.344520,400.602208,216.852533,1.587582,0.668476
580,11dd74426e8374ac110c4036c77c09ab_000000000635,0.344520,391.666250,216.701806,9.902651,2.952112
580,11dd74426e8374ac110c4036c77c09ab_000000000635,0.344520,399.855761,213.895406,0.770377,0.924461
580,11dd74426e8374ac110c4036c77c09ab_000000000635,0.344520,395.032474,213.895406,1.078498,0.616327
580,11dd74426e8374ac110c4036c77c09ab_000000000635,0.344520,391.242749,211.254076,0.974431,0.974452
580,11dd74426e8374ac110c4036c77c09ab_000000000635,0.344520,378.854395,211.986182,2.756164,3.445205
580,11dd74426e8374ac110c4036c77c09ab_000000000635,0.344520,373.143943,211.529688,1.961016,1.525277
580,11dd74426e8374ac110c4036c77c09ab_000000000635,0.344520,367.442112,210.909555,1.634201,0.653688
580,11dd74426e8374ac110c4036c77c09ab_000000000635,0.344520,391.472415,207.808871,0.689041,1.033561
580,11dd74426e8374ac110c4036c77c09ab_000000000635,0.344520,365.059193,208.038558,1.242200,0.764405
580,11dd74426e8374ac110c4036c77c09ab_000000000635,0.344520,331.853949,179.275577,227.326950,91.874931
581,11dd74426e8374ac110c4036c77c09ab_000000000636,0.344520,392.142994,228.428476,16.536983,15.503422
581,11dd74426e8374ac110c4036c77c09ab_000000000636,0.344520,351.613326,207.454762,1.378082,1.722602
581,11dd74426e8374ac110c4036c77c09ab_000000000636,0.344520,342.242365,206.610682,1.078498,1.386682
581,11dd74426e8374ac110c4036c77c09ab_000000000636,0.344520,382.964711,205.760883,0.689041,0.689041
581,11dd74426e8374ac110c4036c77c09ab_000000000636,0.344520,317.431886,174.110808,227.569107,90.225548
582,11dd74426e8374ac110c4036c77c09ab_000000000637,0.344520,393.081762,229.596847,17.128370,14.629189
582,11dd74426e8374ac110c4036c77c09ab_000000000637,0.344520,377.586373,211.388065,2.157038,1.232611
582,11dd74426e8374ac110c4036c77c09ab_000000000637,0.344520,371.844379,211.100951,2.005427,1.671168
582,11dd74426e8374ac110c4036c77c09ab_000000000637,0.344520,398.946643,207.942839,1.232611,0.616311
582,11dd74426e8374ac110c4036c77c09ab_000000000637,0.344520,377.126998,206.105404,0.770377,0.616302
582,11dd74426e8374ac110c4036c77c09ab_000000000637,0.344520,331.867092,177.573434,223.742691,105.926445
583,11dd74426e8374ac110c4036c77c09ab_000000000638,0.344520,392.563004,232.254033,15.503422,9.991094
583,11dd74426e8374ac110c4036c77c09ab_000000000638,0.344520,371.789664,211.270204,2.005427,1.671179
583,11dd74426e8374ac110c4036c77c09ab_000000000638,0.344520,377.531658,211.270204,2.549460,1.102449
583,11dd74426e8374ac110c4036c77c09ab_000000000638,0.344520,369.607687,207.882426,0.689041,0.689041
583,11dd74426e8374ac110c4036c77c09ab_000000000638,0.344520,329.806214,180.212389,223.537354,107.113945
584,11dd74426e8374ac110c4036c77c09ab_000000000639,0.338788,387.015771,229.350997,14.137511,9.047579
584,11dd74426e8374ac110c4036c77c09ab_000000000639,0.338788,368.002882,208.454527,1.972061,1.479036
584,11dd74426e8374ac110c4036c77c09ab_000000000639,0.338788,374.010752,208.183480,0.677577,1.016365
584,11dd74426e8374ac110c4036c77c09ab_000000000639,0.338788,322.513728,172.570649,216.692200,111.404724
585,11dd74426e8374ac110c4036c77c09ab_000000000640,0.338788,387.810840,229.351824,13.113454,8.933332
585,11dd74426e8374ac110c4036c77c09ab_000000000640,0.338788,388.572990,205.160728,0.677577,0.677577
585,11dd74426e8374ac110c4036c77c09ab_000000000640,0.338788,319.356176,169.002639,223.752457,85.326126
586,11dd74426e8374ac110c4036c77c09ab_000000000641,0.344520,394.227528,232.785260,12.056240,10.745300
586,11dd74426e8374ac110c4036c77c09ab_000000000641,0.344520,428.961265,193.148898,2.287873,2.069988
586,11dd74426e8374ac110c4036c77c09ab_000000000641,0.344520,429.607199,189.488367,3.040461,0.608084
586,11dd74426e8374ac110c4036c77c09ab_000000000641,0.344520,341.374566,173.652653,240.667938,93.436989
587,11dd74426e8374ac110c4036c77c09ab_000000000642,0.344520,397.077140,231.404339,4.490983,4.777656
587,11dd74426e8374ac110c4036c77c09ab_000000000642,0.344520,422.026150,200.713313,1.540753,0.770419
587,11dd74426e8374ac110c4036c77c09ab_000000000642,0.344520,311.457765,172.102416,236.985062,92.105316
588,11dd74426e8374ac110c4036c77c09ab_000000000643,0.344520,328.197583,182.766917,231.674210,87.522194
589,11dd74426e8374ac110c4036c77c09ab_000000000644,0.344520,426.231470,200.017417,1.824251,1.418876
589,11dd74426e8374ac110c4036c77c09ab_000000000644,0.344520,425.818063,197.054549,2.673882,0.668518
589,11dd74426e8374ac110c4036c77c09ab_000000000644,0.344520,430.411683,194.436181,1.420474,0.668465
589,11dd74426e8374ac110c4036c77c09ab_000000000644,0.344520,325.990498,171.563093,239.618362,93.142799
590,11dd74426e8374ac110c4036c77c09ab_000000000645,0.338788,420.657812,197.616853,1.561189,1.396861
590,11dd74426e8374ac110c4036c77c09ab_000000000645,0.338788,420.234327,194.415319,2.710308,0.338788
590,11dd74426e8374ac110c4036c77c09ab_000000000645,0.338788,318.891314,172.774400,235.528854,91.695976
591,11dd74426e8374ac110c4036c77c09ab_000000000646,0.344520,329.844170,179.643606,232.798553,90.541679
592,11dd74426e8374ac110c4036c77c09ab_000000000647,0.338788,305.062463,174.231041,230.236038,100.457199
593,11dd74426e8374ac110c4036c77c09ab_000000000648,0.344520,322.891686,186.506701,235.597183,99.770020
594,11dd74426e8374ac110c4036c77c09ab_000000000649,0.344520,327.321478,190.233048,234.949387,99.658218
595,11dd74426e8374ac110c4036c77c09ab_000000000650,0.350446,342.710121,193.551347,240.530212,101.081032
596,11dd74426e8374ac110c4036c77c09ab_000000000651,0.345599,334.024049,189.916815,238.301575,99.552795
597,11dd74426e8374ac110c4036c77c09ab_000000000652,0.345599,338.763062,193.557500,238.210709,99.890533
598,11dd74426e8374ac110c4036c77c09ab_000000000653,0.344520,340.079039,192.276725,233.837738,99.763672
599,11dd74426e8374ac110c4036c77c09ab_000000000654,0.344520,333.840746,187.628832,237.030807,99.094246
600,11dd74426e8374ac110c4036c77c09ab_000000000655,0.344520,335.695971,191.878373,234.069290,99.276802
601,11dd74426e8374ac110c4036c77c09ab_000000000656,0.344520,334.324450,191.277334,233.804291,99.070374
602,11dd74426e8374ac110c4036c77c09ab_000000000657,0.343351,331.327698,190.332757,235.417694,97.379463
603,11dd74426e8374ac110c4036c77c09ab_000000000658,0.338788,410.258388,216.894028,1.016365,0.677577
603,11dd74426e8374ac110c4036c77c09ab_000000000658,0.338788,324.108850,186.477818,230.203033,95.729187
604,11dd74426e8374ac110c4036c77c09ab_000000000659,0.343351,328.721216,185.440910,233.307785,96.919167
605,11dd74426e8374ac110c4036c77c09ab_000000000660,0.350446,340.626354,189.372069,240.840607,98.324944
606,11dd74426e8374ac110c4036c77c09ab_000000000661,0.350446,423.418175,212.745881,1.108213,0.775755
606,11dd74426e8374ac110c4036c77c09ab_000000000661,0.350446,346.955707,194.172092,241.419846,98.491821
607,11dd74426e8374ac110c4036c77c09ab_000000000662,0.337676,409.471111,205.171789,1.013028,0.675352
607,11dd74426e8374ac110c4036c77c09ab_000000000662,0.337676,333.038114,185.404202,232.239136,95.128120
608,11dd74426e8374ac110c4036c77c09ab_000000000663,0.338788,410.069101,209.253505,2.465066,2.547210
608,11dd74426e8374ac110c4036c77c09ab_000000000663,0.338788,335.864607,186.985422,233.227463,95.441505
609,11dd74426e8374ac110c4036c77c09ab_000000000664,0.343351,416.150476,211.955748,1.716754,1.373403
609,11dd74426e8374ac110c4036c77c09ab_000000000664,0.343351,415.669819,209.254710,0.686702,0.686702
609,11dd74426e8374ac110c4036c77c09ab_000000000664,0.343351,330.089611,190.326408,236.319427,96.862648
610,11dd74426e8374ac110c4036c77c09ab_000000000665,0.344520,418.436190,212.824625,2.067123,1.378082
610,11dd74426e8374ac110c4036c77c09ab_000000000665,0.344520,417.884965,209.517216,1.089496,0.653683
610,11dd74426e8374ac110c4036c77c09ab_000000000665,0.344520,339.239124,194.491695,237.513947,97.722084
611,11dd74426e8374ac110c4036c77c09ab_000000000666,0.344520,341.058685,194.918729,237.513962,97.722084
612,11dd74426e8374ac110c4036c77c09ab_000000000667,0.344520,359.374605,228.843755,0.770377,0.616300
612,11dd74426e8374ac110c4036c77c09ab_000000000667,0.344520,340.338523,193.554483,237.498428,96.940445
613,11dd74426e8374ac110c4036c77c09ab_000000000668,0.344520,358.087615,228.451922,0.770335,0.616295
613,11dd74426e8374ac110c4036c77c09ab_000000000668,0.344520,337.244231,192.399402,237.819504,97.115738
614,11dd74426e8374ac110c4036c77c09ab_000000000669,0.343351,335.719692,191.026689,237.463043,96.236198
615,11dd74426e8374ac110c4036c77c09ab_000000000670,0.343351,337.361736,191.461745,237.463058,96.236206
616,11dd74426e8374ac110c4036c77c09ab_000000000671,0.343351,336.862008,188.769258,236.968048,96.910561
617,11dd74426e8374ac110c4036c77c09ab_000000000672,0.344520,387.693541,225.806365,2.067123,1.722602
617,11dd74426e8374ac110c4036c77c09ab_000000000672,0.344520,318.679742,165.514503,227.952026,94.379593
618,11dd74426e8374ac110c4036c77c09ab_000000000673,0.344520,334.369555,189.417125,230.923416,96.833214
619,11dd74426e8374ac110c4036c77c09ab_000000000674,0.344520,333.105528,186.396410,231.337799,97.054138
620,11dd74426e8374ac110c4036c77c09ab_000000000675,0.344520,334.443741,187.017615,231.076981,97.119820
621,11dd74426e8374ac110c4036c77c09ab_000000000676,0.333241,301.307957,206.635846,1.999445,0.333241
621,11dd74426e8374ac110c4036c77c09ab_000000000676,0.333241,302.057769,203.831063,0.666482,0.666482
621,11dd74426e8374ac110c4036c77c09ab_000000000676,0.333241,323.584221,179.680544,223.903320,93.189682
622,11dd74426e8374ac110c4036c77c09ab_000000000677,0.333241,306.524770,162.295175,220.006195,89.735962
623,11dd74426e8374ac110c4036c77c09ab_000000000678,0.333241,326.554323,184.695122,221.486816,92.995796
624,11dd74426e8374ac110c4036c77c09ab_000000000679,0.333241,400.546345,206.817437,1.053784,0.526902
624,11dd74426e8374ac110c4036c77c09ab_000000000679,0.333241,326.990196,187.947759,223.999344,92.959167
625,11dd74426e8374ac110c4036c77c09ab_000000000680,0.343351,336.190395,183.544873,229.107910,96.793480
626,11dd74426e8374ac110c4036c77c09ab_000000000681,0.344520,340.083329,191.478613,227.967773,96.480446
627,11dd74426e8374ac110c4036c77c09ab_000000000682,0.343351,334.598793,187.266952,227.193802,96.152885
628,11dd74426e8374ac110c4036c77c09ab_000000000683,0.338788,365.293360,230.491885,1.016365,0.677577
628,11dd74426e8374ac110c4036c77c09ab_000000000683,0.338788,406.851397,215.133482,0.757601,0.606043
628,11dd74426e8374ac110c4036c77c09ab_000000000683,0.338788,333.936797,188.348516,226.293579,95.508163
629,11dd74426e8374ac110c4036c77c09ab_000000000684,0.338788,328.960035,184.372508,227.575333,95.740585
630,11dd74426e8374ac110c4036c77c09ab_000000000685,0.333241,295.985786,201.620048,2.999167,1.332963
630,11dd74426e8374ac110c4036c77c09ab_000000000685,0.333241,330.023716,185.597683,225.046661,94.269981
631,11dd74426e8374ac110c4036c77c09ab_000000000686,0.338788,404.819162,213.376348,0.677577,1.016365
631,11dd74426e8374ac110c4036c77c09ab_000000000686,0.338788,404.706219,207.616944,0.677577,0.677577
631,11dd74426e8374ac110c4036c77c09ab_000000000686,0.338788,301.149915,204.680771,2.710308,1.355154
631,11dd74426e8374ac110c4036c77c09ab_000000000686,0.338788,335.117904,187.734359,228.793137,96.077255
632,11dd74426e8374ac110c4036c77c09ab_000000000687,0.333241,402.095964,210.501655,0.745154,0.745152
632,11dd74426e8374ac110c4036c77c09ab_000000000687,0.333241,398.985703,204.947656,0.666482,0.666482
632,11dd74426e8374ac110c4036c77c09ab_000000000687,0.333241,329.132952,185.634253,225.849762,94.988686
633,11dd74426e8374ac110c4036c77c09ab_000000000688,0.333241,331.111712,186.268497,226.051514,95.659225
634,11dd74426e8374ac110c4036c77c09ab_000000000689,0.333241,399.314266,207.999624,0.942569,0.706926
634,11dd74426e8374ac110c4036c77c09ab_000000000689,0.333241,334.002226,189.758210,224.004440,93.574005
635,11dd74426e8374ac110c4036c77c09ab_000000000690,0.344520,414.198487,206.813580,0.974431,1.218070
635,11dd74426e8374ac110c4036c77c09ab_000000000690,0.344520,338.807443,190.445324,234.291763,97.800240
636,11dd74426e8374ac110c4036c77c09ab_000000000691,0.344520,414.044269,207.290176,1.378082,0.689041
636,11dd74426e8374ac110c4036c77c09ab_000000000691,0.344520,332.721622,188.476864,234.627533,98.324348
637,11dd74426e8374ac110c4036c77c09ab_000000000692,0.333241,323.548423,179.883918,227.331863,96.821129
638,11dd74426e8374ac110c4036c77c09ab_000000000693,0.327869,393.101186,196.434106,0.655738,0.983607
638,11dd74426e8374ac110c4036c77c09ab_000000000693,0.327869,315.609971,174.737329,223.682861,95.282990
639,11dd74426e8374ac110c4036c77c09ab_000000000694,0.344520,328.403761,186.254345,235.191559,99.581482
640,11dd74426e8374ac110c4036c77c09ab_000000000695,0.333241,324.857671,182.197566,227.130920,96.611588
641,11dd74426e8374ac110c4036c77c09ab_000000000696,0.333241,324.776638,182.317975,227.164093,96.820000
642,11dd74426e8374ac110c4036c77c09ab_000000000697,0.333241,334.263628,181.467137,227.643219,97.292000
643,11dd74426e8374ac110c4036c77c09ab_000000000698,0.333241,324.679660,179.847042,227.524414,97.291985
644,11dd74426e8374ac110c4036c77c09ab_000000000699,0.344520,319.928250,160.093867,223.207886,100.826736
645,11dd74426e8374ac110c4036c77c09ab_000000000700,0.344520,323.896796,176.763778,223.921234,97.917358
646,11dd74426e8374ac110c4036c77c09ab_000000000701,0.333241,308.921423,166.318319,216.581879,94.334900
647,11dd74426e8374ac110c4036c77c09ab_000000000702,0.333241,313.822527,165.097131,216.827682,92.943100
648,11dd74426e8374ac110c4036c77c09ab_000000000703,0.343351,326.906700,171.070786,223.527283,95.641426
649,11dd74426e8374ac110c4036c77c09ab_000000000704,0.344520,330.306572,172.535506,224.123215,97.179024
650,11dd74426e8374ac110c4036c77c09ab_000000000705,0.344520,330.446008,169.774968,222.610382,97.506760
651,11dd74426e8374ac110c4036c77c09ab_000000000706,0.338788,326.949367,171.611851,220.352509,95.761230
652,11dd74426e8374ac110c4036c77c09ab_000000000707,0.343351,324.959173,170.174436,223.317825,96.333939
653,11dd74426e8374ac110c4036c77c09ab_000000000708,0.332182,317.825797,166.331064,215.748062,92.115555
654,11dd74426e8374ac110c4036c77c09ab_000000000709,0.332182,316.021038,167.129322,215.187332,92.010460
655,11dd74426e8374ac110c4036c77c09ab_000000000710,0.344520,325.517939,174.035802,222.658508,95.197090
656,11dd74426e8374ac110c4036c77c09ab_000000000711,0.344520,325.340969,172.177412,222.341858,95.791077
657,11dd74426e8374ac110c4036c77c09ab_000000000712,0.338788,321.148111,167.991774,218.712326,94.416191
658,11dd74426e8374ac110c4036c77c09ab_000000000713,0.338788,316.986766,167.405469,220.077011,94.211281
659,11dd74426e8374ac110c4036c77c09ab_000000000714,0.343351,321.965772,168.930313,223.208252,95.792496
660,11dd74426e8374ac110c4036c77c09ab_000000000715,0.337676,316.727687,165.497414,218.962616,94.282944
661,11dd74426e8374ac110c4036c77c09ab_000000000716,0.337676,314.178691,165.236737,218.968643,94.283562
662,11dd74426e8374ac110c4036c77c09ab_000000000717,0.343351,321.246902,170.914513,222.484238,95.992775
663,11dd74426e8374ac110c4036c77c09ab_000000000718,0.344520,320.953358,168.926452,221.885635,96.624969
664,11dd74426e8374ac110c4036c77c09ab_000000000719,0.344520,320.769911,170.038468,222.832626,97.050186
665,11dd74426e8374ac110c4036c77c09ab_000000000720,0.344520,318.165169,169.177735,222.796494,95.982262
666,11dd74426e8374ac110c4036c77c09ab_000000000721,0.344520,324.218859,171.191363,222.946854,95.912216
667,11dd74426e8374ac110c4036c77c09ab_000000000722,0.344520,321.445158,165.788990,222.191757,95.416847
668,11dd74426e8374ac110c4036c77c09ab_000000000723,0.344520,330.110025,171.012384,222.638535,95.712120
669,11dd74426e8374ac110c4036c77c09ab_000000000724,0.344520,321.653397,168.491659,223.342102,96.517250
670,11dd74426e8374ac110c4036c77c09ab_000000000725,0.344520,317.720998,169.925275,222.983398,96.871742
671,11dd74426e8374ac110c4036c77c09ab_000000000726,0.344520,322.648940,172.420326,222.641541,97.192291
672,11dd74426e8374ac110c4036c77c09ab_000000000727,0.344520,327.790000,170.364642,221.484100,95.764214
673,11dd74426e8374ac110c4036c77c09ab_000000000728,0.344520,324.872363,170.399843,220.950989,95.896614
674,11dd74426e8374ac110c4036c77c09ab_000000000729,0.344520,323.925962,172.805377,221.026093,96.729988
675,11dd74426e8374ac110c4036c77c09ab_000000000730,0.344520,329.955722,174.033783,220.977676,96.579987
676,11dd74426e8374ac110c4036c77c09ab_000000000731,0.344520,326.569522,172.805577,220.137589,96.476334
677,11dd74426e8374ac110c4036c77c09ab_000000000732,0.344520,334.568205,175.133961,220.273300,96.207367
678,11dd74426e8374ac110c4036c77c09ab_000000000733,0.344520,330.764685,171.543842,219.917328,96.145767
679,11dd74426e8374ac110c4036c77c09ab_000000000734,0.343351,320.667246,170.070261,219.075134,95.408218
680,11dd74426e8374ac110c4036c77c09ab_000000000735,0.344520,324.958872,173.411663,221.169891,95.514542
681,11dd74426e8374ac110c4036c77c09ab_000000000736,0.344520,320.248820,169.699594,219.922256,95.777054
682,11dd74426e8374ac110c4036c77c09ab_000000000737,0.344520,321.996277,173.278904,220.622681,95.581673
683,11dd74426e8374ac110c4036c77c09ab_000000000738,0.343351,325.077263,173.269266,220.107727,95.488708
684,11dd74426e8374ac110c4036c77c09ab_000000000739,0.343351,323.561985,175.895741,219.503036,95.658058
685,11dd74426e8374ac110c4036c77c09ab_000000000740,0.343351,326.675299,174.396892,219.615082,95.704758
686,11dd74426e8374ac110c4036c77c09ab_000000000741,0.343351,327.365647,172.955474,220.046036,95.778618
687,11dd74426e8374ac110c4036c77c09ab_000000000742,0.343351,323.770564,171.075784,220.003540,95.981430
688,11dd74426e8374ac110c4036c77c09ab_000000000743,0.343351,310.123963,210.130879,1.842619,1.842613
688,11dd74426e8374ac110c4036c77c09ab_000000000743,0.343351,323.004186,172.830207,219.160767,96.673401
689,11dd74426e8374ac110c4036c77c09ab_000000000744,0.343351,324.345170,172.820284,219.505463,96.577248
690,11dd74426e8374ac110c4036c77c09ab_000000000745,0.343351,328.316567,171.666316,219.259933,95.152618
691,11dd74426e8374ac110c4036c77c09ab_000000000746,0.343351,322.448127,170.016958,219.608185,94.949890
692,11dd74426e8374ac110c4036c77c09ab_000000000747,0.343351,310.061366,210.219043,1.535480,0.767761
692,11dd74426e8374ac110c4036c77c09ab_000000000747,0.343351,320.738582,173.286775,219.611893,94.935440
693,11dd74426e8374ac110c4036c77c09ab_000000000748,0.343351,327.493355,173.714350,220.111191,93.112320
694,11dd74426e8374ac110c4036c77c09ab_000000000749,0.343351,324.934005,174.225049,219.752075,93.087906
695,11dd74426e8374ac110c4036c77c09ab_000000000750,0.343351,332.898993,183.817559,219.703354,93.768951
696,11dd74426e8374ac110c4036c77c09ab_000000000751,0.343351,325.554777,177.667631,219.935257,93.533028
697,11dd74426e8374ac110c4036c77c09ab_000000000752,0.343351,326.660461,174.339482,220.336151,94.113762
698,11dd74426e8374ac110c4036c77c09ab_000000000753,0.343351,319.242248,178.836227,219.870956,94.009727
699,11dd74426e8374ac110c4036c77c09ab_000000000754,0.344520,322.827530,176.145758,220.637299,94.547508
700,11dd74426e8374ac110c4036c77c09ab_000000000755,0.337676,316.894485,173.480554,216.290451,92.950684
701,11dd74426e8374ac110c4036c77c09ab_000000000756,0.343351,323.643987,177.372501,219.842438,94.942825
702,11dd74426e8374ac110c4036c77c09ab_000000000757,0.338788,321.866651,177.153816,217.572784,92.476402
703,11dd74426e8374ac110c4036c77c09ab_000000000758,0.338788,317.150102,174.598552,220.563522,98.385521
704,11dd74426e8374ac110c4036c77c09ab_000000000759,0.338788,320.828864,174.483603,217.305634,92.765617
705,11dd74426e8374ac110c4036c77c09ab_000000000760,0.338788,327.719706,180.375346,220.448532,98.303612
706,11dd74426e8374ac110c4036c77c09ab_000000000761,0.338788,309.425109,207.463245,2.032731,0.338788
706,11dd74426e8374ac110c4036c77c09ab_000000000761,0.338788,317.867815,178.227149,216.864410,92.917809
707,11dd74426e8374ac110c4036c77c09ab_000000000762,0.338788,249.732688,179.314357,1.016365,0.677577
707,11dd74426e8374ac110c4036c77c09ab_000000000762,0.338788,246.909457,173.611425,1.060575,0.909072
707,11dd74426e8374ac110c4036c77c09ab_000000000762,0.338788,232.680342,173.442031,0.677577,1.016365
707,11dd74426e8374ac110c4036c77c09ab_000000000762,0.338788,314.028198,180.280806,216.845016,93.075523
708,11dd74426e8374ac110c4036c77c09ab_000000000763,0.338788,300.372918,158.635710,219.306961,98.006256
709,11dd74426e8374ac110c4036c77c09ab_000000000764,0.338788,312.812394,172.124697,215.956009,95.531647
710,11dd74426e8374ac110c4036c77c09ab_000000000765,0.338788,310.344329,171.725219,215.699005,96.257896
711,11dd74426e8374ac110c4036c77c09ab_000000000766,0.338788,315.656384,174.423616,217.812958,95.181038
712,11dd74426e8374ac110c4036c77c09ab_000000000767,0.344520,319.882473,171.702782,219.817825,96.259773
713,11dd74426e8374ac110c4036c77c09ab_000000000768,0.344520,318.563920,174.333672,221.683914,96.779358
714,11dd74426e8374ac110c4036c77c09ab_000000000769,0.338788,316.795743,170.067928,217.779541,95.256836
715,11dd74426e8374ac110c4036c77c09ab_000000000770,0.338788,318.937364,168.636886,217.547989,94.938454
716,11dd74426e8374ac110c4036c77c09ab_000000000771,0.344520,316.093820,170.861951,220.140182,95.030586
717,11dd74426e8374ac110c4036c77c09ab_000000000772,0.344520,309.768429,168.333750,219.954269,95.167686
718,11dd74426e8374ac110c4036c77c09ab_000000000773,0.338788,292.971040,169.598517,218.508621,94.889816
719,11dd74426e8374ac110c4036c77c09ab_000000000774,0.338788,292.991925,175.394159,218.316376,94.565041
720,11dd74426e8374ac110c4036c77c09ab_000000000775,0.338788,304.574131,173.591595,218.831223,94.661667
721,11dd74426e8374ac110c4036c77c09ab_000000000776,0.338788,305.986852,172.603527,218.853348,94.339203
722,11dd74426e8374ac110c4036c77c09ab_000000000777,0.338788,303.422697,169.555899,218.880066,93.975685
723,11dd74426e8374ac110c4036c77c09ab_000000000778,0.338788,302.644976,168.938692,219.728775,93.612152
724,11dd74426e8374ac110c4036c77c09ab_000000000779,0.338788,307.553149,170.109057,221.230270,94.598701
725,11dd74426e8374ac110c4036c77c09ab_000000000780,0.338788,309.834761,164.903400,221.793167,95.050713
726,11dd74426e8374ac110c4036c77c09ab_000000000781,0.338788,317.918993,169.075456,220.098099,93.564651
727,11dd74426e8374ac110c4036c77c09ab_000000000782,0.338788,317.857600,170.783180,221.042450,93.899216
728,11dd74426e8374ac110c4036c77c09ab_000000000783,0.338788,318.995717,168.251210,222.369476,94.649780
729,11dd74426e8374ac110c4036c77c09ab_000000000784,0.338788,316.196990,173.037600,222.043655,93.360771
730,11dd74426e8374ac110c4036c77c09ab_000000000785,0.344520,321.694065,175.959283,227.822754,96.174942
731,11dd74426e8374ac110c4036c77c09ab_000000000786,0.344520,328.330984,175.061446,226.975510,94.901451
732,11dd74426e8374ac110c4036c77c09ab_000000000787,0.338788,316.579719,169.618099,224.392303,93.458755
733,11dd74426e8374ac110c4036c77c09ab_000000000788,0.338788,322.740173,173.354263,224.304337,93.370171
734,11dd74426e8374ac110c4036c77c09ab_000000000789,0.344520,335.465947,174.031827,225.619110,94.371422
735,11dd74426e8374ac110c4036c77c09ab_000000000790,0.344520,331.474144,169.431909,226.483963,93.657402
736,11dd74426e8374ac110c4036c77c09ab_000000000791,0.344520,330.383240,170.044714,227.853027,95.980125
737,11dd74426e8374ac110c4036c77c09ab_000000000792,0.344520,325.412821,169.092036,225.996140,94.207275
738,11dd74426e8374ac110c4036c77c09ab_000000000793,0.344520,405.913594,206.110198,0.689041,0.689041
738,11dd74426e8374ac110c4036c77c09ab_000000000793,0.344520,317.793796,170.040340,225.530380,94.120384
739,11dd74426e8374ac110c4036c77c09ab_000000000794,0.345599,315.395814,171.229338,228.914978,97.325531
740,11dd74426e8374ac110c4036c77c09ab_000000000795,0.345599,319.421797,171.411049,226.497055,94.815796
741,11dd74426e8374ac110c4036c77c09ab_000000000796,0.345599,317.698886,172.571487,225.589996,94.920639
742,11dd74426e8374ac110c4036c77c09ab_000000000797,0.344520,310.804240,172.057553,228.204483,98.027832
743,11dd74426e8374ac110c4036c77c09ab_000000000798,0.344520,313.010504,169.992312,225.275238,95.731094
744,11dd74426e8374ac110c4036c77c09ab_000000000799,0.345599,308.887884,163.398265,222.841949,95.213654
745,11dd74426e8374ac110c4036c77c09ab_000000000800,0.338788,297.096509,160.270389,219.337418,93.244240
746,11dd74426e8374ac110c4036c77c09ab_000000000801,0.343351,304.091873,164.836383,221.215240,94.451057
747,11dd74426e8374ac110c4036c77c09ab_000000000802,0.343351,299.348104,162.388374,220.584000,96.183670
748,11dd74426e8374ac110c4036c77c09ab_000000000803,0.338788,303.381692,163.616742,217.820831,92.817657
749,11dd74426e8374ac110c4036c77c09ab_000000000804,0.338788,301.465772,165.733756,217.764282,92.313690
750,11dd74426e8374ac110c4036c77c09ab_000000000805,0.345599,304.169353,165.002355,186.923370,169.833115
751,11dd74426e8374ac110c4036c77c09ab_000000000806,0.345599,300.964737,161.726421,182.890625,173.290970
752,11dd74426e8374ac110c4036c77c09ab_000000000807,0.344520,302.311886,167.160984,187.476273,172.321350
753,11dd74426e8374ac110c4036c77c09ab_000000000808,0.344520,295.424084,161.304998,191.456223,164.662521
754,11dd74426e8374ac110c4036c77c09ab_000000000809,0.344520,297.878077,161.542424,190.680649,165.254913
755,11dd74426e8374ac110c4036c77c09ab_000000000810,0.344520,298.601877,163.885937,190.863342,164.196442
756,11dd74426e8374ac110c4036c77c09ab_000000000811,0.344520,304.147366,166.613944,192.378387,163.346130
757,11dd74426e8374ac110c4036c77c09ab_000000000812,0.339814,300.478370,164.079422,187.074692,164.066345
758,11dd74426e8374ac110c4036c77c09ab_000000000813,0.338788,294.170240,164.244877,184.851807,164.450653
759,11dd74426e8374ac110c4036c77c09ab_000000000814,0.345599,298.811114,164.543715,182.936356,176.754059
760,11dd74426e8374ac110c4036c77c09ab_000000000815,0.339814,287.686134,158.693765,216.766983,93.553566
761,11dd74426e8374ac110c4036c77c09ab_000000000816,0.345599,288.088265,163.704060,220.198593,95.282539
762,11dd74426e8374ac110c4036c77c09ab_000000000817,0.344520,296.034060,164.521515,220.110596,95.561455
763,11dd74426e8374ac110c4036c77c09ab_000000000818,0.344520,293.123026,164.199925,220.559296,95.291962
764,11dd74426e8374ac110c4036c77c09ab_000000000819,0.344520,294.948833,161.843658,221.331177,95.299080
765,11dd74426e8374ac110c4036c77c09ab_000000000820,0.345599,210.705992,141.930693,0.691198,1.036797
765,11dd74426e8374ac110c4036c77c09ab_000000000820,0.345599,288.721413,165.801099,176.081985,187.579391
766,11dd74426e8374ac110c4036c77c09ab_000000000821,0.339814,292.413972,161.205917,218.358368,93.455772
767,11dd74426e8374ac110c4036c77c09ab_000000000822,0.338788,295.068410,165.546320,220.610352,127.055725
768,11dd74426e8374ac110c4036c77c09ab_000000000823,0.344520,286.342529,162.985335,225.663391,126.826584
769,11dd74426e8374ac110c4036c77c09ab_000000000824,0.344520,307.883575,165.267268,222.220825,94.317444
770,11dd74426e8374ac110c4036c77c09ab_000000000825,0.344520,306.915453,164.021398,220.535248,135.349884
771,11dd74426e8374ac110c4036c77c09ab_000000000826,0.322665,296.360007,153.592385,207.210815,84.248924
772,11dd74426e8374ac110c4036c77c09ab_000000000827,0.344520,296.433821,159.144890,220.900055,90.798401
773,11dd74426e8374ac110c4036c77c09ab_000000000828,0.344520,313.185708,164.570015,221.563400,87.472740
774,11dd74426e8374ac110c4036c77c09ab_000000000829,0.338788,302.062684,159.849809,217.674103,86.101280
775,11dd74426e8374ac110c4036c77c09ab_000000000830,0.333241,301.211976,159.154232,213.267715,84.665985
776,11dd74426e8374ac110c4036c77c09ab_000000000831,0.338788,296.452927,159.219502,212.751495,85.889168
777,11dd74426e8374ac110c4036c77c09ab_000000000832,0.338788,216.277472,139.472853,0.677577,0.677577
777,11dd74426e8374ac110c4036c77c09ab_000000000832,0.338788,292.229754,155.911413,216.570145,86.976562
778,11dd74426e8374ac110c4036c77c09ab_000000000833,0.338788,293.681329,154.451918,215.837234,87.517342
779,11dd74426e8374ac110c4036c77c09ab_000000000834,0.338788,294.423587,160.208489,216.838593,87.745888
780,11dd74426e8374ac110c4036c77c09ab_000000000835,0.338788,289.518206,155.953431,205.251083,116.125389
781,11dd74426e8374ac110c4036c77c09ab_000000000836,0.333241,287.333058,156.154536,185.011810,155.217941
782,11dd74426e8374ac110c4036c77c09ab_000000000837,0.344520,307.031463,163.576691,222.943527,103.658920
783,11dd74426e8374ac110c4036c77c09ab_000000000838,0.344520,298.052041,164.609968,188.640900,158.759903
784,11dd74426e8374ac110c4036c77c09ab_000000000839,0.344520,296.614765,164.273196,219.714279,89.275047
785,11dd74426e8374ac110c4036c77c09ab_000000000840,0.344520,292.303633,160.799846,208.715530,114.849342
786,11dd74426e8374ac110c4036c77c09ab_000000000841,0.344520,297.222429,164.195435,188.209534,158.667038
787,11dd74426e8374ac110c4036c77c09ab_000000000842,0.343351,300.094406,161.414631,217.303192,90.010559
788,11dd74426e8374ac110c4036c77c09ab_000000000843,0.343351,296.133570,156.919081,216.343521,91.016052
789,11dd74426e8374ac110c4036c77c09ab_000000000844,0.343351,295.963299,160.114722,215.958908,90.752655
790,11dd74426e8374ac110c4036c77c09ab_000000000845,0.344520,302.495880,162.903000,217.456375,90.254112
791,11dd74426e8374ac110c4036c77c09ab_000000000846,0.343351,304.159206,160.248865,216.593475,89.658501
792,11dd74426e8374ac110c4036c77c09ab_000000000847,0.344520,307.270992,163.842399,216.628922,91.461449
793,11dd74426e8374ac110c4036c77c09ab_000000000848,0.343351,301.877634,162.746006,218.134171,90.895981
794,11dd74426e8374ac110c4036c77c09ab_000000000849,0.344520,303.400772,165.452145,214.023987,98.657776
795,11dd74426e8374ac110c4036c77c09ab_000000000850,0.344520,306.422707,167.296698,217.169373,93.267578
796,11dd74426e8374ac110c4036c77c09ab_000000000851,0.344520,304.817797,166.895045,217.186981,93.327454
797,11dd74426e8374ac110c4036c77c09ab_000000000852,0.344520,303.984863,167.177638,216.726135,95.053040
798,11dd74426e8374ac110c4036c77c09ab_000000000853,0.344520,307.731649,167.505736,216.932999,95.033630
799,11dd74426e8374ac110c4036c77c09ab_000000000854,0.345599,308.643746,167.800127,216.479324,98.135864
800,11dd74426e8374ac110c4036c77c09ab_000000000855,0.344520,303.795654,165.585388,216.665726,95.978394
801,11dd74426e8374ac110c4036c77c09ab_000000000856,0.344520,303.336784,166.341518,210.826340,108.250504
802,11dd74426e8374ac110c4036c77c09ab_000000000857,0.344520,302.238015,164.203552,217.745697,94.974731
803,11dd74426e8374ac110c4036c77c09ab_000000000858,0.339814,304.324588,167.600231,217.476044,89.745674
804,11dd74426e8374ac110c4036c77c09ab_000000000859,0.338788,303.504251,169.864942,217.058533,89.316032
805,11dd74426e8374ac110c4036c77c09ab_000000000860,0.338788,306.040470,174.574007,216.944305,89.319412
806,11dd74426e8374ac110c4036c77c09ab_000000000861,0.344520,312.297744,174.885380,220.888977,90.970116
807,11dd74426e8374ac110c4036c77c09ab_000000000862,0.344520,310.304282,176.000424,221.316513,91.098770
808,11dd74426e8374ac110c4036c77c09ab_000000000863,0.322665,299.451927,166.350063,207.518463,84.854149
809,11dd74426e8374ac110c4036c77c09ab_000000000864,0.322665,297.103825,167.192193,207.652740,84.773148
810,11dd74426e8374ac110c4036c77c09ab_000000000865,0.344520,271.200976,190.938196,3.050512,1.307365
810,11dd74426e8374ac110c4036c77c09ab_000000000865,0.344520,316.996020,181.392094,221.195251,90.235497
811,11dd74426e8374ac110c4036c77c09ab_000000000866,0.327869,301.601342,174.130619,205.642548,91.382034
812,11dd74426e8374ac110c4036c77c09ab_000000000867,0.344520,271.022323,190.989757,2.436120,0.633391
812,11dd74426e8374ac110c4036c77c09ab_000000000867,0.344520,307.081762,180.299129,220.617569,90.208076
813,11dd74426e8374ac110c4036c77c09ab_000000000868,0.344520,306.474519,178.490544,221.004272,90.330307
814,11dd74426e8374ac110c4036c77c09ab_000000000869,0.344520,307.072699,174.438096,220.941360,90.159828
815,11dd74426e8374ac110c4036c77c09ab_000000000870,0.344520,266.179796,190.392734,2.287873,1.634212
815,11dd74426e8374ac110c4036c77c09ab_000000000870,0.344520,302.527758,170.782686,221.223923,89.502800
816,11dd74426e8374ac110c4036c77c09ab_000000000871,0.344520,266.217835,190.463997,2.287894,1.307365
816,11dd74426e8374ac110c4036c77c09ab_000000000871,0.344520,306.258016,178.389168,221.391541,89.736053
817,11dd74426e8374ac110c4036c77c09ab_000000000872,0.344520,298.746948,172.458407,219.605057,89.505684
818,11dd74426e8374ac110c4036c77c09ab_000000000873,0.344520,310.858240,174.870766,219.175354,89.636024
819,11dd74426e8374ac110c4036c77c09ab_000000000874,0.344520,313.766876,179.383008,219.555771,89.567596
820,11dd74426e8374ac110c4036c77c09ab_000000000875,0.344520,316.741835,175.994642,219.092300,89.118599
821,11dd74426e8374ac110c4036c77c09ab_000000000876,0.344520,318.586799,176.939339,200.085419,115.383400
822,11dd74426e8374ac110c4036c77c09ab_000000000877,0.344520,312.391528,172.657667,219.155289,89.465500
823,11dd74426e8374ac110c4036c77c09ab_000000000878,0.344520,317.862389,175.237229,217.575760,90.215866
824,11dd74426e8374ac110c4036c77c09ab_000000000879,0.344520,311.914364,171.212044,213.146835,92.945786
825,11dd74426e8374ac110c4036c77c09ab_000000000880,0.344520,316.650490,174.481067,219.312347,90.576881
826,11dd74426e8374ac110c4036c77c09ab_000000000881,0.345599,314.739441,175.593421,214.789566,91.606888
827,11dd74426e8374ac110c4036c77c09ab_000000000882,0.333241,309.038842,171.741628,209.936050,87.023567
828,11dd74426e8374ac110c4036c77c09ab_000000000883,0.333241,300.647903,170.973002,210.455276,87.689697
829,11dd74426e8374ac110c4036c77c09ab_000000000884,0.344520,319.149252,177.083380,217.546326,89.090378
830,11dd74426e8374ac110c4036c77c09ab_000000000891,0.344520,351.743489,208.082569,2.339623,0.584911
830,11dd74426e8374ac110c4036c77c09ab_000000000891,0.344520,300.580220,169.964282,234.171997,86.462143
831,11dd74426e8374ac110c4036c77c09ab_000000000892,0.344520,301.644441,169.564427,234.185608,86.353706
832,11dd74426e8374ac110c4036c77c09ab_000000000893,0.338788,273.652406,145.104167,228.158310,96.283554
833,11dd74426e8374ac110c4036c77c09ab_000000000894,0.338788,296.068130,163.449901,227.370529,94.532936
834,11dd74426e8374ac110c4036c77c09ab_000000000895,0.338788,290.994285,158.121758,227.096466,94.619812
835,11dd74426e8374ac110c4036c77c09ab_000000000896,0.344520,298.412416,163.927194,230.495163,92.374641
836,11dd74426e8374ac110c4036c77c09ab_000000000897,0.344520,289.337527,161.367451,230.500534,92.394485
837,11dd74426e8374ac110c4036c77c09ab_000000000898,0.338788,287.213973,156.744458,226.418030,90.818535
838,11dd74426e8374ac110c4036c77c09ab_000000000899,0.338788,286.933931,159.209835,226.674988,90.750641
839,11dd74426e8374ac110c4036c77c09ab_000000000900,0.338788,288.167353,159.519674,224.388580,98.237724
840,11dd74426e8374ac110c4036c77c09ab_000000000901,0.338788,290.952846,160.939581,225.930145,90.249397
841,11dd74426e8374ac110c4036c77c09ab_000000000902,0.338788,290.315384,155.549279,224.407715,94.933151
842,11dd74426e8374ac110c4036c77c09ab_000000000903,0.338788,285.855531,157.509937,224.583679,94.730927
843,11dd74426e8374ac110c4036c77c09ab_000000000904,0.338788,284.121453,159.407909,225.669189,91.367172
844,11dd74426e8374ac110c4036c77c09ab_000000000905,0.327869,274.637571,154.163448,218.617325,87.899216
845,11dd74426e8374ac110c4036c77c09ab_000000000906,0.333241,278.843717,160.096363,222.387466,89.410049
846,11dd74426e8374ac110c4036c77c09ab_000000000907,0.327869,279.740330,157.715444,220.164688,88.553009
847,11dd74426e8374ac110c4036c77c09ab_000000000908,0.327869,277.819364,155.643761,220.136551,88.308922
848,11dd74426e8374ac110c4036c77c09ab_000000000909,0.327869,277.192563,156.456159,220.012222,88.053169
849,11dd74426e8374ac110c4036c77c09ab_000000000910,0.327869,280.900279,159.021807,220.040588,88.136963
850,11dd74426e8374ac110c4036c77c09ab_000000000911,0.327869,273.850178,160.690938,219.850952,87.977982
851,11dd74426e8374ac110c4036c77c09ab_000000000912,0.333241,280.804232,165.177055,223.323959,89.427078
852,11dd74426e8374ac110c4036c77c09ab_000000000913,0.333241,282.984474,164.752144,223.209717,89.427078
853,11dd74426e8374ac110c4036c77c09ab_000000000914,0.344520,292.670317,172.575154,230.551315,92.321861
854,11dd74426e8374ac110c4036c77c09ab_000000000915,0.344520,370.831467,213.686137,0.689041,0.689041
854,11dd74426e8374ac110c4036c77c09ab_000000000915,0.344520,293.922652,174.495933,230.514542,92.695847
855,11dd74426e8374ac110c4036c77c09ab_000000000916,0.333241,228.152087,169.548531,1.490309,1.341272
855,11dd74426e8374ac110c4036c77c09ab_000000000916,0.333241,278.664466,163.185217,217.189224,99.086388
856,11dd74426e8374ac110c4036c77c09ab_000000000917,0.333241,359.966226,206.892875,0.666482,0.666482
856,11dd74426e8374ac110c4036c77c09ab_000000000917,0.333241,281.260221,164.167458,217.224045,100.209595
857,11dd74426e8374ac110c4036c77c09ab_000000000918,0.333241,265.711419,183.444107,1.053805,0.632281
857,11dd74426e8374ac110c4036c77c09ab_000000000918,0.333241,262.156844,183.555200,1.053784,0.737649
857,11dd74426e8374ac110c4036c77c09ab_000000000918,0.333241,280.409912,164.646573,213.685181,104.819580
858,11dd74426e8374ac110c4036c77c09ab_000000000919,0.333241,280.227590,160.683145,215.014297,101.886719
859,11dd74426e8374ac110c4036c77c09ab_000000000920,0.338788,287.017925,160.604732,218.925507,101.974113
860,11dd74426e8374ac110c4036c77c09ab_000000000921,0.333241,279.756082,157.748840,219.620239,88.777534
861,11dd74426e8374ac110c4036c77c09ab_000000000922,0.327869,279.212066,155.717113,212.828934,98.036469
862,11dd74426e8374ac110c4036c77c09ab_000000000923,0.333241,273.844719,143.266311,217.979736,90.624771
863,11dd74426e8374ac110c4036c77c09ab_000000000924,0.333241,284.134484,158.298360,218.518616,86.162827
864,11dd74426e8374ac110c4036c77c09ab_000000000925,0.333241,278.509561,152.817298,218.599335,91.358902
865,11dd74426e8374ac110c4036c77c09ab_000000000926,0.333241,273.794379,151.465938,220.021423,88.842888
866,11dd74426e8374ac110c4036c77c09ab_000000000927,0.333241,271.817348,151.677762,221.733109,86.221298
867,11dd74426e8374ac110c4036c77c09ab_000000000928,0.333241,268.977602,153.922541,221.799423,86.423210
868,11dd74426e8374ac110c4036c77c09ab_000000000929,0.333241,276.005252,152.462457,221.189423,88.288589
869,11dd74426e8374ac110c4036c77c09ab_000000000930,0.327869,268.859523,145.764490,216.287781,87.982788
870,11dd74426e8374ac110c4036c77c09ab_000000000931,0.327869,273.936968,147.396170,215.900162,89.442314
871,11dd74426e8374ac110c4036c77c09ab_000000000932,0.327869,268.548764,152.815362,216.301605,89.088524
872,11dd74426e8374ac110c4036c77c09ab_000000000933,0.327869,268.558210,152.308540,216.012543,88.986328
873,11dd74426e8374ac110c4036c77c09ab_000000000934,0.337676,271.154617,155.383797,220.881500,95.035423
874,11dd74426e8374ac110c4036c77c09ab_000000000935,0.345599,288.912796,162.074309,226.353989,96.806862
875,11dd74426e8374ac110c4036c77c09ab_000000000936,0.345599,291.308680,163.811511,225.548080,99.162941
876,11dd74426e8374ac110c4036c77c09ab_000000000937,0.327869,283.319052,157.521362,214.306076,93.038269
877,11dd74426e8374ac110c4036c77c09ab_000000000938,0.327869,287.051181,161.481553,213.061462,96.166733
878,11dd74426e8374ac110c4036c77c09ab_000000000939,0.327869,304.594226,202.312712,1.639344,0.327869
878,11dd74426e8374ac110c4036c77c09ab_000000000939,0.327869,283.567055,155.873513,214.528473,93.416611
879,11dd74426e8374ac110c4036c77c09ab_000000000940,0.327869,288.620926,158.481215,214.276962,93.818687
880,11dd74426e8374ac110c4036c77c09ab_000000000941,0.327869,288.100086,162.852083,218.725845,86.403328
881,11dd74426e8374ac110c4036c77c09ab_000000000942,0.333241,292.160311,187.624952,1.332963,0.333241
881,11dd74426e8374ac110c4036c77c09ab_000000000942,0.333241,269.833178,184.847952,0.666482,0.999722
881,11dd74426e8374ac110c4036c77c09ab_000000000942,0.333241,293.920096,162.487230,222.179657,88.220444
882,11dd74426e8374ac110c4036c77c09ab_000000000943,0.344520,305.840067,173.503839,229.915665,90.721519
883,11dd74426e8374ac110c4036c77c09ab_000000000944,0.344520,301.117461,170.670755,225.160507,94.354347
884,11dd74426e8374ac110c4036c77c09ab_000000000945,0.344520,300.021384,168.969223,228.966705,91.744095
885,11dd74426e8374ac110c4036c77c09ab_000000000946,0.344520,295.929467,164.860053,223.520508,94.712219
886,11dd74426e8374ac110c4036c77c09ab_000000000947,0.350446,304.865589,169.240941,227.057312,97.018295
887,11dd74426e8374ac110c4036c77c09ab_000000000948,0.344520,306.371693,169.780372,223.913879,93.395226
888,11dd74426e8374ac110c4036c77c09ab_000000000949,0.333241,288.423230,160.124086,220.428238,88.633087
889,11dd74426e8374ac110c4036c77c09ab_000000000950,0.333241,289.700301,162.129388,220.499298,88.539108
890,11dd74426e8374ac110c4036c77c09ab_000000000951,0.343351,294.238749,159.910554,221.710373,95.237831
891,11dd74426e8374ac110c4036c77c09ab_000000000952,0.343351,298.752311,163.761693,221.734802,95.205307
892,11dd74426e8374ac110c4036c77c09ab_000000000953,0.345599,299.556987,164.115155,227.770004,91.414093
893,11dd74426e8374ac110c4036c77c09ab_000000000954,0.343351,348.675862,222.948443,1.716754,0.343351
893,11dd74426e8374ac110c4036c77c09ab_000000000954,0.343351,302.663375,169.791697,225.737350,90.932884
894,11dd74426e8374ac110c4036c77c09ab_000000000955,0.343351,297.113914,165.256267,226.070770,91.027084
895,11dd74426e8374ac110c4036c77c09ab_000000000956,0.343351,293.254717,162.612157,220.710312,94.960342
896,11dd74426e8374ac110c4036c77c09ab_000000000957,0.343351,301.784566,169.633015,225.512009,91.184090
897,11dd74426e8374ac110c4036c77c09ab_000000000958,0.343351,298.396554,168.242522,225.487900,90.958038
898,11dd74426e8374ac110c4036c77c09ab_000000000959,0.343351,358.038395,223.065212,0.686702,1.373403
898,11dd74426e8374ac110c4036c77c09ab_000000000959,0.343351,298.383813,168.387079,225.487900,91.207176
899,11dd74426e8374ac110c4036c77c09ab_000000000960,0.343351,301.470659,169.451301,225.552032,91.052719
900,11dd74426e8374ac110c4036c77c09ab_000000000961,0.343351,298.570346,168.443808,225.604126,91.077484
901,11dd74426e8374ac110c4036c77c09ab_000000000962,0.344520,297.982207,166.705605,226.061935,91.258888
902,11dd74426e8374ac110c4036c77c09ab_000000000963,0.343351,300.178169,170.780036,224.986542,90.486000
903,11dd74426e8374ac110c4036c77c09ab_000000000964,0.343351,291.883954,163.996709,223.931396,90.176193
904,11dd74426e8374ac110c4036c77c09ab_000000000965,0.343351,292.467089,166.738067,221.682526,90.440903
905,11dd74426e8374ac110c4036c77c09ab_000000000966,0.343351,298.401794,168.654421,222.371613,90.545486
906,11dd74426e8374ac110c4036c77c09ab_000000000967,0.344520,297.935315,166.114859,220.399673,87.811234
907,11dd74426e8374ac110c4036c77c09ab_000000000968,0.344520,299.386216,166.552669,218.162415,87.000664
908,11dd74426e8374ac110c4036c77c09ab_000000000969,0.343351,298.635437,164.074699,219.472748,86.281441
909,11dd74426e8374ac110c4036c77c09ab_000000000970,0.343351,337.500887,216.853128,1.628653,0.542888
909,11dd74426e8374ac110c4036c77c09ab_000000000970,0.343351,299.463595,165.231506,219.629211,86.252243
910,11dd74426e8374ac110c4036c77c09ab_000000000971,0.343351,299.979187,169.010691,218.035995,84.726608
911,11dd74426e8374ac110c4036c77c09ab_000000000972,0.344520,298.261625,168.750617,217.747177,85.145790
912,11dd74426e8374ac110c4036c77c09ab_000000000973,0.344520,302.528515,170.715366,221.557068,90.211067
913,11dd74426e8374ac110c4036c77c09ab_000000000974,0.343351,300.259647,168.975506,221.143082,90.384132
914,11dd74426e8374ac110c4036c77c09ab_000000000975,0.343351,297.080174,166.816402,221.158386,90.142838
915,11dd74426e8374ac110c4036c77c09ab_000000000976,0.344520,287.160008,158.652491,220.025787,90.271439
916,11dd74426e8374ac110c4036c77c09ab_000000000977,0.344520,289.802769,160.500336,215.951340,84.625755
917,11dd74426e8374ac110c4036c77c09ab_000000000978,0.343351,298.655136,166.924485,215.019180,85.031807
918,11dd74426e8374ac110c4036c77c09ab_000000000979,0.343351,347.111734,213.528824,1.030052,1.030052
918,11dd74426e8374ac110c4036c77c09ab_000000000979,0.343351,347.340641,211.382882,0.686702,1.030052
918,11dd74426e8374ac110c4036c77c09ab_000000000979,0.343351,296.632083,163.841684,215.204865,84.457253
919,11dd74426e8374ac110c4036c77c09ab_000000000980,0.343351,344.472643,213.655045,1.628653,1.085765
919,11dd74426e8374ac110c4036c77c09ab_000000000980,0.343351,293.077698,164.244247,215.004852,84.296814
920,11dd74426e8374ac110c4036c77c09ab_000000000981,0.338788,286.888770,160.496038,212.320663,83.591316
921,11dd74426e8374ac110c4036c77c09ab_000000000982,0.344520,296.382702,156.871179,215.947052,84.829056
922,11dd74426e8374ac110c4036c77c09ab_000000000983,0.339814,283.925326,150.531814,211.317245,85.281639
923,11dd74426e8374ac110c4036c77c09ab_000000000984,0.334216,281.458299,153.109009,209.890381,82.357170
924,11dd74426e8374ac110c4036c77c09ab_000000000985,0.334216,283.514922,158.394195,209.517136,82.199181
925,11dd74426e8374ac110c4036c77c09ab_000000000986,0.344520,287.984889,158.198889,216.111496,84.641449
926,11dd74426e8374ac110c4036c77c09ab_000000000987,0.344520,289.691973,161.491862,217.179871,83.950508
927,11dd74426e8374ac110c4036c77c09ab_000000000988,0.344520,291.037903,159.035945,217.605835,83.826248
928,11dd74426e8374ac110c4036c77c09ab_000000000989,0.344520,295.720913,155.921161,216.568787,84.126228
929,11dd74426e8374ac110c4036c77c09ab_000000000990,0.334216,279.653930,154.493272,210.142685,80.448563
930,11dd74426e8374ac110c4036c77c09ab_000000000991,0.334216,282.094644,153.237778,209.855759,80.696686
931,11dd74426e8374ac110c4036c77c09ab_000000000992,0.345599,298.628864,163.682502,201.545074,121.733009
932,11dd74426e8374ac110c4036c77c09ab_000000000993,0.345599,294.005402,158.991625,217.042007,82.464821
933,11dd74426e8374ac110c4036c77c09ab_000000000994,0.343351,291.209931,155.226699,215.467270,81.122940
934,11dd74426e8374ac110c4036c77c09ab_000000000995,0.344520,290.540573,157.550358,217.067734,83.079102
935,11dd74426e8374ac110c4036c77c09ab_000000000996,0.344520,288.152544,157.045605,217.498032,81.964607
936,11dd74426e8374ac110c4036c77c09ab_000000000997,0.343351,284.510714,146.604568,215.746399,80.814751
937,11dd74426e8374ac110c4036c77c09ab_000000000998,0.343351,280.993883,149.898485,215.150238,80.974533
938,11dd74426e8374ac110c4036c77c09ab_000000000999,0.344520,277.929681,145.096533,214.626328,99.487762
939,11dd74426e8374ac110c4036c77c09ab_000000001000,0.344520,294.457433,164.797831,214.096985,97.544907
940,11dd74426e8374ac110c4036c77c09ab_000000001001,0.343351,291.596327,162.297140,218.002945,90.894592
941,11dd74426e8374ac110c4036c77c09ab_000000001002,0.344520,333.186948,216.460153,7.626301,3.704205
941,11dd74426e8374ac110c4036c77c09ab_000000001002,0.344520,286.901071,152.418214,214.144241,93.189659
942,11dd74426e8374ac110c4036c77c09ab_000000001003,0.343351,328.478708,215.196372,6.570776,4.856645
942,11dd74426e8374ac110c4036c77c09ab_000000001003,0.343351,279.662833,153.684628,213.365356,93.010284
943,11dd74426e8374ac110c4036c77c09ab_000000001004,0.344520,330.703494,215.460131,5.512328,4.685478
943,11dd74426e8374ac110c4036c77c09ab_000000001004,0.344520,287.280603,155.803941,215.915131,90.493843
944,11dd74426e8374ac110c4036c77c09ab_000000001005,0.344520,331.915014,216.919801,4.628611,4.872250
944,11dd74426e8374ac110c4036c77c09ab_000000001005,0.344520,281.055893,153.681063,216.191086,89.944763
945,11dd74426e8374ac110c4036c77c09ab_000000001006,0.344520,329.179626,217.399825,5.084453,3.235568
945,11dd74426e8374ac110c4036c77c09ab_000000001006,0.344520,276.632556,154.250897,214.314514,92.465584
946,11dd74426e8374ac110c4036c77c09ab_000000001007,0.344520,332.234028,216.699408,4.776268,2.773338
946,11dd74426e8374ac110c4036c77c09ab_000000001007,0.344520,276.592519,151.245459,214.644669,91.739647
947,11dd74426e8374ac110c4036c77c09ab_000000001008,0.344520,331.598776,216.608148,4.468168,2.773336
947,11dd74426e8374ac110c4036c77c09ab_000000001008,0.344520,277.007168,153.571865,214.105804,93.290642
948,11dd74426e8374ac110c4036c77c09ab_000000001009,0.344520,330.317969,216.865571,4.902604,3.050512
948,11dd74426e8374ac110c4036c77c09ab_000000001009,0.344520,277.250040,156.746736,214.066528,93.608185
949,11dd74426e8374ac110c4036c77c09ab_000000001010,0.344520,330.072154,216.218060,4.622218,3.235560
949,11dd74426e8374ac110c4036c77c09ab_000000001010,0.344520,277.293105,157.131609,214.024887,93.592400
950,11dd74426e8374ac110c4036c77c09ab_000000001011,0.344520,330.339186,216.527148,5.347764,3.008109
950,11dd74426e8374ac110c4036c77c09ab_000000001011,0.344520,274.215362,151.281532,213.876083,93.436081
951,11dd74426e8374ac110c4036c77c09ab_000000001012,0.343351,329.495872,216.515561,5.211706,3.257316
951,11dd74426e8374ac110c4036c77c09ab_000000001012,0.343351,275.784964,154.227296,213.263275,92.920799
952,11dd74426e8374ac110c4036c77c09ab_000000001013,0.343351,329.461880,215.171958,4.777404,2.605843
952,11dd74426e8374ac110c4036c77c09ab_000000001013,0.343351,275.497755,155.226972,214.536118,92.056030
953,11dd74426e8374ac110c4036c77c09ab_000000001014,0.343351,330.654702,215.540079,4.621949,1.320561
953,11dd74426e8374ac110c4036c77c09ab_000000001014,0.343351,275.676074,155.190413,214.718460,91.093079
954,11dd74426e8374ac110c4036c77c09ab_000000001015,0.328798,315.141480,206.280392,3.429059,1.196177
954,11dd74426e8374ac110c4036c77c09ab_000000001015,0.328798,268.442555,151.399637,204.585037,88.906204
955,11dd74426e8374ac110c4036c77c09ab_000000001016,0.343351,280.042543,155.713686,213.500885,92.015228
956,11dd74426e8374ac110c4036c77c09ab_000000001017,0.322665,254.283354,145.462375,200.709030,86.306641
957,11dd74426e8374ac110c4036c77c09ab_000000001018,0.322665,260.660805,151.036365,203.942398,83.885063
958,11dd74426e8374ac110c4036c77c09ab_000000001019,0.343351,331.070771,215.463106,2.581502,1.415672
958,11dd74426e8374ac110c4036c77c09ab_000000001019,0.343351,273.745396,152.625257,212.924271,93.716408
959,11dd74426e8374ac110c4036c77c09ab_000000001020,0.343351,270.708091,150.338613,213.760391,91.633263
960,11dd74426e8374ac110c4036c77c09ab_000000001021,0.344520,276.999093,156.387833,214.385880,92.408997
961,11dd74426e8374ac110c4036c77c09ab_000000001022,0.344520,232.875974,186.762925,1.242200,0.573325
961,11dd74426e8374ac110c4036c77c09ab_000000001022,0.344520,279.580936,159.460865,213.061615,93.640060
962,11dd74426e8374ac110c4036c77c09ab_000000001023,0.344520,279.838780,156.306402,213.031647,93.751923
963,11dd74426e8374ac110c4036c77c09ab_000000001024,0.344520,279.866305,161.206041,211.481644,96.551857
964,11dd74426e8374ac110c4036c77c09ab_000000001025,0.344520,274.270749,155.182190,209.556229,99.833855
965,11dd74426e8374ac110c4036c77c09ab_000000001026,0.345599,273.006828,158.138670,210.225037,100.262093
966,11dd74426e8374ac110c4036c77c09ab_000000001027,0.345599,277.607825,155.755168,214.798996,90.429855
967,11dd74426e8374ac110c4036c77c09ab_000000001028,0.345599,279.198373,153.764282,215.051102,90.192398
968,11dd74426e8374ac110c4036c77c09ab_000000001029,0.344520,277.606483,151.607390,215.141556,89.759254
969,11dd74426e8374ac110c4036c77c09ab_000000001030,0.344520,276.980925,150.396932,215.325882,89.845619
970,11dd74426e8374ac110c4036c77c09ab_000000001031,0.345599,279.626343,149.560321,216.125961,90.117821
971,11dd74426e8374ac110c4036c77c09ab_000000001032,0.328798,261.991901,147.610925,206.243515,85.141373
972,11dd74426e8374ac110c4036c77c09ab_000000001033,0.327869,268.238345,151.122957,206.652695,84.815254
973,11dd74426e8374ac110c4036c77c09ab_000000001034,0.344520,285.027026,157.608342,215.666870,91.655083
974,11dd74426e8374ac110c4036c77c09ab_000000001035,0.333241,272.273236,150.708854,209.462006,86.564995
975,11dd74426e8374ac110c4036c77c09ab_000000001036,0.333241,268.405902,151.531583,209.637161,86.707375
976,11dd74426e8374ac110c4036c77c09ab_000000001037,0.343351,273.203923,154.616992,217.284180,88.832161
977,11dd74426e8374ac110c4036c77c09ab_000000001038,0.327869,265.160512,149.026479,204.615829,88.015793
978,11dd74426e8374ac110c4036c77c09ab_000000001039,0.339814,281.490380,161.029083,215.027817,87.898872
979,11dd74426e8374ac110c4036c77c09ab_000000001040,0.339814,276.884559,159.372688,215.324448,88.014717
980,11dd74426e8374ac110c4036c77c09ab_000000001041,0.339814,286.077908,165.977560,215.148239,88.199875
981,11dd74426e8374ac110c4036c77c09ab_000000001042,0.339814,280.729118,160.667896,215.178085,87.845428
982,11dd74426e8374ac110c4036c77c09ab_000000001043,0.334216,275.928836,157.302902,212.246552,86.931282
983,11dd74426e8374ac110c4036c77c09ab_000000001044,0.334216,274.843020,154.637350,212.001419,86.836334
984,11dd74426e8374ac110c4036c77c09ab_000000001045,0.322665,249.178148,177.386299,3.174595,1.587302
984,11dd74426e8374ac110c4036c77c09ab_000000001045,0.322665,269.193416,152.171678,199.970840,77.254898
985,11dd74426e8374ac110c4036c77c09ab_000000001050,0.344520,259.954140,159.953937,246.306580,82.662292
986,11dd74426e8374ac110c4036c77c09ab_000000001051,0.344520,265.852644,153.810584,245.429001,81.451912
987,11dd74426e8374ac110c4036c77c09ab_000000001052,0.344520,250.894980,137.157286,243.917435,115.501381
988,11dd74426e8374ac110c4036c77c09ab_000000001053,0.344520,259.040185,152.019189,248.333679,93.875488
989,11dd74426e8374ac110c4036c77c09ab_000000001054,0.344520,261.990625,162.223790,248.540146,94.060608
990,11dd74426e8374ac110c4036c77c09ab_000000001055,0.344520,272.260044,160.904659,243.364609,94.375725
991,11dd74426e8374ac110c4036c77c09ab_000000001056,0.344520,274.602863,166.763957,241.176071,93.910492
992,11dd74426e8374ac110c4036c77c09ab_000000001057,0.356575,282.579624,168.398659,249.521530,96.878342
993,11dd74426e8374ac110c4036c77c09ab_000000001058,0.356575,276.465794,162.907398,249.327362,91.495728
994,11dd74426e8374ac110c4036c77c09ab_000000001059,0.350446,276.076184,158.091201,245.703430,89.362991
995,11dd74426e8374ac110c4036c77c09ab_000000001060,0.350446,273.250456,152.994590,245.673416,89.159164
996,11dd74426e8374ac110c4036c77c09ab_000000001061,0.350446,266.125648,151.189571,245.422195,88.850998
997,11dd74426e8374ac110c4036c77c09ab_000000001062,0.351581,333.461172,208.273774,1.054744,0.703163
997,11dd74426e8374ac110c4036c77c09ab_000000001062,0.351581,260.582476,151.156613,247.128159,91.000389
998,11dd74426e8374ac110c4036c77c09ab_000000001063,0.351581,270.086286,156.663342,247.137558,91.065750
999,11dd74426e8374ac110c4036c77c09ab_000000001064,0.350446,259.197131,149.994731,246.082169,90.738617
1000,11dd74426e8374ac110c4036c77c09ab_000000001065,0.350446,267.710441,155.641191,246.071884,90.977425
1001,11dd74426e8374ac110c4036c77c09ab_000000001066,0.350446,258.760528,151.710652,245.414917,91.442131
1002,11dd74426e8374ac110c4036c77c09ab_000000001067,0.350446,266.385167,153.540911,245.580627,91.226761
1003,11dd74426e8374ac110c4036c77c09ab_000000001068,0.350446,265.001628,149.249306,244.778336,91.766052
1004,11dd74426e8374ac110c4036c77c09ab_000000001069,0.350446,262.233973,146.986657,243.788361,93.619888
1005,11dd74426e8374ac110c4036c77c09ab_000000001070,0.350446,257.503765,148.616668,243.729706,93.728737
1006,11dd74426e8374ac110c4036c77c09ab_000000001071,0.350446,265.018975,149.307260,245.163666,90.918861
1007,11dd74426e8374ac110c4036c77c09ab_000000001072,0.350446,260.321578,150.191749,245.114853,90.613556
1008,11dd74426e8374ac110c4036c77c09ab_000000001073,0.345599,254.740370,144.366370,241.838364,89.148628
1009,11dd74426e8374ac110c4036c77c09ab_000000001074,0.345599,254.576493,148.099573,243.006195,92.204781
1010,11dd74426e8374ac110c4036c77c09ab_000000001075,0.344520,260.605604,144.399197,240.553162,94.853546
1011,11dd74426e8374ac110c4036c77c09ab_000000001076,0.350446,259.856527,139.484238,244.062592,91.036606
1012,11dd74426e8374ac110c4036c77c09ab_000000001077,0.344520,262.404411,146.467971,241.753281,90.914757
1013,11dd74426e8374ac110c4036c77c09ab_000000001078,0.350446,257.979703,143.047712,243.916336,91.792923
1014,11dd74426e8374ac110c4036c77c09ab_000000001079,0.344520,249.918572,145.715793,242.243607,91.316170
1015,11dd74426e8374ac110c4036c77c09ab_000000001080,0.345599,256.876275,141.800492,241.292328,90.428108
1016,11dd74426e8374ac110c4036c77c09ab_000000001081,0.344520,257.066909,147.626385,242.235458,88.171288
1017,11dd74426e8374ac110c4036c77c09ab_000000001082,0.344520,244.255580,142.889176,240.711411,88.826859
1018,11dd74426e8374ac110c4036c77c09ab_000000001083,0.344520,251.584105,144.688624,241.197388,86.724571
1019,11dd74426e8374ac110c4036c77c09ab_000000001084,0.344520,252.020938,143.741056,240.932434,86.841110
1020,11dd74426e8374ac110c4036c77c09ab_000000001085,0.344520,231.448119,141.153399,243.886292,96.979637
1021,11dd74426e8374ac110c4036c77c09ab_000000001086,0.344520,264.720588,165.050018,244.219788,97.157867
1022,11dd74426e8374ac110c4036c77c09ab_000000001087,0.344520,262.785605,161.455011,243.870331,97.467567
1023,11dd74426e8374ac110c4036c77c09ab_000000001088,0.344520,257.717280,163.035455,243.870377,97.238121
1024,11dd74426e8374ac110c4036c77c09ab_000000001089,0.344520,260.318721,159.647172,243.972229,96.951141
1025,11dd74426e8374ac110c4036c77c09ab_000000001090,0.344520,260.545549,159.145321,244.119553,96.872978
1026,11dd74426e8374ac110c4036c77c09ab_000000001091,0.344520,269.264941,163.076690,244.332260,96.917770
1027,11dd74426e8374ac110c4036c77c09ab_000000001092,0.328798,243.748932,148.581013,233.177200,92.683968
1028,11dd74426e8374ac110c4036c77c09ab_000000001093,0.328798,250.025774,150.925033,232.910736,92.643059
1029,11dd74426e8374ac110c4036c77c09ab_000000001094,0.338788,258.805204,156.578351,240.219482,95.620293
1030,11dd74426e8374ac110c4036c77c09ab_000000001095,0.334216,245.320532,149.448784,237.013840,94.341446
1031,11dd74426e8374ac110c4036c77c09ab_000000001096,0.334216,256.447958,158.890491,237.015152,94.501900
1032,11dd74426e8374ac110c4036c77c09ab_000000001097,0.334216,256.257207,156.345650,236.992462,94.800827
1033,11dd74426e8374ac110c4036c77c09ab_000000001098,0.334216,252.846686,148.291042,235.780884,101.109482
1034,11dd74426e8374ac110c4036c77c09ab_000000001099,0.338788,252.700685,150.571515,237.704849,103.329239
1035,11dd74426e8374ac110c4036c77c09ab_000000001100,0.338788,327.725744,217.404155,4.404250,1.016365
1035,11dd74426e8374ac110c4036c77c09ab_000000001100,0.338788,252.842991,148.781771,237.582581,102.538521
1036,11dd74426e8374ac110c4036c77c09ab_000000001101,0.333241,324.073017,213.743837,0.999722,0.666482
1036,11dd74426e8374ac110c4036c77c09ab_000000001101,0.333241,241.422165,148.262177,234.527756,94.535866
1037,11dd74426e8374ac110c4036c77c09ab_000000001102,0.333241,246.285357,146.048578,234.515594,94.895813
1038,11dd74426e8374ac110c4036c77c09ab_000000001103,0.333241,248.266109,152.108337,234.195633,95.311562
1039,11dd74426e8374ac110c4036c77c09ab_000000001104,0.327869,236.122947,142.441806,230.306976,93.864304
1040,11dd74426e8374ac110c4036c77c09ab_000000001105,0.333241,242.532777,148.657229,233.932388,95.425545
1041,11dd74426e8374ac110c4036c77c09ab_000000001106,0.338788,251.552083,154.951685,238.902039,97.009430
1042,11dd74426e8374ac110c4036c77c09ab_000000001107,0.338788,255.132604,156.754580,239.035019,96.764381
1043,11dd74426e8374ac110c4036c77c09ab_000000001108,0.333241,243.859008,146.636052,234.173401,99.127213
1044,11dd74426e8374ac110c4036c77c09ab_000000001109,0.338788,251.632252,149.386675,237.977676,100.845024
1045,11dd74426e8374ac110c4036c77c09ab_000000001110,0.338788,253.299644,149.604353,238.244827,100.941589
1046,11dd74426e8374ac110c4036c77c09ab_000000001111,0.338788,245.702317,149.453899,238.019684,100.995743
1047,11dd74426e8374ac110c4036c77c09ab_000000001119,0.333241,231.568822,128.561797,239.958588,88.022865
1048,11dd74426e8374ac110c4036c77c09ab_000000001120,0.333241,244.080687,140.804348,237.733932,93.385574
1049,11dd74426e8374ac110c4036c77c09ab_000000001121,0.338788,235.659588,146.329143,244.242966,94.416878
1050,11dd74426e8374ac110c4036c77c09ab_000000001122,0.338788,243.416528,152.123513,243.068756,92.438194
1051,11dd74426e8374ac110c4036c77c09ab_000000001123,0.338788,253.678754,149.683477,243.244232,92.613297
1052,11dd74426e8374ac110c4036c77c09ab_000000001124,0.337676,239.081517,152.956071,240.665100,92.016159
1053,11dd74426e8374ac110c4036c77c09ab_000000001125,0.337676,247.079393,157.243694,240.439255,91.897339
1054,11dd74426e8374ac110c4036c77c09ab_000000001126,0.337676,241.243785,157.209121,240.995346,91.923103
1055,11dd74426e8374ac110c4036c77c09ab_000000001127,0.338788,246.552183,155.718508,241.684982,92.641747
1056,11dd74426e8374ac110c4036c77c09ab_000000001128,0.338788,241.366428,155.228088,242.299377,93.270340
1057,11dd74426e8374ac110c4036c77c09ab_000000001129,0.338788,242.036044,153.621841,241.734375,93.100685
1058,11dd74426e8374ac110c4036c77c09ab_000000001130,0.338788,239.595336,152.874776,241.748352,93.005951
1059,11dd74426e8374ac110c4036c77c09ab_000000001131,0.338788,244.412340,155.321304,240.975067,92.774605
1060,11dd74426e8374ac110c4036c77c09ab_000000001132,0.338788,245.139834,153.185153,240.661484,92.765770
1061,11dd74426e8374ac110c4036c77c09ab_000000001133,0.338788,241.713240,152.633081,241.121826,92.956116
1062,11dd74426e8374ac110c4036c77c09ab_000000001134,0.337676,237.151978,149.983547,240.242142,92.157585
1063,11dd74426e8374ac110c4036c77c09ab_000000001135,0.338788,240.545966,154.547182,242.659210,93.099724
1064,11dd74426e8374ac110c4036c77c09ab_000000001136,0.338788,237.734171,150.971644,243.049454,91.890694
1065,11dd74426e8374ac110c4036c77c09ab_000000001137,0.338788,238.232552,150.525000,242.849243,91.890678
1066,11dd74426e8374ac110c4036c77c09ab_000000001138,0.343351,295.931906,201.776331,1.228426,0.614213
1066,11dd74426e8374ac110c4036c77c09ab_000000001138,0.343351,236.988523,153.993453,245.615982,93.629166
1067,11dd74426e8374ac110c4036c77c09ab_000000001139,0.343351,225.732699,148.255550,246.078369,93.724754
1068,11dd74426e8374ac110c4036c77c09ab_000000001140,0.333241,227.576970,149.384078,238.900604,90.927933
1069,11dd74426e8374ac110c4036c77c09ab_000000001141,0.333241,230.540055,148.321812,238.704376,90.529877
1070,11dd74426e8374ac110c4036c77c09ab_000000001142,0.344520,231.764231,149.659106,246.754807,94.220161
1071,11dd74426e8374ac110c4036c77c09ab_000000001143,0.344520,241.512853,153.518181,246.636337,94.429794
1072,11dd74426e8374ac110c4036c77c09ab_000000001144,0.344520,242.604325,153.753452,246.819229,94.628716
1073,11dd74426e8374ac110c4036c77c09ab_000000001145,0.344520,236.549710,148.724849,249.079056,94.716270
1074,11dd74426e8374ac110c4036c77c09ab_000000001146,0.344520,233.611886,147.903795,248.975616,94.608040
1075,11dd74426e8374ac110c4036c77c09ab_000000001147,0.333241,222.022910,143.729531,241.881348,91.195557
1076,11dd74426e8374ac110c4036c77c09ab_000000001148,0.344520,232.764316,151.452078,250.060760,94.272621
1077,11dd74426e8374ac110c4036c77c09ab_000000001149,0.350446,239.280316,146.715395,254.774078,98.323357
1078,11dd74426e8374ac110c4036c77c09ab_000000001150,0.344520,238.085816,147.340017,250.199005,95.924454
1079,11dd74426e8374ac110c4036c77c09ab_000000001151,0.344520,242.677060,151.495837,249.456360,96.051208
1080,11dd74426e8374ac110c4036c77c09ab_000000001152,0.343351,237.978612,148.488523,248.609634,95.722931
1081,11dd74426e8374ac110c4036c77c09ab_000000001153,0.343351,240.262301,152.965035,248.609833,95.720795
1082,11dd74426e8374ac110c4036c77c09ab_000000001154,0.350446,242.902440,155.476930,253.738144,97.916145
1083,11dd74426e8374ac110c4036c77c09ab_000000001155,0.343351,237.176733,152.333826,248.617310,95.843956
1084,11dd74426e8374ac110c4036c77c09ab_000000001156,0.344520,243.990545,153.558050,249.590363,95.644188
1085,11dd74426e8374ac110c4036c77c09ab_000000001157,0.344520,242.992773,151.334869,249.344925,95.495667
1086,11dd74426e8374ac110c4036c77c09ab_000000001158,0.345599,247.637683,156.208988,250.909149,96.151680
1087,11dd74426e8374ac110c4036c77c09ab_000000001159,0.345599,247.413605,161.490815,252.645309,96.036011
1088,11dd74426e8374ac110c4036c77c09ab_000000001160,0.345599,244.311209,159.260348,252.653687,95.826141
1089,11dd74426e8374ac110c4036c77c09ab_000000001161,0.345599,250.097059,157.707779,253.639328,95.280312
1090,11dd74426e8374ac110c4036c77c09ab_000000001162,0.345599,250.079404,156.974288,254.305313,95.397453
1091,11dd74426e8374ac110c4036c77c09ab_000000001163,0.344520,242.497714,152.400656,254.156143,95.198196
1092,11dd74426e8374ac110c4036c77c09ab_000000001164,0.343351,247.169931,155.739682,253.201752,94.787766
1093,11dd74426e8374ac110c4036c77c09ab_000000001165,0.343351,244.715509,156.487818,253.318069,94.690224
1094,11dd74426e8374ac110c4036c77c09ab_000000001166,0.344520,256.267788,160.077381,258.100342,94.808044
1095,11dd74426e8374ac110c4036c77c09ab_000000001167,0.344520,256.071177,164.114142,258.755310,94.795982
1096,11dd74426e8374ac110c4036c77c09ab_000000001168,0.343351,240.081258,154.659586,258.218658,94.606171
1097,11dd74426e8374ac110c4036c77c09ab_000000001169,0.343351,244.588282,153.764315,258.650818,94.602554
1098,11dd74426e8374ac110c4036c77c09ab_000000001170,0.343351,247.484844,150.758486,263.012482,94.481895
1099,11dd74426e8374ac110c4036c77c09ab_000000001171,0.343351,250.229366,157.323383,264.059418,94.570625
1100,11dd74426e8374ac110c4036c77c09ab_000000001172,0.344520,254.804459,158.100815,267.827087,94.901100
1101,11dd74426e8374ac110c4036c77c09ab_000000001173,0.343351,310.668433,201.345340,1.628653,1.628653
1101,11dd74426e8374ac110c4036c77c09ab_000000001173,0.343351,322.154338,201.770442,2.295320,2.040280
1101,11dd74426e8374ac110c4036c77c09ab_000000001173,0.343351,316.260143,201.933924,3.776859,3.776859
1101,11dd74426e8374ac110c4036c77c09ab_000000001173,0.343351,243.231875,155.853245,264.708588,89.935524
1102,11dd74426e8374ac110c4036c77c09ab_000000001174,0.343351,233.564006,143.276398,263.713898,94.476540
1103,11dd74426e8374ac110c4036c77c09ab_000000001175,0.351581,240.356124,153.302891,280.464569,91.310020
1104,11dd74426e8374ac110c4036c77c09ab_000000001176,0.345599,235.101980,148.473395,273.607117,95.375763
1105,11dd74426e8374ac110c4036c77c09ab_000000001177,0.345599,235.215316,146.335550,281.620941,89.621613
1106,11dd74426e8374ac110c4036c77c09ab_000000001178,0.345599,247.912660,150.058575,282.517700,89.621613
1107,11dd74426e8374ac110c4036c77c09ab_000000001179,0.345599,236.919222,148.216759,285.807434,89.567604
1108,11dd74426e8374ac110c4036c77c09ab_000000001180,0.344520,241.876635,152.503166,285.314178,89.288109
1109,11dd74426e8374ac110c4036c77c09ab_000000001181,0.344520,244.773685,145.011455,287.185547,90.546600
1110,11dd74426e8374ac110c4036c77c09ab_000000001182,0.344520,243.418629,147.347787,287.377106,90.222702
1111,11dd74426e8374ac110c4036c77c09ab_000000001183,0.345599,239.878856,151.474742,288.734070,90.039711
1112,11dd74426e8374ac110c4036c77c09ab_000000001184,0.344520,240.501307,147.472745,280.791962,89.758728
1113,11dd74426e8374ac110c4036c77c09ab_000000001185,0.344520,254.805678,150.835457,279.721832,89.822098
1114,11dd74426e8374ac110c4036c77c09ab_000000001186,0.345599,374.344124,149.678077,1.036797,1.036797
1114,11dd74426e8374ac110c4036c77c09ab_000000001186,0.345599,237.465506,143.336344,286.261292,90.213066
1115,11dd74426e8374ac110c4036c77c09ab_000000001187,0.345599,373.457852,149.639233,0.772788,0.618227
1115,11dd74426e8374ac110c4036c77c09ab_000000001187,0.345599,242.976421,143.910873,287.623291,90.462936
1116,11dd74426e8374ac110c4036c77c09ab_000000001188,0.344520,242.238482,139.674741,287.238159,99.776405
1117,11dd74426e8374ac110c4036c77c09ab_000000001189,0.345599,242.494114,145.228364,295.636658,90.565048
1118,11dd74426e8374ac110c4036c77c09ab_000000001190,0.345599,258.596971,141.718817,297.452576,86.855240
1119,11dd74426e8374ac110c4036c77c09ab_000000001191,0.345599,239.455906,142.885235,309.789642,96.130112
1120,11dd74426e8374ac110c4036c77c09ab_000000001192,0.345599,244.605677,146.108593,305.445618,96.391228
1121,11dd74426e8374ac110c4036c77c09ab_000000001193,0.345599,241.725460,141.352030,313.459991,102.745422
1122,11dd74426e8374ac110c4036c77c09ab_000000001194,0.345599,248.973589,143.866988,313.547241,93.222656
1123,11dd74426e8374ac110c4036c77c09ab_000000001195,0.345599,221.111951,137.264643,321.304352,94.354973
1124,11dd74426e8374ac110c4036c77c09ab_000000001196,0.343351,243.115755,140.095143,317.774933,89.401260
1125,11dd74426e8374ac110c4036c77c09ab_000000001197,0.343351,238.970104,142.220192,318.381378,90.041481
1126,11dd74426e8374ac110c4036c77c09ab_000000001198,0.344520,250.104858,146.121505,319.342804,95.656288
1127,11dd74426e8374ac110c4036c77c09ab_000000001199,0.344520,242.731438,143.062025,321.284088,89.902237
1128,11dd74426e8374ac110c4036c77c09ab_000000001200,0.345599,253.810835,143.216817,320.392761,88.137260
1129,11dd74426e8374ac110c4036c77c09ab_000000001201,0.345599,97.303487,112.479825,1.530031,3.715795
1129,11dd74426e8374ac110c4036c77c09ab_000000001201,0.345599,241.487524,136.976250,312.421478,103.679688
1130,11dd74426e8374ac110c4036c77c09ab_000000001202,0.338788,244.202396,181.244153,2.249808,1.392746
1130,11dd74426e8374ac110c4036c77c09ab_000000001202,0.338788,96.490619,114.502816,1.355154,0.677577
1130,11dd74426e8374ac110c4036c77c09ab_000000001202,0.338788,96.038908,111.950613,1.693953,2.168247
1130,11dd74426e8374ac110c4036c77c09ab_000000001202,0.338788,252.233320,142.183792,305.143463,86.457878
1131,11dd74426e8374ac110c4036c77c09ab_000000001203,0.338788,95.659135,105.710880,2.892626,3.749703
1131,11dd74426e8374ac110c4036c77c09ab_000000001203,0.338788,240.236582,137.434488,282.136505,163.934235
1132,11dd74426e8374ac110c4036c77c09ab_000000001204,0.338788,214.929411,143.118799,388.570374,107.782524
1133,11dd74426e8374ac110c4036c77c09ab_000000001205,0.338788,424.355412,226.565876,1.221491,0.751708
1133,11dd74426e8374ac110c4036c77c09ab_000000001205,0.338788,257.796676,156.961525,387.461700,95.690437
1134,11dd74426e8374ac110c4036c77c09ab_000000001206,0.338788,275.822935,167.056538,286.987762,290.693939
1135,11dd74426e8374ac110c4036c77c09ab_000000001207,0.338788,281.718999,162.012180,313.197998,270.587463
1136,11dd74426e8374ac110c4036c77c09ab_000000001208,0.338788,281.482960,162.736903,315.289764,268.974915
1137,11dd74426e8374ac110c4036c77c09ab_000000001209,0.333241,287.236507,168.454150,312.126312,264.185486
1138,11dd74426e8374ac110c4036c77c09ab_000000001210,0.327869,259.322270,155.591351,375.615936,92.569199
1139,11dd74426e8374ac110c4036c77c09ab_000000001211,0.333241,416.320935,196.597090,0.666482,0.666482
1139,11dd74426e8374ac110c4036c77c09ab_000000001211,0.333241,415.321213,194.930886,1.341302,0.447093
1139,11dd74426e8374ac110c4036c77c09ab_000000001211,0.333241,263.299084,157.312092,318.025726,260.213867
1140,11dd74426e8374ac110c4036c77c09ab_000000001212,0.333241,416.754694,195.124497,3.142438,1.478786
1140,11dd74426e8374ac110c4036c77c09ab_000000001212,0.333241,274.304410,159.973656,381.211426,95.524887
1141,11dd74426e8374ac110c4036c77c09ab_000000001213,0.327869,409.127097,191.471628,3.091781,1.454948
1141,11dd74426e8374ac110c4036c77c09ab_000000001213,0.327869,268.116915,159.813623,294.748871,269.042572
1142,11dd74426e8374ac110c4036c77c09ab_000000001214,0.327869,410.614794,204.488886,0.655738,0.655738
1142,11dd74426e8374ac110c4036c77c09ab_000000001214,0.327869,409.521925,197.494337,0.879807,1.026391
1142,11dd74426e8374ac110c4036c77c09ab_000000001214,0.327869,283.712799,166.010342,374.513916,93.331749
1143,11dd74426e8374ac110c4036c77c09ab_000000001215,0.327869,410.470631,207.124003,0.733142,0.586510
1143,11dd74426e8374ac110c4036c77c09ab_000000001215,0.327869,275.498107,163.243428,290.291351,270.412689
1144,11dd74426e8374ac110c4036c77c09ab_000000001216,0.333241,290.253919,165.312759,296.440857,273.840820
1145,11dd74426e8374ac110c4036c77c09ab_000000001217,0.333241,288.302292,162.544892,298.210022,271.897491
1146,11dd74426e8374ac110c4036c77c09ab_000000001218,0.338788,290.472372,165.571764,309.374786,275.605286
1147,11dd74426e8374ac110c4036c77c09ab_000000001219,0.337676,302.782909,170.482494,319.066193,265.055603
1148,11dd74426e8374ac110c4036c77c09ab_000000001220,0.337676,297.253093,166.002722,310.945831,272.178802
1149,11dd74426e8374ac110c4036c77c09ab_000000001221,0.337676,293.834783,163.665361,312.842224,271.063171
1150,11dd74426e8374ac110c4036c77c09ab_000000001222,0.337676,287.757852,165.226360,307.826416,276.249298
1151,11dd74426e8374ac110c4036c77c09ab_000000001223,0.338788,277.490843,167.372850,310.371460,274.234497
1152,11dd74426e8374ac110c4036c77c09ab_000000001224,0.337676,282.860210,165.103874,305.065552,277.528473
1153,11dd74426e8374ac110c4036c77c09ab_000000001225,0.337676,288.569766,169.026936,304.283966,278.652100
1154,11dd74426e8374ac110c4036c77c09ab_000000001226,0.344520,274.794490,166.966540,314.221558,282.108246
1155,11dd74426e8374ac110c4036c77c09ab_000000001227,0.344520,281.033246,170.517956,392.730591,99.945633
1156,11dd74426e8374ac110c4036c77c09ab_000000001228,0.337676,276.006009,165.688583,384.177460,98.343300
1157,11dd74426e8374ac110c4036c77c09ab_000000001229,0.337676,273.758106,163.839588,384.177460,98.343300
1158,11dd74426e8374ac110c4036c77c09ab_000000001230,0.337676,265.639187,162.992709,385.330627,98.343300
1159,11dd74426e8374ac110c4036c77c09ab_000000001231,0.338788,260.469742,161.550606,386.602905,98.279892
