instance_id,frame_id,frame_name,nm_per_pixel,area_nm2,cx_nm,cy_nm
1,0,11dd74426e8374ac110c4036c77c09ab_000000000000,0.398252,8078.033307,306.124217,193.854718
1,1,11dd74426e8374ac110c4036c77c09ab_000000000001,0.398252,8020.301348,328.530070,195.995186
1,2,11dd74426e8374ac110c4036c77c09ab_000000000002,0.398252,7963.203807,327.030380,196.958900
1,3,11dd74426e8374ac110c4036c77c09ab_000000000003,0.398252,7948.929421,325.616228,196.380920
1,4,11dd74426e8374ac110c4036c77c09ab_000000000004,0.390658,7766.501335,323.290945,196.654171
1,5,11dd74426e8374ac110c4036c77c09ab_000000000005,0.390658,7769.553605,318.984386,195.148193
1,6,11dd74426e8374ac110c4036c77c09ab_000000000006,0.392232,7868.615385,328.783817,197.445138
1,7,11dd74426e8374ac110c4036c77c09ab_000000000007,0.390658,7361.770317,324.841010,197.224850
1,8,11dd74426e8374ac110c4036c77c09ab_000000000008,0.390658,7303.777184,331.124845,197.788733
1,9,11dd74426e8374ac110c4036c77c09ab_000000000009,0.398252,7708.168121,336.036908,204.041878
1,10,11dd74426e8374ac110c4036c77c09ab_000000000010,0.398252,7724.028549,336.736376,204.592488
2,11,11dd74426e8374ac110c4036c77c09ab_000000000011,0.398252,0.317209,388.639897,237.669800
3,11,11dd74426e8374ac110c4036c77c09ab_000000000011,0.398252,7745.915940,340.685055,205.886367
4,12,11dd74426e8374ac110c4036c77c09ab_000000000012,0.398252,7738.937351,336.158444,204.993097
4,13,11dd74426e8374ac110c4036c77c09ab_000000000013,0.390658,7531.171309,328.435448,202.937731
4,14,11dd74426e8374ac110c4036c77c09ab_000000000014,0.390658,7361.159863,315.759576,195.340279
4,15,11dd74426e8374ac110c4036c77c09ab_000000000015,0.390658,7296.756963,326.873532,201.697540
4,16,11dd74426e8374ac110c4036c77c09ab_000000000016,0.390658,7310.186952,331.400217,200.141943
4,17,11dd74426e8374ac110c4036c77c09ab_000000000017,0.383342,7045.701690,324.120412,197.223490
4,18,11dd74426e8374ac110c4036c77c09ab_000000000018,0.383342,7063.041881,320.832925,195.835140
4,19,11dd74426e8374ac110c4036c77c09ab_000000000019,0.383342,7086.554004,320.521273,196.549460
4,20,11dd74426e8374ac110c4036c77c09ab_000000000020,0.390658,7368.180084,326.991202,198.221356
4,21,11dd74426e8374ac110c4036c77c09ab_000000000021,0.390658,7377.031667,326.820265,197.095139
4,22,11dd74426e8374ac110c4036c77c09ab_000000000022,0.390658,7343.151469,324.615114,200.247333
4,23,11dd74426e8374ac110c4036c77c09ab_000000000023,0.390658,7351.392598,325.360091,199.013759
4,24,11dd74426e8374ac110c4036c77c09ab_000000000024,0.390658,7346.508966,328.277721,201.958321
4,25,11dd74426e8374ac110c4036c77c09ab_000000000025,0.390658,7372.758489,326.779349,202.835465
4,26,11dd74426e8374ac110c4036c77c09ab_000000000026,0.390658,7365.127814,327.579144,204.087506
4,27,11dd74426e8374ac110c4036c77c09ab_000000000027,0.390658,7391.682564,329.433457,201.836502
4,28,11dd74426e8374ac110c4036c77c09ab_000000000028,0.390658,7373.368943,328.004327,204.466933
4,29,11dd74426e8374ac110c4036c77c09ab_000000000029,0.390658,7364.212133,329.720894,202.420415
4,30,11dd74426e8374ac110c4036c77c09ab_000000000030,0.390658,7365.738268,330.103278,204.616410
5,31,11dd74426e8374ac110c4036c77c09ab_000000000031,0.390658,1.526135,387.108128,229.662286
6,31,11dd74426e8374ac110c4036c77c09ab_000000000031,0.390658,7354.139641,328.125454,201.079293
7,32,11dd74426e8374ac110c4036c77c09ab_000000000032,0.390658,7388.935521,333.103313,201.481849
7,33,11dd74426e8374ac110c4036c77c09ab_000000000033,0.390658,7409.080504,328.942798,203.835023
7,34,11dd74426e8374ac110c4036c77c09ab_000000000034,0.383342,7237.031594,325.623619,200.991370
7,35,11dd74426e8374ac110c4036c77c09ab_000000000035,0.383342,7257.016899,326.829423,200.435356
7,36,11dd74426e8374ac110c4036c77c09ab_000000000036,0.383342,7277.590007,322.667251,198.950750
7,37,11dd74426e8374ac110c4036c77c09ab_000000000037,0.383342,7265.833946,321.771298,196.810551
7,38,11dd74426e8374ac110c4036c77c09ab_000000000038,0.383342,7267.009552,321.450053,197.809967
7,39,11dd74426e8374ac110c4036c77c09ab_000000000039,0.383342,7337.545922,321.678738,197.171712
7,40,11dd74426e8374ac110c4036c77c09ab_000000000040,0.383342,7375.165320,324.026846,197.385914
7,41,11dd74426e8374ac110c4036c77c09ab_000000000041,0.390658,7698.435712,328.140714,202.560783
7,42,11dd74426e8374ac110c4036c77c09ab_000000000042,0.390658,7693.552079,329.085479,200.685440
7,43,11dd74426e8374ac110c4036c77c09ab_000000000043,0.390658,8400.152614,316.490128,200.258683
7,44,11dd74426e8374ac110c4036c77c09ab_000000000044,0.390658,8329.034720,328.608793,199.634415
7,45,11dd74426e8374ac110c4036c77c09ab_000000000045,0.390658,8306.753148,331.442683,200.517842
7,46,11dd74426e8374ac110c4036c77c09ab_000000000046,0.390658,8331.171309,325.085672,198.022534
7,47,11dd74426e8374ac110c4036c77c09ab_000000000047,0.390658,8296.070202,329.791401,201.666615
7,48,11dd74426e8374ac110c4036c77c09ab_000000000048,0.390658,8262.190004,328.697731,200.090893
7,49,11dd74426e8374ac110c4036c77c09ab_000000000049,0.383342,7955.914769,325.564353,197.874661
7,50,11dd74426e8374ac110c4036c77c09ab_000000000050,0.392232,8308.307692,333.033830,201.928158
7,51,11dd74426e8374ac110c4036c77c09ab_000000000051,0.392232,8291.384615,334.137701,202.288191
7,52,11dd74426e8374ac110c4036c77c09ab_000000000052,0.390658,8203.586417,330.449157,202.055365
7,53,11dd74426e8374ac110c4036c77c09ab_000000000059,0.390658,8624.494468,317.646841,193.707237
7,54,11dd74426e8374ac110c4036c77c09ab_000000000060,0.390658,8532.621137,322.655649,193.054845
7,55,11dd74426e8374ac110c4036c77c09ab_000000000061,0.390658,8536.283861,320.568811,192.163049
7,56,11dd74426e8374ac110c4036c77c09ab_000000000062,0.390658,8739.259824,326.576581,196.810730
7,57,11dd74426e8374ac110c4036c77c09ab_000000000063,0.390658,8786.264784,328.137185,195.706497
7,58,11dd74426e8374ac110c4036c77c09ab_000000000064,0.390658,8791.453644,328.681326,194.639639
7,59,11dd74426e8374ac110c4036c77c09ab_000000000065,0.390658,8797.558184,329.455298,198.164632
7,60,11dd74426e8374ac110c4036c77c09ab_000000000066,0.390658,8680.045784,327.299718,197.405932
7,61,11dd74426e8374ac110c4036c77c09ab_000000000067,0.390658,8781.533766,328.505597,197.259388
7,62,11dd74426e8374ac110c4036c77c09ab_000000000068,0.390658,8796.642503,330.160241,197.193841
7,63,11dd74426e8374ac110c4036c77c09ab_000000000069,0.390658,8814.498283,331.215332,196.758440
7,64,11dd74426e8374ac110c4036c77c09ab_000000000070,0.390658,8818.618848,332.395651,197.442699
7,65,11dd74426e8374ac110c4036c77c09ab_000000000071,0.390658,8897.367417,326.528130,194.972761
7,66,11dd74426e8374ac110c4036c77c09ab_000000000072,0.390658,8894.009920,325.915152,194.066397
7,67,11dd74426e8374ac110c4036c77c09ab_000000000073,0.383342,8595.738428,328.986023,194.925851
7,68,11dd74426e8374ac110c4036c77c09ab_000000000074,0.383342,8586.333578,315.824660,190.640352
7,69,11dd74426e8374ac110c4036c77c09ab_000000000075,0.383342,8604.702425,319.138539,190.501185
7,70,11dd74426e8374ac110c4036c77c09ab_000000000076,0.390658,8916.596719,333.467504,197.048560
7,71,11dd74426e8374ac110c4036c77c09ab_000000000077,0.390658,8918.733308,333.933413,199.467245
7,72,11dd74426e8374ac110c4036c77c09ab_000000000078,0.390658,8933.078977,337.279660,198.127769
7,73,11dd74426e8374ac110c4036c77c09ab_000000000079,0.390658,8908.660816,335.064184,199.721576
7,74,11dd74426e8374ac110c4036c77c09ab_000000000080,0.383342,8606.318883,331.244449,195.919008
7,75,11dd74426e8374ac110c4036c77c09ab_000000000081,0.383342,8625.716385,331.945082,197.078263
7,76,11dd74426e8374ac110c4036c77c09ab_000000000082,0.383342,8635.121234,330.625333,195.439328
7,77,11dd74426e8374ac110c4036c77c09ab_000000000083,0.383342,8605.437179,330.600064,195.538650
7,78,11dd74426e8374ac110c4036c77c09ab_000000000084,0.383342,8608.963997,336.265840,198.744807
7,79,11dd74426e8374ac110c4036c77c09ab_000000000085,0.383342,8559.294636,334.259895,196.703345
7,80,11dd74426e8374ac110c4036c77c09ab_000000000086,0.383342,8582.512858,334.076904,196.363616
7,81,11dd74426e8374ac110c4036c77c09ab_000000000087,0.383342,8536.664217,333.227114,197.881119
7,82,11dd74426e8374ac110c4036c77c09ab_000000000088,0.383342,8557.237325,335.412797,196.042511
7,83,11dd74426e8374ac110c4036c77c09ab_000000000089,0.383342,8526.965467,334.667640,196.181046
7,84,11dd74426e8374ac110c4036c77c09ab_000000000090,0.383342,8473.769287,334.322529,196.929012
7,85,11dd74426e8374ac110c4036c77c09ab_000000000091,0.383342,8453.196179,335.121197,195.977829
7,86,11dd74426e8374ac110c4036c77c09ab_000000000092,0.376288,8236.176991,327.552507,189.328182
7,87,11dd74426e8374ac110c4036c77c09ab_000000000093,0.376288,8226.265487,326.991864,191.072845
7,88,11dd74426e8374ac110c4036c77c09ab_000000000094,0.383342,8552.534901,337.627610,195.987445
7,89,11dd74426e8374ac110c4036c77c09ab_000000000095,0.383342,8588.684791,334.501144,193.806418
7,90,11dd74426e8374ac110c4036c77c09ab_000000000096,0.383342,8634.533431,337.064507,195.751132
7,91,11dd74426e8374ac110c4036c77c09ab_000000000097,0.383342,8628.361499,336.129551,197.094899
7,92,11dd74426e8374ac110c4036c77c09ab_000000000098,0.383342,8621.013960,332.609074,199.379085
7,93,11dd74426e8374ac110c4036c77c09ab_000000000099,0.383342,8674.797943,331.286330,197.323490
7,94,11dd74426e8374ac110c4036c77c09ab_000000000100,0.383342,8707.714916,335.438207,196.050080
7,95,11dd74426e8374ac110c4036c77c09ab_000000000101,0.376288,8536.637168,325.904431,190.992495
7,96,11dd74426e8374ac110c4036c77c09ab_000000000102,0.376288,8565.238938,326.000524,190.235727
7,97,11dd74426e8374ac110c4036c77c09ab_000000000103,0.390658,9223.349866,344.013738,201.438358
7,98,11dd74426e8374ac110c4036c77c09ab_000000000104,0.390658,9209.614651,347.983550,202.052313
7,99,11dd74426e8374ac110c4036c77c09ab_000000000105,0.383342,8878.471712,340.850169,195.276108
7,100,11dd74426e8374ac110c4036c77c09ab_000000000106,0.390658,9215.719191,339.840514,199.649246
7,101,11dd74426e8374ac110c4036c77c09ab_000000000107,0.390658,9255.703930,337.477493,198.389098
7,102,11dd74426e8374ac110c4036c77c09ab_000000000108,0.390658,9338.420450,331.437247,198.445429
7,103,11dd74426e8374ac110c4036c77c09ab_000000000109,0.390658,9363.143838,336.117749,200.016203
7,104,11dd74426e8374ac110c4036c77c09ab_000000000110,0.383342,9070.095518,331.233429,198.123795
7,105,11dd74426e8374ac110c4036c77c09ab_000000000111,0.390658,9441.892407,329.303532,197.926884
7,106,11dd74426e8374ac110c4036c77c09ab_000000000112,0.390658,9467.531477,330.016892,201.972818
7,107,11dd74426e8374ac110c4036c77c09ab_000000000113,0.383342,9133.578251,329.537568,195.342650
7,108,11dd74426e8374ac110c4036c77c09ab_000000000114,0.383342,9179.720794,334.198828,197.754703
7,109,11dd74426e8374ac110c4036c77c09ab_000000000115,0.376288,8826.619469,321.365085,191.692765
7,110,11dd74426e8374ac110c4036c77c09ab_000000000116,0.376288,8823.504425,322.068214,191.462224
7,111,11dd74426e8374ac110c4036c77c09ab_000000000117,0.383342,9235.562087,328.488807,195.154571
7,112,11dd74426e8374ac110c4036c77c09ab_000000000118,0.383342,9247.024247,329.442271,195.477735
7,113,11dd74426e8374ac110c4036c77c09ab_000000000119,0.383342,9154.151359,327.801277,194.705354
7,114,11dd74426e8374ac110c4036c77c09ab_000000000120,0.383342,9075.385746,326.214728,196.994688
7,115,11dd74426e8374ac110c4036c77c09ab_000000000121,0.383342,8517.854519,313.866235,193.483593
7,116,11dd74426e8374ac110c4036c77c09ab_000000000122,0.383342,8554.592212,322.583793,196.498688
7,117,11dd74426e8374ac110c4036c77c09ab_000000000123,0.383342,8547.685525,321.766665,194.648487
7,118,11dd74426e8374ac110c4036c77c09ab_000000000124,0.376288,8237.876106,314.957458,193.843987
7,119,11dd74426e8374ac110c4036c77c09ab_000000000125,0.376288,8258.831858,314.980448,189.945232
7,120,11dd74426e8374ac110c4036c77c09ab_000000000126,0.376288,8313.769912,317.632541,196.093862
7,121,11dd74426e8374ac110c4036c77c09ab_000000000127,0.383342,8636.296841,321.439150,198.377048
7,122,11dd74426e8374ac110c4036c77c09ab_000000000128,0.383342,8635.415136,326.315922,199.709736
7,123,11dd74426e8374ac110c4036c77c09ab_000000000129,0.383342,8619.838354,327.611244,201.053958
7,124,11dd74426e8374ac110c4036c77c09ab_000000000130,0.383342,8631.300514,327.164870,199.368720
7,125,11dd74426e8374ac110c4036c77c09ab_000000000131,0.383342,8572.226304,332.882916,200.046353
7,126,11dd74426e8374ac110c4036c77c09ab_000000000132,0.383342,8592.799412,328.626056,199.738795
7,127,11dd74426e8374ac110c4036c77c09ab_000000000133,0.383342,8509.919177,325.215687,195.617171
7,128,11dd74426e8374ac110c4036c77c09ab_000000000134,0.383342,8466.127847,324.914633,195.907380
7,129,11dd74426e8374ac110c4036c77c09ab_000000000135,0.383342,8481.704629,323.471744,195.790686
7,130,11dd74426e8374ac110c4036c77c09ab_000000000136,0.383342,8542.248347,325.756586,198.518321
7,131,11dd74426e8374ac110c4036c77c09ab_000000000137,0.383342,8540.191036,322.719521,197.529200
7,132,11dd74426e8374ac110c4036c77c09ab_000000000138,0.376288,8179.823009,316.728085,192.020410
7,133,11dd74426e8374ac110c4036c77c09ab_000000000139,0.376288,8190.584071,318.422255,192.760642
7,134,11dd74426e8374ac110c4036c77c09ab_000000000140,0.383342,8539.015430,323.431758,196.633761
7,135,11dd74426e8374ac110c4036c77c09ab_000000000141,0.383342,8551.065393,322.825721,194.998874
7,136,11dd74426e8374ac110c4036c77c09ab_000000000142,0.383342,8569.581190,321.501106,195.002968
7,137,11dd74426e8374ac110c4036c77c09ab_000000000143,0.390658,8829.607020,328.517781,198.925418
7,138,11dd74426e8374ac110c4036c77c09ab_000000000144,0.390658,8820.144983,329.056032,201.044195
7,139,11dd74426e8374ac110c4036c77c09ab_000000000145,0.390658,8772.834796,331.674350,200.911885
7,140,11dd74426e8374ac110c4036c77c09ab_000000000146,0.390658,8762.457077,331.693425,201.959656
7,141,11dd74426e8374ac110c4036c77c09ab_000000000147,0.390658,8729.492560,331.605251,203.160170
7,142,11dd74426e8374ac110c4036c77c09ab_000000000148,0.390658,8732.850057,333.789515,202.105557
7,143,11dd74426e8374ac110c4036c77c09ab_000000000149,0.383342,8449.963262,327.311033,201.121623
7,144,11dd74426e8374ac110c4036c77c09ab_000000000150,0.390658,8747.195727,333.439177,204.063781
7,145,11dd74426e8374ac110c4036c77c09ab_000000000151,0.390658,8752.689813,330.804908,204.377876
7,146,11dd74426e8374ac110c4036c77c09ab_000000000152,0.390658,8713.315528,336.680130,202.658615
7,147,11dd74426e8374ac110c4036c77c09ab_000000000153,0.390658,8727.355971,341.865478,206.355844
7,148,11dd74426e8374ac110c4036c77c09ab_000000000154,0.390658,8795.421595,337.534003,204.236673
7,149,11dd74426e8374ac110c4036c77c09ab_000000000155,0.390658,8801.526135,336.662080,205.057951
7,150,11dd74426e8374ac110c4036c77c09ab_000000000156,0.390658,8767.951164,335.255150,203.252088
7,151,11dd74426e8374ac110c4036c77c09ab_000000000157,0.390658,8836.627242,336.938931,205.137136
7,152,11dd74426e8374ac110c4036c77c09ab_000000000158,0.388955,8827.231467,333.017439,202.766065
7,153,11dd74426e8374ac110c4036c77c09ab_000000000159,0.390658,8955.665776,336.496032,206.797074
7,154,11dd74426e8374ac110c4036c77c09ab_000000000160,0.383342,8574.283615,325.527830,201.440060
7,155,11dd74426e8374ac110c4036c77c09ab_000000000161,0.383342,8513.445996,331.926176,200.083601
7,156,11dd74426e8374ac110c4036c77c09ab_000000000162,0.383342,8550.183688,332.395433,203.282880
7,157,11dd74426e8374ac110c4036c77c09ab_000000000163,0.376288,8304.424779,321.860158,199.080054
7,158,11dd74426e8374ac110c4036c77c09ab_000000000164,0.383342,8645.113887,326.135996,200.375155
7,159,11dd74426e8374ac110c4036c77c09ab_000000000165,0.383342,8637.178545,325.897554,200.205688
7,160,11dd74426e8374ac110c4036c77c09ab_000000000166,0.383342,8624.246877,317.410857,198.221292
7,161,11dd74426e8374ac110c4036c77c09ab_000000000167,0.383342,8622.483468,325.124928,199.843802
7,162,11dd74426e8374ac110c4036c77c09ab_000000000168,0.390658,9292.331171,342.588543,206.591755
7,163,11dd74426e8374ac110c4036c77c09ab_000000000169,0.398252,9690.087232,347.191451,207.461654
7,164,11dd74426e8374ac110c4036c77c09ab_000000000170,0.390658,9194.353300,347.928184,203.576866
7,165,11dd74426e8374ac110c4036c77c09ab_000000000171,0.390658,9214.193056,344.367819,206.118836
7,166,11dd74426e8374ac110c4036c77c09ab_000000000172,0.390658,9223.960320,346.284413,206.861667
7,167,11dd74426e8374ac110c4036c77c09ab_000000000173,0.390658,9207.172835,338.974672,203.268469
7,168,11dd74426e8374ac110c4036c77c09ab_000000000174,0.390658,9205.646700,336.270826,204.418578
7,169,11dd74426e8374ac110c4036c77c09ab_000000000175,0.390658,8577.031667,330.858604,203.296128
7,170,11dd74426e8374ac110c4036c77c09ab_000000000176,0.390658,8463.945059,337.322102,205.093764
7,171,11dd74426e8374ac110c4036c77c09ab_000000000177,0.390658,8470.354826,336.638093,201.536308
7,172,11dd74426e8374ac110c4036c77c09ab_000000000178,0.390658,8458.145746,335.007030,204.093443
7,173,11dd74426e8374ac110c4036c77c09ab_000000000179,0.390658,8549.408623,339.784028,204.081044
7,174,11dd74426e8374ac110c4036c77c09ab_000000000180,0.383342,8224.834680,334.329081,202.395256
7,175,11dd74426e8374ac110c4036c77c09ab_000000000181,0.383342,8236.296841,334.932146,203.649352
7,176,11dd74426e8374ac110c4036c77c09ab_000000000182,0.381732,8150.091075,329.455155,197.854206
7,177,11dd74426e8374ac110c4036c77c09ab_000000000183,0.381732,8143.096539,331.840073,200.765893
7,178,11dd74426e8374ac110c4036c77c09ab_000000000184,0.376288,7954.973451,329.444858,198.701101
7,179,11dd74426e8374ac110c4036c77c09ab_000000000185,0.376288,7966.300885,324.825427,198.425063
7,180,11dd74426e8374ac110c4036c77c09ab_000000000186,0.376288,7931.185841,324.098596,199.472717
7,181,11dd74426e8374ac110c4036c77c09ab_000000000187,0.383342,8206.612785,333.349763,205.021347
7,182,11dd74426e8374ac110c4036c77c09ab_000000000188,0.383342,8207.494489,331.156498,203.323474
7,183,11dd74426e8374ac110c4036c77c09ab_000000000189,0.383342,8277.149155,328.654741,201.070594
7,184,11dd74426e8374ac110c4036c77c09ab_000000000190,0.383342,8285.084497,332.168432,203.310956
7,185,11dd74426e8374ac110c4036c77c09ab_000000000191,0.390658,8611.980160,340.562650,205.680419
7,186,11dd74426e8374ac110c4036c77c09ab_000000000192,0.390658,8608.317436,337.616431,205.629417
7,187,11dd74426e8374ac110c4036c77c09ab_000000000193,0.376288,7981.309735,326.331499,198.750595
7,188,11dd74426e8374ac110c4036c77c09ab_000000000194,0.383342,8315.650257,324.101647,199.768673
7,189,11dd74426e8374ac110c4036c77c09ab_000000000195,0.383342,8320.352682,325.543062,201.669073
7,190,11dd74426e8374ac110c4036c77c09ab_000000000196,0.383342,8215.723733,334.305122,205.164117
8,191,11dd74426e8374ac110c4036c77c09ab_000000000197,0.383342,1.157237,341.542262,227.311055
8,192,11dd74426e8374ac110c4036c77c09ab_000000000198,0.383342,1.083762,363.675676,240.803303
9,191,11dd74426e8374ac110c4036c77c09ab_000000000197,0.383342,8223.952976,328.211947,202.202181
9,192,11dd74426e8374ac110c4036c77c09ab_000000000198,0.383342,8300.367377,331.211903,206.297741
10,193,11dd74426e8374ac110c4036c77c09ab_000000000199,0.383342,8299.779574,333.687105,207.391425
10,194,11dd74426e8374ac110c4036c77c09ab_000000000200,0.383342,8280.675974,326.761524,201.648367
10,195,11dd74426e8374ac110c4036c77c09ab_000000000201,0.383342,8255.400441,335.867243,202.853867
10,196,11dd74426e8374ac110c4036c77c09ab_000000000202,0.383342,8268.038207,330.772806,201.891652
10,197,11dd74426e8374ac110c4036c77c09ab_000000000203,0.383342,8245.701690,335.668507,203.441490
10,198,11dd74426e8374ac110c4036c77c09ab_000000000204,0.383342,8233.357825,334.242394,204.228178
10,199,11dd74426e8374ac110c4036c77c09ab_000000000205,0.392232,8655.692308,345.663450,211.745528
10,200,11dd74426e8374ac110c4036c77c09ab_000000000206,0.390658,8581.457459,340.893698,208.417479
10,201,11dd74426e8374ac110c4036c77c09ab_000000000207,0.383342,8313.592946,325.926544,199.327868
10,202,11dd74426e8374ac110c4036c77c09ab_000000000208,0.383342,8310.653931,321.651316,197.785400
10,203,11dd74426e8374ac110c4036c77c09ab_000000000209,0.390658,8593.666539,333.401528,203.584162
10,204,11dd74426e8374ac110c4036c77c09ab_000000000210,0.383342,8291.256429,328.179214,201.884820
10,205,11dd74426e8374ac110c4036c77c09ab_000000000211,0.383342,8284.202792,328.006542,201.955269
11,206,11dd74426e8374ac110c4036c77c09ab_000000000212,0.376288,0.283186,272.147424,159.983605
12,206,11dd74426e8374ac110c4036c77c09ab_000000000212,0.376288,7980.743363,328.221783,200.227315
13,207,11dd74426e8374ac110c4036c77c09ab_000000000213,0.376288,7949.309735,326.628827,199.866415
14,208,11dd74426e8374ac110c4036c77c09ab_000000000214,0.383342,1.102131,282.535032,162.937043
14,209,11dd74426e8374ac110c4036c77c09ab_000000000215,0.383342,0.670463,283.908689,162.441886
15,208,11dd74426e8374ac110c4036c77c09ab_000000000214,0.383342,8290.374724,333.978238,202.330305
15,209,11dd74426e8374ac110c4036c77c09ab_000000000215,0.383342,8283.321087,335.024145,202.381311
16,210,11dd74426e8374ac110c4036c77c09ab_000000000216,0.383342,0.587803,390.013868,247.179656
17,210,11dd74426e8374ac110c4036c77c09ab_000000000216,0.383342,0.505143,390.269437,240.279507
18,210,11dd74426e8374ac110c4036c77c09ab_000000000216,0.383342,7.053637,384.199870,240.854543
19,210,11dd74426e8374ac110c4036c77c09ab_000000000216,0.383342,7565.025716,328.867375,196.427607
20,211,11dd74426e8374ac110c4036c77c09ab_000000000217,0.383342,7603.232917,331.299596,199.667644
20,212,11dd74426e8374ac110c4036c77c09ab_000000000218,0.383342,7596.767083,332.572714,199.046773
20,213,11dd74426e8374ac110c4036c77c09ab_000000000219,0.383342,8372.961058,337.733273,207.078719
21,214,11dd74426e8374ac110c4036c77c09ab_000000000220,0.383342,1.469508,394.756433,247.456329
22,214,11dd74426e8374ac110c4036c77c09ab_000000000220,0.383342,6.686260,390.680177,247.673526
23,214,11dd74426e8374ac110c4036c77c09ab_000000000220,0.383342,0.376561,387.664567,240.939522
24,214,11dd74426e8374ac110c4036c77c09ab_000000000220,0.383342,2.498163,390.284060,241.450637
25,214,11dd74426e8374ac110c4036c77c09ab_000000000220,0.383342,4.628949,382.894112,241.365447
26,214,11dd74426e8374ac110c4036c77c09ab_000000000220,0.383342,7669.654666,331.670795,199.207746
27,215,11dd74426e8374ac110c4036c77c09ab_000000000221,0.383342,8442.909625,339.541019,207.566975
27,216,11dd74426e8374ac110c4036c77c09ab_000000000222,0.376288,8105.911504,333.011582,202.448298
27,217,11dd74426e8374ac110c4036c77c09ab_000000000223,0.390658,8790.537963,339.078727,209.291476
28,218,11dd74426e8374ac110c4036c77c09ab_000000000224,0.383342,0.587803,370.384154,243.790181
29,218,11dd74426e8374ac110c4036c77c09ab_000000000224,0.383342,8339.162381,332.840497,205.556256
30,219,11dd74426e8374ac110c4036c77c09ab_000000000225,0.383342,8327.700220,335.392559,204.863134
30,220,11dd74426e8374ac110c4036c77c09ab_000000000226,0.383342,8252.461425,332.087875,201.260743
30,221,11dd74426e8374ac110c4036c77c09ab_000000000227,0.383342,7523.585599,326.468636,197.337061
31,222,11dd74426e8374ac110c4036c77c09ab_000000000228,0.383342,2.865540,281.578854,164.117742
32,222,11dd74426e8374ac110c4036c77c09ab_000000000228,0.383342,8251.579721,327.478066,200.926700
33,223,11dd74426e8374ac110c4036c77c09ab_000000000229,0.383342,8254.224835,328.647113,199.725552
34,224,11dd74426e8374ac110c4036c77c09ab_000000000230,0.383342,0.890889,291.360593,169.462554
35,224,11dd74426e8374ac110c4036c77c09ab_000000000230,0.383342,8292.432035,330.752942,200.137789
36,225,11dd74426e8374ac110c4036c77c09ab_000000000231,0.383342,8258.633358,329.452145,201.861493
36,226,11dd74426e8374ac110c4036c77c09ab_000000000232,0.383342,8230.124908,329.136164,202.815121
36,227,11dd74426e8374ac110c4036c77c09ab_000000000233,0.376288,8015.858407,323.946877,197.991518
36,228,11dd74426e8374ac110c4036c77c09ab_000000000234,0.376288,8013.876106,323.397695,198.414774
36,229,11dd74426e8374ac110c4036c77c09ab_000000000235,0.376288,8051.823009,325.282443,200.179085
36,230,11dd74426e8374ac110c4036c77c09ab_000000000236,0.376288,8032.000000,324.803218,197.872964
36,231,11dd74426e8374ac110c4036c77c09ab_000000000237,0.376288,8040.495575,322.834962,195.934427
36,232,11dd74426e8374ac110c4036c77c09ab_000000000238,0.376288,8163.964602,326.706800,200.186664
36,233,11dd74426e8374ac110c4036c77c09ab_000000000239,0.376288,8171.327434,328.190341,200.977963
36,234,11dd74426e8374ac110c4036c77c09ab_000000000240,0.376288,8121.486726,326.639897,199.795907
36,235,11dd74426e8374ac110c4036c77c09ab_000000000241,0.376288,8111.575221,328.526070,199.904999
36,236,11dd74426e8374ac110c4036c77c09ab_000000000242,0.383342,8734.166054,318.434303,198.353393
36,237,11dd74426e8374ac110c4036c77c09ab_000000000243,0.383342,8627.479794,330.590494,200.539053
36,238,11dd74426e8374ac110c4036c77c09ab_000000000244,0.369484,8010.375427,317.911480,194.658553
36,239,11dd74426e8374ac110c4036c77c09ab_000000000245,0.376288,8308.955752,321.006941,195.766447
36,240,11dd74426e8374ac110c4036c77c09ab_000000000246,0.383342,8654.812638,328.324558,200.735263
36,241,11dd74426e8374ac110c4036c77c09ab_000000000247,0.383342,8666.862601,327.873855,201.701245
36,242,11dd74426e8374ac110c4036c77c09ab_000000000248,0.383342,8685.672300,322.021672,200.464369
36,243,11dd74426e8374ac110c4036c77c09ab_000000000249,0.383342,8702.424688,330.197794,202.359598
36,244,11dd74426e8374ac110c4036c77c09ab_000000000250,0.383342,8710.947832,328.145054,202.424151
36,245,11dd74426e8374ac110c4036c77c09ab_000000000251,0.376288,8269.734513,322.017274,198.648921
36,246,11dd74426e8374ac110c4036c77c09ab_000000000252,0.383342,8581.631154,324.172517,202.899047
36,247,11dd74426e8374ac110c4036c77c09ab_000000000253,0.376288,8399.575221,322.357918,199.783114
36,248,11dd74426e8374ac110c4036c77c09ab_000000000254,0.376288,8226.831858,323.062563,197.169444
36,249,11dd74426e8374ac110c4036c77c09ab_000000000255,0.376288,8224.849558,322.754876,194.858592
36,250,11dd74426e8374ac110c4036c77c09ab_000000000256,0.383342,8773.254960,334.168739,202.135265
36,251,11dd74426e8374ac110c4036c77c09ab_000000000257,0.383342,8783.541514,333.944054,204.436414
36,252,11dd74426e8374ac110c4036c77c09ab_000000000258,0.383342,8793.828068,338.568604,205.281104
36,253,11dd74426e8374ac110c4036c77c09ab_000000000259,0.376288,8471.504425,327.049028,198.011844
36,254,11dd74426e8374ac110c4036c77c09ab_000000000260,0.383342,8858.633358,330.870794,201.269050
36,255,11dd74426e8374ac110c4036c77c09ab_000000000261,0.384829,8900.407257,337.445686,204.724946
36,256,11dd74426e8374ac110c4036c77c09ab_000000000262,0.384829,9017.697149,329.627862,197.155838
36,257,11dd74426e8374ac110c4036c77c09ab_000000000263,0.383342,8864.364438,327.632559,201.897057
36,258,11dd74426e8374ac110c4036c77c09ab_000000000264,0.390658,9212.666921,335.718102,203.325027
36,259,11dd74426e8374ac110c4036c77c09ab_000000000265,0.390658,9263.945059,336.890719,208.747120
36,260,11dd74426e8374ac110c4036c77c09ab_000000000266,0.390658,9281.342999,338.864323,209.367561
36,261,11dd74426e8374ac110c4036c77c09ab_000000000267,0.383342,8946.362968,330.632796,201.998999
36,262,11dd74426e8374ac110c4036c77c09ab_000000000268,0.383342,8971.932403,325.534545,202.489290
36,263,11dd74426e8374ac110c4036c77c09ab_000000000269,0.383342,8989.860397,332.442298,204.165988
36,264,11dd74426e8374ac110c4036c77c09ab_000000000270,0.383342,8993.387215,335.042488,205.100617
36,265,11dd74426e8374ac110c4036c77c09ab_000000000271,0.383342,9002.204262,329.608532,201.978784
36,266,11dd74426e8374ac110c4036c77c09ab_000000000272,0.383342,9061.866275,330.839886,204.592568
36,267,11dd74426e8374ac110c4036c77c09ab_000000000273,0.383342,9063.041881,329.690259,202.515705
36,268,11dd74426e8374ac110c4036c77c09ab_000000000274,0.383342,9032.182219,330.929872,203.912291
36,269,11dd74426e8374ac110c4036c77c09ab_000000000275,0.383342,9035.121234,332.836683,203.076937
36,270,11dd74426e8374ac110c4036c77c09ab_000000000276,0.392232,9467.384615,337.884137,207.843722
36,271,11dd74426e8374ac110c4036c77c09ab_000000000277,0.392232,9474.769231,338.910611,206.451015
36,272,11dd74426e8374ac110c4036c77c09ab_000000000278,0.392232,9475.076923,338.971945,208.785352
36,273,11dd74426e8374ac110c4036c77c09ab_000000000279,0.383342,9051.579721,328.034571,200.245768
36,274,11dd74426e8374ac110c4036c77c09ab_000000000280,0.383342,9055.694342,332.862350,201.605456
36,275,11dd74426e8374ac110c4036c77c09ab_000000000281,0.383342,9048.346804,331.082282,203.546310
36,276,11dd74426e8374ac110c4036c77c09ab_000000000282,0.383342,9060.984570,336.444057,205.036859
36,277,11dd74426e8374ac110c4036c77c09ab_000000000283,0.392232,9523.076923,335.805718,205.537227
36,278,11dd74426e8374ac110c4036c77c09ab_000000000284,0.392232,9544.000000,335.749243,207.634271
36,279,11dd74426e8374ac110c4036c77c09ab_000000000285,0.392232,9551.384615,336.946888,205.373573
36,280,11dd74426e8374ac110c4036c77c09ab_000000000286,0.390658,9462.647844,335.507203,205.409195
36,281,11dd74426e8374ac110c4036c77c09ab_000000000287,0.390658,9472.109882,336.308690,206.675018
36,282,11dd74426e8374ac110c4036c77c09ab_000000000288,0.392232,9489.692308,338.634008,209.238105
36,283,11dd74426e8374ac110c4036c77c09ab_000000000289,0.392232,9501.692308,339.511288,208.300401
36,284,11dd74426e8374ac110c4036c77c09ab_000000000290,0.383342,9129.757531,331.944894,201.684375
36,285,11dd74426e8374ac110c4036c77c09ab_000000000291,0.383342,9252.020573,330.467003,202.843689
36,286,11dd74426e8374ac110c4036c77c09ab_000000000292,0.390658,9622.434185,337.127822,207.285134
36,287,11dd74426e8374ac110c4036c77c09ab_000000000293,0.383342,9322.556943,332.644334,200.202272
36,288,11dd74426e8374ac110c4036c77c09ab_000000000294,0.383342,9343.717855,331.477650,200.677168
36,289,11dd74426e8374ac110c4036c77c09ab_000000000295,0.398252,10135.448057,343.923158,210.421316
36,290,11dd74426e8374ac110c4036c77c09ab_000000000296,0.398252,10135.130849,345.116187,210.509576
36,291,11dd74426e8374ac110c4036c77c09ab_000000000297,0.398252,9667.248216,319.864502,199.574236
36,292,11dd74426e8374ac110c4036c77c09ab_000000000298,0.390658,9299.046166,337.255625,202.507779
36,293,11dd74426e8374ac110c4036c77c09ab_000000000299,0.390658,9290.805036,335.378661,201.761847
36,294,11dd74426e8374ac110c4036c77c09ab_000000000300,0.383342,9033.357825,321.929955,199.817363
36,295,11dd74426e8374ac110c4036c77c09ab_000000000301,0.383342,9053.049229,325.357661,200.452577
36,296,11dd74426e8374ac110c4036c77c09ab_000000000302,0.383342,9032.476120,325.142430,198.210506
36,297,11dd74426e8374ac110c4036c77c09ab_000000000303,0.383342,9035.121234,325.652725,199.788397
36,298,11dd74426e8374ac110c4036c77c09ab_000000000304,0.376288,8691.823009,319.933495,196.634754
36,299,11dd74426e8374ac110c4036c77c09ab_000000000305,0.376288,8678.230088,322.178501,197.053783
36,300,11dd74426e8374ac110c4036c77c09ab_000000000306,0.376288,8754.973451,315.988415,193.575987
36,301,11dd74426e8374ac110c4036c77c09ab_000000000307,0.383342,9031.006613,323.019077,197.751895
36,302,11dd74426e8374ac110c4036c77c09ab_000000000308,0.383342,9019.838354,329.259000,199.530161
36,303,11dd74426e8374ac110c4036c77c09ab_000000000309,0.384829,9111.292114,327.236164,201.891390
36,304,11dd74426e8374ac110c4036c77c09ab_000000000310,0.383342,9016.605437,328.584245,198.690478
36,305,11dd74426e8374ac110c4036c77c09ab_000000000311,0.383342,9019.838354,329.300202,198.233599
36,306,11dd74426e8374ac110c4036c77c09ab_000000000312,0.376288,8678.230088,320.707867,195.407889
36,307,11dd74426e8374ac110c4036c77c09ab_000000000313,0.390658,9325.600916,330.933712,199.854708
36,308,11dd74426e8374ac110c4036c77c09ab_000000000314,0.390658,9350.934758,332.250394,202.089343
36,309,11dd74426e8374ac110c4036c77c09ab_000000000315,0.390658,9349.713850,335.529855,200.093016
36,310,11dd74426e8374ac110c4036c77c09ab_000000000316,0.390658,9328.347959,326.695514,199.623864
36,311,11dd74426e8374ac110c4036c77c09ab_000000000317,0.398252,9696.114195,334.420202,203.610896
36,312,11dd74426e8374ac110c4036c77c09ab_000000000318,0.390658,9346.051126,326.887600,201.052683
37,313,11dd74426e8374ac110c4036c77c09ab_000000000319,0.390658,0.610454,282.323213,200.499029
37,314,11dd74426e8374ac110c4036c77c09ab_000000000320,0.390658,2.203357,281.957806,200.308683
37,315,11dd74426e8374ac110c4036c77c09ab_000000000321,0.390658,1.888592,282.726532,200.103268
37,316,11dd74426e8374ac110c4036c77c09ab_000000000322,0.390658,2.365509,282.344744,199.829922
38,313,11dd74426e8374ac110c4036c77c09ab_000000000319,0.390658,9363.754292,330.153017,200.726165
38,314,11dd74426e8374ac110c4036c77c09ab_000000000320,0.390658,9328.653186,328.003588,201.775629
38,315,11dd74426e8374ac110c4036c77c09ab_000000000321,0.390658,9382.983594,326.867190,199.637395
38,316,11dd74426e8374ac110c4036c77c09ab_000000000322,0.390658,9361.922930,327.139964,197.830150
39,317,11dd74426e8374ac110c4036c77c09ab_000000000323,0.390658,9363.754292,325.778169,199.774712
40,318,11dd74426e8374ac110c4036c77c09ab_000000000324,0.390658,0.457841,281.442397,200.437655
41,318,11dd74426e8374ac110c4036c77c09ab_000000000324,0.390658,9377.794735,324.926586,199.952921
42,319,11dd74426e8374ac110c4036c77c09ab_000000000325,0.390658,9446.165586,324.037854,197.816619
42,320,11dd74426e8374ac110c4036c77c09ab_000000000326,0.390658,9444.028997,325.436988,199.693857
42,321,11dd74426e8374ac110c4036c77c09ab_000000000327,0.383342,9121.822190,319.821810,195.047060
42,322,11dd74426e8374ac110c4036c77c09ab_000000000328,0.383342,9265.980896,323.044533,197.226345
42,323,11dd74426e8374ac110c4036c77c09ab_000000000329,0.383342,9264.070536,328.343135,197.701263
42,324,11dd74426e8374ac110c4036c77c09ab_000000000330,0.390658,9572.834796,332.355236,199.547230
42,325,11dd74426e8374ac110c4036c77c09ab_000000000331,0.390658,9568.256391,335.171028,201.790436
42,326,11dd74426e8374ac110c4036c77c09ab_000000000332,0.383342,9118.589273,329.772547,200.761258
42,327,11dd74426e8374ac110c4036c77c09ab_000000000333,0.390658,9479.740557,335.509349,201.192647
42,328,11dd74426e8374ac110c4036c77c09ab_000000000334,0.390658,9555.436856,334.869427,203.334851
42,329,11dd74426e8374ac110c4036c77c09ab_000000000335,0.390658,9554.063335,332.136206,202.039366
42,330,11dd74426e8374ac110c4036c77c09ab_000000000336,0.392232,9759.538462,341.987087,205.688839
42,331,11dd74426e8374ac110c4036c77c09ab_000000000337,0.390658,9661.198016,339.655271,205.517970
42,332,11dd74426e8374ac110c4036c77c09ab_000000000338,0.390658,9662.113697,342.179382,204.982747
42,334,11dd74426e8374ac110c4036c77c09ab_000000000374,0.383342,16447.759001,319.593710,177.441108
42,335,11dd74426e8374ac110c4036c77c09ab_000000000375,0.383342,16237.619398,313.678307,174.606313
42,336,11dd74426e8374ac110c4036c77c09ab_000000000376,0.383342,16428.067597,323.278132,176.824226
42,337,11dd74426e8374ac110c4036c77c09ab_000000000377,0.383342,16403.232917,325.986371,178.524334
42,338,11dd74426e8374ac110c4036c77c09ab_000000000378,0.376288,15696.000000,321.469607,172.868633
42,339,11dd74426e8374ac110c4036c77c09ab_000000000379,0.376288,15721.061947,323.264441,173.649413
42,340,11dd74426e8374ac110c4036c77c09ab_000000000380,0.383342,16381.778104,323.874482,177.676251
42,341,11dd74426e8374ac110c4036c77c09ab_000000000381,0.383342,16297.722263,320.878901,175.326354
42,342,11dd74426e8374ac110c4036c77c09ab_000000000382,0.383342,16226.010287,310.859727,172.594729
42,343,11dd74426e8374ac110c4036c77c09ab_000000000383,0.383342,16139.015430,310.001771,176.283152
42,344,11dd74426e8374ac110c4036c77c09ab_000000000384,0.383342,16130.198384,320.520945,178.359675
42,345,11dd74426e8374ac110c4036c77c09ab_000000000385,0.383342,16167.229978,321.912454,179.784256
42,346,11dd74426e8374ac110c4036c77c09ab_000000000386,0.383342,15928.581925,321.975884,178.527387
42,347,11dd74426e8374ac110c4036c77c09ab_000000000387,0.390658,16727.203357,322.480421,178.793928
42,348,11dd74426e8374ac110c4036c77c09ab_000000000388,0.390658,16755.589470,325.930031,180.886286
42,349,11dd74426e8374ac110c4036c77c09ab_000000000389,0.390658,16743.990843,329.492947,184.022708
42,350,11dd74426e8374ac110c4036c77c09ab_000000000390,0.383342,16132.549596,327.737753,177.199250
42,351,11dd74426e8374ac110c4036c77c09ab_000000000391,0.390658,16762.457077,331.758948,181.922719
42,352,11dd74426e8374ac110c4036c77c09ab_000000000392,0.390658,16747.806181,330.139712,187.231280
42,353,11dd74426e8374ac110c4036c77c09ab_000000000393,0.390658,16522.701259,333.976618,182.636640
43,354,11dd74426e8374ac110c4036c77c09ab_000000000394,0.343351,12985.322723,283.369864,160.308182
43,355,11dd74426e8374ac110c4036c77c09ab_000000000395,0.337676,12291.562144,283.184098,158.594120
43,356,11dd74426e8374ac110c4036c77c09ab_000000000396,0.337676,12273.888255,280.690749,154.242780
43,357,11dd74426e8374ac110c4036c77c09ab_000000000397,0.343351,13035.543767,280.777947,157.268341
43,358,11dd74426e8374ac110c4036c77c09ab_000000000398,0.343351,13017.035072,276.939665,156.011770
43,359,11dd74426e8374ac110c4036c77c09ab_000000000399,0.343351,12792.690834,281.408381,158.888172
43,360,11dd74426e8374ac110c4036c77c09ab_000000000400,0.343351,12784.910109,285.121595,161.985307
43,361,11dd74426e8374ac110c4036c77c09ab_000000000401,0.343351,13059.121721,278.739553,159.090758
43,362,11dd74426e8374ac110c4036c77c09ab_000000000402,0.343351,13030.592396,279.031938,160.816146
43,363,11dd74426e8374ac110c4036c77c09ab_000000000403,0.337676,12373.432155,282.974349,162.055536
43,364,11dd74426e8374ac110c4036c77c09ab_000000000404,0.337676,12684.150513,273.976285,159.823523
43,365,11dd74426e8374ac110c4036c77c09ab_000000000405,0.337676,12403.876853,281.197778,158.975902
43,366,11dd74426e8374ac110c4036c77c09ab_000000000406,0.338788,12705.767575,277.303459,156.934437
43,367,11dd74426e8374ac110c4036c77c09ab_000000000407,0.338788,12711.621234,276.638372,156.751220
43,368,11dd74426e8374ac110c4036c77c09ab_000000000408,0.338788,12568.378766,271.140752,146.675148
43,369,11dd74426e8374ac110c4036c77c09ab_000000000409,0.338788,10905.365854,284.672625,161.982910
43,370,11dd74426e8374ac110c4036c77c09ab_000000000410,0.333241,10449.528040,287.214663,163.340295
43,371,11dd74426e8374ac110c4036c77c09ab_000000000411,0.333241,10415.991116,284.964799,165.403798
43,372,11dd74426e8374ac110c4036c77c09ab_000000000412,0.339814,10822.979215,293.175318,165.324833
43,373,11dd74426e8374ac110c4036c77c09ab_000000000413,0.350446,11693.214615,299.780977,167.538709
43,374,11dd74426e8374ac110c4036c77c09ab_000000000414,0.338788,10964.476327,292.173407,159.200984
43,375,11dd74426e8374ac110c4036c77c09ab_000000000415,0.344520,11392.759644,295.432074,161.772059
43,376,11dd74426e8374ac110c4036c77c09ab_000000000416,0.344520,11385.163205,300.059592,160.694444
43,377,11dd74426e8374ac110c4036c77c09ab_000000000417,0.344520,11520.949555,298.197911,161.132896
43,378,11dd74426e8374ac110c4036c77c09ab_000000000418,0.344520,12567.833828,294.380892,158.210475
43,379,11dd74426e8374ac110c4036c77c09ab_000000000419,0.338788,12224.045911,292.454586,154.856111
43,380,11dd74426e8374ac110c4036c77c09ab_000000000420,0.338788,12286.140603,295.857214,158.922700
43,381,11dd74426e8374ac110c4036c77c09ab_000000000421,0.338788,12368.550933,295.469894,160.914974
43,382,11dd74426e8374ac110c4036c77c09ab_000000000422,0.344520,12917.507418,298.605221,161.000483
43,383,11dd74426e8374ac110c4036c77c09ab_000000000423,0.350446,13434.448879,307.226736,165.180450
43,384,11dd74426e8374ac110c4036c77c09ab_000000000424,0.338788,12549.784792,296.894278,161.181379
43,385,11dd74426e8374ac110c4036c77c09ab_000000000425,0.333241,12094.725153,291.278170,160.543515
43,386,11dd74426e8374ac110c4036c77c09ab_000000000426,0.350446,13365.919558,308.859634,168.355907
43,387,11dd74426e8374ac110c4036c77c09ab_000000000427,0.350446,13459.748235,305.639483,167.748177
43,388,11dd74426e8374ac110c4036c77c09ab_000000000428,0.350446,13475.959472,307.194031,166.012845
43,389,11dd74426e8374ac110c4036c77c09ab_000000000429,0.338788,12613.601148,291.843075,157.555604
43,390,11dd74426e8374ac110c4036c77c09ab_000000000430,0.338788,12643.098996,292.558886,157.060862
43,391,11dd74426e8374ac110c4036c77c09ab_000000000431,0.338788,12005.164993,297.336084,158.900388
43,392,11dd74426e8374ac110c4036c77c09ab_000000000432,0.338788,12002.984218,299.138628,158.212400
43,393,11dd74426e8374ac110c4036c77c09ab_000000000433,0.344520,12704.213650,302.192048,159.311546
43,394,11dd74426e8374ac110c4036c77c09ab_000000000434,0.344520,12737.804154,303.271871,163.407500
43,395,11dd74426e8374ac110c4036c77c09ab_000000000435,0.344520,12429.198813,299.151104,163.703857
43,396,11dd74426e8374ac110c4036c77c09ab_000000000436,0.338788,12321.721664,298.583423,163.266735
43,397,11dd74426e8374ac110c4036c77c09ab_000000000437,0.338788,12322.754663,291.346969,161.611130
43,398,11dd74426e8374ac110c4036c77c09ab_000000000438,0.344520,12685.222552,300.726196,160.113255
43,399,11dd74426e8374ac110c4036c77c09ab_000000000439,0.344520,12709.554896,296.613335,163.953289
43,400,11dd74426e8374ac110c4036c77c09ab_000000000440,0.338788,12079.885222,289.873268,162.670082
43,401,11dd74426e8374ac110c4036c77c09ab_000000000441,0.338788,12326.083214,293.970822,165.461178
43,402,11dd74426e8374ac110c4036c77c09ab_000000000442,0.338788,12120.401722,288.238982,163.170552
43,403,11dd74426e8374ac110c4036c77c09ab_000000000443,0.338788,12399.770445,287.496662,165.311656
43,404,11dd74426e8374ac110c4036c77c09ab_000000000444,0.338788,12156.327116,287.615788,163.512669
43,405,11dd74426e8374ac110c4036c77c09ab_000000000445,0.344520,12819.109792,292.346362,167.730955
43,406,11dd74426e8374ac110c4036c77c09ab_000000000446,0.344520,12590.979228,297.893470,170.618963
43,407,11dd74426e8374ac110c4036c77c09ab_000000000447,0.344520,12812.344214,289.058530,167.219337
43,408,11dd74426e8374ac110c4036c77c09ab_000000000448,0.344520,12584.451039,291.099935,167.615155
43,409,11dd74426e8374ac110c4036c77c09ab_000000000449,0.344520,13468.605341,278.580262,154.048536
43,410,11dd74426e8374ac110c4036c77c09ab_000000000450,0.344520,13395.014837,287.419008,157.179826
43,411,11dd74426e8374ac110c4036c77c09ab_000000000451,0.338788,12952.309900,278.318108,150.999860
43,412,11dd74426e8374ac110c4036c77c09ab_000000000452,0.338788,12970.674319,283.280540,157.044155
43,413,11dd74426e8374ac110c4036c77c09ab_000000000453,0.338788,12995.581062,286.252218,157.605480
43,414,11dd74426e8374ac110c4036c77c09ab_000000000454,0.338788,13018.421808,277.949564,153.531396
43,415,11dd74426e8374ac110c4036c77c09ab_000000000455,0.338788,13037.245337,277.653476,153.230479
43,416,11dd74426e8374ac110c4036c77c09ab_000000000456,0.338788,13029.555237,276.331862,152.669350
43,417,11dd74426e8374ac110c4036c77c09ab_000000000457,0.344520,13482.017804,280.974936,158.012508
43,418,11dd74426e8374ac110c4036c77c09ab_000000000458,0.338788,13061.692970,275.156524,155.274727
43,419,11dd74426e8374ac110c4036c77c09ab_000000000459,0.338788,13040.344333,288.175335,155.635290
43,420,11dd74426e8374ac110c4036c77c09ab_000000000460,0.344520,13489.495549,288.840176,156.777405
43,421,11dd74426e8374ac110c4036c77c09ab_000000000461,0.344520,13303.501484,293.185437,159.807709
43,422,11dd74426e8374ac110c4036c77c09ab_000000000462,0.344520,13509.910979,284.580583,159.311073
43,423,11dd74426e8374ac110c4036c77c09ab_000000000463,0.344520,13557.270030,291.471077,158.607502
43,424,11dd74426e8374ac110c4036c77c09ab_000000000464,0.344520,13491.513353,296.804941,157.593065
43,425,11dd74426e8374ac110c4036c77c09ab_000000000465,0.344520,13502.789318,292.961553,162.386135
43,426,11dd74426e8374ac110c4036c77c09ab_000000000466,0.344520,13532.106825,292.644621,156.478610
43,427,11dd74426e8374ac110c4036c77c09ab_000000000467,0.344520,13539.109792,292.108200,159.687819
43,428,11dd74426e8374ac110c4036c77c09ab_000000000468,0.344520,13646.053412,285.348563,162.725788
43,429,11dd74426e8374ac110c4036c77c09ab_000000000469,0.344520,13648.189911,289.109354,163.428097
43,430,11dd74426e8374ac110c4036c77c09ab_000000000470,0.338788,13129.296987,281.767820,163.354937
44,431,11dd74426e8374ac110c4036c77c09ab_000000000471,0.327869,0.275464,363.383589,205.906142
45,431,11dd74426e8374ac110c4036c77c09ab_000000000471,0.327869,11981.617845,285.564605,157.418073
46,432,11dd74426e8374ac110c4036c77c09ab_000000000472,0.344520,13199.050445,301.864224,167.489902
46,433,11dd74426e8374ac110c4036c77c09ab_000000000473,0.338788,12737.675753,289.830361,164.310251
47,434,11dd74426e8374ac110c4036c77c09ab_000000000474,0.333241,1.617157,254.828414,128.932879
48,434,11dd74426e8374ac110c4036c77c09ab_000000000474,0.333241,12516.046641,284.117114,158.434838
49,435,11dd74426e8374ac110c4036c77c09ab_000000000475,0.344520,13393.234421,295.932096,163.206316
50,436,11dd74426e8374ac110c4036c77c09ab_000000000476,0.344520,7.181009,384.130664,216.070844
51,436,11dd74426e8374ac110c4036c77c09ab_000000000476,0.344520,13129.970326,297.060114,162.964296
52,437,11dd74426e8374ac110c4036c77c09ab_000000000477,0.344520,13149.554896,291.719795,160.120730
53,438,11dd74426e8374ac110c4036c77c09ab_000000000478,0.344520,0.949555,383.623808,215.792645
53,439,11dd74426e8374ac110c4036c77c09ab_000000000479,0.344520,1.602374,383.313016,215.719426
54,438,11dd74426e8374ac110c4036c77c09ab_000000000478,0.344520,13149.317507,294.762337,164.224591
54,439,11dd74426e8374ac110c4036c77c09ab_000000000479,0.344520,13200.237389,294.731552,165.579353
55,440,11dd74426e8374ac110c4036c77c09ab_000000000480,0.337676,12667.958951,286.836332,164.005397
55,441,11dd74426e8374ac110c4036c77c09ab_000000000481,0.337676,12689.053592,288.171249,164.721928
55,442,11dd74426e8374ac110c4036c77c09ab_000000000482,0.337676,12623.147092,288.663254,163.237825
55,443,11dd74426e8374ac110c4036c77c09ab_000000000483,0.337676,12636.830103,287.987860,164.374349
56,444,11dd74426e8374ac110c4036c77c09ab_000000000484,0.338788,0.225968,261.099470,131.169476
57,444,11dd74426e8374ac110c4036c77c09ab_000000000484,0.338788,12771.420373,290.464824,162.002772
58,445,11dd74426e8374ac110c4036c77c09ab_000000000485,0.343351,13124.550545,294.965205,167.959903
58,446,11dd74426e8374ac110c4036c77c09ab_000000000486,0.343351,13108.281757,294.017197,167.983961
58,447,11dd74426e8374ac110c4036c77c09ab_000000000487,0.343351,13612.849985,280.243704,165.592083
58,448,11dd74426e8374ac110c4036c77c09ab_000000000488,0.343351,13393.221338,294.936872,162.918782
58,449,11dd74426e8374ac110c4036c77c09ab_000000000489,0.344520,13403.679525,296.765051,161.865338
58,450,11dd74426e8374ac110c4036c77c09ab_000000000490,0.344520,13395.014837,297.916937,164.187603
58,451,11dd74426e8374ac110c4036c77c09ab_000000000491,0.344520,13381.602374,290.383579,165.629168
58,452,11dd74426e8374ac110c4036c77c09ab_000000000492,0.344520,13362.967359,289.353845,163.668782
59,453,11dd74426e8374ac110c4036c77c09ab_000000000493,0.337676,4.047891,376.183396,211.466363
60,453,11dd74426e8374ac110c4036c77c09ab_000000000493,0.337676,12793.728620,292.383605,161.396518
61,454,11dd74426e8374ac110c4036c77c09ab_000000000494,0.338788,12840.631277,292.670485,165.225335
62,455,11dd74426e8374ac110c4036c77c09ab_000000000495,0.338788,2.022956,376.687148,212.686798
63,455,11dd74426e8374ac110c4036c77c09ab_000000000495,0.338788,12837.876614,291.287147,162.925538
64,456,11dd74426e8374ac110c4036c77c09ab_000000000496,0.344520,13313.353116,296.802208,162.715053
64,457,11dd74426e8374ac110c4036c77c09ab_000000000497,0.344520,13336.379822,299.469949,166.276279
64,458,11dd74426e8374ac110c4036c77c09ab_000000000498,0.344520,13295.786350,295.645865,162.853606
64,459,11dd74426e8374ac110c4036c77c09ab_000000000499,0.344520,13315.964392,294.129524,165.402698
64,460,11dd74426e8374ac110c4036c77c09ab_000000000500,0.344520,13964.688427,285.051292,162.071159
64,461,11dd74426e8374ac110c4036c77c09ab_000000000501,0.344520,13778.991098,297.013180,158.146719
64,462,11dd74426e8374ac110c4036c77c09ab_000000000502,0.344520,13804.154303,295.693409,163.715653
64,463,11dd74426e8374ac110c4036c77c09ab_000000000503,0.344520,13801.305638,291.990739,162.602680
64,464,11dd74426e8374ac110c4036c77c09ab_000000000504,0.344520,13793.946588,290.818835,161.800635
64,465,11dd74426e8374ac110c4036c77c09ab_000000000505,0.338788,13319.483501,287.704104,162.388809
64,466,11dd74426e8374ac110c4036c77c09ab_000000000506,0.344520,13748.011869,293.657113,164.539956
64,467,11dd74426e8374ac110c4036c77c09ab_000000000507,0.333241,12903.498057,288.135814,163.012403
64,468,11dd74426e8374ac110c4036c77c09ab_000000000508,0.338788,13387.317073,293.512452,162.352344
64,469,11dd74426e8374ac110c4036c77c09ab_000000000509,0.338788,13371.248207,294.604168,162.695226
64,470,11dd74426e8374ac110c4036c77c09ab_000000000510,0.338788,13317.417504,292.963430,163.998406
64,471,11dd74426e8374ac110c4036c77c09ab_000000000511,0.338788,13372.625538,296.632288,162.838225
64,472,11dd74426e8374ac110c4036c77c09ab_000000000512,0.333241,13089.172682,305.845800,175.214093
65,473,11dd74426e8374ac110c4036c77c09ab_000000000513,0.333241,0.222099,355.930319,210.314288
66,473,11dd74426e8374ac110c4036c77c09ab_000000000513,0.333241,0.333148,336.269133,207.426195
67,473,11dd74426e8374ac110c4036c77c09ab_000000000513,0.333241,13128.706274,296.870672,175.199814
68,474,11dd74426e8374ac110c4036c77c09ab_000000000514,0.338788,14046.484935,301.013213,170.814570
68,475,11dd74426e8374ac110c4036c77c09ab_000000000515,0.338788,14891.936872,329.335982,167.265893
68,476,11dd74426e8374ac110c4036c77c09ab_000000000516,0.344520,14683.679525,306.353294,171.320590
68,477,11dd74426e8374ac110c4036c77c09ab_000000000517,0.338788,14854.519369,307.088390,174.100150
68,478,11dd74426e8374ac110c4036c77c09ab_000000000518,0.338788,14854.060258,302.895677,175.888198
69,479,11dd74426e8374ac110c4036c77c09ab_000000000519,0.345599,0.358316,348.220585,215.393959
70,479,11dd74426e8374ac110c4036c77c09ab_000000000519,0.345599,15470.289639,311.929151,172.831815
71,480,11dd74426e8374ac110c4036c77c09ab_000000000520,0.345599,15422.991938,310.325208,169.256266
71,481,11dd74426e8374ac110c4036c77c09ab_000000000521,0.344520,15330.563798,313.009453,175.561972
71,482,11dd74426e8374ac110c4036c77c09ab_000000000522,0.344520,15319.881306,311.907193,175.159983
71,483,11dd74426e8374ac110c4036c77c09ab_000000000523,0.351581,15925.463535,318.181914,179.611542
71,484,11dd74426e8374ac110c4036c77c09ab_000000000524,0.350446,15811.114523,310.673166,174.351862
71,485,11dd74426e8374ac110c4036c77c09ab_000000000525,0.350446,15829.167946,306.762284,177.018761
71,486,11dd74426e8374ac110c4036c77c09ab_000000000526,0.344520,15283.204748,302.504985,174.758813
71,487,11dd74426e8374ac110c4036c77c09ab_000000000527,0.344520,15322.136499,296.921394,170.323228
71,488,11dd74426e8374ac110c4036c77c09ab_000000000528,0.344520,15388.249258,290.261723,166.465477
71,489,11dd74426e8374ac110c4036c77c09ab_000000000529,0.344520,15400.356083,290.880489,165.292922
71,490,11dd74426e8374ac110c4036c77c09ab_000000000530,0.345599,15531.442222,292.138590,162.988805
71,491,11dd74426e8374ac110c4036c77c09ab_000000000531,0.344520,15525.459941,300.406089,162.622699
71,492,11dd74426e8374ac110c4036c77c09ab_000000000532,0.344520,15523.679525,304.413074,160.599902
71,493,11dd74426e8374ac110c4036c77c09ab_000000000533,0.345599,15584.592416,301.633238,159.835836
71,494,11dd74426e8374ac110c4036c77c09ab_000000000534,0.345599,15596.177964,301.380915,160.184547
71,495,11dd74426e8374ac110c4036c77c09ab_000000000535,0.327869,14045.364149,290.159412,157.156352
71,496,11dd74426e8374ac110c4036c77c09ab_000000000536,0.345599,15636.787101,305.201720,162.935859
71,497,11dd74426e8374ac110c4036c77c09ab_000000000537,0.345599,15592.953120,312.801628,164.330827
71,498,11dd74426e8374ac110c4036c77c09ab_000000000538,0.338788,15011.076040,298.069016,158.402079
71,499,11dd74426e8374ac110c4036c77c09ab_000000000539,0.338788,15022.783357,301.323983,158.843575
71,500,11dd74426e8374ac110c4036c77c09ab_000000000540,0.344520,15333.649852,293.698958,164.672947
71,501,11dd74426e8374ac110c4036c77c09ab_000000000541,0.338788,14844.648494,294.099273,164.694066
71,502,11dd74426e8374ac110c4036c77c09ab_000000000542,0.338788,14879.770445,299.240798,162.699238
71,503,11dd74426e8374ac110c4036c77c09ab_000000000543,0.338788,14863.472023,298.875707,167.113175
71,504,11dd74426e8374ac110c4036c77c09ab_000000000553,0.345599,16859.719319,320.311001,171.540090
71,505,11dd74426e8374ac110c4036c77c09ab_000000000554,0.338788,15931.592539,324.116419,175.021024
71,506,11dd74426e8374ac110c4036c77c09ab_000000000555,0.333241,15418.989450,322.357958,173.716848
72,507,11dd74426e8374ac110c4036c77c09ab_000000000556,0.345599,0.358316,375.747824,217.821104
73,507,11dd74426e8374ac110c4036c77c09ab_000000000556,0.345599,16806.449686,335.175110,181.885626
74,508,11dd74426e8374ac110c4036c77c09ab_000000000557,0.345599,16830.815169,335.733186,183.278442
74,509,11dd74426e8374ac110c4036c77c09ab_000000000558,0.345599,16933.771275,331.086141,181.252984
74,510,11dd74426e8374ac110c4036c77c09ab_000000000559,0.345599,16958.614512,326.803448,179.089278
74,511,11dd74426e8374ac110c4036c77c09ab_000000000560,0.345599,16830.337414,334.235640,179.012834
74,512,11dd74426e8374ac110c4036c77c09ab_000000000561,0.351581,17444.993820,334.113477,176.512116
74,513,11dd74426e8374ac110c4036c77c09ab_000000000562,0.344520,16720.712166,326.161939,172.502187
74,514,11dd74426e8374ac110c4036c77c09ab_000000000563,0.345599,16846.581069,331.305579,176.069463
74,515,11dd74426e8374ac110c4036c77c09ab_000000000564,0.345599,16846.581069,332.351952,170.417663
74,516,11dd74426e8374ac110c4036c77c09ab_000000000565,0.345599,16842.281278,331.026952,178.414343
74,517,11dd74426e8374ac110c4036c77c09ab_000000000566,0.345599,16847.775455,331.246158,171.949888
74,518,11dd74426e8374ac110c4036c77c09ab_000000000567,0.345599,16955.270230,331.306170,175.824935
75,519,11dd74426e8374ac110c4036c77c09ab_000000000568,0.351581,0.494438,309.892158,210.622163
75,520,11dd74426e8374ac110c4036c77c09ab_000000000569,0.351581,0.309023,299.807951,210.579159
76,519,11dd74426e8374ac110c4036c77c09ab_000000000568,0.351581,17554.758962,334.051654,177.954792
76,520,11dd74426e8374ac110c4036c77c09ab_000000000569,0.351581,17523.609394,339.527859,176.608026
77,521,11dd74426e8374ac110c4036c77c09ab_000000000570,0.351581,17561.681088,333.980325,180.299844
77,522,11dd74426e8374ac110c4036c77c09ab_000000000571,0.351581,17560.444994,332.848351,177.092813
77,523,11dd74426e8374ac110c4036c77c09ab_000000000572,0.345599,16998.745894,341.521420,175.181978
77,524,11dd74426e8374ac110c4036c77c09ab_000000000573,0.345599,17025.500149,337.732551,172.870247
77,525,11dd74426e8374ac110c4036c77c09ab_000000000574,0.344520,16887.596439,332.203685,178.229798
77,526,11dd74426e8374ac110c4036c77c09ab_000000000575,0.338788,16157.934003,325.164442,172.927676
77,527,11dd74426e8374ac110c4036c77c09ab_000000000576,0.338788,16148.522238,323.562703,170.739519
77,528,11dd74426e8374ac110c4036c77c09ab_000000000577,0.338788,16113.859397,325.407801,177.832096
78,529,11dd74426e8374ac110c4036c77c09ab_000000000578,0.338788,0.229555,303.699431,207.466388
79,529,11dd74426e8374ac110c4036c77c09ab_000000000578,0.338788,16107.431851,321.653709,174.742036
80,530,11dd74426e8374ac110c4036c77c09ab_000000000579,0.338788,16219.225251,330.378029,179.242832
80,531,11dd74426e8374ac110c4036c77c09ab_000000000580,0.338788,16197.417504,331.799311,177.610365
80,532,11dd74426e8374ac110c4036c77c09ab_000000000581,0.338788,16139.569584,327.623119,182.064367
80,533,11dd74426e8374ac110c4036c77c09ab_000000000582,0.338788,16133.601148,325.523495,175.200013
80,534,11dd74426e8374ac110c4036c77c09ab_000000000583,0.338788,16135.896700,324.367305,179.321532
80,535,11dd74426e8374ac110c4036c77c09ab_000000000584,0.338788,16328.493544,330.964912,175.143996
80,536,11dd74426e8374ac110c4036c77c09ab_000000000585,0.339814,16403.926097,330.295001,176.267724
80,538,11dd74426e8374ac110c4036c77c09ab_000000000593,0.339814,15789.376443,330.012203,176.069506
80,539,11dd74426e8374ac110c4036c77c09ab_000000000594,0.339814,15755.427252,326.187286,176.781344
80,540,11dd74426e8374ac110c4036c77c09ab_000000000595,0.344520,16156.676558,328.193482,179.116438
80,541,11dd74426e8374ac110c4036c77c09ab_000000000596,0.344520,16151.691395,333.213211,176.910952
80,542,11dd74426e8374ac110c4036c77c09ab_000000000597,0.338788,15732.797704,323.640452,175.690867
80,543,11dd74426e8374ac110c4036c77c09ab_000000000598,0.333241,15324.153248,309.437210,171.093594
80,544,11dd74426e8374ac110c4036c77c09ab_000000000599,0.333241,15306.052193,308.801258,166.880693
80,545,11dd74426e8374ac110c4036c77c09ab_000000000600,0.339814,15585.681293,320.389897,175.763375
80,546,11dd74426e8374ac110c4036c77c09ab_000000000601,0.339814,15555.196305,318.948032,175.958793
80,547,11dd74426e8374ac110c4036c77c09ab_000000000602,0.345599,16190.862944,329.479456,181.518384
80,548,11dd74426e8374ac110c4036c77c09ab_000000000603,0.345599,16215.706181,327.961618,181.644440
80,549,11dd74426e8374ac110c4036c77c09ab_000000000604,0.343351,15971.470675,323.917679,176.272685
80,550,11dd74426e8374ac110c4036c77c09ab_000000000605,0.322665,14155.543988,304.513728,167.626936
80,551,11dd74426e8374ac110c4036c77c09ab_000000000606,0.322665,14166.788131,310.499073,172.460603
80,552,11dd74426e8374ac110c4036c77c09ab_000000000607,0.307984,12901.683661,298.532035,161.573809
80,553,11dd74426e8374ac110c4036c77c09ab_000000000608,0.307984,12901.304245,294.994223,161.084031
80,554,11dd74426e8374ac110c4036c77c09ab_000000000609,0.333241,15048.084398,316.149050,172.506816
80,555,11dd74426e8374ac110c4036c77c09ab_000000000610,0.322665,14112.649662,312.164132,169.798876
80,556,11dd74426e8374ac110c4036c77c09ab_000000000611,0.344520,16095.192878,324.969407,177.678805
80,557,11dd74426e8374ac110c4036c77c09ab_000000000612,0.339814,15675.981524,324.461627,174.883476
80,558,11dd74426e8374ac110c4036c77c09ab_000000000613,0.338788,15521.836442,325.297588,173.997752
80,559,11dd74426e8374ac110c4036c77c09ab_000000000614,0.338788,15485.566714,329.673922,175.994172
80,560,11dd74426e8374ac110c4036c77c09ab_000000000615,0.338788,15520.000000,325.998262,174.684076
80,561,11dd74426e8374ac110c4036c77c09ab_000000000616,0.339814,15684.064665,323.455086,175.623127
80,562,11dd74426e8374ac110c4036c77c09ab_000000000617,0.339814,15699.076212,327.179993,175.817176
80,563,11dd74426e8374ac110c4036c77c09ab_000000000618,0.338788,15693.314204,317.856545,179.270106
80,564,11dd74426e8374ac110c4036c77c09ab_000000000619,0.338788,15680.229555,317.623463,171.071122
80,565,11dd74426e8374ac110c4036c77c09ab_000000000620,0.337676,15539.566705,315.037040,171.484640
80,566,11dd74426e8374ac110c4036c77c09ab_000000000621,0.338788,15697.905308,327.765839,175.751930
80,567,11dd74426e8374ac110c4036c77c09ab_000000000622,0.338788,15708.694405,329.035034,174.617410
80,568,11dd74426e8374ac110c4036c77c09ab_000000000623,0.338788,15751.391679,320.154637,172.131748
80,569,11dd74426e8374ac110c4036c77c09ab_000000000624,0.338788,15747.489240,314.282062,174.603701
80,570,11dd74426e8374ac110c4036c77c09ab_000000000625,0.338788,15921.262554,322.869121,178.566992
80,571,11dd74426e8374ac110c4036c77c09ab_000000000626,0.338788,15890.731707,315.066648,171.973024
80,572,11dd74426e8374ac110c4036c77c09ab_000000000627,0.338788,15923.328551,323.521905,175.573251
80,573,11dd74426e8374ac110c4036c77c09ab_000000000628,0.344520,16448.189911,332.767820,176.471490
80,574,11dd74426e8374ac110c4036c77c09ab_000000000629,0.344520,16410.445104,339.551471,181.747213
80,575,11dd74426e8374ac110c4036c77c09ab_000000000630,0.344520,16371.275964,326.937867,173.895535
80,576,11dd74426e8374ac110c4036c77c09ab_000000000631,0.344520,16356.795252,323.098453,176.868118
80,577,11dd74426e8374ac110c4036c77c09ab_000000000632,0.344520,16379.109792,327.486315,176.192955
80,578,11dd74426e8374ac110c4036c77c09ab_000000000633,0.344520,16380.059347,329.633029,178.637655
81,579,11dd74426e8374ac110c4036c77c09ab_000000000634,0.344520,320.474777,397.829685,231.689750
82,579,11dd74426e8374ac110c4036c77c09ab_000000000634,0.344520,1.083086,380.611693,217.941041
83,579,11dd74426e8374ac110c4036c77c09ab_000000000634,0.344520,0.534125,374.639991,212.199026
84,579,11dd74426e8374ac110c4036c77c09ab_000000000634,0.344520,6.765579,379.578132,213.276724
85,579,11dd74426e8374ac110c4036c77c09ab_000000000634,0.344520,0.237389,372.687722,209.213195
86,579,11dd74426e8374ac110c4036c77c09ab_000000000634,0.344520,2.729970,349.329259,209.465824
87,579,11dd74426e8374ac110c4036c77c09ab_000000000634,0.344520,2.863501,354.703770,209.396916
88,579,11dd74426e8374ac110c4036c77c09ab_000000000634,0.344520,0.237389,362.581774,207.605426
89,579,11dd74426e8374ac110c4036c77c09ab_000000000634,0.344520,14812.818991,341.141346,186.144580
90,580,11dd74426e8374ac110c4036c77c09ab_000000000635,0.344520,243.086053,396.146783,229.239689
91,580,11dd74426e8374ac110c4036c77c09ab_000000000635,0.344520,0.356083,400.602208,216.852533
92,580,11dd74426e8374ac110c4036c77c09ab_000000000635,0.344520,7.299703,391.666250,216.701806
93,580,11dd74426e8374ac110c4036c77c09ab_000000000635,0.344520,0.356083,399.855761,213.895406
94,580,11dd74426e8374ac110c4036c77c09ab_000000000635,0.344520,0.237389,395.032474,213.895406
95,580,11dd74426e8374ac110c4036c77c09ab_000000000635,0.344520,0.482196,391.242749,211.254076
96,580,11dd74426e8374ac110c4036c77c09ab_000000000635,0.344520,6.290801,378.854395,211.986182
97,580,11dd74426e8374ac110c4036c77c09ab_000000000635,0.344520,1.958457,373.143943,211.529688
98,580,11dd74426e8374ac110c4036c77c09ab_000000000635,0.344520,0.578635,367.442112,210.909555
99,580,11dd74426e8374ac110c4036c77c09ab_000000000635,0.344520,0.356083,391.472415,207.808871
100,580,11dd74426e8374ac110c4036c77c09ab_000000000635,0.344520,0.459941,365.059193,208.038558
101,580,11dd74426e8374ac110c4036c77c09ab_000000000635,0.344520,14870.504451,331.853949,179.275577
102,581,11dd74426e8374ac110c4036c77c09ab_000000000636,0.344520,175.548961,392.142994,228.428476
103,581,11dd74426e8374ac110c4036c77c09ab_000000000636,0.344520,2.136499,351.613326,207.454762
104,581,11dd74426e8374ac110c4036c77c09ab_000000000636,0.344520,0.519288,342.242365,206.610682
105,581,11dd74426e8374ac110c4036c77c09ab_000000000636,0.344520,0.229970,382.964711,205.760883
106,581,11dd74426e8374ac110c4036c77c09ab_000000000636,0.344520,14686.290801,317.431886,174.110808
107,582,11dd74426e8374ac110c4036c77c09ab_000000000637,0.344520,152.403561,393.081762,229.596847
108,582,11dd74426e8374ac110c4036c77c09ab_000000000637,0.344520,1.320475,377.586373,211.388065
109,582,11dd74426e8374ac110c4036c77c09ab_000000000637,0.344520,2.507418,371.844379,211.100951
110,582,11dd74426e8374ac110c4036c77c09ab_000000000637,0.344520,0.237389,398.946643,207.942839
111,582,11dd74426e8374ac110c4036c77c09ab_000000000637,0.344520,0.237389,377.126998,206.105404
112,582,11dd74426e8374ac110c4036c77c09ab_000000000637,0.344520,15000.356083,331.867092,177.573434
113,583,11dd74426e8374ac110c4036c77c09ab_000000000638,0.344520,113.115727,392.563004,232.254033
114,583,11dd74426e8374ac110c4036c77c09ab_000000000638,0.344520,2.507418,371.789664,211.270204
115,583,11dd74426e8374ac110c4036c77c09ab_000000000638,0.344520,1.899110,377.531658,211.270204
116,583,11dd74426e8374ac110c4036c77c09ab_000000000638,0.344520,0.229970,369.607687,207.882426
117,583,11dd74426e8374ac110c4036c77c09ab_000000000638,0.344520,15041.424332,329.806214,180.212389
118,584,11dd74426e8374ac110c4036c77c09ab_000000000639,0.338788,88.952654,387.015771,229.350997
119,584,11dd74426e8374ac110c4036c77c09ab_000000000639,0.338788,1.908178,368.002882,208.454527
120,584,11dd74426e8374ac110c4036c77c09ab_000000000639,0.338788,0.344333,374.010752,208.183480
121,584,11dd74426e8374ac110c4036c77c09ab_000000000639,0.338788,14599.024390,322.513728,172.570649
122,585,11dd74426e8374ac110c4036c77c09ab_000000000640,0.338788,73.113343,387.810840,229.351824
123,585,11dd74426e8374ac110c4036c77c09ab_000000000640,0.338788,0.229555,388.572990,205.160728
124,585,11dd74426e8374ac110c4036c77c09ab_000000000640,0.338788,14553.113343,319.356176,169.002639
125,586,11dd74426e8374ac110c4036c77c09ab_000000000641,0.344520,104.569733,394.227528,232.785260
126,586,11dd74426e8374ac110c4036c77c09ab_000000000641,0.344520,3.501484,428.961265,193.148898
127,586,11dd74426e8374ac110c4036c77c09ab_000000000641,0.344520,0.652819,429.607199,189.488367
128,586,11dd74426e8374ac110c4036c77c09ab_000000000641,0.344520,16311.691395,341.374566,173.652653
129,587,11dd74426e8374ac110c4036c77c09ab_000000000642,0.344520,9.436202,397.077140,231.404339
130,587,11dd74426e8374ac110c4036c77c09ab_000000000642,0.344520,0.593472,422.026150,200.713313
131,587,11dd74426e8374ac110c4036c77c09ab_000000000642,0.344520,16363.679525,311.457765,172.102416
132,588,11dd74426e8374ac110c4036c77c09ab_000000000643,0.344520,15746.231454,328.197583,182.766917
133,589,11dd74426e8374ac110c4036c77c09ab_000000000644,0.344520,2.002967,426.231470,200.017417
134,589,11dd74426e8374ac110c4036c77c09ab_000000000644,0.344520,0.756677,425.818063,197.054549
135,589,11dd74426e8374ac110c4036c77c09ab_000000000644,0.344520,0.474777,430.411683,194.436181
136,589,11dd74426e8374ac110c4036c77c09ab_000000000644,0.344520,16447.952522,325.990498,171.563093
137,590,11dd74426e8374ac110c4036c77c09ab_000000000645,0.338788,1.836442,420.657812,197.616853
138,590,11dd74426e8374ac110c4036c77c09ab_000000000645,0.338788,0.229555,420.234327,194.415319
139,590,11dd74426e8374ac110c4036c77c09ab_000000000645,0.338788,15927.460545,318.891314,172.774400
140,591,11dd74426e8374ac110c4036c77c09ab_000000000646,0.344520,16088.071217,329.844170,179.643606
140,592,11dd74426e8374ac110c4036c77c09ab_000000000647,0.338788,17071.678623,305.062463,174.231041
140,593,11dd74426e8374ac110c4036c77c09ab_000000000648,0.344520,17624.688427,322.891686,186.506701
140,594,11dd74426e8374ac110c4036c77c09ab_000000000649,0.344520,17604.510386,327.321478,190.233048
140,595,11dd74426e8374ac110c4036c77c09ab_000000000650,0.350446,18193.920786,342.710121,193.551347
140,596,11dd74426e8374ac110c4036c77c09ab_000000000651,0.345599,17816.900567,334.024049,189.916815
140,597,11dd74426e8374ac110c4036c77c09ab_000000000652,0.345599,17795.879367,338.763062,193.557500
140,598,11dd74426e8374ac110c4036c77c09ab_000000000653,0.344520,17749.317507,340.079039,192.276725
140,599,11dd74426e8374ac110c4036c77c09ab_000000000654,0.344520,17733.887240,333.840746,187.628832
140,600,11dd74426e8374ac110c4036c77c09ab_000000000655,0.344520,17720.118694,335.695971,191.878373
140,601,11dd74426e8374ac110c4036c77c09ab_000000000656,0.344520,17707.062315,334.324450,191.277334
140,602,11dd74426e8374ac110c4036c77c09ab_000000000657,0.343351,17616.504568,331.327698,190.332757
141,603,11dd74426e8374ac110c4036c77c09ab_000000000658,0.338788,0.344333,410.258388,216.894028
142,603,11dd74426e8374ac110c4036c77c09ab_000000000658,0.338788,17046.312769,324.108850,186.477818
143,604,11dd74426e8374ac110c4036c77c09ab_000000000659,0.343351,17465.841438,328.721216,185.440910
143,605,11dd74426e8374ac110c4036c77c09ab_000000000660,0.350446,18262.941357,340.626354,189.372069
144,606,11dd74426e8374ac110c4036c77c09ab_000000000661,0.350446,0.675468,423.418175,212.745881
144,607,11dd74426e8374ac110c4036c77c09ab_000000000662,0.337676,0.555872,409.471111,205.171789
144,608,11dd74426e8374ac110c4036c77c09ab_000000000663,0.338788,3.098996,410.069101,209.253505
145,606,11dd74426e8374ac110c4036c77c09ab_000000000661,0.350446,18255.572613,346.955707,194.172092
145,607,11dd74426e8374ac110c4036c77c09ab_000000000662,0.337676,16967.388826,333.038114,185.404202
145,608,11dd74426e8374ac110c4036c77c09ab_000000000663,0.338788,17072.941176,335.864607,186.985422
146,609,11dd74426e8374ac110c4036c77c09ab_000000000664,0.343351,1.827291,416.150476,211.955748
146,610,11dd74426e8374ac110c4036c77c09ab_000000000665,0.344520,1.780415,418.436190,212.824625
147,609,11dd74426e8374ac110c4036c77c09ab_000000000664,0.343351,0.235780,415.669819,209.254710
147,610,11dd74426e8374ac110c4036c77c09ab_000000000665,0.344520,0.370920,417.884965,209.517216
148,609,11dd74426e8374ac110c4036c77c09ab_000000000664,0.343351,17576.657825,330.089611,190.326408
148,610,11dd74426e8374ac110c4036c77c09ab_000000000665,0.344520,17776.142433,339.239124,194.491695
149,611,11dd74426e8374ac110c4036c77c09ab_000000000666,0.344520,17788.486647,341.058685,194.918729
150,612,11dd74426e8374ac110c4036c77c09ab_000000000667,0.344520,0.237389,359.374605,228.843755
150,613,11dd74426e8374ac110c4036c77c09ab_000000000668,0.344520,0.237389,358.087615,228.451922
151,612,11dd74426e8374ac110c4036c77c09ab_000000000667,0.344520,17844.747774,340.338523,193.554483
151,613,11dd74426e8374ac110c4036c77c09ab_000000000668,0.344520,17852.581602,337.244231,192.399402
152,614,11dd74426e8374ac110c4036c77c09ab_000000000669,0.343351,17680.872384,335.719692,191.026689
152,615,11dd74426e8374ac110c4036c77c09ab_000000000670,0.343351,17685.587975,337.361736,191.461745
152,616,11dd74426e8374ac110c4036c77c09ab_000000000671,0.343351,17616.033009,336.862008,188.769258
153,617,11dd74426e8374ac110c4036c77c09ab_000000000672,0.344520,2.106825,387.693541,225.806365
154,617,11dd74426e8374ac110c4036c77c09ab_000000000672,0.344520,16773.412463,318.679742,165.514503
155,618,11dd74426e8374ac110c4036c77c09ab_000000000673,0.344520,17531.869436,334.369555,189.417125
155,619,11dd74426e8374ac110c4036c77c09ab_000000000674,0.344520,17576.023739,333.105528,186.396410
155,620,11dd74426e8374ac110c4036c77c09ab_000000000675,0.344520,17556.320475,334.443741,187.017615
156,621,11dd74426e8374ac110c4036c77c09ab_000000000676,0.333241,0.222099,301.307957,206.635846
157,621,11dd74426e8374ac110c4036c77c09ab_000000000676,0.333241,0.229039,302.057769,203.831063
158,621,11dd74426e8374ac110c4036c77c09ab_000000000676,0.333241,16458.856191,323.584221,179.680544
159,622,11dd74426e8374ac110c4036c77c09ab_000000000677,0.333241,15683.287063,306.524770,162.295175
159,623,11dd74426e8374ac110c4036c77c09ab_000000000678,0.333241,16334.480844,326.554323,184.695122
160,624,11dd74426e8374ac110c4036c77c09ab_000000000679,0.333241,0.263742,400.546345,206.817437
161,624,11dd74426e8374ac110c4036c77c09ab_000000000679,0.333241,16351.804553,326.990196,187.947759
162,625,11dd74426e8374ac110c4036c77c09ab_000000000680,0.343351,17352.195697,336.190395,183.544873
162,626,11dd74426e8374ac110c4036c77c09ab_000000000681,0.344520,17413.175074,340.083329,191.478613
162,627,11dd74426e8374ac110c4036c77c09ab_000000000682,0.343351,17303.153551,334.598793,187.266952
163,628,11dd74426e8374ac110c4036c77c09ab_000000000683,0.338788,0.344333,365.293360,230.491885
164,628,11dd74426e8374ac110c4036c77c09ab_000000000683,0.338788,0.229555,406.851397,215.133482
165,628,11dd74426e8374ac110c4036c77c09ab_000000000683,0.338788,16843.615495,333.936797,188.348516
166,629,11dd74426e8374ac110c4036c77c09ab_000000000684,0.338788,16905.136298,328.960035,184.372508
167,630,11dd74426e8374ac110c4036c77c09ab_000000000685,0.333241,1.263187,295.985786,201.620048
168,630,11dd74426e8374ac110c4036c77c09ab_000000000685,0.333241,16352.026652,330.023716,185.597683
169,631,11dd74426e8374ac110c4036c77c09ab_000000000686,0.338788,0.344333,404.819162,213.376348
170,631,11dd74426e8374ac110c4036c77c09ab_000000000686,0.338788,0.473458,404.706219,207.616944
171,631,11dd74426e8374ac110c4036c77c09ab_000000000686,0.338788,1.377331,301.149915,204.680771
172,631,11dd74426e8374ac110c4036c77c09ab_000000000686,0.338788,16883.558106,335.117904,187.734359
173,632,11dd74426e8374ac110c4036c77c09ab_000000000687,0.333241,0.277624,402.095964,210.501655
174,632,11dd74426e8374ac110c4036c77c09ab_000000000687,0.333241,0.222099,398.985703,204.947656
175,632,11dd74426e8374ac110c4036c77c09ab_000000000687,0.333241,16256.302054,329.132952,185.634253
176,633,11dd74426e8374ac110c4036c77c09ab_000000000688,0.333241,16334.925042,331.111712,186.268497
177,634,11dd74426e8374ac110c4036c77c09ab_000000000689,0.333241,0.333148,399.314266,207.999624
177,635,11dd74426e8374ac110c4036c77c09ab_000000000690,0.344520,0.949555,414.198487,206.813580
177,636,11dd74426e8374ac110c4036c77c09ab_000000000691,0.344520,0.727003,414.044269,207.290176
178,634,11dd74426e8374ac110c4036c77c09ab_000000000689,0.333241,16310.272071,334.002226,189.758210
178,635,11dd74426e8374ac110c4036c77c09ab_000000000690,0.344520,17462.551929,338.807443,190.445324
178,636,11dd74426e8374ac110c4036c77c09ab_000000000691,0.344520,17429.080119,332.721622,188.476864
179,637,11dd74426e8374ac110c4036c77c09ab_000000000692,0.333241,16359.133815,323.548423,179.883918
180,638,11dd74426e8374ac110c4036c77c09ab_000000000693,0.327869,0.322494,393.101186,196.434106
181,638,11dd74426e8374ac110c4036c77c09ab_000000000693,0.327869,15825.853265,315.609971,174.737329
182,639,11dd74426e8374ac110c4036c77c09ab_000000000694,0.344520,17496.735905,328.403761,186.254345
182,640,11dd74426e8374ac110c4036c77c09ab_000000000695,0.333241,16405.774570,324.857671,182.197566
182,641,11dd74426e8374ac110c4036c77c09ab_000000000696,0.333241,16419.766796,324.776638,182.317975
182,642,11dd74426e8374ac110c4036c77c09ab_000000000697,0.333241,16425.319267,334.263628,181.467137
182,643,11dd74426e8374ac110c4036c77c09ab_000000000698,0.333241,16436.646308,324.679660,179.847042
182,644,11dd74426e8374ac110c4036c77c09ab_000000000699,0.344520,16357.744807,319.928250,160.093867
182,645,11dd74426e8374ac110c4036c77c09ab_000000000700,0.344520,16278.575668,323.896796,176.763778
182,646,11dd74426e8374ac110c4036c77c09ab_000000000701,0.333241,15192.559689,308.921423,166.318319
182,647,11dd74426e8374ac110c4036c77c09ab_000000000702,0.333241,15134.702943,313.822527,165.097131
182,648,11dd74426e8374ac110c4036c77c09ab_000000000703,0.343351,16055.408193,326.906700,171.070786
182,649,11dd74426e8374ac110c4036c77c09ab_000000000704,0.344520,16171.869436,330.306572,172.535506
182,650,11dd74426e8374ac110c4036c77c09ab_000000000705,0.344520,16197.507418,330.446008,169.774968
182,651,11dd74426e8374ac110c4036c77c09ab_000000000706,0.338788,15656.585366,326.949367,171.611851
182,652,11dd74426e8374ac110c4036c77c09ab_000000000707,0.343351,16070.498084,324.959173,170.174436
182,653,11dd74426e8374ac110c4036c77c09ab_000000000708,0.332182,15024.993103,317.825797,166.331064
182,654,11dd74426e8374ac110c4036c77c09ab_000000000709,0.332182,15031.172414,316.021038,167.129322
182,655,11dd74426e8374ac110c4036c77c09ab_000000000710,0.344520,16159.762611,325.517939,174.035802
182,656,11dd74426e8374ac110c4036c77c09ab_000000000711,0.344520,16094.955490,325.340969,172.177412
182,657,11dd74426e8374ac110c4036c77c09ab_000000000712,0.338788,15576.011478,321.148111,167.991774
182,658,11dd74426e8374ac110c4036c77c09ab_000000000713,0.338788,15550.186514,316.986766,167.405469
182,659,11dd74426e8374ac110c4036c77c09ab_000000000714,0.343351,15978.544061,321.965772,168.930313
182,660,11dd74426e8374ac110c4036c77c09ab_000000000715,0.337676,15489.167617,316.727687,165.497414
182,661,11dd74426e8374ac110c4036c77c09ab_000000000716,0.337676,15474.800456,314.178691,165.236737
182,662,11dd74426e8374ac110c4036c77c09ab_000000000717,0.343351,16016.740348,321.246902,170.914513
182,663,11dd74426e8374ac110c4036c77c09ab_000000000718,0.344520,16135.074184,320.953358,168.926452
182,664,11dd74426e8374ac110c4036c77c09ab_000000000719,0.344520,16138.872404,320.769911,170.038468
182,665,11dd74426e8374ac110c4036c77c09ab_000000000720,0.344520,16099.465875,318.165169,169.177735
182,666,11dd74426e8374ac110c4036c77c09ab_000000000721,0.344520,16088.071217,324.218859,171.191363
182,667,11dd74426e8374ac110c4036c77c09ab_000000000722,0.344520,16064.094955,321.445158,165.788990
182,668,11dd74426e8374ac110c4036c77c09ab_000000000723,0.344520,16070.979228,330.110025,171.012384
182,669,11dd74426e8374ac110c4036c77c09ab_000000000724,0.344520,16070.385757,321.653397,168.491659
182,670,11dd74426e8374ac110c4036c77c09ab_000000000725,0.344520,16065.637982,317.720998,169.925275
182,671,11dd74426e8374ac110c4036c77c09ab_000000000726,0.344520,16067.655786,322.648940,172.420326
182,672,11dd74426e8374ac110c4036c77c09ab_000000000727,0.344520,16039.881306,327.790000,170.364642
182,673,11dd74426e8374ac110c4036c77c09ab_000000000728,0.344520,16021.958457,324.872363,170.399843
182,674,11dd74426e8374ac110c4036c77c09ab_000000000729,0.344520,16054.243323,323.925962,172.805377
182,675,11dd74426e8374ac110c4036c77c09ab_000000000730,0.344520,16050.563798,329.955722,174.033783
182,676,11dd74426e8374ac110c4036c77c09ab_000000000731,0.344520,15948.961424,326.569522,172.805577
182,677,11dd74426e8374ac110c4036c77c09ab_000000000732,0.344520,15903.857567,334.568205,175.133961
182,678,11dd74426e8374ac110c4036c77c09ab_000000000733,0.344520,15905.281899,330.764685,171.543842
182,679,11dd74426e8374ac110c4036c77c09ab_000000000734,0.343351,15773.180077,320.667246,170.070261
182,680,11dd74426e8374ac110c4036c77c09ab_000000000735,0.344520,15887.002967,324.958872,173.411663
182,681,11dd74426e8374ac110c4036c77c09ab_000000000736,0.344520,15926.646884,320.248820,169.699594
182,682,11dd74426e8374ac110c4036c77c09ab_000000000737,0.344520,15917.151335,321.996277,173.278904
182,683,11dd74426e8374ac110c4036c77c09ab_000000000738,0.343351,15724.373711,325.077263,173.269266
182,684,11dd74426e8374ac110c4036c77c09ab_000000000739,0.343351,15648.688476,323.561985,175.895741
182,685,11dd74426e8374ac110c4036c77c09ab_000000000740,0.343351,15656.940760,326.675299,174.396892
182,686,11dd74426e8374ac110c4036c77c09ab_000000000741,0.343351,15683.348070,327.365647,172.955474
182,687,11dd74426e8374ac110c4036c77c09ab_000000000742,0.343351,15704.568229,323.770564,171.075784
183,688,11dd74426e8374ac110c4036c77c09ab_000000000743,0.343351,1.414677,310.123963,210.130879
184,688,11dd74426e8374ac110c4036c77c09ab_000000000743,0.343351,15716.592986,323.004186,172.830207
185,689,11dd74426e8374ac110c4036c77c09ab_000000000744,0.343351,15707.161804,324.345170,172.820284
185,690,11dd74426e8374ac110c4036c77c09ab_000000000745,0.343351,15613.085765,328.316567,171.666316
185,691,11dd74426e8374ac110c4036c77c09ab_000000000746,0.343351,15619.216033,322.448127,170.016958
186,692,11dd74426e8374ac110c4036c77c09ab_000000000747,0.343351,0.279988,310.061366,210.219043
187,692,11dd74426e8374ac110c4036c77c09ab_000000000747,0.343351,15586.206897,320.738582,173.286775
188,693,11dd74426e8374ac110c4036c77c09ab_000000000748,0.343351,15560.978485,327.493355,173.714350
188,694,11dd74426e8374ac110c4036c77c09ab_000000000749,0.343351,15585.145889,324.934005,174.225049
188,695,11dd74426e8374ac110c4036c77c09ab_000000000750,0.343351,15587.621574,332.898993,183.817559
188,696,11dd74426e8374ac110c4036c77c09ab_000000000751,0.343351,15591.629826,325.554777,177.667631
188,697,11dd74426e8374ac110c4036c77c09ab_000000000752,0.343351,15662.127910,326.660461,174.339482
188,698,11dd74426e8374ac110c4036c77c09ab_000000000753,0.343351,15661.538462,319.242248,178.836227
188,699,11dd74426e8374ac110c4036c77c09ab_000000000754,0.344520,15799.406528,322.827530,176.145758
188,700,11dd74426e8374ac110c4036c77c09ab_000000000755,0.337676,15137.970353,316.894485,173.480554
188,701,11dd74426e8374ac110c4036c77c09ab_000000000756,0.343351,15680.518715,323.643987,177.372501
188,702,11dd74426e8374ac110c4036c77c09ab_000000000757,0.338788,15189.210904,321.866651,177.153816
188,703,11dd74426e8374ac110c4036c77c09ab_000000000758,0.338788,15177.044476,317.150102,174.598552
188,704,11dd74426e8374ac110c4036c77c09ab_000000000759,0.338788,15212.395983,320.828864,174.483603
188,705,11dd74426e8374ac110c4036c77c09ab_000000000760,0.338788,15199.770445,327.719706,180.375346
189,706,11dd74426e8374ac110c4036c77c09ab_000000000761,0.338788,0.243902,309.425109,207.463245
190,706,11dd74426e8374ac110c4036c77c09ab_000000000761,0.338788,15227.546628,317.867815,178.227149
191,707,11dd74426e8374ac110c4036c77c09ab_000000000762,0.338788,0.344333,249.732688,179.314357
192,707,11dd74426e8374ac110c4036c77c09ab_000000000762,0.338788,0.688666,246.909457,173.611425
193,707,11dd74426e8374ac110c4036c77c09ab_000000000762,0.338788,0.344333,232.680342,173.442031
194,707,11dd74426e8374ac110c4036c77c09ab_000000000762,0.338788,15298.938307,314.028198,180.280806
195,708,11dd74426e8374ac110c4036c77c09ab_000000000763,0.338788,15184.619799,300.372918,158.635710
195,709,11dd74426e8374ac110c4036c77c09ab_000000000764,0.338788,15126.771879,312.812394,172.124697
195,710,11dd74426e8374ac110c4036c77c09ab_000000000765,0.338788,15105.423242,310.344329,171.725219
195,711,11dd74426e8374ac110c4036c77c09ab_000000000766,0.338788,15131.362984,315.656384,174.423616
195,712,11dd74426e8374ac110c4036c77c09ab_000000000767,0.344520,15664.451039,319.882473,171.702782
195,713,11dd74426e8374ac110c4036c77c09ab_000000000768,0.344520,15677.507418,318.563920,174.333672
195,714,11dd74426e8374ac110c4036c77c09ab_000000000769,0.338788,15145.480631,316.795743,170.067928
195,715,11dd74426e8374ac110c4036c77c09ab_000000000770,0.338788,15120.344333,318.937364,168.636886
195,716,11dd74426e8374ac110c4036c77c09ab_000000000771,0.344520,15594.065282,316.093820,170.861951
195,717,11dd74426e8374ac110c4036c77c09ab_000000000772,0.344520,15627.537092,309.768429,168.333750
195,718,11dd74426e8374ac110c4036c77c09ab_000000000773,0.338788,15646.255380,292.971040,169.598517
195,719,11dd74426e8374ac110c4036c77c09ab_000000000774,0.338788,15821.176471,292.991925,175.394159
195,720,11dd74426e8374ac110c4036c77c09ab_000000000775,0.338788,15996.556671,304.574131,173.591595
195,721,11dd74426e8374ac110c4036c77c09ab_000000000776,0.338788,16058.077475,305.986852,172.603527
195,722,11dd74426e8374ac110c4036c77c09ab_000000000777,0.338788,16048.665710,303.422697,169.555899
195,723,11dd74426e8374ac110c4036c77c09ab_000000000778,0.338788,16109.268293,302.644976,168.938692
195,724,11dd74426e8374ac110c4036c77c09ab_000000000779,0.338788,16156.556671,307.553149,170.109057
195,725,11dd74426e8374ac110c4036c77c09ab_000000000780,0.338788,16162.525108,309.834761,164.903400
195,726,11dd74426e8374ac110c4036c77c09ab_000000000781,0.338788,16156.786227,317.918993,169.075456
195,727,11dd74426e8374ac110c4036c77c09ab_000000000782,0.338788,16145.767575,317.857600,170.783180
195,728,11dd74426e8374ac110c4036c77c09ab_000000000783,0.338788,16138.307030,318.995717,168.251210
195,729,11dd74426e8374ac110c4036c77c09ab_000000000784,0.338788,16127.403156,316.196990,173.037600
195,730,11dd74426e8374ac110c4036c77c09ab_000000000785,0.344520,16630.267062,321.694065,175.959283
195,731,11dd74426e8374ac110c4036c77c09ab_000000000786,0.344520,16631.216617,328.330984,175.061446
195,732,11dd74426e8374ac110c4036c77c09ab_000000000787,0.338788,16056.470588,316.579719,169.618099
195,733,11dd74426e8374ac110c4036c77c09ab_000000000788,0.338788,16083.558106,322.740173,173.354263
195,734,11dd74426e8374ac110c4036c77c09ab_000000000789,0.344520,16551.928783,335.465947,174.031827
195,735,11dd74426e8374ac110c4036c77c09ab_000000000790,0.344520,16479.525223,331.474144,169.431909
195,736,11dd74426e8374ac110c4036c77c09ab_000000000791,0.344520,16338.278932,330.383240,170.044714
195,737,11dd74426e8374ac110c4036c77c09ab_000000000792,0.344520,16204.391691,325.412821,169.092036
196,738,11dd74426e8374ac110c4036c77c09ab_000000000793,0.344520,0.237389,405.913594,206.110198
197,738,11dd74426e8374ac110c4036c77c09ab_000000000793,0.344520,16171.869436,317.793796,170.040340
198,739,11dd74426e8374ac110c4036c77c09ab_000000000794,0.345599,16278.053150,315.395814,171.229338
198,740,11dd74426e8374ac110c4036c77c09ab_000000000795,0.345599,16249.865632,319.421797,171.411049
198,741,11dd74426e8374ac110c4036c77c09ab_000000000796,0.345599,16320.573305,317.698886,172.571487
198,742,11dd74426e8374ac110c4036c77c09ab_000000000797,0.344520,15410.919881,310.804240,172.057553
198,743,11dd74426e8374ac110c4036c77c09ab_000000000798,0.344520,15200.237389,313.010504,169.992312
198,744,11dd74426e8374ac110c4036c77c09ab_000000000799,0.345599,15293.162138,308.887884,163.398265
198,745,11dd74426e8374ac110c4036c77c09ab_000000000800,0.338788,14724.820660,297.096509,160.270389
198,746,11dd74426e8374ac110c4036c77c09ab_000000000801,0.343351,15092.248747,304.091873,164.836383
198,747,11dd74426e8374ac110c4036c77c09ab_000000000802,0.343351,15102.858827,299.348104,162.388374
198,748,11dd74426e8374ac110c4036c77c09ab_000000000803,0.338788,14516.154950,303.381692,163.616742
198,749,11dd74426e8374ac110c4036c77c09ab_000000000804,0.338788,14486.312769,301.465772,165.733756
198,750,11dd74426e8374ac110c4036c77c09ab_000000000805,0.345599,15057.629143,304.169353,165.002355
198,751,11dd74426e8374ac110c4036c77c09ab_000000000806,0.345599,15023.469692,300.964737,161.726421
198,752,11dd74426e8374ac110c4036c77c09ab_000000000807,0.344520,15225.400593,302.311886,167.160984
198,753,11dd74426e8374ac110c4036c77c09ab_000000000808,0.344520,14855.548961,295.424084,161.304998
198,754,11dd74426e8374ac110c4036c77c09ab_000000000809,0.344520,14831.335312,297.878077,161.542424
198,755,11dd74426e8374ac110c4036c77c09ab_000000000810,0.344520,14779.821958,298.601877,163.885937
198,756,11dd74426e8374ac110c4036c77c09ab_000000000811,0.344520,14768.902077,304.147366,166.613944
198,757,11dd74426e8374ac110c4036c77c09ab_000000000812,0.339814,14339.260970,300.478370,164.079422
198,758,11dd74426e8374ac110c4036c77c09ab_000000000813,0.338788,14202.812052,294.170240,164.244877
198,759,11dd74426e8374ac110c4036c77c09ab_000000000814,0.345599,15058.345775,298.811114,164.543715
198,760,11dd74426e8374ac110c4036c77c09ab_000000000815,0.339814,14585.912240,287.686134,158.693765
198,761,11dd74426e8374ac110c4036c77c09ab_000000000816,0.345599,15110.182144,288.088265,163.704060
198,762,11dd74426e8374ac110c4036c77c09ab_000000000817,0.344520,15077.982196,296.034060,164.521515
198,763,11dd74426e8374ac110c4036c77c09ab_000000000818,0.344520,15156.320475,293.123026,164.199925
198,764,11dd74426e8374ac110c4036c77c09ab_000000000819,0.344520,15147.537092,294.948833,161.843658
199,765,11dd74426e8374ac110c4036c77c09ab_000000000820,0.345599,0.354583,210.705992,141.930693
200,765,11dd74426e8374ac110c4036c77c09ab_000000000820,0.345599,15253.508510,288.721413,165.801099
201,766,11dd74426e8374ac110c4036c77c09ab_000000000821,0.339814,14726.558891,292.413972,161.205917
201,767,11dd74426e8374ac110c4036c77c09ab_000000000822,0.338788,14669.268293,295.068410,165.546320
201,768,11dd74426e8374ac110c4036c77c09ab_000000000823,0.344520,15241.780415,286.342529,162.985335
201,769,11dd74426e8374ac110c4036c77c09ab_000000000824,0.344520,15224.925816,307.883575,165.267268
201,770,11dd74426e8374ac110c4036c77c09ab_000000000825,0.344520,15154.896142,306.915453,164.021398
201,771,11dd74426e8374ac110c4036c77c09ab_000000000826,0.322665,12813.326393,296.360007,153.592385
201,772,11dd74426e8374ac110c4036c77c09ab_000000000827,0.344520,15115.014837,296.433821,159.144890
201,773,11dd74426e8374ac110c4036c77c09ab_000000000828,0.344520,14574.243323,313.185708,164.570015
201,774,11dd74426e8374ac110c4036c77c09ab_000000000829,0.338788,14015.265423,302.062684,159.849809
201,775,11dd74426e8374ac110c4036c77c09ab_000000000830,0.333241,13550.694059,301.211976,159.154232
201,776,11dd74426e8374ac110c4036c77c09ab_000000000831,0.338788,13914.490674,296.452927,159.219502
202,777,11dd74426e8374ac110c4036c77c09ab_000000000832,0.338788,0.233142,216.277472,139.472853
203,777,11dd74426e8374ac110c4036c77c09ab_000000000832,0.338788,14199.598278,292.229754,155.911413
204,778,11dd74426e8374ac110c4036c77c09ab_000000000833,0.338788,14023.758967,293.681329,154.451918
204,779,11dd74426e8374ac110c4036c77c09ab_000000000834,0.338788,14023.758967,294.423587,160.208489
204,780,11dd74426e8374ac110c4036c77c09ab_000000000835,0.338788,13976.011478,289.518206,155.953431
204,781,11dd74426e8374ac110c4036c77c09ab_000000000836,0.333241,13534.702943,287.333058,156.154536
204,782,11dd74426e8374ac110c4036c77c09ab_000000000837,0.344520,14310.267062,307.031463,163.576691
204,783,11dd74426e8374ac110c4036c77c09ab_000000000838,0.344520,14252.581602,298.052041,164.609968
204,784,11dd74426e8374ac110c4036c77c09ab_000000000839,0.344520,14269.436202,296.614765,164.273196
204,785,11dd74426e8374ac110c4036c77c09ab_000000000840,0.344520,14264.688427,292.303633,160.799846
204,786,11dd74426e8374ac110c4036c77c09ab_000000000841,0.344520,14282.729970,297.222429,164.195435
204,787,11dd74426e8374ac110c4036c77c09ab_000000000842,0.343351,14333.745948,300.094406,161.414631
204,788,11dd74426e8374ac110c4036c77c09ab_000000000843,0.343351,14332.567050,296.133570,156.919081
204,789,11dd74426e8374ac110c4036c77c09ab_000000000844,0.343351,14391.983495,295.963299,160.114722
204,790,11dd74426e8374ac110c4036c77c09ab_000000000845,0.344520,14551.454006,302.495880,162.903000
204,791,11dd74426e8374ac110c4036c77c09ab_000000000846,0.343351,14453.050398,304.159206,160.248865
204,792,11dd74426e8374ac110c4036c77c09ab_000000000847,0.344520,14523.679525,307.270992,163.842399
204,793,11dd74426e8374ac110c4036c77c09ab_000000000848,0.343351,14428.293546,301.877634,162.746006
204,794,11dd74426e8374ac110c4036c77c09ab_000000000849,0.344520,15655.905045,303.400772,165.452145
204,795,11dd74426e8374ac110c4036c77c09ab_000000000850,0.344520,15581.364985,306.422707,167.296698
204,796,11dd74426e8374ac110c4036c77c09ab_000000000851,0.344520,15576.379822,304.817797,166.895045
204,797,11dd74426e8374ac110c4036c77c09ab_000000000852,0.344520,15580.534125,303.984863,167.177638
204,798,11dd74426e8374ac110c4036c77c09ab_000000000853,0.344520,15579.228487,307.731649,167.505736
204,799,11dd74426e8374ac110c4036c77c09ab_000000000854,0.345599,15682.054345,308.643746,167.800127
204,800,11dd74426e8374ac110c4036c77c09ab_000000000855,0.344520,15589.080119,303.795654,165.585388
204,801,11dd74426e8374ac110c4036c77c09ab_000000000856,0.344520,15572.225519,303.336784,166.341518
204,802,11dd74426e8374ac110c4036c77c09ab_000000000857,0.344520,15575.074184,302.238015,164.203552
204,803,11dd74426e8374ac110c4036c77c09ab_000000000858,0.339814,15135.565820,304.324588,167.600231
204,804,11dd74426e8374ac110c4036c77c09ab_000000000859,0.338788,15033.572453,303.504251,169.864942
204,805,11dd74426e8374ac110c4036c77c09ab_000000000860,0.338788,15025.538020,306.040470,174.574007
204,806,11dd74426e8374ac110c4036c77c09ab_000000000861,0.344520,15470.148368,312.297744,174.885380
204,807,11dd74426e8374ac110c4036c77c09ab_000000000862,0.344520,15448.308605,310.304282,176.000424
204,808,11dd74426e8374ac110c4036c77c09ab_000000000863,0.322665,13520.666320,299.451927,166.350063
204,809,11dd74426e8374ac110c4036c77c09ab_000000000864,0.322665,13496.720458,297.103825,167.192193
205,810,11dd74426e8374ac110c4036c77c09ab_000000000865,0.344520,2.077151,271.200976,190.938196
206,810,11dd74426e8374ac110c4036c77c09ab_000000000865,0.344520,15224.688427,316.996020,181.392094
207,811,11dd74426e8374ac110c4036c77c09ab_000000000866,0.327869,13726.417630,301.601342,174.130619
208,812,11dd74426e8374ac110c4036c77c09ab_000000000867,0.344520,0.771513,271.022323,190.989757
209,812,11dd74426e8374ac110c4036c77c09ab_000000000867,0.344520,15078.219585,307.081762,180.299129
210,813,11dd74426e8374ac110c4036c77c09ab_000000000868,0.344520,15088.902077,306.474519,178.490544
210,814,11dd74426e8374ac110c4036c77c09ab_000000000869,0.344520,15036.201780,307.072699,174.438096
211,815,11dd74426e8374ac110c4036c77c09ab_000000000870,0.344520,2.210682,266.179796,190.392734
211,816,11dd74426e8374ac110c4036c77c09ab_000000000871,0.344520,1.839763,266.217835,190.463997
212,815,11dd74426e8374ac110c4036c77c09ab_000000000870,0.344520,15057.804154,302.527758,170.782686
212,816,11dd74426e8374ac110c4036c77c09ab_000000000871,0.344520,15047.715134,306.258016,178.389168
213,817,11dd74426e8374ac110c4036c77c09ab_000000000872,0.344520,14876.201780,298.746948,172.458407
213,818,11dd74426e8374ac110c4036c77c09ab_000000000873,0.344520,14913.709199,310.858240,174.870766
213,819,11dd74426e8374ac110c4036c77c09ab_000000000874,0.344520,14837.270030,313.766876,179.383008
213,820,11dd74426e8374ac110c4036c77c09ab_000000000875,0.344520,14736.617211,316.741835,175.994642
213,821,11dd74426e8374ac110c4036c77c09ab_000000000876,0.344520,14733.293769,318.586799,176.939339
213,822,11dd74426e8374ac110c4036c77c09ab_000000000877,0.344520,14690.563798,312.391528,172.657667
213,823,11dd74426e8374ac110c4036c77c09ab_000000000878,0.344520,14671.335312,317.862389,175.237229
213,824,11dd74426e8374ac110c4036c77c09ab_000000000879,0.344520,14658.041543,311.914364,171.212044
213,825,11dd74426e8374ac110c4036c77c09ab_000000000880,0.344520,14659.703264,316.650490,174.481067
213,826,11dd74426e8374ac110c4036c77c09ab_000000000881,0.345599,14719.856674,314.739441,175.593421
213,827,11dd74426e8374ac110c4036c77c09ab_000000000882,0.333241,13529.372571,309.038842,171.741628
213,828,11dd74426e8374ac110c4036c77c09ab_000000000883,0.333241,13523.153803,300.647903,170.973002
213,829,11dd74426e8374ac110c4036c77c09ab_000000000884,0.344520,14615.074184,319.149252,177.083380
214,830,11dd74426e8374ac110c4036c77c09ab_000000000891,0.344520,0.415430,351.743489,208.082569
215,830,11dd74426e8374ac110c4036c77c09ab_000000000891,0.344520,16128.427300,300.580220,169.964282
216,831,11dd74426e8374ac110c4036c77c09ab_000000000892,0.344520,16088.427300,301.644441,169.564427
216,832,11dd74426e8374ac110c4036c77c09ab_000000000893,0.338788,15771.190818,273.652406,145.104167
216,833,11dd74426e8374ac110c4036c77c09ab_000000000894,0.338788,15612.051650,296.068130,163.449901
216,834,11dd74426e8374ac110c4036c77c09ab_000000000895,0.338788,15592.539455,290.994285,158.121758
216,835,11dd74426e8374ac110c4036c77c09ab_000000000896,0.344520,16111.216617,298.412416,163.927194
216,836,11dd74426e8374ac110c4036c77c09ab_000000000897,0.344520,16114.065282,289.337527,161.367451
216,837,11dd74426e8374ac110c4036c77c09ab_000000000898,0.338788,15642.467719,287.213973,156.744458
216,838,11dd74426e8374ac110c4036c77c09ab_000000000899,0.338788,15669.440459,286.933931,159.209835
216,839,11dd74426e8374ac110c4036c77c09ab_000000000900,0.338788,15839.081779,288.167353,159.519674
216,840,11dd74426e8374ac110c4036c77c09ab_000000000901,0.338788,15837.245337,290.952846,160.939581
216,841,11dd74426e8374ac110c4036c77c09ab_000000000902,0.338788,15762.869440,290.315384,155.549279
216,842,11dd74426e8374ac110c4036c77c09ab_000000000903,0.338788,15745.423242,285.855531,157.509937
216,843,11dd74426e8374ac110c4036c77c09ab_000000000904,0.338788,15792.252511,284.121453,159.407909
216,844,11dd74426e8374ac110c4036c77c09ab_000000000905,0.327869,14713.249127,274.637571,154.163448
216,845,11dd74426e8374ac110c4036c77c09ab_000000000906,0.333241,15190.893948,278.843717,160.096363
216,846,11dd74426e8374ac110c4036c77c09ab_000000000907,0.327869,14721.203977,279.740330,157.715444
216,847,11dd74426e8374ac110c4036c77c09ab_000000000908,0.327869,14692.824510,277.819364,155.643761
216,848,11dd74426e8374ac110c4036c77c09ab_000000000909,0.327869,14656.920183,277.192563,156.456159
216,849,11dd74426e8374ac110c4036c77c09ab_000000000910,0.327869,14637.570546,280.900279,159.021807
216,850,11dd74426e8374ac110c4036c77c09ab_000000000911,0.327869,14551.787154,273.850178,160.690938
216,851,11dd74426e8374ac110c4036c77c09ab_000000000912,0.333241,15037.423654,280.804232,165.177055
216,852,11dd74426e8374ac110c4036c77c09ab_000000000913,0.333241,15048.528595,282.984474,164.752144
216,853,11dd74426e8374ac110c4036c77c09ab_000000000914,0.344520,16160.949555,292.670317,172.575154
217,854,11dd74426e8374ac110c4036c77c09ab_000000000915,0.344520,0.229970,370.831467,213.686137
218,854,11dd74426e8374ac110c4036c77c09ab_000000000915,0.344520,16145.519288,293.922652,174.495933
218,855,11dd74426e8374ac110c4036c77c09ab_000000000916,0.333241,15126.485286,278.664466,163.185217
218,856,11dd74426e8374ac110c4036c77c09ab_000000000917,0.333241,15160.910605,281.260221,164.167458
219,855,11dd74426e8374ac110c4036c77c09ab_000000000916,0.333241,1.214603,228.152087,169.548531
220,856,11dd74426e8374ac110c4036c77c09ab_000000000917,0.333241,0.222099,359.966226,206.892875
221,857,11dd74426e8374ac110c4036c77c09ab_000000000918,0.333241,0.333148,265.711419,183.444107
222,857,11dd74426e8374ac110c4036c77c09ab_000000000918,0.333241,0.395614,262.156844,183.555200
223,857,11dd74426e8374ac110c4036c77c09ab_000000000918,0.333241,15513.381455,280.409912,164.646573
224,858,11dd74426e8374ac110c4036c77c09ab_000000000919,0.333241,15684.619656,280.227590,160.683145
224,859,11dd74426e8374ac110c4036c77c09ab_000000000920,0.338788,16182.725968,287.017925,160.604732
224,860,11dd74426e8374ac110c4036c77c09ab_000000000921,0.333241,15627.540255,279.756082,157.748840
224,861,11dd74426e8374ac110c4036c77c09ab_000000000922,0.327869,15099.166891,279.212066,155.717113
224,862,11dd74426e8374ac110c4036c77c09ab_000000000923,0.333241,15510.605219,273.844719,143.266311
224,863,11dd74426e8374ac110c4036c77c09ab_000000000924,0.333241,15404.664076,284.134484,158.298360
224,864,11dd74426e8374ac110c4036c77c09ab_000000000925,0.333241,15453.636868,278.509561,152.817298
224,865,11dd74426e8374ac110c4036c77c09ab_000000000926,0.333241,15459.966685,273.794379,151.465938
224,866,11dd74426e8374ac110c4036c77c09ab_000000000927,0.333241,15456.524153,271.817348,151.677762
224,867,11dd74426e8374ac110c4036c77c09ab_000000000928,0.333241,15525.596891,268.977602,153.922541
224,868,11dd74426e8374ac110c4036c77c09ab_000000000929,0.333241,15549.361466,276.005252,152.462457
224,869,11dd74426e8374ac110c4036c77c09ab_000000000930,0.327869,14980.704112,268.859523,145.764490
224,870,11dd74426e8374ac110c4036c77c09ab_000000000931,0.327869,14985.326525,273.936968,147.396170
224,871,11dd74426e8374ac110c4036c77c09ab_000000000932,0.327869,15002.848697,268.548764,152.815362
224,872,11dd74426e8374ac110c4036c77c09ab_000000000933,0.327869,14998.548777,268.558210,152.308540
224,873,11dd74426e8374ac110c4036c77c09ab_000000000934,0.337676,15812.770810,271.154617,155.383797
224,874,11dd74426e8374ac110c4036c77c09ab_000000000935,0.345599,16678.889221,288.912796,162.074309
224,875,11dd74426e8374ac110c4036c77c09ab_000000000936,0.345599,16685.338907,291.308680,163.811511
224,876,11dd74426e8374ac110c4036c77c09ab_000000000937,0.327869,14981.134104,283.319052,157.521362
224,877,11dd74426e8374ac110c4036c77c09ab_000000000938,0.327869,14975.759205,287.051181,161.481553
225,878,11dd74426e8374ac110c4036c77c09ab_000000000939,0.327869,0.161247,304.594226,202.312712
226,878,11dd74426e8374ac110c4036c77c09ab_000000000939,0.327869,15035.743080,283.567055,155.873513
227,879,11dd74426e8374ac110c4036c77c09ab_000000000940,0.327869,15031.228164,288.620926,158.481215
227,880,11dd74426e8374ac110c4036c77c09ab_000000000941,0.327869,14970.599301,288.100086,162.852083
228,881,11dd74426e8374ac110c4036c77c09ab_000000000942,0.333241,0.111049,292.160311,187.624952
229,881,11dd74426e8374ac110c4036c77c09ab_000000000942,0.333241,0.340089,269.833178,184.847952
230,881,11dd74426e8374ac110c4036c77c09ab_000000000942,0.333241,15381.898945,293.920096,162.487230
231,882,11dd74426e8374ac110c4036c77c09ab_000000000943,0.344520,16451.988131,305.840067,173.503839
231,883,11dd74426e8374ac110c4036c77c09ab_000000000944,0.344520,16454.836795,301.117461,170.670755
231,884,11dd74426e8374ac110c4036c77c09ab_000000000945,0.344520,16425.400593,300.021384,168.969223
231,885,11dd74426e8374ac110c4036c77c09ab_000000000946,0.344520,16420.652819,295.929467,164.860053
231,886,11dd74426e8374ac110c4036c77c09ab_000000000947,0.350446,17013.447958,304.865589,169.240941
231,887,11dd74426e8374ac110c4036c77c09ab_000000000948,0.344520,16331.632047,306.371693,169.780372
231,888,11dd74426e8374ac110c4036c77c09ab_000000000949,0.333241,15323.486952,288.423230,160.124086
231,889,11dd74426e8374ac110c4036c77c09ab_000000000950,0.333241,15293.059411,289.700301,162.129388
231,890,11dd74426e8374ac110c4036c77c09ab_000000000951,0.343351,16259.121721,294.238749,159.910554
231,891,11dd74426e8374ac110c4036c77c09ab_000000000952,0.343351,16226.112585,298.752311,163.761693
231,892,11dd74426e8374ac110c4036c77c09ab_000000000953,0.345599,16382.681397,299.556987,164.115155
232,893,11dd74426e8374ac110c4036c77c09ab_000000000954,0.343351,0.176835,348.675862,222.948443
233,893,11dd74426e8374ac110c4036c77c09ab_000000000954,0.343351,16163.159446,302.663375,169.791697
234,894,11dd74426e8374ac110c4036c77c09ab_000000000955,0.343351,16124.491600,297.113914,165.256267
234,895,11dd74426e8374ac110c4036c77c09ab_000000000956,0.343351,16184.261715,293.254717,162.612157
234,896,11dd74426e8374ac110c4036c77c09ab_000000000957,0.343351,16173.062187,301.784566,169.633015
234,897,11dd74426e8374ac110c4036c77c09ab_000000000958,0.343351,16112.702623,298.396554,168.242522
235,898,11dd74426e8374ac110c4036c77c09ab_000000000959,0.343351,0.464191,358.038395,223.065212
236,898,11dd74426e8374ac110c4036c77c09ab_000000000959,0.343351,16124.020041,298.383813,168.387079
237,899,11dd74426e8374ac110c4036c77c09ab_000000000960,0.343351,16109.165930,301.470659,169.451301
237,900,11dd74426e8374ac110c4036c77c09ab_000000000961,0.343351,16139.109932,298.570346,168.443808
237,901,11dd74426e8374ac110c4036c77c09ab_000000000962,0.344520,16150.267062,297.982207,166.705605
237,902,11dd74426e8374ac110c4036c77c09ab_000000000963,0.343351,16062.717359,300.178169,170.780036
237,903,11dd74426e8374ac110c4036c77c09ab_000000000964,0.343351,15898.379016,291.883954,163.996709
237,904,11dd74426e8374ac110c4036c77c09ab_000000000965,0.343351,15880.931329,292.467089,166.738067
237,905,11dd74426e8374ac110c4036c77c09ab_000000000966,0.343351,15912.761568,298.401794,168.654421
237,906,11dd74426e8374ac110c4036c77c09ab_000000000967,0.344520,15404.510386,297.935315,166.114859
237,907,11dd74426e8374ac110c4036c77c09ab_000000000968,0.344520,15332.344214,299.386216,166.552669
237,908,11dd74426e8374ac110c4036c77c09ab_000000000969,0.343351,15335.337459,298.635437,164.074699
238,909,11dd74426e8374ac110c4036c77c09ab_000000000970,0.343351,0.589449,337.500887,216.853128
239,909,11dd74426e8374ac110c4036c77c09ab_000000000970,0.343351,15347.362216,299.463595,165.231506
240,910,11dd74426e8374ac110c4036c77c09ab_000000000971,0.343351,15249.749484,299.979187,169.010691
240,911,11dd74426e8374ac110c4036c77c09ab_000000000972,0.344520,15271.691395,298.261625,168.750617
240,912,11dd74426e8374ac110c4036c77c09ab_000000000973,0.344520,15734.599407,302.528515,170.715366
240,913,11dd74426e8374ac110c4036c77c09ab_000000000974,0.343351,15689.596228,300.259647,168.975506
240,914,11dd74426e8374ac110c4036c77c09ab_000000000975,0.343351,15683.348070,297.080174,166.816402
240,915,11dd74426e8374ac110c4036c77c09ab_000000000976,0.344520,15769.020772,287.160008,158.652491
240,916,11dd74426e8374ac110c4036c77c09ab_000000000977,0.344520,15204.391691,289.802769,160.500336
240,917,11dd74426e8374ac110c4036c77c09ab_000000000978,0.343351,15186.560566,298.655136,166.924485
241,918,11dd74426e8374ac110c4036c77c09ab_000000000979,0.343351,0.530504,347.111734,213.528824
242,918,11dd74426e8374ac110c4036c77c09ab_000000000979,0.343351,0.589449,347.340641,211.382882
243,918,11dd74426e8374ac110c4036c77c09ab_000000000979,0.343351,15154.494548,296.632083,163.841684
244,919,11dd74426e8374ac110c4036c77c09ab_000000000980,0.343351,0.884173,344.472643,213.655045
245,919,11dd74426e8374ac110c4036c77c09ab_000000000980,0.343351,15124.196876,293.077698,164.244247
246,920,11dd74426e8374ac110c4036c77c09ab_000000000981,0.338788,14762.123386,286.888770,160.496038
246,921,11dd74426e8374ac110c4036c77c09ab_000000000982,0.344520,15247.240356,296.382702,156.871179
246,922,11dd74426e8374ac110c4036c77c09ab_000000000983,0.339814,14759.815242,283.925326,150.531814
246,923,11dd74426e8374ac110c4036c77c09ab_000000000984,0.334216,14258.810388,281.458299,153.109009
246,924,11dd74426e8374ac110c4036c77c09ab_000000000985,0.334216,14204.077073,283.514922,158.394195
246,925,11dd74426e8374ac110c4036c77c09ab_000000000986,0.344520,15116.913947,287.984889,158.198889
246,926,11dd74426e8374ac110c4036c77c09ab_000000000987,0.344520,15078.456973,289.691973,161.491862
246,927,11dd74426e8374ac110c4036c77c09ab_000000000988,0.344520,15024.451039,291.037903,159.035945
246,928,11dd74426e8374ac110c4036c77c09ab_000000000989,0.344520,15043.560831,295.720913,155.921161
246,929,11dd74426e8374ac110c4036c77c09ab_000000000990,0.334216,14031.611282,279.653930,154.493272
246,930,11dd74426e8374ac110c4036c77c09ab_000000000991,0.334216,14014.074281,282.094644,153.237778
246,931,11dd74426e8374ac110c4036c77c09ab_000000000992,0.345599,14949.178859,298.628864,163.682502
246,932,11dd74426e8374ac110c4036c77c09ab_000000000993,0.345599,14944.879068,294.005402,158.991625
246,933,11dd74426e8374ac110c4036c77c09ab_000000000994,0.343351,14686.943708,291.209931,155.226699
246,934,11dd74426e8374ac110c4036c77c09ab_000000000995,0.344520,14874.777448,290.540573,157.550358
246,935,11dd74426e8374ac110c4036c77c09ab_000000000996,0.344520,14901.721068,288.152544,157.045605
246,936,11dd74426e8374ac110c4036c77c09ab_000000000997,0.343351,14119.186561,284.510714,146.604568
246,937,11dd74426e8374ac110c4036c77c09ab_000000000998,0.343351,14139.345712,280.993883,149.898485
246,938,11dd74426e8374ac110c4036c77c09ab_000000000999,0.344520,15483.204748,277.929681,145.096533
246,939,11dd74426e8374ac110c4036c77c09ab_000000001000,0.344520,15344.094955,294.457433,164.797831
246,940,11dd74426e8374ac110c4036c77c09ab_000000001001,0.343351,15237.017389,291.596327,162.297140
247,941,11dd74426e8374ac110c4036c77c09ab_000000001002,0.344520,14.035608,333.186948,216.460153
247,942,11dd74426e8374ac110c4036c77c09ab_000000001003,0.343351,14.323607,328.478708,215.196372
247,943,11dd74426e8374ac110c4036c77c09ab_000000001004,0.344520,12.136499,330.703494,215.460131
247,944,11dd74426e8374ac110c4036c77c09ab_000000001005,0.344520,10.267062,331.915014,216.919801
247,945,11dd74426e8374ac110c4036c77c09ab_000000001006,0.344520,7.655786,329.179626,217.399825
247,946,11dd74426e8374ac110c4036c77c09ab_000000001007,0.344520,6.468843,332.234028,216.699408
247,947,11dd74426e8374ac110c4036c77c09ab_000000001008,0.344520,6.884273,331.598776,216.608148
247,948,11dd74426e8374ac110c4036c77c09ab_000000001009,0.344520,8.308605,330.317969,216.865571
247,949,11dd74426e8374ac110c4036c77c09ab_000000001010,0.344520,8.011869,330.072154,216.218060
247,950,11dd74426e8374ac110c4036c77c09ab_000000001011,0.344520,8.724036,330.339186,216.527148
247,951,11dd74426e8374ac110c4036c77c09ab_000000001012,0.343351,8.782788,329.495872,216.515561
247,952,11dd74426e8374ac110c4036c77c09ab_000000001013,0.343351,5.540819,329.461880,215.171958
247,953,11dd74426e8374ac110c4036c77c09ab_000000001014,0.343351,2.357795,330.654702,215.540079
247,954,11dd74426e8374ac110c4036c77c09ab_000000001015,0.328798,0.817568,315.141480,206.280392
248,941,11dd74426e8374ac110c4036c77c09ab_000000001002,0.344520,15291.869436,286.901071,152.418214
248,942,11dd74426e8374ac110c4036c77c09ab_000000001003,0.343351,15200.707339,279.662833,153.684628
248,943,11dd74426e8374ac110c4036c77c09ab_000000001004,0.344520,15282.136499,287.280603,155.803941
248,944,11dd74426e8374ac110c4036c77c09ab_000000001005,0.344520,15280.593472,281.055893,153.681063
248,945,11dd74426e8374ac110c4036c77c09ab_000000001006,0.344520,15248.902077,276.632556,154.250897
248,946,11dd74426e8374ac110c4036c77c09ab_000000001007,0.344520,15242.611276,276.592519,151.245459
248,947,11dd74426e8374ac110c4036c77c09ab_000000001008,0.344520,15234.302671,277.007168,153.571865
248,948,11dd74426e8374ac110c4036c77c09ab_000000001009,0.344520,15256.379822,277.250040,156.746736
248,949,11dd74426e8374ac110c4036c77c09ab_000000001010,0.344520,15256.023739,277.293105,157.131609
248,950,11dd74426e8374ac110c4036c77c09ab_000000001011,0.344520,15262.908012,274.215362,151.281532
248,951,11dd74426e8374ac110c4036c77c09ab_000000001012,0.343351,15163.572060,275.784964,154.227296
248,952,11dd74426e8374ac110c4036c77c09ab_000000001013,0.343351,15289.006779,275.497755,155.226972
248,953,11dd74426e8374ac110c4036c77c09ab_000000001014,0.343351,15284.998526,275.676074,155.190413
248,954,11dd74426e8374ac110c4036c77c09ab_000000001015,0.328798,14053.513514,268.442555,151.399637
249,955,11dd74426e8374ac110c4036c77c09ab_000000001016,0.343351,15342.410846,280.042543,155.713686
249,956,11dd74426e8374ac110c4036c77c09ab_000000001017,0.322665,13532.847475,254.283354,145.462375
249,957,11dd74426e8374ac110c4036c77c09ab_000000001018,0.322665,13543.050495,260.660805,151.036365
250,958,11dd74426e8374ac110c4036c77c09ab_000000001019,0.343351,1.886236,331.070771,215.463106
251,958,11dd74426e8374ac110c4036c77c09ab_000000001019,0.343351,15290.893015,273.745396,152.625257
252,959,11dd74426e8374ac110c4036c77c09ab_000000001020,0.343351,15275.803124,270.708091,150.338613
252,960,11dd74426e8374ac110c4036c77c09ab_000000001021,0.344520,15378.041543,276.999093,156.387833
253,961,11dd74426e8374ac110c4036c77c09ab_000000001022,0.344520,0.356083,232.875974,186.762925
254,961,11dd74426e8374ac110c4036c77c09ab_000000001022,0.344520,15422.195846,279.580936,159.460865
255,962,11dd74426e8374ac110c4036c77c09ab_000000001023,0.344520,15413.293769,279.838780,156.306402
255,963,11dd74426e8374ac110c4036c77c09ab_000000001024,0.344520,15445.578635,279.866305,161.206041
255,964,11dd74426e8374ac110c4036c77c09ab_000000001025,0.344520,15433.471810,274.270749,155.182190
255,965,11dd74426e8374ac110c4036c77c09ab_000000001026,0.345599,15493.819050,273.006828,158.138670
255,966,11dd74426e8374ac110c4036c77c09ab_000000001027,0.345599,15600.955509,277.607825,155.755168
255,967,11dd74426e8374ac110c4036c77c09ab_000000001028,0.345599,15581.487011,279.198373,153.764282
255,968,11dd74426e8374ac110c4036c77c09ab_000000001029,0.344520,15594.421365,277.606483,151.607390
255,969,11dd74426e8374ac110c4036c77c09ab_000000001030,0.344520,15634.658754,276.980925,150.396932
255,970,11dd74426e8374ac110c4036c77c09ab_000000001031,0.345599,15790.026874,279.626343,149.560321
255,971,11dd74426e8374ac110c4036c77c09ab_000000001032,0.328798,14366.810811,261.991901,147.610925
255,972,11dd74426e8374ac110c4036c77c09ab_000000001033,0.327869,14265.412524,268.238345,151.122957
255,973,11dd74426e8374ac110c4036c77c09ab_000000001034,0.344520,15746.112760,285.027026,157.608342
255,974,11dd74426e8374ac110c4036c77c09ab_000000001035,0.333241,14732.481954,272.273236,150.708854
255,975,11dd74426e8374ac110c4036c77c09ab_000000001036,0.333241,14690.616324,268.405902,151.531583
255,976,11dd74426e8374ac110c4036c77c09ab_000000001037,0.343351,15512.643678,273.203923,154.616992
255,977,11dd74426e8374ac110c4036c77c09ab_000000001038,0.327869,14077.398549,265.160512,149.026479
255,978,11dd74426e8374ac110c4036c77c09ab_000000001039,0.339814,15190.531178,281.490380,161.029083
255,979,11dd74426e8374ac110c4036c77c09ab_000000001040,0.339814,15226.558891,276.884559,159.372688
255,980,11dd74426e8374ac110c4036c77c09ab_000000001041,0.339814,15124.595843,286.077908,165.977560
255,981,11dd74426e8374ac110c4036c77c09ab_000000001042,0.339814,15133.256351,280.729118,160.667896
255,982,11dd74426e8374ac110c4036c77c09ab_000000001043,0.334216,14613.236526,275.928836,157.302902
255,983,11dd74426e8374ac110c4036c77c09ab_000000001044,0.334216,14615.135437,274.843020,154.637350
256,984,11dd74426e8374ac110c4036c77c09ab_000000001045,0.322665,2.394586,249.178148,177.386299
257,984,11dd74426e8374ac110c4036c77c09ab_000000001045,0.322665,12927.745966,269.193416,152.171678
258,985,11dd74426e8374ac110c4036c77c09ab_000000001050,0.344520,16887.359050,259.954140,159.953937
258,986,11dd74426e8374ac110c4036c77c09ab_000000001051,0.344520,16850.563798,265.852644,153.810584
258,987,11dd74426e8374ac110c4036c77c09ab_000000001052,0.344520,18303.560831,250.894980,137.157286
258,988,11dd74426e8374ac110c4036c77c09ab_000000001053,0.344520,18155.133531,259.040185,152.019189
258,989,11dd74426e8374ac110c4036c77c09ab_000000001054,0.344520,18329.614243,261.990625,162.223790
258,990,11dd74426e8374ac110c4036c77c09ab_000000001055,0.344520,17925.341246,272.260044,160.904659
258,991,11dd74426e8374ac110c4036c77c09ab_000000001056,0.344520,17934.480712,274.602863,166.763957
258,992,11dd74426e8374ac110c4036c77c09ab_000000001057,0.356575,19286.458996,282.579624,168.398659
258,993,11dd74426e8374ac110c4036c77c09ab_000000001058,0.356575,18715.829625,276.465794,162.907398
258,994,11dd74426e8374ac110c4036c77c09ab_000000001059,0.350446,18193.061099,276.076184,158.091201
258,995,11dd74426e8374ac110c4036c77c09ab_000000001060,0.350446,18205.833589,273.250456,152.994590
258,996,11dd74426e8374ac110c4036c77c09ab_000000001061,0.350446,18090.881179,266.125648,151.189571
259,997,11dd74426e8374ac110c4036c77c09ab_000000001062,0.351581,0.254944,333.461172,208.273774
260,997,11dd74426e8374ac110c4036c77c09ab_000000001062,0.351581,18350.556242,260.582476,151.156613
261,998,11dd74426e8374ac110c4036c77c09ab_000000001063,0.351581,18354.264524,270.086286,156.663342
261,999,11dd74426e8374ac110c4036c77c09ab_000000001064,0.350446,18277.556033,259.197131,149.994731
261,1000,11dd74426e8374ac110c4036c77c09ab_000000001065,0.350446,18313.540068,267.710441,155.641191
261,1001,11dd74426e8374ac110c4036c77c09ab_000000001066,0.350446,18277.924470,258.760528,151.710652
261,1002,11dd74426e8374ac110c4036c77c09ab_000000001067,0.350446,18279.889469,266.385167,153.540911
261,1003,11dd74426e8374ac110c4036c77c09ab_000000001068,0.350446,18249.309180,265.001628,149.249306
261,1004,11dd74426e8374ac110c4036c77c09ab_000000001069,0.350446,18197.359533,262.233973,146.986657
261,1005,11dd74426e8374ac110c4036c77c09ab_000000001070,0.350446,18196.622659,257.503765,148.616668
261,1006,11dd74426e8374ac110c4036c77c09ab_000000001071,0.350446,18215.167332,265.018975,149.307260
261,1007,11dd74426e8374ac110c4036c77c09ab_000000001072,0.350446,18212.588271,260.321578,150.191749
261,1008,11dd74426e8374ac110c4036c77c09ab_000000001073,0.345599,17695.431472,254.740370,144.366370
261,1009,11dd74426e8374ac110c4036c77c09ab_000000001074,0.345599,17932.278292,254.576493,148.099573
261,1010,11dd74426e8374ac110c4036c77c09ab_000000001075,0.344520,17794.777448,260.605604,144.399197
261,1011,11dd74426e8374ac110c4036c77c09ab_000000001076,0.350446,18153.269880,259.856527,139.484238
261,1012,11dd74426e8374ac110c4036c77c09ab_000000001077,0.344520,17754.540059,262.404411,146.467971
261,1013,11dd74426e8374ac110c4036c77c09ab_000000001078,0.350446,18086.705557,257.979703,143.047712
261,1014,11dd74426e8374ac110c4036c77c09ab_000000001079,0.344520,17710.860534,249.918572,145.715793
261,1015,11dd74426e8374ac110c4036c77c09ab_000000001080,0.345599,17644.072858,256.876275,141.800492
261,1016,11dd74426e8374ac110c4036c77c09ab_000000001081,0.344520,17503.620178,257.066909,147.626385
261,1017,11dd74426e8374ac110c4036c77c09ab_000000001082,0.344520,17436.676558,244.255580,142.889176
261,1018,11dd74426e8374ac110c4036c77c09ab_000000001083,0.344520,17372.818991,251.584105,144.688624
261,1019,11dd74426e8374ac110c4036c77c09ab_000000001084,0.344520,17364.035608,252.020938,143.741056
261,1020,11dd74426e8374ac110c4036c77c09ab_000000001085,0.344520,18618.278932,231.448119,141.153399
261,1021,11dd74426e8374ac110c4036c77c09ab_000000001086,0.344520,18422.670623,264.720588,165.050018
261,1022,11dd74426e8374ac110c4036c77c09ab_000000001087,0.344520,18458.635015,262.785605,161.455011
261,1023,11dd74426e8374ac110c4036c77c09ab_000000001088,0.344520,18439.050445,257.717280,163.035455
261,1024,11dd74426e8374ac110c4036c77c09ab_000000001089,0.344520,18540.059347,260.318721,159.647172
261,1025,11dd74426e8374ac110c4036c77c09ab_000000001090,0.344520,18526.646884,260.545549,159.145321
261,1026,11dd74426e8374ac110c4036c77c09ab_000000001091,0.344520,18553.590504,269.264941,163.076690
261,1027,11dd74426e8374ac110c4036c77c09ab_000000001092,0.328798,16890.378378,243.748932,148.581013
261,1028,11dd74426e8374ac110c4036c77c09ab_000000001093,0.328798,16853.513514,250.025774,150.925033
261,1029,11dd74426e8374ac110c4036c77c09ab_000000001094,0.338788,17867.202296,258.805204,156.578351
261,1030,11dd74426e8374ac110c4036c77c09ab_000000001095,0.334216,17360.178721,245.320532,149.448784
261,1031,11dd74426e8374ac110c4036c77c09ab_000000001096,0.334216,17473.331472,256.447958,158.890491
261,1032,11dd74426e8374ac110c4036c77c09ab_000000001097,0.334216,17483.161128,256.257207,156.345650
261,1033,11dd74426e8374ac110c4036c77c09ab_000000001098,0.334216,17542.027367,252.846686,148.291042
261,1034,11dd74426e8374ac110c4036c77c09ab_000000001099,0.338788,17992.080344,252.700685,150.571515
262,1035,11dd74426e8374ac110c4036c77c09ab_000000001100,0.338788,2.410330,327.725744,217.404155
262,1036,11dd74426e8374ac110c4036c77c09ab_000000001101,0.333241,0.326208,324.073017,213.743837
263,1035,11dd74426e8374ac110c4036c77c09ab_000000001100,0.338788,17965.681492,252.842991,148.781771
263,1036,11dd74426e8374ac110c4036c77c09ab_000000001101,0.333241,17488.395336,241.422165,148.262177
264,1037,11dd74426e8374ac110c4036c77c09ab_000000001102,0.333241,17483.176013,246.285357,146.048578
264,1038,11dd74426e8374ac110c4036c77c09ab_000000001103,0.333241,17497.168240,248.266109,152.108337
264,1039,11dd74426e8374ac110c4036c77c09ab_000000001104,0.327869,16950.389680,236.122947,142.441806
264,1040,11dd74426e8374ac110c4036c77c09ab_000000001105,0.333241,17536.701832,242.532777,148.657229
264,1041,11dd74426e8374ac110c4036c77c09ab_000000001106,0.338788,18097.790531,251.552083,154.951685
264,1042,11dd74426e8374ac110c4036c77c09ab_000000001107,0.338788,18071.506456,255.132604,156.754580
264,1043,11dd74426e8374ac110c4036c77c09ab_000000001108,0.333241,17523.931149,243.859008,146.636052
264,1044,11dd74426e8374ac110c4036c77c09ab_000000001109,0.338788,18126.370158,251.632252,149.386675
264,1045,11dd74426e8374ac110c4036c77c09ab_000000001110,0.338788,18107.776184,253.299644,149.604353
264,1046,11dd74426e8374ac110c4036c77c09ab_000000001111,0.338788,18096.757532,245.702317,149.453899
264,1047,11dd74426e8374ac110c4036c77c09ab_000000001119,0.333241,16532.593004,231.568822,128.561797
264,1048,11dd74426e8374ac110c4036c77c09ab_000000001120,0.333241,16619.433648,244.080687,140.804348
264,1049,11dd74426e8374ac110c4036c77c09ab_000000001121,0.338788,17403.098996,235.659588,146.329143
264,1050,11dd74426e8374ac110c4036c77c09ab_000000001122,0.338788,17167.288379,243.416528,152.123513
264,1051,11dd74426e8374ac110c4036c77c09ab_000000001123,0.338788,17211.362984,253.678754,149.683477
264,1052,11dd74426e8374ac110c4036c77c09ab_000000001124,0.337676,17022.462942,239.081517,152.956071
264,1053,11dd74426e8374ac110c4036c77c09ab_000000001125,0.337676,17043.671608,247.079393,157.243694
264,1054,11dd74426e8374ac110c4036c77c09ab_000000001126,0.337676,17030.558723,241.243785,157.209121
264,1055,11dd74426e8374ac110c4036c77c09ab_000000001127,0.338788,17123.098996,246.552183,155.718508
264,1056,11dd74426e8374ac110c4036c77c09ab_000000001128,0.338788,17145.136298,241.366428,155.228088
264,1057,11dd74426e8374ac110c4036c77c09ab_000000001129,0.338788,17145.021521,242.036044,153.621841
264,1058,11dd74426e8374ac110c4036c77c09ab_000000001130,0.338788,17169.583931,239.595336,152.874776
264,1059,11dd74426e8374ac110c4036c77c09ab_000000001131,0.338788,17143.873745,244.412340,155.321304
264,1060,11dd74426e8374ac110c4036c77c09ab_000000001132,0.338788,17136.872310,245.139834,153.185153
264,1061,11dd74426e8374ac110c4036c77c09ab_000000001133,0.338788,17154.433286,241.713240,152.633081
264,1062,11dd74426e8374ac110c4036c77c09ab_000000001134,0.337676,17031.470924,237.151978,149.983547
264,1063,11dd74426e8374ac110c4036c77c09ab_000000001135,0.338788,17201.721664,240.545966,154.547182
264,1064,11dd74426e8374ac110c4036c77c09ab_000000001136,0.338788,17177.274032,237.734171,150.971644
264,1065,11dd74426e8374ac110c4036c77c09ab_000000001137,0.338788,17171.535151,238.232552,150.525000
265,1066,11dd74426e8374ac110c4036c77c09ab_000000001138,0.343351,0.235780,295.931906,201.776331
266,1066,11dd74426e8374ac110c4036c77c09ab_000000001138,0.343351,17631.358680,236.988523,153.993453
267,1067,11dd74426e8374ac110c4036c77c09ab_000000001139,0.343351,17669.554966,225.732699,148.255550
267,1068,11dd74426e8374ac110c4036c77c09ab_000000001140,0.333241,16660.188784,227.576970,149.384078
267,1069,11dd74426e8374ac110c4036c77c09ab_000000001141,0.333241,16662.853970,230.540055,148.321812
267,1070,11dd74426e8374ac110c4036c77c09ab_000000001142,0.344520,17880.356083,231.764231,149.659106
267,1071,11dd74426e8374ac110c4036c77c09ab_000000001143,0.344520,17931.513353,241.512853,153.518181
267,1072,11dd74426e8374ac110c4036c77c09ab_000000001144,0.344520,17929.851632,242.604325,153.753452
267,1073,11dd74426e8374ac110c4036c77c09ab_000000001145,0.344520,18014.836795,236.549710,148.724849
267,1074,11dd74426e8374ac110c4036c77c09ab_000000001146,0.344520,18001.424332,233.611886,147.903795
267,1075,11dd74426e8374ac110c4036c77c09ab_000000001147,0.333241,16838.645197,222.022910,143.729531
267,1076,11dd74426e8374ac110c4036c77c09ab_000000001148,0.344520,17967.240356,232.764316,151.452078
267,1077,11dd74426e8374ac110c4036c77c09ab_000000001149,0.350446,18642.247467,239.280316,146.715395
267,1078,11dd74426e8374ac110c4036c77c09ab_000000001150,0.344520,17869.198813,238.085816,147.340017
267,1079,11dd74426e8374ac110c4036c77c09ab_000000001151,0.344520,17874.896142,242.677060,151.495837
267,1080,11dd74426e8374ac110c4036c77c09ab_000000001152,0.343351,17779.428235,237.978612,148.488523
267,1081,11dd74426e8374ac110c4036c77c09ab_000000001153,0.343351,17768.110816,240.262301,152.965035
267,1082,11dd74426e8374ac110c4036c77c09ab_000000001154,0.350446,18576.849862,242.902440,155.476930
267,1083,11dd74426e8374ac110c4036c77c09ab_000000001155,0.343351,17819.746537,237.176733,152.333826
267,1084,11dd74426e8374ac110c4036c77c09ab_000000001156,0.344520,17922.611276,243.990545,153.558050
267,1085,11dd74426e8374ac110c4036c77c09ab_000000001157,0.344520,17955.608309,242.992773,151.334869
267,1086,11dd74426e8374ac110c4036c77c09ab_000000001158,0.345599,18192.773962,247.637683,156.208988
267,1087,11dd74426e8374ac110c4036c77c09ab_000000001159,0.345599,18278.889221,247.413605,161.490815
267,1088,11dd74426e8374ac110c4036c77c09ab_000000001160,0.345599,18278.172589,244.311209,159.260348
267,1089,11dd74426e8374ac110c4036c77c09ab_000000001161,0.345599,18313.287549,250.097059,157.707779
267,1090,11dd74426e8374ac110c4036c77c09ab_000000001162,0.345599,18359.629740,250.079404,156.974288
267,1091,11dd74426e8374ac110c4036c77c09ab_000000001163,0.344520,18295.905045,242.497714,152.400656
267,1092,11dd74426e8374ac110c4036c77c09ab_000000001164,0.343351,18162.334218,247.169931,155.739682
267,1093,11dd74426e8374ac110c4036c77c09ab_000000001165,0.343351,18181.550251,244.715509,156.487818
267,1094,11dd74426e8374ac110c4036c77c09ab_000000001166,0.344520,18337.566766,256.267788,160.077381
267,1095,11dd74426e8374ac110c4036c77c09ab_000000001167,0.344520,18320.593472,256.071177,164.114142
267,1096,11dd74426e8374ac110c4036c77c09ab_000000001168,0.343351,18361.332154,240.081258,154.659586
267,1097,11dd74426e8374ac110c4036c77c09ab_000000001169,0.343351,18376.304156,244.588282,153.764315
267,1098,11dd74426e8374ac110c4036c77c09ab_000000001170,0.343351,18663.837312,247.484844,150.758486
267,1099,11dd74426e8374ac110c4036c77c09ab_000000001171,0.343351,18705.806071,250.229366,157.323383
267,1100,11dd74426e8374ac110c4036c77c09ab_000000001172,0.344520,19098.041543,254.804459,158.100815
268,1101,11dd74426e8374ac110c4036c77c09ab_000000001173,0.343351,1.886236,310.668433,201.345340
269,1101,11dd74426e8374ac110c4036c77c09ab_000000001173,0.343351,2.637784,322.154338,201.770442
270,1101,11dd74426e8374ac110c4036c77c09ab_000000001173,0.343351,9.711170,316.260143,201.933924
271,1101,11dd74426e8374ac110c4036c77c09ab_000000001173,0.343351,18028.529325,243.231875,155.853245
272,1102,11dd74426e8374ac110c4036c77c09ab_000000001174,0.343351,17993.751842,233.564006,143.276398
272,1103,11dd74426e8374ac110c4036c77c09ab_000000001175,0.351581,19203.584672,240.356124,153.302891
272,1104,11dd74426e8374ac110c4036c77c09ab_000000001176,0.345599,18540.698716,235.101980,148.473395
272,1105,11dd74426e8374ac110c4036c77c09ab_000000001177,0.345599,18746.013735,235.215316,146.335550
272,1106,11dd74426e8374ac110c4036c77c09ab_000000001178,0.345599,18848.014333,247.912660,150.058575
272,1107,11dd74426e8374ac110c4036c77c09ab_000000001179,0.345599,18994.804419,236.919222,148.216759
272,1108,11dd74426e8374ac110c4036c77c09ab_000000001180,0.344520,18907.181009,241.876635,152.503166
272,1109,11dd74426e8374ac110c4036c77c09ab_000000001181,0.344520,19151.216617,244.773685,145.011455
272,1110,11dd74426e8374ac110c4036c77c09ab_000000001182,0.344520,19013.649852,243.418629,147.347787
272,1111,11dd74426e8374ac110c4036c77c09ab_000000001183,0.345599,19173.604061,239.878856,151.474742
272,1112,11dd74426e8374ac110c4036c77c09ab_000000001184,0.344520,18799.169139,240.501307,147.472745
272,1113,11dd74426e8374ac110c4036c77c09ab_000000001185,0.344520,18727.715134,254.805678,150.835457
273,1114,11dd74426e8374ac110c4036c77c09ab_000000001186,0.345599,0.895790,374.344124,149.678077
273,1115,11dd74426e8374ac110c4036c77c09ab_000000001187,0.345599,0.238877,373.457852,149.639233
274,1114,11dd74426e8374ac110c4036c77c09ab_000000001186,0.345599,19155.568827,237.465506,143.336344
274,1115,11dd74426e8374ac110c4036c77c09ab_000000001187,0.345599,19152.463422,242.976421,143.910873
275,1116,11dd74426e8374ac110c4036c77c09ab_000000001188,0.344520,19321.661721,242.238482,139.674741
275,1117,11dd74426e8374ac110c4036c77c09ab_000000001189,0.345599,19575.515079,242.494114,145.228364
275,1118,11dd74426e8374ac110c4036c77c09ab_000000001190,0.345599,19660.794267,258.596971,141.718817
275,1119,11dd74426e8374ac110c4036c77c09ab_000000001191,0.345599,20646.401911,239.455906,142.885235
275,1120,11dd74426e8374ac110c4036c77c09ab_000000001192,0.345599,20066.527322,244.605677,146.108593
275,1121,11dd74426e8374ac110c4036c77c09ab_000000001193,0.345599,20765.362795,241.725460,141.352030
275,1122,11dd74426e8374ac110c4036c77c09ab_000000001194,0.345599,20230.874888,248.973589,143.866988
275,1123,11dd74426e8374ac110c4036c77c09ab_000000001195,0.345599,20923.021798,221.111951,137.264643
275,1124,11dd74426e8374ac110c4036c77c09ab_000000001196,0.343351,19999.410551,243.115755,140.095143
275,1125,11dd74426e8374ac110c4036c77c09ab_000000001197,0.343351,20015.089891,238.970104,142.220192
275,1126,11dd74426e8374ac110c4036c77c09ab_000000001198,0.344520,20341.246291,250.104858,146.121505
275,1127,11dd74426e8374ac110c4036c77c09ab_000000001199,0.344520,20347.774481,242.731438,143.062025
275,1128,11dd74426e8374ac110c4036c77c09ab_000000001200,0.345599,20350.194088,253.810835,143.216817
276,1129,11dd74426e8374ac110c4036c77c09ab_000000001201,0.345599,1.433264,97.303487,112.479825
277,1129,11dd74426e8374ac110c4036c77c09ab_000000001201,0.345599,20314.720812,241.487524,136.976250
278,1130,11dd74426e8374ac110c4036c77c09ab_000000001202,0.338788,2.008608,244.202396,181.244153
279,1130,11dd74426e8374ac110c4036c77c09ab_000000001202,0.338788,0.459110,96.490619,114.502816
280,1130,11dd74426e8374ac110c4036c77c09ab_000000001202,0.338788,2.178981,96.038908,111.950613
281,1130,11dd74426e8374ac110c4036c77c09ab_000000001202,0.338788,19404.533716,252.233320,142.183792
282,1131,11dd74426e8374ac110c4036c77c09ab_000000001203,0.338788,8.210187,95.659135,105.710880
283,1131,11dd74426e8374ac110c4036c77c09ab_000000001203,0.338788,19672.539455,240.236582,137.434488
284,1132,11dd74426e8374ac110c4036c77c09ab_000000001204,0.338788,27133.830703,214.929411,143.118799
285,1133,11dd74426e8374ac110c4036c77c09ab_000000001205,0.338788,0.444763,424.355412,226.565876
286,1133,11dd74426e8374ac110c4036c77c09ab_000000001205,0.338788,26734.921090,257.796676,156.961525
287,1134,11dd74426e8374ac110c4036c77c09ab_000000001206,0.338788,26800.114778,275.822935,167.056538
287,1135,11dd74426e8374ac110c4036c77c09ab_000000001207,0.338788,26842.697274,281.718999,162.012180
287,1136,11dd74426e8374ac110c4036c77c09ab_000000001208,0.338788,26855.667145,281.482960,162.736903
287,1137,11dd74426e8374ac110c4036c77c09ab_000000001209,0.333241,25982.009994,287.236507,168.454150
287,1138,11dd74426e8374ac110c4036c77c09ab_000000001210,0.327869,25099.166891,259.322270,155.591351
288,1139,11dd74426e8374ac110c4036c77c09ab_000000001211,0.333241,0.222099,416.320935,196.597090
289,1139,11dd74426e8374ac110c4036c77c09ab_000000001211,0.333241,0.166574,415.321213,194.930886
290,1139,11dd74426e8374ac110c4036c77c09ab_000000001211,0.333241,26166.463076,263.299084,157.312092
291,1140,11dd74426e8374ac110c4036c77c09ab_000000001212,0.333241,2.637424,416.754694,195.124497
291,1141,11dd74426e8374ac110c4036c77c09ab_000000001213,0.327869,2.526203,409.127097,191.471628
292,1140,11dd74426e8374ac110c4036c77c09ab_000000001212,0.333241,26356.468629,274.304410,159.973656
292,1141,11dd74426e8374ac110c4036c77c09ab_000000001213,0.327869,25514.646600,268.116915,159.813623
293,1142,11dd74426e8374ac110c4036c77c09ab_000000001214,0.327869,0.214996,410.614794,204.488886
294,1142,11dd74426e8374ac110c4036c77c09ab_000000001214,0.327869,0.376243,409.521925,197.494337
295,1142,11dd74426e8374ac110c4036c77c09ab_000000001214,0.327869,25786.401505,283.712799,166.010342
296,1143,11dd74426e8374ac110c4036c77c09ab_000000001215,0.327869,0.201559,410.470631,207.124003
297,1143,11dd74426e8374ac110c4036c77c09ab_000000001215,0.327869,25781.349100,275.498107,163.243428
298,1144,11dd74426e8374ac110c4036c77c09ab_000000001216,0.333241,26782.232093,290.253919,165.312759
298,1145,11dd74426e8374ac110c4036c77c09ab_000000001217,0.333241,26776.679622,288.302292,162.544892
298,1146,11dd74426e8374ac110c4036c77c09ab_000000001218,0.338788,27877.073171,290.472372,165.571764
298,1147,11dd74426e8374ac110c4036c77c09ab_000000001219,0.337676,27758.950969,302.782909,170.482494
298,1148,11dd74426e8374ac110c4036c77c09ab_000000001220,0.337676,27738.996579,297.253093,166.002722
298,1149,11dd74426e8374ac110c4036c77c09ab_000000001221,0.337676,27909.920182,293.834783,163.665361
298,1150,11dd74426e8374ac110c4036c77c09ab_000000001222,0.337676,27872.519954,287.757852,165.226360
298,1151,11dd74426e8374ac110c4036c77c09ab_000000001223,0.338788,28145.652798,277.490843,167.372850
298,1152,11dd74426e8374ac110c4036c77c09ab_000000001224,0.337676,27975.256556,282.860210,165.103874
298,1153,11dd74426e8374ac110c4036c77c09ab_000000001225,0.337676,27982.668187,288.569766,169.026936
298,1154,11dd74426e8374ac110c4036c77c09ab_000000001226,0.344520,29249.614243,274.794490,166.966540
298,1155,11dd74426e8374ac110c4036c77c09ab_000000001227,0.344520,29261.839763,281.033246,170.517956
298,1156,11dd74426e8374ac110c4036c77c09ab_000000001228,0.337676,28103.648803,276.006009,165.688583
298,1157,11dd74426e8374ac110c4036c77c09ab_000000001229,0.337676,28100.228050,273.758106,163.839588
298,1158,11dd74426e8374ac110c4036c77c09ab_000000001230,0.337676,28100.456100,265.639187,162.992709
298,1159,11dd74426e8374ac110c4036c77c09ab_000000001231,0.338788,28312.539455,260.469742,161.550606
